scope,source_file,model,sample_id,label,score,pred,threshold
same_reduced_four_feature_subset,/kaggle/working/aml-quantum-pipeline/reports/supervisor_fixes/score_level_predictions_reduced_subset.csv,HistGradientBoosting,0,0,0.9617236209100865,1,0.9617236209100865
same_reduced_four_feature_subset,/kaggle/working/aml-quantum-pipeline/reports/supervisor_fixes/score_level_predictions_reduced_subset.csv,HistGradientBoosting,1,1,0.9617236209100865,1,0.9617236209100865
same_reduced_four_feature_subset,/kaggle/working/aml-quantum-pipeline/reports/supervisor_fixes/score_level_predictions_reduced_subset.csv,HistGradientBoosting,2,0,0.9617236209100865,1,0.9617236209100865
same_reduced_four_feature_subset,/kaggle/working/aml-quantum-pipeline/reports/supervisor_fixes/score_level_predictions_reduced_subset.csv,HistGradientBoosting,3,0,0.9617236209100865,1,0.9617236209100865
same_reduced_four_feature_subset,/kaggle/working/aml-quantum-pipeline/reports/supervisor_fixes/score_level_predictions_reduced_subset.csv,HistGradientBoosting,4,0,0.9617236209100865,1,0.9617236209100865
same_reduced_four_feature_subset,/kaggle/working/aml-quantum-pipeline/reports/supervisor_fixes/score_level_predictions_reduced_subset.csv,HistGradientBoosting,5,0,0.9617236209100865,1,0.9617236209100865
same_reduced_four_feature_subset,/kaggle/working/aml-quantum-pipeline/reports/supervisor_fixes/score_level_predictions_reduced_subset.csv,HistGradientBoosting,6,0,0.9617236209100865,1,0.9617236209100865
same_reduced_four_feature_subset,/kaggle/working/aml-quantum-pipeline/reports/supervisor_fixes/score_level_predictions_reduced_subset.csv,HistGradientBoosting,7,1,0.9617236209100865,1,0.9617236209100865
same_reduced_four_feature_subset,/kaggle/working/aml-quantum-pipeline/reports/supervisor_fixes/score_level_predictions_reduced_subset.csv,HistGradientBoosting,8,1,0.9617236209100865,1,0.9617236209100865
same_reduced_four_feature_subset,/kaggle/working/aml-quantum-pipeline/reports/supervisor_fixes/score_level_predictions_reduced_subset.csv,HistGradientBoosting,9,0,0.9617236209100865,1,0.9617236209100865
same_reduced_four_feature_subset,/kaggle/working/aml-quantum-pipeline/reports/supervisor_fixes/score_level_predictions_reduced_subset.csv,HistGradientBoosting,10,1,0.9617236209100865,1,0.9617236209100865
same_reduced_four_feature_subset,/kaggle/working/aml-quantum-pipeline/reports/supervisor_fixes/score_level_predictions_reduced_subset.csv,HistGradientBoosting,11,0,0.9617236209100865,1,0.9617236209100865
same_reduced_four_feature_subset,/kaggle/working/aml-quantum-pipeline/reports/supervisor_fixes/score_level_predictions_reduced_subset.csv,HistGradientBoosting,12,0,0.9617236209100865,1,0.9617236209100865
same_reduced_four_feature_subset,/kaggle/working/aml-quantum-pipeline/reports/supervisor_fixes/score_level_predictions_reduced_subset.csv,HistGradientBoosting,13,1,0.9617236209100865,1,0.9617236209100865
same_reduced_four_feature_subset,/kaggle/working/aml-quantum-pipeline/reports/supervisor_fixes/score_level_predictions_reduced_subset.csv,HistGradientBoosting,14,0,0.9617236209100865,1,0.9617236209100865
same_reduced_four_feature_subset,/kaggle/working/aml-quantum-pipeline/reports/supervisor_fixes/score_level_predictions_reduced_subset.csv,HistGradientBoosting,15,1,0.9617236209100865,1,0.9617236209100865
same_reduced_four_feature_subset,/kaggle/working/aml-quantum-pipeline/reports/supervisor_fixes/score_level_predictions_reduced_subset.csv,HistGradientBoosting,16,1,0.9617236209100865,1,0.9617236209100865
same_reduced_four_feature_subset,/kaggle/working/aml-quantum-pipeline/reports/supervisor_fixes/score_level_predictions_reduced_subset.csv,HistGradientBoosting,17,1,0.9617236209100865,1,0.9617236209100865
same_reduced_four_feature_subset,/kaggle/working/aml-quantum-pipeline/reports/supervisor_fixes/score_level_predictions_reduced_subset.csv,HistGradientBoosting,18,0,0.9617236209100865,1,0.9617236209100865
same_reduced_four_feature_subset,/kaggle/working/aml-quantum-pipeline/reports/supervisor_fixes/score_level_predictions_reduced_subset.csv,HistGradientBoosting,19,0,0.9617236209100865,1,0.9617236209100865
same_reduced_four_feature_subset,/kaggle/working/aml-quantum-pipeline/reports/supervisor_fixes/score_level_predictions_reduced_subset.csv,HistGradientBoosting,20,0,0.9617236209100865,1,0.9617236209100865
same_reduced_four_feature_subset,/kaggle/working/aml-quantum-pipeline/reports/supervisor_fixes/score_level_predictions_reduced_subset.csv,HistGradientBoosting,21,1,0.9617236209100865,1,0.9617236209100865
same_reduced_four_feature_subset,/kaggle/working/aml-quantum-pipeline/reports/supervisor_fixes/score_level_predictions_reduced_subset.csv,HistGradientBoosting,22,0,0.9617236209100865,1,0.9617236209100865
same_reduced_four_feature_subset,/kaggle/working/aml-quantum-pipeline/reports/supervisor_fixes/score_level_predictions_reduced_subset.csv,HistGradientBoosting,23,1,0.9617236209100865,1,0.9617236209100865
same_reduced_four_feature_subset,/kaggle/working/aml-quantum-pipeline/reports/supervisor_fixes/score_level_predictions_reduced_subset.csv,HistGradientBoosting,24,0,0.9617236209100865,1,0.9617236209100865
same_reduced_four_feature_subset,/kaggle/working/aml-quantum-pipeline/reports/supervisor_fixes/score_level_predictions_reduced_subset.csv,HistGradientBoosting,25,0,0.9617236209100865,1,0.9617236209100865
same_reduced_four_feature_subset,/kaggle/working/aml-quantum-pipeline/reports/supervisor_fixes/score_level_predictions_reduced_subset.csv,HistGradientBoosting,26,1,0.9617236209100865,1,0.9617236209100865
same_reduced_four_feature_subset,/kaggle/working/aml-quantum-pipeline/reports/supervisor_fixes/score_level_predictions_reduced_subset.csv,HistGradientBoosting,27,0,0.9617236209100865,1,0.9617236209100865
same_reduced_four_feature_subset,/kaggle/working/aml-quantum-pipeline/reports/supervisor_fixes/score_level_predictions_reduced_subset.csv,HistGradientBoosting,28,0,0.9617236209100865,1,0.9617236209100865
same_reduced_four_feature_subset,/kaggle/working/aml-quantum-pipeline/reports/supervisor_fixes/score_level_predictions_reduced_subset.csv,HistGradientBoosting,29,1,0.9617236209100865,1,0.9617236209100865
same_reduced_four_feature_subset,/kaggle/working/aml-quantum-pipeline/reports/supervisor_fixes/score_level_predictions_reduced_subset.csv,HistGradientBoosting,30,1,0.9617236209100865,1,0.9617236209100865
same_reduced_four_feature_subset,/kaggle/working/aml-quantum-pipeline/reports/supervisor_fixes/score_level_predictions_reduced_subset.csv,HistGradientBoosting,31,0,0.9617236209100865,1,0.9617236209100865
same_reduced_four_feature_subset,/kaggle/working/aml-quantum-pipeline/reports/supervisor_fixes/score_level_predictions_reduced_subset.csv,HistGradientBoosting,32,0,0.9617236209100865,1,0.9617236209100865
same_reduced_four_feature_subset,/kaggle/working/aml-quantum-pipeline/reports/supervisor_fixes/score_level_predictions_reduced_subset.csv,HistGradientBoosting,33,1,0.9617236209100865,1,0.9617236209100865
same_reduced_four_feature_subset,/kaggle/working/aml-quantum-pipeline/reports/supervisor_fixes/score_level_predictions_reduced_subset.csv,HistGradientBoosting,34,0,0.9617236209100865,1,0.9617236209100865
same_reduced_four_feature_subset,/kaggle/working/aml-quantum-pipeline/reports/supervisor_fixes/score_level_predictions_reduced_subset.csv,HistGradientBoosting,35,1,0.9617236209100865,1,0.9617236209100865
same_reduced_four_feature_subset,/kaggle/working/aml-quantum-pipeline/reports/supervisor_fixes/score_level_predictions_reduced_subset.csv,HistGradientBoosting,36,0,0.9617236209100865,1,0.9617236209100865
same_reduced_four_feature_subset,/kaggle/working/aml-quantum-pipeline/reports/supervisor_fixes/score_level_predictions_reduced_subset.csv,HistGradientBoosting,37,0,0.9617236209100865,1,0.9617236209100865
same_reduced_four_feature_subset,/kaggle/working/aml-quantum-pipeline/reports/supervisor_fixes/score_level_predictions_reduced_subset.csv,HistGradientBoosting,38,0,0.9617236209100865,1,0.9617236209100865
same_reduced_four_feature_subset,/kaggle/working/aml-quantum-pipeline/reports/supervisor_fixes/score_level_predictions_reduced_subset.csv,HistGradientBoosting,39,0,0.9617236209100865,1,0.9617236209100865
same_reduced_four_feature_subset,/kaggle/working/aml-quantum-pipeline/reports/supervisor_fixes/score_level_predictions_reduced_subset.csv,HistGradientBoosting,40,1,0.9617236209100865,1,0.9617236209100865
same_reduced_four_feature_subset,/kaggle/working/aml-quantum-pipeline/reports/supervisor_fixes/score_level_predictions_reduced_subset.csv,HistGradientBoosting,41,1,0.9617236209100865,1,0.9617236209100865
same_reduced_four_feature_subset,/kaggle/working/aml-quantum-pipeline/reports/supervisor_fixes/score_level_predictions_reduced_subset.csv,HistGradientBoosting,42,0,0.9617236209100865,1,0.9617236209100865
same_reduced_four_feature_subset,/kaggle/working/aml-quantum-pipeline/reports/supervisor_fixes/score_level_predictions_reduced_subset.csv,HistGradientBoosting,43,0,0.9617236209100865,1,0.9617236209100865
same_reduced_four_feature_subset,/kaggle/working/aml-quantum-pipeline/reports/supervisor_fixes/score_level_predictions_reduced_subset.csv,HistGradientBoosting,44,1,0.9617236209100865,1,0.9617236209100865
same_reduced_four_feature_subset,/kaggle/working/aml-quantum-pipeline/reports/supervisor_fixes/score_level_predictions_reduced_subset.csv,HistGradientBoosting,45,0,0.9617236209100865,1,0.9617236209100865
same_reduced_four_feature_subset,/kaggle/working/aml-quantum-pipeline/reports/supervisor_fixes/score_level_predictions_reduced_subset.csv,HistGradientBoosting,46,0,0.9617236209100865,1,0.9617236209100865
same_reduced_four_feature_subset,/kaggle/working/aml-quantum-pipeline/reports/supervisor_fixes/score_level_predictions_reduced_subset.csv,HistGradientBoosting,47,1,0.9617236209100865,1,0.9617236209100865
same_reduced_four_feature_subset,/kaggle/working/aml-quantum-pipeline/reports/supervisor_fixes/score_level_predictions_reduced_subset.csv,HistGradientBoosting,48,1,0.9617236209100865,1,0.9617236209100865
same_reduced_four_feature_subset,/kaggle/working/aml-quantum-pipeline/reports/supervisor_fixes/score_level_predictions_reduced_subset.csv,HistGradientBoosting,49,1,0.9617236209100865,1,0.9617236209100865
same_reduced_four_feature_subset,/kaggle/working/aml-quantum-pipeline/reports/supervisor_fixes/score_level_predictions_reduced_subset.csv,HistGradientBoosting,50,1,0.9617236209100865,1,0.9617236209100865
same_reduced_four_feature_subset,/kaggle/working/aml-quantum-pipeline/reports/supervisor_fixes/score_level_predictions_reduced_subset.csv,HistGradientBoosting,51,1,0.9617236209100865,1,0.9617236209100865
same_reduced_four_feature_subset,/kaggle/working/aml-quantum-pipeline/reports/supervisor_fixes/score_level_predictions_reduced_subset.csv,HistGradientBoosting,52,0,0.9617236209100865,1,0.9617236209100865
same_reduced_four_feature_subset,/kaggle/working/aml-quantum-pipeline/reports/supervisor_fixes/score_level_predictions_reduced_subset.csv,HistGradientBoosting,53,0,0.9617236209100865,1,0.9617236209100865
same_reduced_four_feature_subset,/kaggle/working/aml-quantum-pipeline/reports/supervisor_fixes/score_level_predictions_reduced_subset.csv,HistGradientBoosting,54,0,0.9617236209100865,1,0.9617236209100865
same_reduced_four_feature_subset,/kaggle/working/aml-quantum-pipeline/reports/supervisor_fixes/score_level_predictions_reduced_subset.csv,HistGradientBoosting,55,0,0.9617236209100865,1,0.9617236209100865
same_reduced_four_feature_subset,/kaggle/working/aml-quantum-pipeline/reports/supervisor_fixes/score_level_predictions_reduced_subset.csv,HistGradientBoosting,56,1,0.9617236209100865,1,0.9617236209100865
same_reduced_four_feature_subset,/kaggle/working/aml-quantum-pipeline/reports/supervisor_fixes/score_level_predictions_reduced_subset.csv,HistGradientBoosting,57,1,0.9617236209100865,1,0.9617236209100865
same_reduced_four_feature_subset,/kaggle/working/aml-quantum-pipeline/reports/supervisor_fixes/score_level_predictions_reduced_subset.csv,HistGradientBoosting,58,1,0.9617236209100865,1,0.9617236209100865
same_reduced_four_feature_subset,/kaggle/working/aml-quantum-pipeline/reports/supervisor_fixes/score_level_predictions_reduced_subset.csv,HistGradientBoosting,59,1,0.9617236209100865,1,0.9617236209100865
same_reduced_four_feature_subset,/kaggle/working/aml-quantum-pipeline/reports/supervisor_fixes/score_level_predictions_reduced_subset.csv,HistGradientBoosting,60,0,0.9617236209100865,1,0.9617236209100865
same_reduced_four_feature_subset,/kaggle/working/aml-quantum-pipeline/reports/supervisor_fixes/score_level_predictions_reduced_subset.csv,HistGradientBoosting,61,0,0.9617236209100865,1,0.9617236209100865
same_reduced_four_feature_subset,/kaggle/working/aml-quantum-pipeline/reports/supervisor_fixes/score_level_predictions_reduced_subset.csv,HistGradientBoosting,62,1,0.9617236209100865,1,0.9617236209100865
same_reduced_four_feature_subset,/kaggle/working/aml-quantum-pipeline/reports/supervisor_fixes/score_level_predictions_reduced_subset.csv,HistGradientBoosting,63,0,0.9617236209100865,1,0.9617236209100865
same_reduced_four_feature_subset,/kaggle/working/aml-quantum-pipeline/reports/supervisor_fixes/score_level_predictions_reduced_subset.csv,HistGradientBoosting,64,1,0.9617236209100865,1,0.9617236209100865
same_reduced_four_feature_subset,/kaggle/working/aml-quantum-pipeline/reports/supervisor_fixes/score_level_predictions_reduced_subset.csv,HistGradientBoosting,65,0,0.9617236209100865,1,0.9617236209100865
same_reduced_four_feature_subset,/kaggle/working/aml-quantum-pipeline/reports/supervisor_fixes/score_level_predictions_reduced_subset.csv,HistGradientBoosting,66,1,0.9617236209100865,1,0.9617236209100865
same_reduced_four_feature_subset,/kaggle/working/aml-quantum-pipeline/reports/supervisor_fixes/score_level_predictions_reduced_subset.csv,HistGradientBoosting,67,0,0.9617236209100865,1,0.9617236209100865
same_reduced_four_feature_subset,/kaggle/working/aml-quantum-pipeline/reports/supervisor_fixes/score_level_predictions_reduced_subset.csv,HistGradientBoosting,68,1,0.9617236209100865,1,0.9617236209100865
same_reduced_four_feature_subset,/kaggle/working/aml-quantum-pipeline/reports/supervisor_fixes/score_level_predictions_reduced_subset.csv,HistGradientBoosting,69,0,0.9617236209100865,1,0.9617236209100865
same_reduced_four_feature_subset,/kaggle/working/aml-quantum-pipeline/reports/supervisor_fixes/score_level_predictions_reduced_subset.csv,HistGradientBoosting,70,0,0.9617236209100865,1,0.9617236209100865
same_reduced_four_feature_subset,/kaggle/working/aml-quantum-pipeline/reports/supervisor_fixes/score_level_predictions_reduced_subset.csv,HistGradientBoosting,71,0,0.9617236209100865,1,0.9617236209100865
same_reduced_four_feature_subset,/kaggle/working/aml-quantum-pipeline/reports/supervisor_fixes/score_level_predictions_reduced_subset.csv,HistGradientBoosting,72,0,0.9617236209100865,1,0.9617236209100865
same_reduced_four_feature_subset,/kaggle/working/aml-quantum-pipeline/reports/supervisor_fixes/score_level_predictions_reduced_subset.csv,HistGradientBoosting,73,1,0.9617236209100865,1,0.9617236209100865
same_reduced_four_feature_subset,/kaggle/working/aml-quantum-pipeline/reports/supervisor_fixes/score_level_predictions_reduced_subset.csv,HistGradientBoosting,74,0,0.9617236209100865,1,0.9617236209100865
same_reduced_four_feature_subset,/kaggle/working/aml-quantum-pipeline/reports/supervisor_fixes/score_level_predictions_reduced_subset.csv,HistGradientBoosting,75,0,0.9617236209100865,1,0.9617236209100865
same_reduced_four_feature_subset,/kaggle/working/aml-quantum-pipeline/reports/supervisor_fixes/score_level_predictions_reduced_subset.csv,HistGradientBoosting,76,0,0.9617236209100865,1,0.9617236209100865
same_reduced_four_feature_subset,/kaggle/working/aml-quantum-pipeline/reports/supervisor_fixes/score_level_predictions_reduced_subset.csv,HistGradientBoosting,77,0,0.9617236209100865,1,0.9617236209100865
same_reduced_four_feature_subset,/kaggle/working/aml-quantum-pipeline/reports/supervisor_fixes/score_level_predictions_reduced_subset.csv,HistGradientBoosting,78,1,0.9617236209100865,1,0.9617236209100865
same_reduced_four_feature_subset,/kaggle/working/aml-quantum-pipeline/reports/supervisor_fixes/score_level_predictions_reduced_subset.csv,HistGradientBoosting,79,1,0.9617236209100865,1,0.9617236209100865
same_reduced_four_feature_subset,/kaggle/working/aml-quantum-pipeline/reports/supervisor_fixes/score_level_predictions_reduced_subset.csv,HistGradientBoosting,80,0,0.9617236209100865,1,0.9617236209100865
same_reduced_four_feature_subset,/kaggle/working/aml-quantum-pipeline/reports/supervisor_fixes/score_level_predictions_reduced_subset.csv,HistGradientBoosting,81,0,0.9617236209100865,1,0.9617236209100865
same_reduced_four_feature_subset,/kaggle/working/aml-quantum-pipeline/reports/supervisor_fixes/score_level_predictions_reduced_subset.csv,HistGradientBoosting,82,0,0.9617236209100865,1,0.9617236209100865
same_reduced_four_feature_subset,/kaggle/working/aml-quantum-pipeline/reports/supervisor_fixes/score_level_predictions_reduced_subset.csv,HistGradientBoosting,83,1,0.9617236209100865,1,0.9617236209100865
same_reduced_four_feature_subset,/kaggle/working/aml-quantum-pipeline/reports/supervisor_fixes/score_level_predictions_reduced_subset.csv,HistGradientBoosting,84,0,0.9617236209100865,1,0.9617236209100865
same_reduced_four_feature_subset,/kaggle/working/aml-quantum-pipeline/reports/supervisor_fixes/score_level_predictions_reduced_subset.csv,HistGradientBoosting,85,1,0.9617236209100865,1,0.9617236209100865
same_reduced_four_feature_subset,/kaggle/working/aml-quantum-pipeline/reports/supervisor_fixes/score_level_predictions_reduced_subset.csv,HistGradientBoosting,86,1,0.9617236209100865,1,0.9617236209100865
same_reduced_four_feature_subset,/kaggle/working/aml-quantum-pipeline/reports/supervisor_fixes/score_level_predictions_reduced_subset.csv,HistGradientBoosting,87,1,0.9617236209100865,1,0.9617236209100865
same_reduced_four_feature_subset,/kaggle/working/aml-quantum-pipeline/reports/supervisor_fixes/score_level_predictions_reduced_subset.csv,HistGradientBoosting,88,0,0.9617236209100865,1,0.9617236209100865
same_reduced_four_feature_subset,/kaggle/working/aml-quantum-pipeline/reports/supervisor_fixes/score_level_predictions_reduced_subset.csv,HistGradientBoosting,89,1,0.9617236209100865,1,0.9617236209100865
same_reduced_four_feature_subset,/kaggle/working/aml-quantum-pipeline/reports/supervisor_fixes/score_level_predictions_reduced_subset.csv,HistGradientBoosting,90,1,0.9617236209100865,1,0.9617236209100865
same_reduced_four_feature_subset,/kaggle/working/aml-quantum-pipeline/reports/supervisor_fixes/score_level_predictions_reduced_subset.csv,HistGradientBoosting,91,0,0.9617236209100865,1,0.9617236209100865
same_reduced_four_feature_subset,/kaggle/working/aml-quantum-pipeline/reports/supervisor_fixes/score_level_predictions_reduced_subset.csv,HistGradientBoosting,92,0,0.9617236209100865,1,0.9617236209100865
same_reduced_four_feature_subset,/kaggle/working/aml-quantum-pipeline/reports/supervisor_fixes/score_level_predictions_reduced_subset.csv,HistGradientBoosting,93,1,0.9617236209100865,1,0.9617236209100865
same_reduced_four_feature_subset,/kaggle/working/aml-quantum-pipeline/reports/supervisor_fixes/score_level_predictions_reduced_subset.csv,HistGradientBoosting,94,0,0.9617236209100865,1,0.9617236209100865
same_reduced_four_feature_subset,/kaggle/working/aml-quantum-pipeline/reports/supervisor_fixes/score_level_predictions_reduced_subset.csv,HistGradientBoosting,95,1,0.9617236209100865,1,0.9617236209100865
same_reduced_four_feature_subset,/kaggle/working/aml-quantum-pipeline/reports/supervisor_fixes/score_level_predictions_reduced_subset.csv,HistGradientBoosting,96,0,0.9617236209100865,1,0.9617236209100865
same_reduced_four_feature_subset,/kaggle/working/aml-quantum-pipeline/reports/supervisor_fixes/score_level_predictions_reduced_subset.csv,HistGradientBoosting,97,0,0.9617236209100865,1,0.9617236209100865
same_reduced_four_feature_subset,/kaggle/working/aml-quantum-pipeline/reports/supervisor_fixes/score_level_predictions_reduced_subset.csv,HistGradientBoosting,98,0,0.9617236209100865,1,0.9617236209100865
same_reduced_four_feature_subset,/kaggle/working/aml-quantum-pipeline/reports/supervisor_fixes/score_level_predictions_reduced_subset.csv,HistGradientBoosting,99,0,0.9617236209100865,1,0.9617236209100865
same_reduced_four_feature_subset,/kaggle/working/aml-quantum-pipeline/reports/supervisor_fixes/score_level_predictions_reduced_subset.csv,HistGradientBoosting,100,0,0.9617236209100865,1,0.9617236209100865
same_reduced_four_feature_subset,/kaggle/working/aml-quantum-pipeline/reports/supervisor_fixes/score_level_predictions_reduced_subset.csv,HistGradientBoosting,101,1,0.9617236209100865,1,0.9617236209100865
same_reduced_four_feature_subset,/kaggle/working/aml-quantum-pipeline/reports/supervisor_fixes/score_level_predictions_reduced_subset.csv,HistGradientBoosting,102,0,0.9617236209100865,1,0.9617236209100865
same_reduced_four_feature_subset,/kaggle/working/aml-quantum-pipeline/reports/supervisor_fixes/score_level_predictions_reduced_subset.csv,HistGradientBoosting,103,0,0.9617236209100865,1,0.9617236209100865
same_reduced_four_feature_subset,/kaggle/working/aml-quantum-pipeline/reports/supervisor_fixes/score_level_predictions_reduced_subset.csv,HistGradientBoosting,104,1,0.9617236209100865,1,0.9617236209100865
same_reduced_four_feature_subset,/kaggle/working/aml-quantum-pipeline/reports/supervisor_fixes/score_level_predictions_reduced_subset.csv,HistGradientBoosting,105,0,0.9617236209100865,1,0.9617236209100865
same_reduced_four_feature_subset,/kaggle/working/aml-quantum-pipeline/reports/supervisor_fixes/score_level_predictions_reduced_subset.csv,HistGradientBoosting,106,1,0.9617236209100865,1,0.9617236209100865
same_reduced_four_feature_subset,/kaggle/working/aml-quantum-pipeline/reports/supervisor_fixes/score_level_predictions_reduced_subset.csv,HistGradientBoosting,107,0,0.9617236209100865,1,0.9617236209100865
same_reduced_four_feature_subset,/kaggle/working/aml-quantum-pipeline/reports/supervisor_fixes/score_level_predictions_reduced_subset.csv,HistGradientBoosting,108,0,0.9617236209100865,1,0.9617236209100865
same_reduced_four_feature_subset,/kaggle/working/aml-quantum-pipeline/reports/supervisor_fixes/score_level_predictions_reduced_subset.csv,HistGradientBoosting,109,1,0.9617236209100865,1,0.9617236209100865
same_reduced_four_feature_subset,/kaggle/working/aml-quantum-pipeline/reports/supervisor_fixes/score_level_predictions_reduced_subset.csv,HistGradientBoosting,110,1,0.9617236209100865,1,0.9617236209100865
same_reduced_four_feature_subset,/kaggle/working/aml-quantum-pipeline/reports/supervisor_fixes/score_level_predictions_reduced_subset.csv,HistGradientBoosting,111,1,0.9617236209100865,1,0.9617236209100865
same_reduced_four_feature_subset,/kaggle/working/aml-quantum-pipeline/reports/supervisor_fixes/score_level_predictions_reduced_subset.csv,HistGradientBoosting,112,1,0.9617236209100865,1,0.9617236209100865
same_reduced_four_feature_subset,/kaggle/working/aml-quantum-pipeline/reports/supervisor_fixes/score_level_predictions_reduced_subset.csv,HistGradientBoosting,113,0,0.9617236209100865,1,0.9617236209100865
same_reduced_four_feature_subset,/kaggle/working/aml-quantum-pipeline/reports/supervisor_fixes/score_level_predictions_reduced_subset.csv,HistGradientBoosting,114,0,0.9617236209100865,1,0.9617236209100865
same_reduced_four_feature_subset,/kaggle/working/aml-quantum-pipeline/reports/supervisor_fixes/score_level_predictions_reduced_subset.csv,HistGradientBoosting,115,1,0.9617236209100865,1,0.9617236209100865
same_reduced_four_feature_subset,/kaggle/working/aml-quantum-pipeline/reports/supervisor_fixes/score_level_predictions_reduced_subset.csv,HistGradientBoosting,116,1,0.9617236209100865,1,0.9617236209100865
same_reduced_four_feature_subset,/kaggle/working/aml-quantum-pipeline/reports/supervisor_fixes/score_level_predictions_reduced_subset.csv,HistGradientBoosting,117,1,0.9617236209100865,1,0.9617236209100865
same_reduced_four_feature_subset,/kaggle/working/aml-quantum-pipeline/reports/supervisor_fixes/score_level_predictions_reduced_subset.csv,HistGradientBoosting,118,1,0.9617236209100865,1,0.9617236209100865
same_reduced_four_feature_subset,/kaggle/working/aml-quantum-pipeline/reports/supervisor_fixes/score_level_predictions_reduced_subset.csv,HistGradientBoosting,119,1,0.9617236209100865,1,0.9617236209100865
same_reduced_four_feature_subset,/kaggle/working/aml-quantum-pipeline/reports/supervisor_fixes/score_level_predictions_reduced_subset.csv,HistGradientBoosting,120,0,0.9617236209100865,1,0.9617236209100865
same_reduced_four_feature_subset,/kaggle/working/aml-quantum-pipeline/reports/supervisor_fixes/score_level_predictions_reduced_subset.csv,HistGradientBoosting,121,0,0.9617236209100865,1,0.9617236209100865
same_reduced_four_feature_subset,/kaggle/working/aml-quantum-pipeline/reports/supervisor_fixes/score_level_predictions_reduced_subset.csv,HistGradientBoosting,122,0,0.9617236209100865,1,0.9617236209100865
same_reduced_four_feature_subset,/kaggle/working/aml-quantum-pipeline/reports/supervisor_fixes/score_level_predictions_reduced_subset.csv,HistGradientBoosting,123,0,0.9617236209100865,1,0.9617236209100865
same_reduced_four_feature_subset,/kaggle/working/aml-quantum-pipeline/reports/supervisor_fixes/score_level_predictions_reduced_subset.csv,HistGradientBoosting,124,0,0.9617236209100865,1,0.9617236209100865
same_reduced_four_feature_subset,/kaggle/working/aml-quantum-pipeline/reports/supervisor_fixes/score_level_predictions_reduced_subset.csv,HistGradientBoosting,125,1,0.9617236209100865,1,0.9617236209100865
same_reduced_four_feature_subset,/kaggle/working/aml-quantum-pipeline/reports/supervisor_fixes/score_level_predictions_reduced_subset.csv,HistGradientBoosting,126,0,0.9617236209100865,1,0.9617236209100865
same_reduced_four_feature_subset,/kaggle/working/aml-quantum-pipeline/reports/supervisor_fixes/score_level_predictions_reduced_subset.csv,HistGradientBoosting,127,0,0.9617236209100865,1,0.9617236209100865
same_reduced_four_feature_subset,/kaggle/working/aml-quantum-pipeline/reports/supervisor_fixes/score_level_predictions_reduced_subset.csv,HistGradientBoosting,128,1,0.9617236209100865,1,0.9617236209100865
same_reduced_four_feature_subset,/kaggle/working/aml-quantum-pipeline/reports/supervisor_fixes/score_level_predictions_reduced_subset.csv,HistGradientBoosting,129,0,0.9617236209100865,1,0.9617236209100865
same_reduced_four_feature_subset,/kaggle/working/aml-quantum-pipeline/reports/supervisor_fixes/score_level_predictions_reduced_subset.csv,HistGradientBoosting,130,0,0.9617236209100865,1,0.9617236209100865
same_reduced_four_feature_subset,/kaggle/working/aml-quantum-pipeline/reports/supervisor_fixes/score_level_predictions_reduced_subset.csv,HistGradientBoosting,131,1,0.9617236209100865,1,0.9617236209100865
same_reduced_four_feature_subset,/kaggle/working/aml-quantum-pipeline/reports/supervisor_fixes/score_level_predictions_reduced_subset.csv,HistGradientBoosting,132,1,0.9617236209100865,1,0.9617236209100865
same_reduced_four_feature_subset,/kaggle/working/aml-quantum-pipeline/reports/supervisor_fixes/score_level_predictions_reduced_subset.csv,HistGradientBoosting,133,1,0.9617236209100865,1,0.9617236209100865
same_reduced_four_feature_subset,/kaggle/working/aml-quantum-pipeline/reports/supervisor_fixes/score_level_predictions_reduced_subset.csv,HistGradientBoosting,134,1,0.9617236209100865,1,0.9617236209100865
same_reduced_four_feature_subset,/kaggle/working/aml-quantum-pipeline/reports/supervisor_fixes/score_level_predictions_reduced_subset.csv,HistGradientBoosting,135,1,0.9617236209100865,1,0.9617236209100865
same_reduced_four_feature_subset,/kaggle/working/aml-quantum-pipeline/reports/supervisor_fixes/score_level_predictions_reduced_subset.csv,HistGradientBoosting,136,0,0.9617236209100865,1,0.9617236209100865
same_reduced_four_feature_subset,/kaggle/working/aml-quantum-pipeline/reports/supervisor_fixes/score_level_predictions_reduced_subset.csv,HistGradientBoosting,137,1,0.9617236209100865,1,0.9617236209100865
same_reduced_four_feature_subset,/kaggle/working/aml-quantum-pipeline/reports/supervisor_fixes/score_level_predictions_reduced_subset.csv,HistGradientBoosting,138,0,0.9617236209100865,1,0.9617236209100865
same_reduced_four_feature_subset,/kaggle/working/aml-quantum-pipeline/reports/supervisor_fixes/score_level_predictions_reduced_subset.csv,HistGradientBoosting,139,0,0.9617236209100865,1,0.9617236209100865
same_reduced_four_feature_subset,/kaggle/working/aml-quantum-pipeline/reports/supervisor_fixes/score_level_predictions_reduced_subset.csv,HistGradientBoosting,140,1,0.9617236209100865,1,0.9617236209100865
same_reduced_four_feature_subset,/kaggle/working/aml-quantum-pipeline/reports/supervisor_fixes/score_level_predictions_reduced_subset.csv,HistGradientBoosting,141,0,0.9617236209100865,1,0.9617236209100865
same_reduced_four_feature_subset,/kaggle/working/aml-quantum-pipeline/reports/supervisor_fixes/score_level_predictions_reduced_subset.csv,HistGradientBoosting,142,0,0.9617236209100865,1,0.9617236209100865
same_reduced_four_feature_subset,/kaggle/working/aml-quantum-pipeline/reports/supervisor_fixes/score_level_predictions_reduced_subset.csv,HistGradientBoosting,143,1,0.9617236209100865,1,0.9617236209100865
same_reduced_four_feature_subset,/kaggle/working/aml-quantum-pipeline/reports/supervisor_fixes/score_level_predictions_reduced_subset.csv,HistGradientBoosting,144,0,0.9617236209100865,1,0.9617236209100865
same_reduced_four_feature_subset,/kaggle/working/aml-quantum-pipeline/reports/supervisor_fixes/score_level_predictions_reduced_subset.csv,HistGradientBoosting,145,0,0.9617236209100865,1,0.9617236209100865
same_reduced_four_feature_subset,/kaggle/working/aml-quantum-pipeline/reports/supervisor_fixes/score_level_predictions_reduced_subset.csv,HistGradientBoosting,146,0,0.9617236209100865,1,0.9617236209100865
same_reduced_four_feature_subset,/kaggle/working/aml-quantum-pipeline/reports/supervisor_fixes/score_level_predictions_reduced_subset.csv,HistGradientBoosting,147,1,0.9617236209100865,1,0.9617236209100865
same_reduced_four_feature_subset,/kaggle/working/aml-quantum-pipeline/reports/supervisor_fixes/score_level_predictions_reduced_subset.csv,HistGradientBoosting,148,0,0.9617236209100865,1,0.9617236209100865
same_reduced_four_feature_subset,/kaggle/working/aml-quantum-pipeline/reports/supervisor_fixes/score_level_predictions_reduced_subset.csv,HistGradientBoosting,149,0,0.9617236209100865,1,0.9617236209100865
same_reduced_four_feature_subset,/kaggle/working/aml-quantum-pipeline/reports/supervisor_fixes/score_level_predictions_reduced_subset.csv,HistGradientBoosting,150,1,0.9617236209100865,1,0.9617236209100865
same_reduced_four_feature_subset,/kaggle/working/aml-quantum-pipeline/reports/supervisor_fixes/score_level_predictions_reduced_subset.csv,HistGradientBoosting,151,1,0.9617236209100865,1,0.9617236209100865
same_reduced_four_feature_subset,/kaggle/working/aml-quantum-pipeline/reports/supervisor_fixes/score_level_predictions_reduced_subset.csv,HistGradientBoosting,152,1,0.9617236209100865,1,0.9617236209100865
same_reduced_four_feature_subset,/kaggle/working/aml-quantum-pipeline/reports/supervisor_fixes/score_level_predictions_reduced_subset.csv,HistGradientBoosting,153,0,0.9617236209100865,1,0.9617236209100865
same_reduced_four_feature_subset,/kaggle/working/aml-quantum-pipeline/reports/supervisor_fixes/score_level_predictions_reduced_subset.csv,HistGradientBoosting,154,1,0.9617236209100865,1,0.9617236209100865
same_reduced_four_feature_subset,/kaggle/working/aml-quantum-pipeline/reports/supervisor_fixes/score_level_predictions_reduced_subset.csv,HistGradientBoosting,155,0,0.9617236209100865,1,0.9617236209100865
same_reduced_four_feature_subset,/kaggle/working/aml-quantum-pipeline/reports/supervisor_fixes/score_level_predictions_reduced_subset.csv,HistGradientBoosting,156,0,0.9617236209100865,1,0.9617236209100865
same_reduced_four_feature_subset,/kaggle/working/aml-quantum-pipeline/reports/supervisor_fixes/score_level_predictions_reduced_subset.csv,HistGradientBoosting,157,1,0.9617236209100865,1,0.9617236209100865
same_reduced_four_feature_subset,/kaggle/working/aml-quantum-pipeline/reports/supervisor_fixes/score_level_predictions_reduced_subset.csv,HistGradientBoosting,158,0,0.9617236209100865,1,0.9617236209100865
same_reduced_four_feature_subset,/kaggle/working/aml-quantum-pipeline/reports/supervisor_fixes/score_level_predictions_reduced_subset.csv,HistGradientBoosting,159,0,0.9617236209100865,1,0.9617236209100865
same_reduced_four_feature_subset,/kaggle/working/aml-quantum-pipeline/reports/supervisor_fixes/score_level_predictions_reduced_subset.csv,HistGradientBoosting,160,1,0.9617236209100865,1,0.9617236209100865
same_reduced_four_feature_subset,/kaggle/working/aml-quantum-pipeline/reports/supervisor_fixes/score_level_predictions_reduced_subset.csv,HistGradientBoosting,161,0,0.9617236209100865,1,0.9617236209100865
same_reduced_four_feature_subset,/kaggle/working/aml-quantum-pipeline/reports/supervisor_fixes/score_level_predictions_reduced_subset.csv,HistGradientBoosting,162,1,0.9617236209100865,1,0.9617236209100865
same_reduced_four_feature_subset,/kaggle/working/aml-quantum-pipeline/reports/supervisor_fixes/score_level_predictions_reduced_subset.csv,HistGradientBoosting,163,1,0.9617236209100865,1,0.9617236209100865
same_reduced_four_feature_subset,/kaggle/working/aml-quantum-pipeline/reports/supervisor_fixes/score_level_predictions_reduced_subset.csv,HistGradientBoosting,164,0,0.9617236209100865,1,0.9617236209100865
same_reduced_four_feature_subset,/kaggle/working/aml-quantum-pipeline/reports/supervisor_fixes/score_level_predictions_reduced_subset.csv,HistGradientBoosting,165,0,0.9617236209100865,1,0.9617236209100865
same_reduced_four_feature_subset,/kaggle/working/aml-quantum-pipeline/reports/supervisor_fixes/score_level_predictions_reduced_subset.csv,HistGradientBoosting,166,0,0.9617236209100865,1,0.9617236209100865
same_reduced_four_feature_subset,/kaggle/working/aml-quantum-pipeline/reports/supervisor_fixes/score_level_predictions_reduced_subset.csv,HistGradientBoosting,167,1,0.9617236209100865,1,0.9617236209100865
same_reduced_four_feature_subset,/kaggle/working/aml-quantum-pipeline/reports/supervisor_fixes/score_level_predictions_reduced_subset.csv,HistGradientBoosting,168,1,0.9617236209100865,1,0.9617236209100865
same_reduced_four_feature_subset,/kaggle/working/aml-quantum-pipeline/reports/supervisor_fixes/score_level_predictions_reduced_subset.csv,HistGradientBoosting,169,0,0.9617236209100865,1,0.9617236209100865
same_reduced_four_feature_subset,/kaggle/working/aml-quantum-pipeline/reports/supervisor_fixes/score_level_predictions_reduced_subset.csv,HistGradientBoosting,170,1,0.9617236209100865,1,0.9617236209100865
same_reduced_four_feature_subset,/kaggle/working/aml-quantum-pipeline/reports/supervisor_fixes/score_level_predictions_reduced_subset.csv,HistGradientBoosting,171,0,0.9617236209100865,1,0.9617236209100865
same_reduced_four_feature_subset,/kaggle/working/aml-quantum-pipeline/reports/supervisor_fixes/score_level_predictions_reduced_subset.csv,HistGradientBoosting,172,1,0.9617236209100865,1,0.9617236209100865
same_reduced_four_feature_subset,/kaggle/working/aml-quantum-pipeline/reports/supervisor_fixes/score_level_predictions_reduced_subset.csv,HistGradientBoosting,173,1,0.9617236209100865,1,0.9617236209100865
same_reduced_four_feature_subset,/kaggle/working/aml-quantum-pipeline/reports/supervisor_fixes/score_level_predictions_reduced_subset.csv,HistGradientBoosting,174,1,0.9617236209100865,1,0.9617236209100865
same_reduced_four_feature_subset,/kaggle/working/aml-quantum-pipeline/reports/supervisor_fixes/score_level_predictions_reduced_subset.csv,HistGradientBoosting,175,1,0.9617236209100865,1,0.9617236209100865
same_reduced_four_feature_subset,/kaggle/working/aml-quantum-pipeline/reports/supervisor_fixes/score_level_predictions_reduced_subset.csv,HistGradientBoosting,176,0,0.9617236209100865,1,0.9617236209100865
same_reduced_four_feature_subset,/kaggle/working/aml-quantum-pipeline/reports/supervisor_fixes/score_level_predictions_reduced_subset.csv,HistGradientBoosting,177,0,0.9617236209100865,1,0.9617236209100865
same_reduced_four_feature_subset,/kaggle/working/aml-quantum-pipeline/reports/supervisor_fixes/score_level_predictions_reduced_subset.csv,HistGradientBoosting,178,0,0.9617236209100865,1,0.9617236209100865
same_reduced_four_feature_subset,/kaggle/working/aml-quantum-pipeline/reports/supervisor_fixes/score_level_predictions_reduced_subset.csv,HistGradientBoosting,179,1,0.9617236209100865,1,0.9617236209100865
same_reduced_four_feature_subset,/kaggle/working/aml-quantum-pipeline/reports/supervisor_fixes/score_level_predictions_reduced_subset.csv,HistGradientBoosting,180,1,0.9617236209100865,1,0.9617236209100865
same_reduced_four_feature_subset,/kaggle/working/aml-quantum-pipeline/reports/supervisor_fixes/score_level_predictions_reduced_subset.csv,HistGradientBoosting,181,0,0.9617236209100865,1,0.9617236209100865
same_reduced_four_feature_subset,/kaggle/working/aml-quantum-pipeline/reports/supervisor_fixes/score_level_predictions_reduced_subset.csv,HistGradientBoosting,182,1,0.9617236209100865,1,0.9617236209100865
same_reduced_four_feature_subset,/kaggle/working/aml-quantum-pipeline/reports/supervisor_fixes/score_level_predictions_reduced_subset.csv,HistGradientBoosting,183,0,0.9617236209100865,1,0.9617236209100865
same_reduced_four_feature_subset,/kaggle/working/aml-quantum-pipeline/reports/supervisor_fixes/score_level_predictions_reduced_subset.csv,HistGradientBoosting,184,1,0.9617236209100865,1,0.9617236209100865
same_reduced_four_feature_subset,/kaggle/working/aml-quantum-pipeline/reports/supervisor_fixes/score_level_predictions_reduced_subset.csv,HistGradientBoosting,185,1,0.9617236209100865,1,0.9617236209100865
same_reduced_four_feature_subset,/kaggle/working/aml-quantum-pipeline/reports/supervisor_fixes/score_level_predictions_reduced_subset.csv,HistGradientBoosting,186,0,0.9617236209100865,1,0.9617236209100865
same_reduced_four_feature_subset,/kaggle/working/aml-quantum-pipeline/reports/supervisor_fixes/score_level_predictions_reduced_subset.csv,HistGradientBoosting,187,1,0.9617236209100865,1,0.9617236209100865
same_reduced_four_feature_subset,/kaggle/working/aml-quantum-pipeline/reports/supervisor_fixes/score_level_predictions_reduced_subset.csv,HistGradientBoosting,188,1,0.9617236209100865,1,0.9617236209100865
same_reduced_four_feature_subset,/kaggle/working/aml-quantum-pipeline/reports/supervisor_fixes/score_level_predictions_reduced_subset.csv,HistGradientBoosting,189,0,0.9617236209100865,1,0.9617236209100865
same_reduced_four_feature_subset,/kaggle/working/aml-quantum-pipeline/reports/supervisor_fixes/score_level_predictions_reduced_subset.csv,HistGradientBoosting,190,1,0.9617236209100865,1,0.9617236209100865
same_reduced_four_feature_subset,/kaggle/working/aml-quantum-pipeline/reports/supervisor_fixes/score_level_predictions_reduced_subset.csv,HistGradientBoosting,191,1,0.9617236209100865,1,0.9617236209100865
same_reduced_four_feature_subset,/kaggle/working/aml-quantum-pipeline/reports/supervisor_fixes/score_level_predictions_reduced_subset.csv,HistGradientBoosting,192,0,0.9617236209100865,1,0.9617236209100865
same_reduced_four_feature_subset,/kaggle/working/aml-quantum-pipeline/reports/supervisor_fixes/score_level_predictions_reduced_subset.csv,HistGradientBoosting,193,0,0.9617236209100865,1,0.9617236209100865
same_reduced_four_feature_subset,/kaggle/working/aml-quantum-pipeline/reports/supervisor_fixes/score_level_predictions_reduced_subset.csv,HistGradientBoosting,194,1,0.9617236209100865,1,0.9617236209100865
same_reduced_four_feature_subset,/kaggle/working/aml-quantum-pipeline/reports/supervisor_fixes/score_level_predictions_reduced_subset.csv,HistGradientBoosting,195,1,0.9617236209100865,1,0.9617236209100865
same_reduced_four_feature_subset,/kaggle/working/aml-quantum-pipeline/reports/supervisor_fixes/score_level_predictions_reduced_subset.csv,HistGradientBoosting,196,1,0.9617236209100865,1,0.9617236209100865
same_reduced_four_feature_subset,/kaggle/working/aml-quantum-pipeline/reports/supervisor_fixes/score_level_predictions_reduced_subset.csv,HistGradientBoosting,197,1,0.9617236209100865,1,0.9617236209100865
same_reduced_four_feature_subset,/kaggle/working/aml-quantum-pipeline/reports/supervisor_fixes/score_level_predictions_reduced_subset.csv,HistGradientBoosting,198,1,0.9617236209100865,1,0.9617236209100865
same_reduced_four_feature_subset,/kaggle/working/aml-quantum-pipeline/reports/supervisor_fixes/score_level_predictions_reduced_subset.csv,HistGradientBoosting,199,1,0.9617236209100865,1,0.9617236209100865
same_reduced_four_feature_subset,/kaggle/working/aml-quantum-pipeline/reports/supervisor_fixes/score_level_predictions_reduced_subset.csv,HistGradientBoosting,200,0,0.9617236209100865,1,0.9617236209100865
same_reduced_four_feature_subset,/kaggle/working/aml-quantum-pipeline/reports/supervisor_fixes/score_level_predictions_reduced_subset.csv,HistGradientBoosting,201,0,0.9617236209100865,1,0.9617236209100865
same_reduced_four_feature_subset,/kaggle/working/aml-quantum-pipeline/reports/supervisor_fixes/score_level_predictions_reduced_subset.csv,HistGradientBoosting,202,0,0.9617236209100865,1,0.9617236209100865
same_reduced_four_feature_subset,/kaggle/working/aml-quantum-pipeline/reports/supervisor_fixes/score_level_predictions_reduced_subset.csv,HistGradientBoosting,203,1,0.9617236209100865,1,0.9617236209100865
same_reduced_four_feature_subset,/kaggle/working/aml-quantum-pipeline/reports/supervisor_fixes/score_level_predictions_reduced_subset.csv,HistGradientBoosting,204,0,0.9617236209100865,1,0.9617236209100865
same_reduced_four_feature_subset,/kaggle/working/aml-quantum-pipeline/reports/supervisor_fixes/score_level_predictions_reduced_subset.csv,HistGradientBoosting,205,0,0.9617236209100865,1,0.9617236209100865
same_reduced_four_feature_subset,/kaggle/working/aml-quantum-pipeline/reports/supervisor_fixes/score_level_predictions_reduced_subset.csv,HistGradientBoosting,206,1,0.9617236209100865,1,0.9617236209100865
same_reduced_four_feature_subset,/kaggle/working/aml-quantum-pipeline/reports/supervisor_fixes/score_level_predictions_reduced_subset.csv,HistGradientBoosting,207,1,0.9617236209100865,1,0.9617236209100865
same_reduced_four_feature_subset,/kaggle/working/aml-quantum-pipeline/reports/supervisor_fixes/score_level_predictions_reduced_subset.csv,HistGradientBoosting,208,0,0.9617236209100865,1,0.9617236209100865
same_reduced_four_feature_subset,/kaggle/working/aml-quantum-pipeline/reports/supervisor_fixes/score_level_predictions_reduced_subset.csv,HistGradientBoosting,209,1,0.9617236209100865,1,0.9617236209100865
same_reduced_four_feature_subset,/kaggle/working/aml-quantum-pipeline/reports/supervisor_fixes/score_level_predictions_reduced_subset.csv,HistGradientBoosting,210,1,0.9617236209100865,1,0.9617236209100865
same_reduced_four_feature_subset,/kaggle/working/aml-quantum-pipeline/reports/supervisor_fixes/score_level_predictions_reduced_subset.csv,HistGradientBoosting,211,0,0.9617236209100865,1,0.9617236209100865
same_reduced_four_feature_subset,/kaggle/working/aml-quantum-pipeline/reports/supervisor_fixes/score_level_predictions_reduced_subset.csv,HistGradientBoosting,212,1,0.9617236209100865,1,0.9617236209100865
same_reduced_four_feature_subset,/kaggle/working/aml-quantum-pipeline/reports/supervisor_fixes/score_level_predictions_reduced_subset.csv,HistGradientBoosting,213,1,0.9617236209100865,1,0.9617236209100865
same_reduced_four_feature_subset,/kaggle/working/aml-quantum-pipeline/reports/supervisor_fixes/score_level_predictions_reduced_subset.csv,HistGradientBoosting,214,1,0.9617236209100865,1,0.9617236209100865
same_reduced_four_feature_subset,/kaggle/working/aml-quantum-pipeline/reports/supervisor_fixes/score_level_predictions_reduced_subset.csv,HistGradientBoosting,215,1,0.9617236209100865,1,0.9617236209100865
same_reduced_four_feature_subset,/kaggle/working/aml-quantum-pipeline/reports/supervisor_fixes/score_level_predictions_reduced_subset.csv,HistGradientBoosting,216,1,0.9617236209100865,1,0.9617236209100865
same_reduced_four_feature_subset,/kaggle/working/aml-quantum-pipeline/reports/supervisor_fixes/score_level_predictions_reduced_subset.csv,HistGradientBoosting,217,0,0.9617236209100865,1,0.9617236209100865
same_reduced_four_feature_subset,/kaggle/working/aml-quantum-pipeline/reports/supervisor_fixes/score_level_predictions_reduced_subset.csv,HistGradientBoosting,218,1,0.9617236209100865,1,0.9617236209100865
same_reduced_four_feature_subset,/kaggle/working/aml-quantum-pipeline/reports/supervisor_fixes/score_level_predictions_reduced_subset.csv,HistGradientBoosting,219,1,0.9617236209100865,1,0.9617236209100865
same_reduced_four_feature_subset,/kaggle/working/aml-quantum-pipeline/reports/supervisor_fixes/score_level_predictions_reduced_subset.csv,HistGradientBoosting,220,1,0.9617236209100865,1,0.9617236209100865
same_reduced_four_feature_subset,/kaggle/working/aml-quantum-pipeline/reports/supervisor_fixes/score_level_predictions_reduced_subset.csv,HistGradientBoosting,221,1,0.9617236209100865,1,0.9617236209100865
same_reduced_four_feature_subset,/kaggle/working/aml-quantum-pipeline/reports/supervisor_fixes/score_level_predictions_reduced_subset.csv,HistGradientBoosting,222,0,0.9617236209100865,1,0.9617236209100865
same_reduced_four_feature_subset,/kaggle/working/aml-quantum-pipeline/reports/supervisor_fixes/score_level_predictions_reduced_subset.csv,HistGradientBoosting,223,0,0.9617236209100865,1,0.9617236209100865
same_reduced_four_feature_subset,/kaggle/working/aml-quantum-pipeline/reports/supervisor_fixes/score_level_predictions_reduced_subset.csv,HistGradientBoosting,224,0,0.9617236209100865,1,0.9617236209100865
same_reduced_four_feature_subset,/kaggle/working/aml-quantum-pipeline/reports/supervisor_fixes/score_level_predictions_reduced_subset.csv,HistGradientBoosting,225,1,0.9617236209100865,1,0.9617236209100865
same_reduced_four_feature_subset,/kaggle/working/aml-quantum-pipeline/reports/supervisor_fixes/score_level_predictions_reduced_subset.csv,HistGradientBoosting,226,1,0.9617236209100865,1,0.9617236209100865
same_reduced_four_feature_subset,/kaggle/working/aml-quantum-pipeline/reports/supervisor_fixes/score_level_predictions_reduced_subset.csv,HistGradientBoosting,227,1,0.9617236209100865,1,0.9617236209100865
same_reduced_four_feature_subset,/kaggle/working/aml-quantum-pipeline/reports/supervisor_fixes/score_level_predictions_reduced_subset.csv,HistGradientBoosting,228,0,0.9617236209100865,1,0.9617236209100865
same_reduced_four_feature_subset,/kaggle/working/aml-quantum-pipeline/reports/supervisor_fixes/score_level_predictions_reduced_subset.csv,HistGradientBoosting,229,1,0.9617236209100865,1,0.9617236209100865
same_reduced_four_feature_subset,/kaggle/working/aml-quantum-pipeline/reports/supervisor_fixes/score_level_predictions_reduced_subset.csv,HistGradientBoosting,230,0,0.9617236209100865,1,0.9617236209100865
same_reduced_four_feature_subset,/kaggle/working/aml-quantum-pipeline/reports/supervisor_fixes/score_level_predictions_reduced_subset.csv,HistGradientBoosting,231,1,0.9617236209100865,1,0.9617236209100865
same_reduced_four_feature_subset,/kaggle/working/aml-quantum-pipeline/reports/supervisor_fixes/score_level_predictions_reduced_subset.csv,HistGradientBoosting,232,0,0.9617236209100865,1,0.9617236209100865
same_reduced_four_feature_subset,/kaggle/working/aml-quantum-pipeline/reports/supervisor_fixes/score_level_predictions_reduced_subset.csv,HistGradientBoosting,233,1,0.9617236209100865,1,0.9617236209100865
same_reduced_four_feature_subset,/kaggle/working/aml-quantum-pipeline/reports/supervisor_fixes/score_level_predictions_reduced_subset.csv,HistGradientBoosting,234,0,0.9617236209100865,1,0.9617236209100865
same_reduced_four_feature_subset,/kaggle/working/aml-quantum-pipeline/reports/supervisor_fixes/score_level_predictions_reduced_subset.csv,HistGradientBoosting,235,1,0.9617236209100865,1,0.9617236209100865
same_reduced_four_feature_subset,/kaggle/working/aml-quantum-pipeline/reports/supervisor_fixes/score_level_predictions_reduced_subset.csv,HistGradientBoosting,236,1,0.9617236209100865,1,0.9617236209100865
same_reduced_four_feature_subset,/kaggle/working/aml-quantum-pipeline/reports/supervisor_fixes/score_level_predictions_reduced_subset.csv,HistGradientBoosting,237,1,0.9617236209100865,1,0.9617236209100865
same_reduced_four_feature_subset,/kaggle/working/aml-quantum-pipeline/reports/supervisor_fixes/score_level_predictions_reduced_subset.csv,HistGradientBoosting,238,0,0.9617236209100865,1,0.9617236209100865
same_reduced_four_feature_subset,/kaggle/working/aml-quantum-pipeline/reports/supervisor_fixes/score_level_predictions_reduced_subset.csv,HistGradientBoosting,239,0,0.9617236209100865,1,0.9617236209100865
same_reduced_four_feature_subset,/kaggle/working/aml-quantum-pipeline/reports/supervisor_fixes/score_level_predictions_reduced_subset.csv,HistGradientBoosting,240,0,0.9617236209100865,1,0.9617236209100865
same_reduced_four_feature_subset,/kaggle/working/aml-quantum-pipeline/reports/supervisor_fixes/score_level_predictions_reduced_subset.csv,HistGradientBoosting,241,1,0.9617236209100865,1,0.9617236209100865
same_reduced_four_feature_subset,/kaggle/working/aml-quantum-pipeline/reports/supervisor_fixes/score_level_predictions_reduced_subset.csv,HistGradientBoosting,242,0,0.9617236209100865,1,0.9617236209100865
same_reduced_four_feature_subset,/kaggle/working/aml-quantum-pipeline/reports/supervisor_fixes/score_level_predictions_reduced_subset.csv,HistGradientBoosting,243,1,0.9617236209100865,1,0.9617236209100865
same_reduced_four_feature_subset,/kaggle/working/aml-quantum-pipeline/reports/supervisor_fixes/score_level_predictions_reduced_subset.csv,HistGradientBoosting,244,1,0.9617236209100865,1,0.9617236209100865
same_reduced_four_feature_subset,/kaggle/working/aml-quantum-pipeline/reports/supervisor_fixes/score_level_predictions_reduced_subset.csv,HistGradientBoosting,245,1,0.9617236209100865,1,0.9617236209100865
same_reduced_four_feature_subset,/kaggle/working/aml-quantum-pipeline/reports/supervisor_fixes/score_level_predictions_reduced_subset.csv,HistGradientBoosting,246,1,0.9617236209100865,1,0.9617236209100865
same_reduced_four_feature_subset,/kaggle/working/aml-quantum-pipeline/reports/supervisor_fixes/score_level_predictions_reduced_subset.csv,HistGradientBoosting,247,0,0.9617236209100865,1,0.9617236209100865
same_reduced_four_feature_subset,/kaggle/working/aml-quantum-pipeline/reports/supervisor_fixes/score_level_predictions_reduced_subset.csv,HistGradientBoosting,248,1,0.9617236209100865,1,0.9617236209100865
same_reduced_four_feature_subset,/kaggle/working/aml-quantum-pipeline/reports/supervisor_fixes/score_level_predictions_reduced_subset.csv,HistGradientBoosting,249,0,0.9617236209100865,1,0.9617236209100865
same_reduced_four_feature_subset,/kaggle/working/aml-quantum-pipeline/reports/supervisor_fixes/score_level_predictions_reduced_subset.csv,HistGradientBoosting,250,0,0.9617236209100865,1,0.9617236209100865
same_reduced_four_feature_subset,/kaggle/working/aml-quantum-pipeline/reports/supervisor_fixes/score_level_predictions_reduced_subset.csv,HistGradientBoosting,251,0,0.9617236209100865,1,0.9617236209100865
same_reduced_four_feature_subset,/kaggle/working/aml-quantum-pipeline/reports/supervisor_fixes/score_level_predictions_reduced_subset.csv,HistGradientBoosting,252,1,0.9617236209100865,1,0.9617236209100865
same_reduced_four_feature_subset,/kaggle/working/aml-quantum-pipeline/reports/supervisor_fixes/score_level_predictions_reduced_subset.csv,HistGradientBoosting,253,0,0.9617236209100865,1,0.9617236209100865
same_reduced_four_feature_subset,/kaggle/working/aml-quantum-pipeline/reports/supervisor_fixes/score_level_predictions_reduced_subset.csv,HistGradientBoosting,254,1,0.9617236209100865,1,0.9617236209100865
same_reduced_four_feature_subset,/kaggle/working/aml-quantum-pipeline/reports/supervisor_fixes/score_level_predictions_reduced_subset.csv,HistGradientBoosting,255,1,0.9617236209100865,1,0.9617236209100865
same_reduced_four_feature_subset,/kaggle/working/aml-quantum-pipeline/reports/supervisor_fixes/score_level_predictions_reduced_subset.csv,HistGradientBoosting,256,1,0.9617236209100865,1,0.9617236209100865
same_reduced_four_feature_subset,/kaggle/working/aml-quantum-pipeline/reports/supervisor_fixes/score_level_predictions_reduced_subset.csv,HistGradientBoosting,257,0,0.9617236209100865,1,0.9617236209100865
same_reduced_four_feature_subset,/kaggle/working/aml-quantum-pipeline/reports/supervisor_fixes/score_level_predictions_reduced_subset.csv,HistGradientBoosting,258,0,0.9617236209100865,1,0.9617236209100865
same_reduced_four_feature_subset,/kaggle/working/aml-quantum-pipeline/reports/supervisor_fixes/score_level_predictions_reduced_subset.csv,HistGradientBoosting,259,1,0.9617236209100865,1,0.9617236209100865
same_reduced_four_feature_subset,/kaggle/working/aml-quantum-pipeline/reports/supervisor_fixes/score_level_predictions_reduced_subset.csv,HistGradientBoosting,260,1,0.9617236209100865,1,0.9617236209100865
same_reduced_four_feature_subset,/kaggle/working/aml-quantum-pipeline/reports/supervisor_fixes/score_level_predictions_reduced_subset.csv,HistGradientBoosting,261,1,0.9617236209100865,1,0.9617236209100865
same_reduced_four_feature_subset,/kaggle/working/aml-quantum-pipeline/reports/supervisor_fixes/score_level_predictions_reduced_subset.csv,HistGradientBoosting,262,1,0.9617236209100865,1,0.9617236209100865
same_reduced_four_feature_subset,/kaggle/working/aml-quantum-pipeline/reports/supervisor_fixes/score_level_predictions_reduced_subset.csv,HistGradientBoosting,263,0,0.9617236209100865,1,0.9617236209100865
same_reduced_four_feature_subset,/kaggle/working/aml-quantum-pipeline/reports/supervisor_fixes/score_level_predictions_reduced_subset.csv,HistGradientBoosting,264,0,0.9617236209100865,1,0.9617236209100865
same_reduced_four_feature_subset,/kaggle/working/aml-quantum-pipeline/reports/supervisor_fixes/score_level_predictions_reduced_subset.csv,HistGradientBoosting,265,1,0.9617236209100865,1,0.9617236209100865
same_reduced_four_feature_subset,/kaggle/working/aml-quantum-pipeline/reports/supervisor_fixes/score_level_predictions_reduced_subset.csv,HistGradientBoosting,266,1,0.9617236209100865,1,0.9617236209100865
same_reduced_four_feature_subset,/kaggle/working/aml-quantum-pipeline/reports/supervisor_fixes/score_level_predictions_reduced_subset.csv,HistGradientBoosting,267,0,0.9617236209100865,1,0.9617236209100865
same_reduced_four_feature_subset,/kaggle/working/aml-quantum-pipeline/reports/supervisor_fixes/score_level_predictions_reduced_subset.csv,HistGradientBoosting,268,0,0.9617236209100865,1,0.9617236209100865
same_reduced_four_feature_subset,/kaggle/working/aml-quantum-pipeline/reports/supervisor_fixes/score_level_predictions_reduced_subset.csv,HistGradientBoosting,269,1,0.9617236209100865,1,0.9617236209100865
same_reduced_four_feature_subset,/kaggle/working/aml-quantum-pipeline/reports/supervisor_fixes/score_level_predictions_reduced_subset.csv,HistGradientBoosting,270,1,0.9617236209100865,1,0.9617236209100865
same_reduced_four_feature_subset,/kaggle/working/aml-quantum-pipeline/reports/supervisor_fixes/score_level_predictions_reduced_subset.csv,HistGradientBoosting,271,0,0.9617236209100865,1,0.9617236209100865
same_reduced_four_feature_subset,/kaggle/working/aml-quantum-pipeline/reports/supervisor_fixes/score_level_predictions_reduced_subset.csv,HistGradientBoosting,272,1,0.9617236209100865,1,0.9617236209100865
same_reduced_four_feature_subset,/kaggle/working/aml-quantum-pipeline/reports/supervisor_fixes/score_level_predictions_reduced_subset.csv,HistGradientBoosting,273,0,0.9617236209100865,1,0.9617236209100865
same_reduced_four_feature_subset,/kaggle/working/aml-quantum-pipeline/reports/supervisor_fixes/score_level_predictions_reduced_subset.csv,HistGradientBoosting,274,1,0.9617236209100865,1,0.9617236209100865
same_reduced_four_feature_subset,/kaggle/working/aml-quantum-pipeline/reports/supervisor_fixes/score_level_predictions_reduced_subset.csv,HistGradientBoosting,275,1,0.9617236209100865,1,0.9617236209100865
same_reduced_four_feature_subset,/kaggle/working/aml-quantum-pipeline/reports/supervisor_fixes/score_level_predictions_reduced_subset.csv,HistGradientBoosting,276,0,0.9617236209100865,1,0.9617236209100865
same_reduced_four_feature_subset,/kaggle/working/aml-quantum-pipeline/reports/supervisor_fixes/score_level_predictions_reduced_subset.csv,HistGradientBoosting,277,0,0.9617236209100865,1,0.9617236209100865
same_reduced_four_feature_subset,/kaggle/working/aml-quantum-pipeline/reports/supervisor_fixes/score_level_predictions_reduced_subset.csv,HistGradientBoosting,278,0,0.9617236209100865,1,0.9617236209100865
same_reduced_four_feature_subset,/kaggle/working/aml-quantum-pipeline/reports/supervisor_fixes/score_level_predictions_reduced_subset.csv,HistGradientBoosting,279,0,0.9617236209100865,1,0.9617236209100865
same_reduced_four_feature_subset,/kaggle/working/aml-quantum-pipeline/reports/supervisor_fixes/score_level_predictions_reduced_subset.csv,HistGradientBoosting,280,0,0.9617236209100865,1,0.9617236209100865
same_reduced_four_feature_subset,/kaggle/working/aml-quantum-pipeline/reports/supervisor_fixes/score_level_predictions_reduced_subset.csv,HistGradientBoosting,281,0,0.9617236209100865,1,0.9617236209100865
same_reduced_four_feature_subset,/kaggle/working/aml-quantum-pipeline/reports/supervisor_fixes/score_level_predictions_reduced_subset.csv,HistGradientBoosting,282,1,0.9617236209100865,1,0.9617236209100865
same_reduced_four_feature_subset,/kaggle/working/aml-quantum-pipeline/reports/supervisor_fixes/score_level_predictions_reduced_subset.csv,HistGradientBoosting,283,0,0.9617236209100865,1,0.9617236209100865
same_reduced_four_feature_subset,/kaggle/working/aml-quantum-pipeline/reports/supervisor_fixes/score_level_predictions_reduced_subset.csv,HistGradientBoosting,284,1,0.9617236209100865,1,0.9617236209100865
same_reduced_four_feature_subset,/kaggle/working/aml-quantum-pipeline/reports/supervisor_fixes/score_level_predictions_reduced_subset.csv,HistGradientBoosting,285,0,0.9617236209100865,1,0.9617236209100865
same_reduced_four_feature_subset,/kaggle/working/aml-quantum-pipeline/reports/supervisor_fixes/score_level_predictions_reduced_subset.csv,HistGradientBoosting,286,1,0.9617236209100865,1,0.9617236209100865
same_reduced_four_feature_subset,/kaggle/working/aml-quantum-pipeline/reports/supervisor_fixes/score_level_predictions_reduced_subset.csv,HistGradientBoosting,287,1,0.9617236209100865,1,0.9617236209100865
same_reduced_four_feature_subset,/kaggle/working/aml-quantum-pipeline/reports/supervisor_fixes/score_level_predictions_reduced_subset.csv,HistGradientBoosting,288,0,0.9617236209100865,1,0.9617236209100865
same_reduced_four_feature_subset,/kaggle/working/aml-quantum-pipeline/reports/supervisor_fixes/score_level_predictions_reduced_subset.csv,HistGradientBoosting,289,1,0.9617236209100865,1,0.9617236209100865
same_reduced_four_feature_subset,/kaggle/working/aml-quantum-pipeline/reports/supervisor_fixes/score_level_predictions_reduced_subset.csv,HistGradientBoosting,290,1,0.9617236209100865,1,0.9617236209100865
same_reduced_four_feature_subset,/kaggle/working/aml-quantum-pipeline/reports/supervisor_fixes/score_level_predictions_reduced_subset.csv,HistGradientBoosting,291,1,0.9617236209100865,1,0.9617236209100865
same_reduced_four_feature_subset,/kaggle/working/aml-quantum-pipeline/reports/supervisor_fixes/score_level_predictions_reduced_subset.csv,HistGradientBoosting,292,1,0.9617236209100865,1,0.9617236209100865
same_reduced_four_feature_subset,/kaggle/working/aml-quantum-pipeline/reports/supervisor_fixes/score_level_predictions_reduced_subset.csv,HistGradientBoosting,293,0,0.9617236209100865,1,0.9617236209100865
same_reduced_four_feature_subset,/kaggle/working/aml-quantum-pipeline/reports/supervisor_fixes/score_level_predictions_reduced_subset.csv,HistGradientBoosting,294,0,0.9617236209100865,1,0.9617236209100865
same_reduced_four_feature_subset,/kaggle/working/aml-quantum-pipeline/reports/supervisor_fixes/score_level_predictions_reduced_subset.csv,HistGradientBoosting,295,0,0.9617236209100865,1,0.9617236209100865
same_reduced_four_feature_subset,/kaggle/working/aml-quantum-pipeline/reports/supervisor_fixes/score_level_predictions_reduced_subset.csv,HistGradientBoosting,296,1,0.9617236209100865,1,0.9617236209100865
same_reduced_four_feature_subset,/kaggle/working/aml-quantum-pipeline/reports/supervisor_fixes/score_level_predictions_reduced_subset.csv,HistGradientBoosting,297,0,0.9617236209100865,1,0.9617236209100865
same_reduced_four_feature_subset,/kaggle/working/aml-quantum-pipeline/reports/supervisor_fixes/score_level_predictions_reduced_subset.csv,HistGradientBoosting,298,1,0.9617236209100865,1,0.9617236209100865
same_reduced_four_feature_subset,/kaggle/working/aml-quantum-pipeline/reports/supervisor_fixes/score_level_predictions_reduced_subset.csv,HistGradientBoosting,299,1,0.9617236209100865,1,0.9617236209100865
same_reduced_four_feature_subset,/kaggle/working/aml-quantum-pipeline/reports/supervisor_fixes/score_level_predictions_reduced_subset.csv,Isolation Forest + Quantum Kernel SVC Statevector,0,0,-1.4558362691578135,0,-0.8595977577798142
same_reduced_four_feature_subset,/kaggle/working/aml-quantum-pipeline/reports/supervisor_fixes/score_level_predictions_reduced_subset.csv,Isolation Forest + Quantum Kernel SVC Statevector,1,1,-0.5761071851530606,1,-0.8595977577798142
same_reduced_four_feature_subset,/kaggle/working/aml-quantum-pipeline/reports/supervisor_fixes/score_level_predictions_reduced_subset.csv,Isolation Forest + Quantum Kernel SVC Statevector,2,0,-0.7046487667892702,1,-0.8595977577798142
same_reduced_four_feature_subset,/kaggle/working/aml-quantum-pipeline/reports/supervisor_fixes/score_level_predictions_reduced_subset.csv,Isolation Forest + Quantum Kernel SVC Statevector,3,0,-0.5976644336581973,1,-0.8595977577798142
same_reduced_four_feature_subset,/kaggle/working/aml-quantum-pipeline/reports/supervisor_fixes/score_level_predictions_reduced_subset.csv,Isolation Forest + Quantum Kernel SVC Statevector,4,0,-1.4625607728064387,0,-0.8595977577798142
same_reduced_four_feature_subset,/kaggle/working/aml-quantum-pipeline/reports/supervisor_fixes/score_level_predictions_reduced_subset.csv,Isolation Forest + Quantum Kernel SVC Statevector,5,0,-0.635069526553075,1,-0.8595977577798142
same_reduced_four_feature_subset,/kaggle/working/aml-quantum-pipeline/reports/supervisor_fixes/score_level_predictions_reduced_subset.csv,Isolation Forest + Quantum Kernel SVC Statevector,6,0,-0.596272183896494,1,-0.8595977577798142
same_reduced_four_feature_subset,/kaggle/working/aml-quantum-pipeline/reports/supervisor_fixes/score_level_predictions_reduced_subset.csv,Isolation Forest + Quantum Kernel SVC Statevector,7,1,-0.7163271211300608,1,-0.8595977577798142
same_reduced_four_feature_subset,/kaggle/working/aml-quantum-pipeline/reports/supervisor_fixes/score_level_predictions_reduced_subset.csv,Isolation Forest + Quantum Kernel SVC Statevector,8,1,-0.6400387982221414,1,-0.8595977577798142
same_reduced_four_feature_subset,/kaggle/working/aml-quantum-pipeline/reports/supervisor_fixes/score_level_predictions_reduced_subset.csv,Isolation Forest + Quantum Kernel SVC Statevector,9,0,-1.4577000066627908,0,-0.8595977577798142
same_reduced_four_feature_subset,/kaggle/working/aml-quantum-pipeline/reports/supervisor_fixes/score_level_predictions_reduced_subset.csv,Isolation Forest + Quantum Kernel SVC Statevector,10,1,-0.5662672868786895,1,-0.8595977577798142
same_reduced_four_feature_subset,/kaggle/working/aml-quantum-pipeline/reports/supervisor_fixes/score_level_predictions_reduced_subset.csv,Isolation Forest + Quantum Kernel SVC Statevector,11,0,-1.4598128922839255,0,-0.8595977577798142
same_reduced_four_feature_subset,/kaggle/working/aml-quantum-pipeline/reports/supervisor_fixes/score_level_predictions_reduced_subset.csv,Isolation Forest + Quantum Kernel SVC Statevector,12,0,-0.7226338002701955,1,-0.8595977577798142
same_reduced_four_feature_subset,/kaggle/working/aml-quantum-pipeline/reports/supervisor_fixes/score_level_predictions_reduced_subset.csv,Isolation Forest + Quantum Kernel SVC Statevector,13,1,-0.5936247576381755,1,-0.8595977577798142
same_reduced_four_feature_subset,/kaggle/working/aml-quantum-pipeline/reports/supervisor_fixes/score_level_predictions_reduced_subset.csv,Isolation Forest + Quantum Kernel SVC Statevector,14,0,-1.4692152079548402,0,-0.8595977577798142
same_reduced_four_feature_subset,/kaggle/working/aml-quantum-pipeline/reports/supervisor_fixes/score_level_predictions_reduced_subset.csv,Isolation Forest + Quantum Kernel SVC Statevector,15,1,-0.6471673956570265,1,-0.8595977577798142
same_reduced_four_feature_subset,/kaggle/working/aml-quantum-pipeline/reports/supervisor_fixes/score_level_predictions_reduced_subset.csv,Isolation Forest + Quantum Kernel SVC Statevector,16,1,-0.733016121168357,1,-0.8595977577798142
same_reduced_four_feature_subset,/kaggle/working/aml-quantum-pipeline/reports/supervisor_fixes/score_level_predictions_reduced_subset.csv,Isolation Forest + Quantum Kernel SVC Statevector,17,1,-0.6627014694638853,1,-0.8595977577798142
same_reduced_four_feature_subset,/kaggle/working/aml-quantum-pipeline/reports/supervisor_fixes/score_level_predictions_reduced_subset.csv,Isolation Forest + Quantum Kernel SVC Statevector,18,0,-0.6652007894224636,1,-0.8595977577798142
same_reduced_four_feature_subset,/kaggle/working/aml-quantum-pipeline/reports/supervisor_fixes/score_level_predictions_reduced_subset.csv,Isolation Forest + Quantum Kernel SVC Statevector,19,0,-0.6199546351835044,1,-0.8595977577798142
same_reduced_four_feature_subset,/kaggle/working/aml-quantum-pipeline/reports/supervisor_fixes/score_level_predictions_reduced_subset.csv,Isolation Forest + Quantum Kernel SVC Statevector,20,0,-0.6405220805556553,1,-0.8595977577798142
same_reduced_four_feature_subset,/kaggle/working/aml-quantum-pipeline/reports/supervisor_fixes/score_level_predictions_reduced_subset.csv,Isolation Forest + Quantum Kernel SVC Statevector,21,1,-0.6923655774600936,1,-0.8595977577798142
same_reduced_four_feature_subset,/kaggle/working/aml-quantum-pipeline/reports/supervisor_fixes/score_level_predictions_reduced_subset.csv,Isolation Forest + Quantum Kernel SVC Statevector,22,0,-1.4600114567436775,0,-0.8595977577798142
same_reduced_four_feature_subset,/kaggle/working/aml-quantum-pipeline/reports/supervisor_fixes/score_level_predictions_reduced_subset.csv,Isolation Forest + Quantum Kernel SVC Statevector,23,1,-0.7239853788067383,1,-0.8595977577798142
same_reduced_four_feature_subset,/kaggle/working/aml-quantum-pipeline/reports/supervisor_fixes/score_level_predictions_reduced_subset.csv,Isolation Forest + Quantum Kernel SVC Statevector,24,0,-0.7523930469111912,1,-0.8595977577798142
same_reduced_four_feature_subset,/kaggle/working/aml-quantum-pipeline/reports/supervisor_fixes/score_level_predictions_reduced_subset.csv,Isolation Forest + Quantum Kernel SVC Statevector,25,0,-0.6567714074953064,1,-0.8595977577798142
same_reduced_four_feature_subset,/kaggle/working/aml-quantum-pipeline/reports/supervisor_fixes/score_level_predictions_reduced_subset.csv,Isolation Forest + Quantum Kernel SVC Statevector,26,1,-0.7113242506298494,1,-0.8595977577798142
same_reduced_four_feature_subset,/kaggle/working/aml-quantum-pipeline/reports/supervisor_fixes/score_level_predictions_reduced_subset.csv,Isolation Forest + Quantum Kernel SVC Statevector,27,0,-0.6499918192419638,1,-0.8595977577798142
same_reduced_four_feature_subset,/kaggle/working/aml-quantum-pipeline/reports/supervisor_fixes/score_level_predictions_reduced_subset.csv,Isolation Forest + Quantum Kernel SVC Statevector,28,0,-0.7416177431790698,1,-0.8595977577798142
same_reduced_four_feature_subset,/kaggle/working/aml-quantum-pipeline/reports/supervisor_fixes/score_level_predictions_reduced_subset.csv,Isolation Forest + Quantum Kernel SVC Statevector,29,1,-0.6564003556685052,1,-0.8595977577798142
same_reduced_four_feature_subset,/kaggle/working/aml-quantum-pipeline/reports/supervisor_fixes/score_level_predictions_reduced_subset.csv,Isolation Forest + Quantum Kernel SVC Statevector,30,1,-0.6504994423157755,1,-0.8595977577798142
same_reduced_four_feature_subset,/kaggle/working/aml-quantum-pipeline/reports/supervisor_fixes/score_level_predictions_reduced_subset.csv,Isolation Forest + Quantum Kernel SVC Statevector,31,0,-0.6159532769239966,1,-0.8595977577798142
same_reduced_four_feature_subset,/kaggle/working/aml-quantum-pipeline/reports/supervisor_fixes/score_level_predictions_reduced_subset.csv,Isolation Forest + Quantum Kernel SVC Statevector,32,0,-0.6891427509413615,1,-0.8595977577798142
same_reduced_four_feature_subset,/kaggle/working/aml-quantum-pipeline/reports/supervisor_fixes/score_level_predictions_reduced_subset.csv,Isolation Forest + Quantum Kernel SVC Statevector,33,1,-0.6577437073935288,1,-0.8595977577798142
same_reduced_four_feature_subset,/kaggle/working/aml-quantum-pipeline/reports/supervisor_fixes/score_level_predictions_reduced_subset.csv,Isolation Forest + Quantum Kernel SVC Statevector,34,0,-1.464704411373206,0,-0.8595977577798142
same_reduced_four_feature_subset,/kaggle/working/aml-quantum-pipeline/reports/supervisor_fixes/score_level_predictions_reduced_subset.csv,Isolation Forest + Quantum Kernel SVC Statevector,35,1,-0.704180149250998,1,-0.8595977577798142
same_reduced_four_feature_subset,/kaggle/working/aml-quantum-pipeline/reports/supervisor_fixes/score_level_predictions_reduced_subset.csv,Isolation Forest + Quantum Kernel SVC Statevector,36,0,-1.4577000066627908,0,-0.8595977577798142
same_reduced_four_feature_subset,/kaggle/working/aml-quantum-pipeline/reports/supervisor_fixes/score_level_predictions_reduced_subset.csv,Isolation Forest + Quantum Kernel SVC Statevector,37,0,-0.6102900537128262,1,-0.8595977577798142
same_reduced_four_feature_subset,/kaggle/working/aml-quantum-pipeline/reports/supervisor_fixes/score_level_predictions_reduced_subset.csv,Isolation Forest + Quantum Kernel SVC Statevector,38,0,-0.7156720526902907,1,-0.8595977577798142
same_reduced_four_feature_subset,/kaggle/working/aml-quantum-pipeline/reports/supervisor_fixes/score_level_predictions_reduced_subset.csv,Isolation Forest + Quantum Kernel SVC Statevector,39,0,-0.6273724788600437,1,-0.8595977577798142
same_reduced_four_feature_subset,/kaggle/working/aml-quantum-pipeline/reports/supervisor_fixes/score_level_predictions_reduced_subset.csv,Isolation Forest + Quantum Kernel SVC Statevector,40,1,-0.6675586845598351,1,-0.8595977577798142
same_reduced_four_feature_subset,/kaggle/working/aml-quantum-pipeline/reports/supervisor_fixes/score_level_predictions_reduced_subset.csv,Isolation Forest + Quantum Kernel SVC Statevector,41,1,-0.7711859487532153,1,-0.8595977577798142
same_reduced_four_feature_subset,/kaggle/working/aml-quantum-pipeline/reports/supervisor_fixes/score_level_predictions_reduced_subset.csv,Isolation Forest + Quantum Kernel SVC Statevector,42,0,-1.46204983535088,0,-0.8595977577798142
same_reduced_four_feature_subset,/kaggle/working/aml-quantum-pipeline/reports/supervisor_fixes/score_level_predictions_reduced_subset.csv,Isolation Forest + Quantum Kernel SVC Statevector,43,0,-1.45878573417565,0,-0.8595977577798142
same_reduced_four_feature_subset,/kaggle/working/aml-quantum-pipeline/reports/supervisor_fixes/score_level_predictions_reduced_subset.csv,Isolation Forest + Quantum Kernel SVC Statevector,44,1,-0.6385089799267998,1,-0.8595977577798142
same_reduced_four_feature_subset,/kaggle/working/aml-quantum-pipeline/reports/supervisor_fixes/score_level_predictions_reduced_subset.csv,Isolation Forest + Quantum Kernel SVC Statevector,45,0,-1.4623925455249196,0,-0.8595977577798142
same_reduced_four_feature_subset,/kaggle/working/aml-quantum-pipeline/reports/supervisor_fixes/score_level_predictions_reduced_subset.csv,Isolation Forest + Quantum Kernel SVC Statevector,46,0,-0.6276733464245419,1,-0.8595977577798142
same_reduced_four_feature_subset,/kaggle/working/aml-quantum-pipeline/reports/supervisor_fixes/score_level_predictions_reduced_subset.csv,Isolation Forest + Quantum Kernel SVC Statevector,47,1,-0.7371740457214602,1,-0.8595977577798142
same_reduced_four_feature_subset,/kaggle/working/aml-quantum-pipeline/reports/supervisor_fixes/score_level_predictions_reduced_subset.csv,Isolation Forest + Quantum Kernel SVC Statevector,48,1,-0.7616080653608632,1,-0.8595977577798142
same_reduced_four_feature_subset,/kaggle/working/aml-quantum-pipeline/reports/supervisor_fixes/score_level_predictions_reduced_subset.csv,Isolation Forest + Quantum Kernel SVC Statevector,49,1,-0.7109854657778223,1,-0.8595977577798142
same_reduced_four_feature_subset,/kaggle/working/aml-quantum-pipeline/reports/supervisor_fixes/score_level_predictions_reduced_subset.csv,Isolation Forest + Quantum Kernel SVC Statevector,50,1,-0.6054743873039765,1,-0.8595977577798142
same_reduced_four_feature_subset,/kaggle/working/aml-quantum-pipeline/reports/supervisor_fixes/score_level_predictions_reduced_subset.csv,Isolation Forest + Quantum Kernel SVC Statevector,51,1,-0.6095078506109175,1,-0.8595977577798142
same_reduced_four_feature_subset,/kaggle/working/aml-quantum-pipeline/reports/supervisor_fixes/score_level_predictions_reduced_subset.csv,Isolation Forest + Quantum Kernel SVC Statevector,52,0,-0.6303271718704788,1,-0.8595977577798142
same_reduced_four_feature_subset,/kaggle/working/aml-quantum-pipeline/reports/supervisor_fixes/score_level_predictions_reduced_subset.csv,Isolation Forest + Quantum Kernel SVC Statevector,53,0,-0.6532113184245627,1,-0.8595977577798142
same_reduced_four_feature_subset,/kaggle/working/aml-quantum-pipeline/reports/supervisor_fixes/score_level_predictions_reduced_subset.csv,Isolation Forest + Quantum Kernel SVC Statevector,54,0,-0.6272603757862691,1,-0.8595977577798142
same_reduced_four_feature_subset,/kaggle/working/aml-quantum-pipeline/reports/supervisor_fixes/score_level_predictions_reduced_subset.csv,Isolation Forest + Quantum Kernel SVC Statevector,55,0,-1.4655072353380008,0,-0.8595977577798142
same_reduced_four_feature_subset,/kaggle/working/aml-quantum-pipeline/reports/supervisor_fixes/score_level_predictions_reduced_subset.csv,Isolation Forest + Quantum Kernel SVC Statevector,56,1,-0.6343207676287108,1,-0.8595977577798142
same_reduced_four_feature_subset,/kaggle/working/aml-quantum-pipeline/reports/supervisor_fixes/score_level_predictions_reduced_subset.csv,Isolation Forest + Quantum Kernel SVC Statevector,57,1,-0.7280188658036246,1,-0.8595977577798142
same_reduced_four_feature_subset,/kaggle/working/aml-quantum-pipeline/reports/supervisor_fixes/score_level_predictions_reduced_subset.csv,Isolation Forest + Quantum Kernel SVC Statevector,58,1,-0.7187129919430555,1,-0.8595977577798142
same_reduced_four_feature_subset,/kaggle/working/aml-quantum-pipeline/reports/supervisor_fixes/score_level_predictions_reduced_subset.csv,Isolation Forest + Quantum Kernel SVC Statevector,59,1,-0.7183202537921045,1,-0.8595977577798142
same_reduced_four_feature_subset,/kaggle/working/aml-quantum-pipeline/reports/supervisor_fixes/score_level_predictions_reduced_subset.csv,Isolation Forest + Quantum Kernel SVC Statevector,60,0,-0.6653782181941101,1,-0.8595977577798142
same_reduced_four_feature_subset,/kaggle/working/aml-quantum-pipeline/reports/supervisor_fixes/score_level_predictions_reduced_subset.csv,Isolation Forest + Quantum Kernel SVC Statevector,61,0,-1.4657600622254825,0,-0.8595977577798142
same_reduced_four_feature_subset,/kaggle/working/aml-quantum-pipeline/reports/supervisor_fixes/score_level_predictions_reduced_subset.csv,Isolation Forest + Quantum Kernel SVC Statevector,62,1,-0.7201005897853789,1,-0.8595977577798142
same_reduced_four_feature_subset,/kaggle/working/aml-quantum-pipeline/reports/supervisor_fixes/score_level_predictions_reduced_subset.csv,Isolation Forest + Quantum Kernel SVC Statevector,63,0,-1.464979498466988,0,-0.8595977577798142
same_reduced_four_feature_subset,/kaggle/working/aml-quantum-pipeline/reports/supervisor_fixes/score_level_predictions_reduced_subset.csv,Isolation Forest + Quantum Kernel SVC Statevector,64,1,-0.7296260260185898,1,-0.8595977577798142
same_reduced_four_feature_subset,/kaggle/working/aml-quantum-pipeline/reports/supervisor_fixes/score_level_predictions_reduced_subset.csv,Isolation Forest + Quantum Kernel SVC Statevector,65,0,-0.7057316997003924,1,-0.8595977577798142
same_reduced_four_feature_subset,/kaggle/working/aml-quantum-pipeline/reports/supervisor_fixes/score_level_predictions_reduced_subset.csv,Isolation Forest + Quantum Kernel SVC Statevector,66,1,-0.7023814838063269,1,-0.8595977577798142
same_reduced_four_feature_subset,/kaggle/working/aml-quantum-pipeline/reports/supervisor_fixes/score_level_predictions_reduced_subset.csv,Isolation Forest + Quantum Kernel SVC Statevector,67,0,-0.6715300392360517,1,-0.8595977577798142
same_reduced_four_feature_subset,/kaggle/working/aml-quantum-pipeline/reports/supervisor_fixes/score_level_predictions_reduced_subset.csv,Isolation Forest + Quantum Kernel SVC Statevector,68,1,-0.6554848860002105,1,-0.8595977577798142
same_reduced_four_feature_subset,/kaggle/working/aml-quantum-pipeline/reports/supervisor_fixes/score_level_predictions_reduced_subset.csv,Isolation Forest + Quantum Kernel SVC Statevector,69,0,-1.4600114567436775,0,-0.8595977577798142
same_reduced_four_feature_subset,/kaggle/working/aml-quantum-pipeline/reports/supervisor_fixes/score_level_predictions_reduced_subset.csv,Isolation Forest + Quantum Kernel SVC Statevector,70,0,-0.7126627797092571,1,-0.8595977577798142
same_reduced_four_feature_subset,/kaggle/working/aml-quantum-pipeline/reports/supervisor_fixes/score_level_predictions_reduced_subset.csv,Isolation Forest + Quantum Kernel SVC Statevector,71,0,-1.4567879864597302,0,-0.8595977577798142
same_reduced_four_feature_subset,/kaggle/working/aml-quantum-pipeline/reports/supervisor_fixes/score_level_predictions_reduced_subset.csv,Isolation Forest + Quantum Kernel SVC Statevector,72,0,-1.4611559633415374,0,-0.8595977577798142
same_reduced_four_feature_subset,/kaggle/working/aml-quantum-pipeline/reports/supervisor_fixes/score_level_predictions_reduced_subset.csv,Isolation Forest + Quantum Kernel SVC Statevector,73,1,-0.686480268892445,1,-0.8595977577798142
same_reduced_four_feature_subset,/kaggle/working/aml-quantum-pipeline/reports/supervisor_fixes/score_level_predictions_reduced_subset.csv,Isolation Forest + Quantum Kernel SVC Statevector,74,0,-1.46204983535088,0,-0.8595977577798142
same_reduced_four_feature_subset,/kaggle/working/aml-quantum-pipeline/reports/supervisor_fixes/score_level_predictions_reduced_subset.csv,Isolation Forest + Quantum Kernel SVC Statevector,75,0,-0.595727896587118,1,-0.8595977577798142
same_reduced_four_feature_subset,/kaggle/working/aml-quantum-pipeline/reports/supervisor_fixes/score_level_predictions_reduced_subset.csv,Isolation Forest + Quantum Kernel SVC Statevector,76,0,-1.464704411373206,0,-0.8595977577798142
same_reduced_four_feature_subset,/kaggle/working/aml-quantum-pipeline/reports/supervisor_fixes/score_level_predictions_reduced_subset.csv,Isolation Forest + Quantum Kernel SVC Statevector,77,0,-0.6013189561677283,1,-0.8595977577798142
same_reduced_four_feature_subset,/kaggle/working/aml-quantum-pipeline/reports/supervisor_fixes/score_level_predictions_reduced_subset.csv,Isolation Forest + Quantum Kernel SVC Statevector,78,1,-0.5896728491624064,1,-0.8595977577798142
same_reduced_four_feature_subset,/kaggle/working/aml-quantum-pipeline/reports/supervisor_fixes/score_level_predictions_reduced_subset.csv,Isolation Forest + Quantum Kernel SVC Statevector,79,1,-0.7101184658457245,1,-0.8595977577798142
same_reduced_four_feature_subset,/kaggle/working/aml-quantum-pipeline/reports/supervisor_fixes/score_level_predictions_reduced_subset.csv,Isolation Forest + Quantum Kernel SVC Statevector,80,0,-1.4655072353380008,0,-0.8595977577798142
same_reduced_four_feature_subset,/kaggle/working/aml-quantum-pipeline/reports/supervisor_fixes/score_level_predictions_reduced_subset.csv,Isolation Forest + Quantum Kernel SVC Statevector,81,0,-1.460593672291992,0,-0.8595977577798142
same_reduced_four_feature_subset,/kaggle/working/aml-quantum-pipeline/reports/supervisor_fixes/score_level_predictions_reduced_subset.csv,Isolation Forest + Quantum Kernel SVC Statevector,82,0,-1.4598128922839255,0,-0.8595977577798142
same_reduced_four_feature_subset,/kaggle/working/aml-quantum-pipeline/reports/supervisor_fixes/score_level_predictions_reduced_subset.csv,Isolation Forest + Quantum Kernel SVC Statevector,83,1,-0.5842841752005627,1,-0.8595977577798142
same_reduced_four_feature_subset,/kaggle/working/aml-quantum-pipeline/reports/supervisor_fixes/score_level_predictions_reduced_subset.csv,Isolation Forest + Quantum Kernel SVC Statevector,84,0,-1.4609707239022514,0,-0.8595977577798142
same_reduced_four_feature_subset,/kaggle/working/aml-quantum-pipeline/reports/supervisor_fixes/score_level_predictions_reduced_subset.csv,Isolation Forest + Quantum Kernel SVC Statevector,85,1,-1.4558362691578135,0,-0.8595977577798142
same_reduced_four_feature_subset,/kaggle/working/aml-quantum-pipeline/reports/supervisor_fixes/score_level_predictions_reduced_subset.csv,Isolation Forest + Quantum Kernel SVC Statevector,86,1,-0.6606372679114887,1,-0.8595977577798142
same_reduced_four_feature_subset,/kaggle/working/aml-quantum-pipeline/reports/supervisor_fixes/score_level_predictions_reduced_subset.csv,Isolation Forest + Quantum Kernel SVC Statevector,87,1,-0.612280420574572,1,-0.8595977577798142
same_reduced_four_feature_subset,/kaggle/working/aml-quantum-pipeline/reports/supervisor_fixes/score_level_predictions_reduced_subset.csv,Isolation Forest + Quantum Kernel SVC Statevector,88,0,-1.4581414453252353,0,-0.8595977577798142
same_reduced_four_feature_subset,/kaggle/working/aml-quantum-pipeline/reports/supervisor_fixes/score_level_predictions_reduced_subset.csv,Isolation Forest + Quantum Kernel SVC Statevector,89,1,-0.637630187611494,1,-0.8595977577798142
same_reduced_four_feature_subset,/kaggle/working/aml-quantum-pipeline/reports/supervisor_fixes/score_level_predictions_reduced_subset.csv,Isolation Forest + Quantum Kernel SVC Statevector,90,1,-0.6432439645800858,1,-0.8595977577798142
same_reduced_four_feature_subset,/kaggle/working/aml-quantum-pipeline/reports/supervisor_fixes/score_level_predictions_reduced_subset.csv,Isolation Forest + Quantum Kernel SVC Statevector,91,0,-1.4638331846883017,0,-0.8595977577798142
same_reduced_four_feature_subset,/kaggle/working/aml-quantum-pipeline/reports/supervisor_fixes/score_level_predictions_reduced_subset.csv,Isolation Forest + Quantum Kernel SVC Statevector,92,0,-1.461339029959042,0,-0.8595977577798142
same_reduced_four_feature_subset,/kaggle/working/aml-quantum-pipeline/reports/supervisor_fixes/score_level_predictions_reduced_subset.csv,Isolation Forest + Quantum Kernel SVC Statevector,93,1,-0.7351680100442486,1,-0.8595977577798142
same_reduced_four_feature_subset,/kaggle/working/aml-quantum-pipeline/reports/supervisor_fixes/score_level_predictions_reduced_subset.csv,Isolation Forest + Quantum Kernel SVC Statevector,94,0,-1.4581414453252353,0,-0.8595977577798142
same_reduced_four_feature_subset,/kaggle/working/aml-quantum-pipeline/reports/supervisor_fixes/score_level_predictions_reduced_subset.csv,Isolation Forest + Quantum Kernel SVC Statevector,95,1,-0.7395961942404885,1,-0.8595977577798142
same_reduced_four_feature_subset,/kaggle/working/aml-quantum-pipeline/reports/supervisor_fixes/score_level_predictions_reduced_subset.csv,Isolation Forest + Quantum Kernel SVC Statevector,96,0,-1.4638331846883017,0,-0.8595977577798142
same_reduced_four_feature_subset,/kaggle/working/aml-quantum-pipeline/reports/supervisor_fixes/score_level_predictions_reduced_subset.csv,Isolation Forest + Quantum Kernel SVC Statevector,97,0,-1.4596120579577674,0,-0.8595977577798142
same_reduced_four_feature_subset,/kaggle/working/aml-quantum-pipeline/reports/supervisor_fixes/score_level_predictions_reduced_subset.csv,Isolation Forest + Quantum Kernel SVC Statevector,98,0,-1.464704411373206,0,-0.8595977577798142
same_reduced_four_feature_subset,/kaggle/working/aml-quantum-pipeline/reports/supervisor_fixes/score_level_predictions_reduced_subset.csv,Isolation Forest + Quantum Kernel SVC Statevector,99,0,-0.6651085954550531,1,-0.8595977577798142
same_reduced_four_feature_subset,/kaggle/working/aml-quantum-pipeline/reports/supervisor_fixes/score_level_predictions_reduced_subset.csv,Isolation Forest + Quantum Kernel SVC Statevector,100,0,-1.4596120579577674,0,-0.8595977577798142
same_reduced_four_feature_subset,/kaggle/working/aml-quantum-pipeline/reports/supervisor_fixes/score_level_predictions_reduced_subset.csv,Isolation Forest + Quantum Kernel SVC Statevector,101,1,-0.6535182245816789,1,-0.8595977577798142
same_reduced_four_feature_subset,/kaggle/working/aml-quantum-pipeline/reports/supervisor_fixes/score_level_predictions_reduced_subset.csv,Isolation Forest + Quantum Kernel SVC Statevector,102,0,-1.4581414453252353,0,-0.8595977577798142
same_reduced_four_feature_subset,/kaggle/working/aml-quantum-pipeline/reports/supervisor_fixes/score_level_predictions_reduced_subset.csv,Isolation Forest + Quantum Kernel SVC Statevector,103,0,-1.4625607728064387,0,-0.8595977577798142
same_reduced_four_feature_subset,/kaggle/working/aml-quantum-pipeline/reports/supervisor_fixes/score_level_predictions_reduced_subset.csv,Isolation Forest + Quantum Kernel SVC Statevector,104,1,-0.571819095842979,1,-0.8595977577798142
same_reduced_four_feature_subset,/kaggle/working/aml-quantum-pipeline/reports/supervisor_fixes/score_level_predictions_reduced_subset.csv,Isolation Forest + Quantum Kernel SVC Statevector,105,0,-0.6814335823089244,1,-0.8595977577798142
same_reduced_four_feature_subset,/kaggle/working/aml-quantum-pipeline/reports/supervisor_fixes/score_level_predictions_reduced_subset.csv,Isolation Forest + Quantum Kernel SVC Statevector,106,1,-0.7048312720543823,1,-0.8595977577798142
same_reduced_four_feature_subset,/kaggle/working/aml-quantum-pipeline/reports/supervisor_fixes/score_level_predictions_reduced_subset.csv,Isolation Forest + Quantum Kernel SVC Statevector,107,0,-0.6269604216048621,1,-0.8595977577798142
same_reduced_four_feature_subset,/kaggle/working/aml-quantum-pipeline/reports/supervisor_fixes/score_level_predictions_reduced_subset.csv,Isolation Forest + Quantum Kernel SVC Statevector,108,0,-0.7264022341420455,1,-0.8595977577798142
same_reduced_four_feature_subset,/kaggle/working/aml-quantum-pipeline/reports/supervisor_fixes/score_level_predictions_reduced_subset.csv,Isolation Forest + Quantum Kernel SVC Statevector,109,1,-0.6260067844028068,1,-0.8595977577798142
same_reduced_four_feature_subset,/kaggle/working/aml-quantum-pipeline/reports/supervisor_fixes/score_level_predictions_reduced_subset.csv,Isolation Forest + Quantum Kernel SVC Statevector,110,1,-0.6763592291962122,1,-0.8595977577798142
same_reduced_four_feature_subset,/kaggle/working/aml-quantum-pipeline/reports/supervisor_fixes/score_level_predictions_reduced_subset.csv,Isolation Forest + Quantum Kernel SVC Statevector,111,1,-0.7358916655575445,1,-0.8595977577798142
same_reduced_four_feature_subset,/kaggle/working/aml-quantum-pipeline/reports/supervisor_fixes/score_level_predictions_reduced_subset.csv,Isolation Forest + Quantum Kernel SVC Statevector,112,1,-0.6162247554879494,1,-0.8595977577798142
same_reduced_four_feature_subset,/kaggle/working/aml-quantum-pipeline/reports/supervisor_fixes/score_level_predictions_reduced_subset.csv,Isolation Forest + Quantum Kernel SVC Statevector,113,0,-1.4655072353380008,0,-0.8595977577798142
same_reduced_four_feature_subset,/kaggle/working/aml-quantum-pipeline/reports/supervisor_fixes/score_level_predictions_reduced_subset.csv,Isolation Forest + Quantum Kernel SVC Statevector,114,0,-1.4605936722919826,0,-0.8595977577798142
same_reduced_four_feature_subset,/kaggle/working/aml-quantum-pipeline/reports/supervisor_fixes/score_level_predictions_reduced_subset.csv,Isolation Forest + Quantum Kernel SVC Statevector,115,1,-0.5734817239005605,1,-0.8595977577798142
same_reduced_four_feature_subset,/kaggle/working/aml-quantum-pipeline/reports/supervisor_fixes/score_level_predictions_reduced_subset.csv,Isolation Forest + Quantum Kernel SVC Statevector,116,1,-0.7169964058911078,1,-0.8595977577798142
same_reduced_four_feature_subset,/kaggle/working/aml-quantum-pipeline/reports/supervisor_fixes/score_level_predictions_reduced_subset.csv,Isolation Forest + Quantum Kernel SVC Statevector,117,1,-0.7432662992331094,1,-0.8595977577798142
same_reduced_four_feature_subset,/kaggle/working/aml-quantum-pipeline/reports/supervisor_fixes/score_level_predictions_reduced_subset.csv,Isolation Forest + Quantum Kernel SVC Statevector,118,1,-0.618600901413473,1,-0.8595977577798142
same_reduced_four_feature_subset,/kaggle/working/aml-quantum-pipeline/reports/supervisor_fixes/score_level_predictions_reduced_subset.csv,Isolation Forest + Quantum Kernel SVC Statevector,119,1,-0.6423962700117039,1,-0.8595977577798142
same_reduced_four_feature_subset,/kaggle/working/aml-quantum-pipeline/reports/supervisor_fixes/score_level_predictions_reduced_subset.csv,Isolation Forest + Quantum Kernel SVC Statevector,120,0,-1.4583585757027022,0,-0.8595977577798142
same_reduced_four_feature_subset,/kaggle/working/aml-quantum-pipeline/reports/supervisor_fixes/score_level_predictions_reduced_subset.csv,Isolation Forest + Quantum Kernel SVC Statevector,121,0,-0.6638275167362879,1,-0.8595977577798142
same_reduced_four_feature_subset,/kaggle/working/aml-quantum-pipeline/reports/supervisor_fixes/score_level_predictions_reduced_subset.csv,Isolation Forest + Quantum Kernel SVC Statevector,122,0,-0.671970283096532,1,-0.8595977577798142
same_reduced_four_feature_subset,/kaggle/working/aml-quantum-pipeline/reports/supervisor_fixes/score_level_predictions_reduced_subset.csv,Isolation Forest + Quantum Kernel SVC Statevector,123,0,-1.4639832448529275,0,-0.8595977577798142
same_reduced_four_feature_subset,/kaggle/working/aml-quantum-pipeline/reports/supervisor_fixes/score_level_predictions_reduced_subset.csv,Isolation Forest + Quantum Kernel SVC Statevector,124,0,-0.7248274666918568,1,-0.8595977577798142
same_reduced_four_feature_subset,/kaggle/working/aml-quantum-pipeline/reports/supervisor_fixes/score_level_predictions_reduced_subset.csv,Isolation Forest + Quantum Kernel SVC Statevector,125,1,-0.6029159192968907,1,-0.8595977577798142
same_reduced_four_feature_subset,/kaggle/working/aml-quantum-pipeline/reports/supervisor_fixes/score_level_predictions_reduced_subset.csv,Isolation Forest + Quantum Kernel SVC Statevector,126,0,-1.458573333651299,0,-0.8595977577798142
same_reduced_four_feature_subset,/kaggle/working/aml-quantum-pipeline/reports/supervisor_fixes/score_level_predictions_reduced_subset.csv,Isolation Forest + Quantum Kernel SVC Statevector,127,0,-1.4632131257351464,0,-0.8595977577798142
same_reduced_four_feature_subset,/kaggle/working/aml-quantum-pipeline/reports/supervisor_fixes/score_level_predictions_reduced_subset.csv,Isolation Forest + Quantum Kernel SVC Statevector,128,1,-0.6100350521118283,1,-0.8595977577798142
same_reduced_four_feature_subset,/kaggle/working/aml-quantum-pipeline/reports/supervisor_fixes/score_level_predictions_reduced_subset.csv,Isolation Forest + Quantum Kernel SVC Statevector,129,0,-1.4574756677609215,0,-0.8595977577798142
same_reduced_four_feature_subset,/kaggle/working/aml-quantum-pipeline/reports/supervisor_fixes/score_level_predictions_reduced_subset.csv,Isolation Forest + Quantum Kernel SVC Statevector,130,0,-1.4657600622254825,0,-0.8595977577798142
same_reduced_four_feature_subset,/kaggle/working/aml-quantum-pipeline/reports/supervisor_fixes/score_level_predictions_reduced_subset.csv,Isolation Forest + Quantum Kernel SVC Statevector,131,1,-0.605090737138622,1,-0.8595977577798142
same_reduced_four_feature_subset,/kaggle/working/aml-quantum-pipeline/reports/supervisor_fixes/score_level_predictions_reduced_subset.csv,Isolation Forest + Quantum Kernel SVC Statevector,132,1,-0.5675063364707866,1,-0.8595977577798142
same_reduced_four_feature_subset,/kaggle/working/aml-quantum-pipeline/reports/supervisor_fixes/score_level_predictions_reduced_subset.csv,Isolation Forest + Quantum Kernel SVC Statevector,133,1,-0.6127214997198274,1,-0.8595977577798142
same_reduced_four_feature_subset,/kaggle/working/aml-quantum-pipeline/reports/supervisor_fixes/score_level_predictions_reduced_subset.csv,Isolation Forest + Quantum Kernel SVC Statevector,134,1,-0.6019400746638708,1,-0.8595977577798142
same_reduced_four_feature_subset,/kaggle/working/aml-quantum-pipeline/reports/supervisor_fixes/score_level_predictions_reduced_subset.csv,Isolation Forest + Quantum Kernel SVC Statevector,135,1,-0.6100350521118283,1,-0.8595977577798142
same_reduced_four_feature_subset,/kaggle/working/aml-quantum-pipeline/reports/supervisor_fixes/score_level_predictions_reduced_subset.csv,Isolation Forest + Quantum Kernel SVC Statevector,136,0,-0.654222916993553,1,-0.8595977577798142
same_reduced_four_feature_subset,/kaggle/working/aml-quantum-pipeline/reports/supervisor_fixes/score_level_predictions_reduced_subset.csv,Isolation Forest + Quantum Kernel SVC Statevector,137,1,-0.7336224376014984,1,-0.8595977577798142
same_reduced_four_feature_subset,/kaggle/working/aml-quantum-pipeline/reports/supervisor_fixes/score_level_predictions_reduced_subset.csv,Isolation Forest + Quantum Kernel SVC Statevector,138,0,-0.651245116391522,1,-0.8595977577798142
same_reduced_four_feature_subset,/kaggle/working/aml-quantum-pipeline/reports/supervisor_fixes/score_level_predictions_reduced_subset.csv,Isolation Forest + Quantum Kernel SVC Statevector,139,0,-0.6334997796983377,1,-0.8595977577798142
same_reduced_four_feature_subset,/kaggle/working/aml-quantum-pipeline/reports/supervisor_fixes/score_level_predictions_reduced_subset.csv,Isolation Forest + Quantum Kernel SVC Statevector,140,1,-0.7433368548066688,1,-0.8595977577798142
same_reduced_four_feature_subset,/kaggle/working/aml-quantum-pipeline/reports/supervisor_fixes/score_level_predictions_reduced_subset.csv,Isolation Forest + Quantum Kernel SVC Statevector,141,0,-0.6285085068788541,1,-0.8595977577798142
same_reduced_four_feature_subset,/kaggle/working/aml-quantum-pipeline/reports/supervisor_fixes/score_level_predictions_reduced_subset.csv,Isolation Forest + Quantum Kernel SVC Statevector,142,0,-1.4636811547141884,0,-0.8595977577798142
same_reduced_four_feature_subset,/kaggle/working/aml-quantum-pipeline/reports/supervisor_fixes/score_level_predictions_reduced_subset.csv,Isolation Forest + Quantum Kernel SVC Statevector,143,1,-0.6442979674849176,1,-0.8595977577798142
same_reduced_four_feature_subset,/kaggle/working/aml-quantum-pipeline/reports/supervisor_fixes/score_level_predictions_reduced_subset.csv,Isolation Forest + Quantum Kernel SVC Statevector,144,0,-1.4692787969019327,0,-0.8595977577798142
same_reduced_four_feature_subset,/kaggle/working/aml-quantum-pipeline/reports/supervisor_fixes/score_level_predictions_reduced_subset.csv,Isolation Forest + Quantum Kernel SVC Statevector,145,0,-1.4627269318863358,0,-0.8595977577798142
same_reduced_four_feature_subset,/kaggle/working/aml-quantum-pipeline/reports/supervisor_fixes/score_level_predictions_reduced_subset.csv,Isolation Forest + Quantum Kernel SVC Statevector,146,0,-0.6947431492555034,1,-0.8595977577798142
same_reduced_four_feature_subset,/kaggle/working/aml-quantum-pipeline/reports/supervisor_fixes/score_level_predictions_reduced_subset.csv,Isolation Forest + Quantum Kernel SVC Statevector,147,1,-0.6695588608584848,1,-0.8595977577798142
same_reduced_four_feature_subset,/kaggle/working/aml-quantum-pipeline/reports/supervisor_fixes/score_level_predictions_reduced_subset.csv,Isolation Forest + Quantum Kernel SVC Statevector,148,0,-0.7030988636849507,1,-0.8595977577798142
same_reduced_four_feature_subset,/kaggle/working/aml-quantum-pipeline/reports/supervisor_fixes/score_level_predictions_reduced_subset.csv,Isolation Forest + Quantum Kernel SVC Statevector,149,0,-1.457921927394339,0,-0.8595977577798142
same_reduced_four_feature_subset,/kaggle/working/aml-quantum-pipeline/reports/supervisor_fixes/score_level_predictions_reduced_subset.csv,Isolation Forest + Quantum Kernel SVC Statevector,150,1,-0.6556824105159635,1,-0.8595977577798142
same_reduced_four_feature_subset,/kaggle/working/aml-quantum-pipeline/reports/supervisor_fixes/score_level_predictions_reduced_subset.csv,Isolation Forest + Quantum Kernel SVC Statevector,151,1,-0.6470899782239736,1,-0.8595977577798142
same_reduced_four_feature_subset,/kaggle/working/aml-quantum-pipeline/reports/supervisor_fixes/score_level_predictions_reduced_subset.csv,Isolation Forest + Quantum Kernel SVC Statevector,152,1,-0.6353010385909725,1,-0.8595977577798142
same_reduced_four_feature_subset,/kaggle/working/aml-quantum-pipeline/reports/supervisor_fixes/score_level_predictions_reduced_subset.csv,Isolation Forest + Quantum Kernel SVC Statevector,153,0,-1.0829542036598294,0,-0.8595977577798142
same_reduced_four_feature_subset,/kaggle/working/aml-quantum-pipeline/reports/supervisor_fixes/score_level_predictions_reduced_subset.csv,Isolation Forest + Quantum Kernel SVC Statevector,154,1,-0.7326262590381465,1,-0.8595977577798142
same_reduced_four_feature_subset,/kaggle/working/aml-quantum-pipeline/reports/supervisor_fixes/score_level_predictions_reduced_subset.csv,Isolation Forest + Quantum Kernel SVC Statevector,155,0,-1.461698698363176,0,-0.8595977577798142
same_reduced_four_feature_subset,/kaggle/working/aml-quantum-pipeline/reports/supervisor_fixes/score_level_predictions_reduced_subset.csv,Isolation Forest + Quantum Kernel SVC Statevector,156,0,-1.4555920163793843,0,-0.8595977577798142
same_reduced_four_feature_subset,/kaggle/working/aml-quantum-pipeline/reports/supervisor_fixes/score_level_predictions_reduced_subset.csv,Isolation Forest + Quantum Kernel SVC Statevector,157,1,-0.6517848387462097,1,-0.8595977577798142
same_reduced_four_feature_subset,/kaggle/working/aml-quantum-pipeline/reports/supervisor_fixes/score_level_predictions_reduced_subset.csv,Isolation Forest + Quantum Kernel SVC Statevector,158,0,-0.663678476481101,1,-0.8595977577798142
same_reduced_four_feature_subset,/kaggle/working/aml-quantum-pipeline/reports/supervisor_fixes/score_level_predictions_reduced_subset.csv,Isolation Forest + Quantum Kernel SVC Statevector,159,0,-1.4563171539685893,0,-0.8595977577798142
same_reduced_four_feature_subset,/kaggle/working/aml-quantum-pipeline/reports/supervisor_fixes/score_level_predictions_reduced_subset.csv,Isolation Forest + Quantum Kernel SVC Statevector,160,1,-0.6328772695551677,1,-0.8595977577798142
same_reduced_four_feature_subset,/kaggle/working/aml-quantum-pipeline/reports/supervisor_fixes/score_level_predictions_reduced_subset.csv,Isolation Forest + Quantum Kernel SVC Statevector,161,0,-0.6503389243380262,1,-0.8595977577798142
same_reduced_four_feature_subset,/kaggle/working/aml-quantum-pipeline/reports/supervisor_fixes/score_level_predictions_reduced_subset.csv,Isolation Forest + Quantum Kernel SVC Statevector,162,1,-0.6087918885447499,1,-0.8595977577798142
same_reduced_four_feature_subset,/kaggle/working/aml-quantum-pipeline/reports/supervisor_fixes/score_level_predictions_reduced_subset.csv,Isolation Forest + Quantum Kernel SVC Statevector,163,1,-0.7307133069134526,1,-0.8595977577798142
same_reduced_four_feature_subset,/kaggle/working/aml-quantum-pipeline/reports/supervisor_fixes/score_level_predictions_reduced_subset.csv,Isolation Forest + Quantum Kernel SVC Statevector,164,0,-1.4560779762204794,0,-0.8595977577798142
same_reduced_four_feature_subset,/kaggle/working/aml-quantum-pipeline/reports/supervisor_fixes/score_level_predictions_reduced_subset.csv,Isolation Forest + Quantum Kernel SVC Statevector,165,0,-1.4596120579577674,0,-0.8595977577798142
same_reduced_four_feature_subset,/kaggle/working/aml-quantum-pipeline/reports/supervisor_fixes/score_level_predictions_reduced_subset.csv,Isolation Forest + Quantum Kernel SVC Statevector,166,0,-0.6024685158509466,1,-0.8595977577798142
same_reduced_four_feature_subset,/kaggle/working/aml-quantum-pipeline/reports/supervisor_fixes/score_level_predictions_reduced_subset.csv,Isolation Forest + Quantum Kernel SVC Statevector,167,1,-0.650989857689757,1,-0.8595977577798142
same_reduced_four_feature_subset,/kaggle/working/aml-quantum-pipeline/reports/supervisor_fixes/score_level_predictions_reduced_subset.csv,Isolation Forest + Quantum Kernel SVC Statevector,168,1,-0.5966796655381141,1,-0.8595977577798142
same_reduced_four_feature_subset,/kaggle/working/aml-quantum-pipeline/reports/supervisor_fixes/score_level_predictions_reduced_subset.csv,Isolation Forest + Quantum Kernel SVC Statevector,169,0,-1.4644217248861455,0,-0.8595977577798142
same_reduced_four_feature_subset,/kaggle/working/aml-quantum-pipeline/reports/supervisor_fixes/score_level_predictions_reduced_subset.csv,Isolation Forest + Quantum Kernel SVC Statevector,170,1,-0.6554848860002105,1,-0.8595977577798142
same_reduced_four_feature_subset,/kaggle/working/aml-quantum-pipeline/reports/supervisor_fixes/score_level_predictions_reduced_subset.csv,Isolation Forest + Quantum Kernel SVC Statevector,171,0,-1.457248895194236,0,-0.8595977577798142
same_reduced_four_feature_subset,/kaggle/working/aml-quantum-pipeline/reports/supervisor_fixes/score_level_predictions_reduced_subset.csv,Isolation Forest + Quantum Kernel SVC Statevector,172,1,-0.7308640248431972,1,-0.8595977577798142
same_reduced_four_feature_subset,/kaggle/working/aml-quantum-pipeline/reports/supervisor_fixes/score_level_predictions_reduced_subset.csv,Isolation Forest + Quantum Kernel SVC Statevector,173,1,-0.5832460022888568,1,-0.8595977577798142
same_reduced_four_feature_subset,/kaggle/working/aml-quantum-pipeline/reports/supervisor_fixes/score_level_predictions_reduced_subset.csv,Isolation Forest + Quantum Kernel SVC Statevector,174,1,-1.4693409318158606,0,-0.8595977577798142
same_reduced_four_feature_subset,/kaggle/working/aml-quantum-pipeline/reports/supervisor_fixes/score_level_predictions_reduced_subset.csv,Isolation Forest + Quantum Kernel SVC Statevector,175,1,-0.7716230069526493,1,-0.8595977577798142
same_reduced_four_feature_subset,/kaggle/working/aml-quantum-pipeline/reports/supervisor_fixes/score_level_predictions_reduced_subset.csv,Isolation Forest + Quantum Kernel SVC Statevector,176,0,-1.4581414453252353,0,-0.8595977577798142
same_reduced_four_feature_subset,/kaggle/working/aml-quantum-pipeline/reports/supervisor_fixes/score_level_predictions_reduced_subset.csv,Isolation Forest + Quantum Kernel SVC Statevector,177,0,-1.457921927394338,0,-0.8595977577798142
same_reduced_four_feature_subset,/kaggle/working/aml-quantum-pipeline/reports/supervisor_fixes/score_level_predictions_reduced_subset.csv,Isolation Forest + Quantum Kernel SVC Statevector,178,0,-1.4627269318863358,0,-0.8595977577798142
same_reduced_four_feature_subset,/kaggle/working/aml-quantum-pipeline/reports/supervisor_fixes/score_level_predictions_reduced_subset.csv,Isolation Forest + Quantum Kernel SVC Statevector,179,1,-0.6145050833867833,1,-0.8595977577798142
same_reduced_four_feature_subset,/kaggle/working/aml-quantum-pipeline/reports/supervisor_fixes/score_level_predictions_reduced_subset.csv,Isolation Forest + Quantum Kernel SVC Statevector,180,1,-0.7236669955064778,1,-0.8595977577798142
same_reduced_four_feature_subset,/kaggle/working/aml-quantum-pipeline/reports/supervisor_fixes/score_level_predictions_reduced_subset.csv,Isolation Forest + Quantum Kernel SVC Statevector,181,0,-0.641247494399088,1,-0.8595977577798142
same_reduced_four_feature_subset,/kaggle/working/aml-quantum-pipeline/reports/supervisor_fixes/score_level_predictions_reduced_subset.csv,Isolation Forest + Quantum Kernel SVC Statevector,182,1,-0.7175772945749317,1,-0.8595977577798142
same_reduced_four_feature_subset,/kaggle/working/aml-quantum-pipeline/reports/supervisor_fixes/score_level_predictions_reduced_subset.csv,Isolation Forest + Quantum Kernel SVC Statevector,183,0,-0.6768662705542283,1,-0.8595977577798142
same_reduced_four_feature_subset,/kaggle/working/aml-quantum-pipeline/reports/supervisor_fixes/score_level_predictions_reduced_subset.csv,Isolation Forest + Quantum Kernel SVC Statevector,184,1,-0.7313475192827026,1,-0.8595977577798142
same_reduced_four_feature_subset,/kaggle/working/aml-quantum-pipeline/reports/supervisor_fixes/score_level_predictions_reduced_subset.csv,Isolation Forest + Quantum Kernel SVC Statevector,185,1,-0.647950950305135,1,-0.8595977577798142
same_reduced_four_feature_subset,/kaggle/working/aml-quantum-pipeline/reports/supervisor_fixes/score_level_predictions_reduced_subset.csv,Isolation Forest + Quantum Kernel SVC Statevector,186,0,-1.4577000066627908,0,-0.8595977577798142
same_reduced_four_feature_subset,/kaggle/working/aml-quantum-pipeline/reports/supervisor_fixes/score_level_predictions_reduced_subset.csv,Isolation Forest + Quantum Kernel SVC Statevector,187,1,-0.7357178512575115,1,-0.8595977577798142
same_reduced_four_feature_subset,/kaggle/working/aml-quantum-pipeline/reports/supervisor_fixes/score_level_predictions_reduced_subset.csv,Isolation Forest + Quantum Kernel SVC Statevector,188,1,-0.6267421872525876,1,-0.8595977577798142
same_reduced_four_feature_subset,/kaggle/working/aml-quantum-pipeline/reports/supervisor_fixes/score_level_predictions_reduced_subset.csv,Isolation Forest + Quantum Kernel SVC Statevector,189,0,-0.6839281675696254,1,-0.8595977577798142
same_reduced_four_feature_subset,/kaggle/working/aml-quantum-pipeline/reports/supervisor_fixes/score_level_predictions_reduced_subset.csv,Isolation Forest + Quantum Kernel SVC Statevector,190,1,-0.7419583099163192,1,-0.8595977577798142
same_reduced_four_feature_subset,/kaggle/working/aml-quantum-pipeline/reports/supervisor_fixes/score_level_predictions_reduced_subset.csv,Isolation Forest + Quantum Kernel SVC Statevector,191,1,-0.6001996403585921,1,-0.8595977577798142
same_reduced_four_feature_subset,/kaggle/working/aml-quantum-pipeline/reports/supervisor_fixes/score_level_predictions_reduced_subset.csv,Isolation Forest + Quantum Kernel SVC Statevector,192,0,-0.7359614250418329,1,-0.8595977577798142
same_reduced_four_feature_subset,/kaggle/working/aml-quantum-pipeline/reports/supervisor_fixes/score_level_predictions_reduced_subset.csv,Isolation Forest + Quantum Kernel SVC Statevector,193,0,-1.4655072353380008,0,-0.8595977577798142
same_reduced_four_feature_subset,/kaggle/working/aml-quantum-pipeline/reports/supervisor_fixes/score_level_predictions_reduced_subset.csv,Isolation Forest + Quantum Kernel SVC Statevector,194,1,-0.7281557154479976,1,-0.8595977577798142
same_reduced_four_feature_subset,/kaggle/working/aml-quantum-pipeline/reports/supervisor_fixes/score_level_predictions_reduced_subset.csv,Isolation Forest + Quantum Kernel SVC Statevector,195,1,-0.610005923617116,1,-0.8595977577798142
same_reduced_four_feature_subset,/kaggle/working/aml-quantum-pipeline/reports/supervisor_fixes/score_level_predictions_reduced_subset.csv,Isolation Forest + Quantum Kernel SVC Statevector,196,1,-0.6818155330338329,1,-0.8595977577798142
same_reduced_four_feature_subset,/kaggle/working/aml-quantum-pipeline/reports/supervisor_fixes/score_level_predictions_reduced_subset.csv,Isolation Forest + Quantum Kernel SVC Statevector,197,1,-0.5925413247468094,1,-0.8595977577798142
same_reduced_four_feature_subset,/kaggle/working/aml-quantum-pipeline/reports/supervisor_fixes/score_level_predictions_reduced_subset.csv,Isolation Forest + Quantum Kernel SVC Statevector,198,1,-0.6027065703231533,1,-0.8595977577798142
same_reduced_four_feature_subset,/kaggle/working/aml-quantum-pipeline/reports/supervisor_fixes/score_level_predictions_reduced_subset.csv,Isolation Forest + Quantum Kernel SVC Statevector,199,1,-0.7347415605415648,1,-0.8595977577798142
same_reduced_four_feature_subset,/kaggle/working/aml-quantum-pipeline/reports/supervisor_fixes/score_level_predictions_reduced_subset.csv,Isolation Forest + Quantum Kernel SVC Statevector,200,0,-0.6317204473029203,1,-0.8595977577798142
same_reduced_four_feature_subset,/kaggle/working/aml-quantum-pipeline/reports/supervisor_fixes/score_level_predictions_reduced_subset.csv,Isolation Forest + Quantum Kernel SVC Statevector,201,0,-1.4632131257351464,0,-0.8595977577798142
same_reduced_four_feature_subset,/kaggle/working/aml-quantum-pipeline/reports/supervisor_fixes/score_level_predictions_reduced_subset.csv,Isolation Forest + Quantum Kernel SVC Statevector,202,0,-0.6403865337566068,1,-0.8595977577798142
same_reduced_four_feature_subset,/kaggle/working/aml-quantum-pipeline/reports/supervisor_fixes/score_level_predictions_reduced_subset.csv,Isolation Forest + Quantum Kernel SVC Statevector,203,1,-0.7104115193637022,1,-0.8595977577798142
same_reduced_four_feature_subset,/kaggle/working/aml-quantum-pipeline/reports/supervisor_fixes/score_level_predictions_reduced_subset.csv,Isolation Forest + Quantum Kernel SVC Statevector,204,0,-0.6304243355821673,1,-0.8595977577798142
same_reduced_four_feature_subset,/kaggle/working/aml-quantum-pipeline/reports/supervisor_fixes/score_level_predictions_reduced_subset.csv,Isolation Forest + Quantum Kernel SVC Statevector,205,0,-0.6567506438923763,1,-0.8595977577798142
same_reduced_four_feature_subset,/kaggle/working/aml-quantum-pipeline/reports/supervisor_fixes/score_level_predictions_reduced_subset.csv,Isolation Forest + Quantum Kernel SVC Statevector,206,1,-0.5985884138313837,1,-0.8595977577798142
same_reduced_four_feature_subset,/kaggle/working/aml-quantum-pipeline/reports/supervisor_fixes/score_level_predictions_reduced_subset.csv,Isolation Forest + Quantum Kernel SVC Statevector,207,1,-0.6959454668648981,1,-0.8595977577798142
same_reduced_four_feature_subset,/kaggle/working/aml-quantum-pipeline/reports/supervisor_fixes/score_level_predictions_reduced_subset.csv,Isolation Forest + Quantum Kernel SVC Statevector,208,0,-1.460401832721859,0,-0.8595977577798142
same_reduced_four_feature_subset,/kaggle/working/aml-quantum-pipeline/reports/supervisor_fixes/score_level_predictions_reduced_subset.csv,Isolation Forest + Quantum Kernel SVC Statevector,209,1,-0.5939403057817034,1,-0.8595977577798142
same_reduced_four_feature_subset,/kaggle/working/aml-quantum-pipeline/reports/supervisor_fixes/score_level_predictions_reduced_subset.csv,Isolation Forest + Quantum Kernel SVC Statevector,210,1,-0.5922562303008168,1,-0.8595977577798142
same_reduced_four_feature_subset,/kaggle/working/aml-quantum-pipeline/reports/supervisor_fixes/score_level_predictions_reduced_subset.csv,Isolation Forest + Quantum Kernel SVC Statevector,211,0,-0.6848345569927854,1,-0.8595977577798142
same_reduced_four_feature_subset,/kaggle/working/aml-quantum-pipeline/reports/supervisor_fixes/score_level_predictions_reduced_subset.csv,Isolation Forest + Quantum Kernel SVC Statevector,212,1,-0.5905982400974037,1,-0.8595977577798142
same_reduced_four_feature_subset,/kaggle/working/aml-quantum-pipeline/reports/supervisor_fixes/score_level_predictions_reduced_subset.csv,Isolation Forest + Quantum Kernel SVC Statevector,213,1,-0.6954884483527244,1,-0.8595977577798142
same_reduced_four_feature_subset,/kaggle/working/aml-quantum-pipeline/reports/supervisor_fixes/score_level_predictions_reduced_subset.csv,Isolation Forest + Quantum Kernel SVC Statevector,214,1,-0.6229003623700131,1,-0.8595977577798142
same_reduced_four_feature_subset,/kaggle/working/aml-quantum-pipeline/reports/supervisor_fixes/score_level_predictions_reduced_subset.csv,Isolation Forest + Quantum Kernel SVC Statevector,215,1,-0.6887886648035242,1,-0.8595977577798142
same_reduced_four_feature_subset,/kaggle/working/aml-quantum-pipeline/reports/supervisor_fixes/score_level_predictions_reduced_subset.csv,Isolation Forest + Quantum Kernel SVC Statevector,216,1,-0.6587871457900043,1,-0.8595977577798142
same_reduced_four_feature_subset,/kaggle/working/aml-quantum-pipeline/reports/supervisor_fixes/score_level_predictions_reduced_subset.csv,Isolation Forest + Quantum Kernel SVC Statevector,217,0,-0.6389320506484459,1,-0.8595977577798142
same_reduced_four_feature_subset,/kaggle/working/aml-quantum-pipeline/reports/supervisor_fixes/score_level_predictions_reduced_subset.csv,Isolation Forest + Quantum Kernel SVC Statevector,218,1,-1.4670941507031607,0,-0.8595977577798142
same_reduced_four_feature_subset,/kaggle/working/aml-quantum-pipeline/reports/supervisor_fixes/score_level_predictions_reduced_subset.csv,Isolation Forest + Quantum Kernel SVC Statevector,219,1,-0.7275914469203284,1,-0.8595977577798142
same_reduced_four_feature_subset,/kaggle/working/aml-quantum-pipeline/reports/supervisor_fixes/score_level_predictions_reduced_subset.csv,Isolation Forest + Quantum Kernel SVC Statevector,220,1,-0.6628712671132257,1,-0.8595977577798142
same_reduced_four_feature_subset,/kaggle/working/aml-quantum-pipeline/reports/supervisor_fixes/score_level_predictions_reduced_subset.csv,Isolation Forest + Quantum Kernel SVC Statevector,221,1,-0.7239452970305871,1,-0.8595977577798142
same_reduced_four_feature_subset,/kaggle/working/aml-quantum-pipeline/reports/supervisor_fixes/score_level_predictions_reduced_subset.csv,Isolation Forest + Quantum Kernel SVC Statevector,222,0,-1.4570196733428311,0,-0.8595977577798142
same_reduced_four_feature_subset,/kaggle/working/aml-quantum-pipeline/reports/supervisor_fixes/score_level_predictions_reduced_subset.csv,Isolation Forest + Quantum Kernel SVC Statevector,223,0,-1.4555920163793843,0,-0.8595977577798142
same_reduced_four_feature_subset,/kaggle/working/aml-quantum-pipeline/reports/supervisor_fixes/score_level_predictions_reduced_subset.csv,Isolation Forest + Quantum Kernel SVC Statevector,224,0,-1.4545892153322633,0,-0.8595977577798142
same_reduced_four_feature_subset,/kaggle/working/aml-quantum-pipeline/reports/supervisor_fixes/score_level_predictions_reduced_subset.csv,Isolation Forest + Quantum Kernel SVC Statevector,225,1,-0.5879424621640825,1,-0.8595977577798142
same_reduced_four_feature_subset,/kaggle/working/aml-quantum-pipeline/reports/supervisor_fixes/score_level_predictions_reduced_subset.csv,Isolation Forest + Quantum Kernel SVC Statevector,226,1,-1.4577000066627908,0,-0.8595977577798142
same_reduced_four_feature_subset,/kaggle/working/aml-quantum-pipeline/reports/supervisor_fixes/score_level_predictions_reduced_subset.csv,Isolation Forest + Quantum Kernel SVC Statevector,227,1,-0.7673218167012359,1,-0.8595977577798142
same_reduced_four_feature_subset,/kaggle/working/aml-quantum-pipeline/reports/supervisor_fixes/score_level_predictions_reduced_subset.csv,Isolation Forest + Quantum Kernel SVC Statevector,228,0,-0.7144838455864975,1,-0.8595977577798142
same_reduced_four_feature_subset,/kaggle/working/aml-quantum-pipeline/reports/supervisor_fixes/score_level_predictions_reduced_subset.csv,Isolation Forest + Quantum Kernel SVC Statevector,229,1,-0.719347263721374,1,-0.8595977577798142
same_reduced_four_feature_subset,/kaggle/working/aml-quantum-pipeline/reports/supervisor_fixes/score_level_predictions_reduced_subset.csv,Isolation Forest + Quantum Kernel SVC Statevector,230,0,-1.4558362691578135,0,-0.8595977577798142
same_reduced_four_feature_subset,/kaggle/working/aml-quantum-pipeline/reports/supervisor_fixes/score_level_predictions_reduced_subset.csv,Isolation Forest + Quantum Kernel SVC Statevector,231,1,-0.6632382952417137,1,-0.8595977577798142
same_reduced_four_feature_subset,/kaggle/working/aml-quantum-pipeline/reports/supervisor_fixes/score_level_predictions_reduced_subset.csv,Isolation Forest + Quantum Kernel SVC Statevector,232,0,-1.4625607728064387,0,-0.8595977577798142
same_reduced_four_feature_subset,/kaggle/working/aml-quantum-pipeline/reports/supervisor_fixes/score_level_predictions_reduced_subset.csv,Isolation Forest + Quantum Kernel SVC Statevector,233,1,-0.6522432694583347,1,-0.8595977577798142
same_reduced_four_feature_subset,/kaggle/working/aml-quantum-pipeline/reports/supervisor_fixes/score_level_predictions_reduced_subset.csv,Isolation Forest + Quantum Kernel SVC Statevector,234,0,-1.4622222373149136,0,-0.8595977577798142
same_reduced_four_feature_subset,/kaggle/working/aml-quantum-pipeline/reports/supervisor_fixes/score_level_predictions_reduced_subset.csv,Isolation Forest + Quantum Kernel SVC Statevector,235,1,-0.6888458159686004,1,-0.8595977577798142
same_reduced_four_feature_subset,/kaggle/working/aml-quantum-pipeline/reports/supervisor_fixes/score_level_predictions_reduced_subset.csv,Isolation Forest + Quantum Kernel SVC Statevector,236,1,-0.5977173600169305,1,-0.8595977577798142
same_reduced_four_feature_subset,/kaggle/working/aml-quantum-pipeline/reports/supervisor_fixes/score_level_predictions_reduced_subset.csv,Isolation Forest + Quantum Kernel SVC Statevector,237,1,-0.7288669577710363,1,-0.8595977577798142
same_reduced_four_feature_subset,/kaggle/working/aml-quantum-pipeline/reports/supervisor_fixes/score_level_predictions_reduced_subset.csv,Isolation Forest + Quantum Kernel SVC Statevector,238,0,-0.7721734174439194,1,-0.8595977577798142
same_reduced_four_feature_subset,/kaggle/working/aml-quantum-pipeline/reports/supervisor_fixes/score_level_predictions_reduced_subset.csv,Isolation Forest + Quantum Kernel SVC Statevector,239,0,-1.460401832721859,0,-0.8595977577798142
same_reduced_four_feature_subset,/kaggle/working/aml-quantum-pipeline/reports/supervisor_fixes/score_level_predictions_reduced_subset.csv,Isolation Forest + Quantum Kernel SVC Statevector,240,0,-1.4563171539685893,0,-0.8595977577798142
same_reduced_four_feature_subset,/kaggle/working/aml-quantum-pipeline/reports/supervisor_fixes/score_level_predictions_reduced_subset.csv,Isolation Forest + Quantum Kernel SVC Statevector,241,1,-0.6429924107871561,1,-0.8595977577798142
same_reduced_four_feature_subset,/kaggle/working/aml-quantum-pipeline/reports/supervisor_fixes/score_level_predictions_reduced_subset.csv,Isolation Forest + Quantum Kernel SVC Statevector,242,0,-1.4548438177054874,0,-0.8595977577798142
same_reduced_four_feature_subset,/kaggle/working/aml-quantum-pipeline/reports/supervisor_fixes/score_level_predictions_reduced_subset.csv,Isolation Forest + Quantum Kernel SVC Statevector,243,1,-0.6697080138412994,1,-0.8595977577798142
same_reduced_four_feature_subset,/kaggle/working/aml-quantum-pipeline/reports/supervisor_fixes/score_level_predictions_reduced_subset.csv,Isolation Forest + Quantum Kernel SVC Statevector,244,1,-0.7711683334096453,1,-0.8595977577798142
same_reduced_four_feature_subset,/kaggle/working/aml-quantum-pipeline/reports/supervisor_fixes/score_level_predictions_reduced_subset.csv,Isolation Forest + Quantum Kernel SVC Statevector,245,1,-0.7077018467822112,1,-0.8595977577798142
same_reduced_four_feature_subset,/kaggle/working/aml-quantum-pipeline/reports/supervisor_fixes/score_level_predictions_reduced_subset.csv,Isolation Forest + Quantum Kernel SVC Statevector,246,1,-0.5823644570083542,1,-0.8595977577798142
same_reduced_four_feature_subset,/kaggle/working/aml-quantum-pipeline/reports/supervisor_fixes/score_level_predictions_reduced_subset.csv,Isolation Forest + Quantum Kernel SVC Statevector,247,0,-0.6667301536598886,1,-0.8595977577798142
same_reduced_four_feature_subset,/kaggle/working/aml-quantum-pipeline/reports/supervisor_fixes/score_level_predictions_reduced_subset.csv,Isolation Forest + Quantum Kernel SVC Statevector,248,1,-0.7243520783043071,1,-0.8595977577798142
same_reduced_four_feature_subset,/kaggle/working/aml-quantum-pipeline/reports/supervisor_fixes/score_level_predictions_reduced_subset.csv,Isolation Forest + Quantum Kernel SVC Statevector,249,0,-1.4583585757027022,0,-0.8595977577798142
same_reduced_four_feature_subset,/kaggle/working/aml-quantum-pipeline/reports/supervisor_fixes/score_level_predictions_reduced_subset.csv,Isolation Forest + Quantum Kernel SVC Statevector,250,0,-0.6498301022178163,1,-0.8595977577798142
same_reduced_four_feature_subset,/kaggle/working/aml-quantum-pipeline/reports/supervisor_fixes/score_level_predictions_reduced_subset.csv,Isolation Forest + Quantum Kernel SVC Statevector,251,0,-0.6772965132547242,1,-0.8595977577798142
same_reduced_four_feature_subset,/kaggle/working/aml-quantum-pipeline/reports/supervisor_fixes/score_level_predictions_reduced_subset.csv,Isolation Forest + Quantum Kernel SVC Statevector,252,1,-0.7054183255865014,1,-0.8595977577798142
same_reduced_four_feature_subset,/kaggle/working/aml-quantum-pipeline/reports/supervisor_fixes/score_level_predictions_reduced_subset.csv,Isolation Forest + Quantum Kernel SVC Statevector,253,0,-1.455345201349268,0,-0.8595977577798142
same_reduced_four_feature_subset,/kaggle/working/aml-quantum-pipeline/reports/supervisor_fixes/score_level_predictions_reduced_subset.csv,Isolation Forest + Quantum Kernel SVC Statevector,254,1,-0.6455050083149971,1,-0.8595977577798142
same_reduced_four_feature_subset,/kaggle/working/aml-quantum-pipeline/reports/supervisor_fixes/score_level_predictions_reduced_subset.csv,Isolation Forest + Quantum Kernel SVC Statevector,255,1,-0.5944396280202477,1,-0.8595977577798142
same_reduced_four_feature_subset,/kaggle/working/aml-quantum-pipeline/reports/supervisor_fixes/score_level_predictions_reduced_subset.csv,Isolation Forest + Quantum Kernel SVC Statevector,256,1,-0.7360690993994399,1,-0.8595977577798142
same_reduced_four_feature_subset,/kaggle/working/aml-quantum-pipeline/reports/supervisor_fixes/score_level_predictions_reduced_subset.csv,Isolation Forest + Quantum Kernel SVC Statevector,257,0,-0.6748876845925822,1,-0.8595977577798142
same_reduced_four_feature_subset,/kaggle/working/aml-quantum-pipeline/reports/supervisor_fixes/score_level_predictions_reduced_subset.csv,Isolation Forest + Quantum Kernel SVC Statevector,258,0,-0.6665741388387567,1,-0.8595977577798142
same_reduced_four_feature_subset,/kaggle/working/aml-quantum-pipeline/reports/supervisor_fixes/score_level_predictions_reduced_subset.csv,Isolation Forest + Quantum Kernel SVC Statevector,259,1,-0.5737478996683976,1,-0.8595977577798142
same_reduced_four_feature_subset,/kaggle/working/aml-quantum-pipeline/reports/supervisor_fixes/score_level_predictions_reduced_subset.csv,Isolation Forest + Quantum Kernel SVC Statevector,260,1,-0.693244121217147,1,-0.8595977577798142
same_reduced_four_feature_subset,/kaggle/working/aml-quantum-pipeline/reports/supervisor_fixes/score_level_predictions_reduced_subset.csv,Isolation Forest + Quantum Kernel SVC Statevector,261,1,-0.7724356419879315,1,-0.8595977577798142
same_reduced_four_feature_subset,/kaggle/working/aml-quantum-pipeline/reports/supervisor_fixes/score_level_predictions_reduced_subset.csv,Isolation Forest + Quantum Kernel SVC Statevector,262,1,-0.7045064387614193,1,-0.8595977577798142
same_reduced_four_feature_subset,/kaggle/working/aml-quantum-pipeline/reports/supervisor_fixes/score_level_predictions_reduced_subset.csv,Isolation Forest + Quantum Kernel SVC Statevector,263,0,-0.6269961441810663,1,-0.8595977577798142
same_reduced_four_feature_subset,/kaggle/working/aml-quantum-pipeline/reports/supervisor_fixes/score_level_predictions_reduced_subset.csv,Isolation Forest + Quantum Kernel SVC Statevector,264,0,-1.465760062225483,0,-0.8595977577798142
same_reduced_four_feature_subset,/kaggle/working/aml-quantum-pipeline/reports/supervisor_fixes/score_level_predictions_reduced_subset.csv,Isolation Forest + Quantum Kernel SVC Statevector,265,1,-0.638817699604443,1,-0.8595977577798142
same_reduced_four_feature_subset,/kaggle/working/aml-quantum-pipeline/reports/supervisor_fixes/score_level_predictions_reduced_subset.csv,Isolation Forest + Quantum Kernel SVC Statevector,266,1,-0.7026192388729267,1,-0.8595977577798142
same_reduced_four_feature_subset,/kaggle/working/aml-quantum-pipeline/reports/supervisor_fixes/score_level_predictions_reduced_subset.csv,Isolation Forest + Quantum Kernel SVC Statevector,267,0,-1.4625607728064387,0,-0.8595977577798142
same_reduced_four_feature_subset,/kaggle/working/aml-quantum-pipeline/reports/supervisor_fixes/score_level_predictions_reduced_subset.csv,Isolation Forest + Quantum Kernel SVC Statevector,268,0,-1.4618753267085938,0,-0.8595977577798142
same_reduced_four_feature_subset,/kaggle/working/aml-quantum-pipeline/reports/supervisor_fixes/score_level_predictions_reduced_subset.csv,Isolation Forest + Quantum Kernel SVC Statevector,269,1,-0.6513179129565452,1,-0.8595977577798142
same_reduced_four_feature_subset,/kaggle/working/aml-quantum-pipeline/reports/supervisor_fixes/score_level_predictions_reduced_subset.csv,Isolation Forest + Quantum Kernel SVC Statevector,270,1,-0.7002806534666521,1,-0.8595977577798142
same_reduced_four_feature_subset,/kaggle/working/aml-quantum-pipeline/reports/supervisor_fixes/score_level_predictions_reduced_subset.csv,Isolation Forest + Quantum Kernel SVC Statevector,271,0,-1.46204983535088,0,-0.8595977577798142
same_reduced_four_feature_subset,/kaggle/working/aml-quantum-pipeline/reports/supervisor_fixes/score_level_predictions_reduced_subset.csv,Isolation Forest + Quantum Kernel SVC Statevector,272,1,-0.7428021851389386,1,-0.8595977577798142
same_reduced_four_feature_subset,/kaggle/working/aml-quantum-pipeline/reports/supervisor_fixes/score_level_predictions_reduced_subset.csv,Isolation Forest + Quantum Kernel SVC Statevector,273,0,-1.4658837533845357,0,-0.8595977577798142
same_reduced_four_feature_subset,/kaggle/working/aml-quantum-pipeline/reports/supervisor_fixes/score_level_predictions_reduced_subset.csv,Isolation Forest + Quantum Kernel SVC Statevector,274,1,-0.7314439943892987,1,-0.8595977577798142
same_reduced_four_feature_subset,/kaggle/working/aml-quantum-pipeline/reports/supervisor_fixes/score_level_predictions_reduced_subset.csv,Isolation Forest + Quantum Kernel SVC Statevector,275,1,-1.469656766649753,0,-0.8595977577798142
same_reduced_four_feature_subset,/kaggle/working/aml-quantum-pipeline/reports/supervisor_fixes/score_level_predictions_reduced_subset.csv,Isolation Forest + Quantum Kernel SVC Statevector,276,0,-0.737267677664269,1,-0.8595977577798142
same_reduced_four_feature_subset,/kaggle/working/aml-quantum-pipeline/reports/supervisor_fixes/score_level_predictions_reduced_subset.csv,Isolation Forest + Quantum Kernel SVC Statevector,277,0,-0.6635314730218251,1,-0.8595977577798142
same_reduced_four_feature_subset,/kaggle/working/aml-quantum-pipeline/reports/supervisor_fixes/score_level_predictions_reduced_subset.csv,Isolation Forest + Quantum Kernel SVC Statevector,278,0,-0.6599336880748372,1,-0.8595977577798142
same_reduced_four_feature_subset,/kaggle/working/aml-quantum-pipeline/reports/supervisor_fixes/score_level_predictions_reduced_subset.csv,Isolation Forest + Quantum Kernel SVC Statevector,279,0,-1.4558362691578135,0,-0.8595977577798142
same_reduced_four_feature_subset,/kaggle/working/aml-quantum-pipeline/reports/supervisor_fixes/score_level_predictions_reduced_subset.csv,Isolation Forest + Quantum Kernel SVC Statevector,280,0,-0.6258348566465519,1,-0.8595977577798142
same_reduced_four_feature_subset,/kaggle/working/aml-quantum-pipeline/reports/supervisor_fixes/score_level_predictions_reduced_subset.csv,Isolation Forest + Quantum Kernel SVC Statevector,281,0,-1.4636811547141884,0,-0.8595977577798142
same_reduced_four_feature_subset,/kaggle/working/aml-quantum-pipeline/reports/supervisor_fixes/score_level_predictions_reduced_subset.csv,Isolation Forest + Quantum Kernel SVC Statevector,282,1,-0.6756971401717817,1,-0.8595977577798142
same_reduced_four_feature_subset,/kaggle/working/aml-quantum-pipeline/reports/supervisor_fixes/score_level_predictions_reduced_subset.csv,Isolation Forest + Quantum Kernel SVC Statevector,283,0,-0.700716012453293,1,-0.8595977577798142
same_reduced_four_feature_subset,/kaggle/working/aml-quantum-pipeline/reports/supervisor_fixes/score_level_predictions_reduced_subset.csv,Isolation Forest + Quantum Kernel SVC Statevector,284,1,-0.7074262204271295,1,-0.8595977577798142
same_reduced_four_feature_subset,/kaggle/working/aml-quantum-pipeline/reports/supervisor_fixes/score_level_predictions_reduced_subset.csv,Isolation Forest + Quantum Kernel SVC Statevector,285,0,-1.4545892153322633,0,-0.8595977577798142
same_reduced_four_feature_subset,/kaggle/working/aml-quantum-pipeline/reports/supervisor_fixes/score_level_predictions_reduced_subset.csv,Isolation Forest + Quantum Kernel SVC Statevector,286,1,-0.6557494011262317,1,-0.8595977577798142
same_reduced_four_feature_subset,/kaggle/working/aml-quantum-pipeline/reports/supervisor_fixes/score_level_predictions_reduced_subset.csv,Isolation Forest + Quantum Kernel SVC Statevector,287,1,-0.6586577534670641,1,-0.8595977577798142
same_reduced_four_feature_subset,/kaggle/working/aml-quantum-pipeline/reports/supervisor_fixes/score_level_predictions_reduced_subset.csv,Isolation Forest + Quantum Kernel SVC Statevector,288,0,-0.6642241030219187,1,-0.8595977577798142
same_reduced_four_feature_subset,/kaggle/working/aml-quantum-pipeline/reports/supervisor_fixes/score_level_predictions_reduced_subset.csv,Isolation Forest + Quantum Kernel SVC Statevector,289,1,-0.5781336213964123,1,-0.8595977577798142
same_reduced_four_feature_subset,/kaggle/working/aml-quantum-pipeline/reports/supervisor_fixes/score_level_predictions_reduced_subset.csv,Isolation Forest + Quantum Kernel SVC Statevector,290,1,-0.6031039032665924,1,-0.8595977577798142
same_reduced_four_feature_subset,/kaggle/working/aml-quantum-pipeline/reports/supervisor_fixes/score_level_predictions_reduced_subset.csv,Isolation Forest + Quantum Kernel SVC Statevector,291,1,-0.7417551335440575,1,-0.8595977577798142
same_reduced_four_feature_subset,/kaggle/working/aml-quantum-pipeline/reports/supervisor_fixes/score_level_predictions_reduced_subset.csv,Isolation Forest + Quantum Kernel SVC Statevector,292,1,-0.7347740369601963,1,-0.8595977577798142
same_reduced_four_feature_subset,/kaggle/working/aml-quantum-pipeline/reports/supervisor_fixes/score_level_predictions_reduced_subset.csv,Isolation Forest + Quantum Kernel SVC Statevector,293,0,-0.6445164559398173,1,-0.8595977577798142
same_reduced_four_feature_subset,/kaggle/working/aml-quantum-pipeline/reports/supervisor_fixes/score_level_predictions_reduced_subset.csv,Isolation Forest + Quantum Kernel SVC Statevector,294,0,-1.4633711373488707,0,-0.8595977577798142
same_reduced_four_feature_subset,/kaggle/working/aml-quantum-pipeline/reports/supervisor_fixes/score_level_predictions_reduced_subset.csv,Isolation Forest + Quantum Kernel SVC Statevector,295,0,-0.6954453453639138,1,-0.8595977577798142
same_reduced_four_feature_subset,/kaggle/working/aml-quantum-pipeline/reports/supervisor_fixes/score_level_predictions_reduced_subset.csv,Isolation Forest + Quantum Kernel SVC Statevector,296,1,-0.7708847007612241,1,-0.8595977577798142
same_reduced_four_feature_subset,/kaggle/working/aml-quantum-pipeline/reports/supervisor_fixes/score_level_predictions_reduced_subset.csv,Isolation Forest + Quantum Kernel SVC Statevector,297,0,-1.46204983535088,0,-0.8595977577798142
same_reduced_four_feature_subset,/kaggle/working/aml-quantum-pipeline/reports/supervisor_fixes/score_level_predictions_reduced_subset.csv,Isolation Forest + Quantum Kernel SVC Statevector,298,1,-0.6429326749083404,1,-0.8595977577798142
same_reduced_four_feature_subset,/kaggle/working/aml-quantum-pipeline/reports/supervisor_fixes/score_level_predictions_reduced_subset.csv,Isolation Forest + Quantum Kernel SVC Statevector,299,1,-0.5738752290696776,1,-0.8595977577798142
same_reduced_four_feature_subset,/kaggle/working/aml-quantum-pipeline/reports/supervisor_fixes/score_level_predictions_reduced_subset.csv,Isolation Forest + VQC Statevector,0,0,0.2877724126940369,0,0.3100287622305141
same_reduced_four_feature_subset,/kaggle/working/aml-quantum-pipeline/reports/supervisor_fixes/score_level_predictions_reduced_subset.csv,Isolation Forest + VQC Statevector,1,1,0.2808066532134202,0,0.3100287622305141
same_reduced_four_feature_subset,/kaggle/working/aml-quantum-pipeline/reports/supervisor_fixes/score_level_predictions_reduced_subset.csv,Isolation Forest + VQC Statevector,2,0,0.3022402474880442,0,0.3100287622305141
same_reduced_four_feature_subset,/kaggle/working/aml-quantum-pipeline/reports/supervisor_fixes/score_level_predictions_reduced_subset.csv,Isolation Forest + VQC Statevector,3,0,0.2840990695399171,0,0.3100287622305141
same_reduced_four_feature_subset,/kaggle/working/aml-quantum-pipeline/reports/supervisor_fixes/score_level_predictions_reduced_subset.csv,Isolation Forest + VQC Statevector,4,0,0.2797934572184857,0,0.3100287622305141
same_reduced_four_feature_subset,/kaggle/working/aml-quantum-pipeline/reports/supervisor_fixes/score_level_predictions_reduced_subset.csv,Isolation Forest + VQC Statevector,5,0,0.2900731151425202,0,0.3100287622305141
same_reduced_four_feature_subset,/kaggle/working/aml-quantum-pipeline/reports/supervisor_fixes/score_level_predictions_reduced_subset.csv,Isolation Forest + VQC Statevector,6,0,0.2838832707562457,0,0.3100287622305141
same_reduced_four_feature_subset,/kaggle/working/aml-quantum-pipeline/reports/supervisor_fixes/score_level_predictions_reduced_subset.csv,Isolation Forest + VQC Statevector,7,1,0.304442925663954,0,0.3100287622305141
same_reduced_four_feature_subset,/kaggle/working/aml-quantum-pipeline/reports/supervisor_fixes/score_level_predictions_reduced_subset.csv,Isolation Forest + VQC Statevector,8,1,0.2908938694107732,0,0.3100287622305141
same_reduced_four_feature_subset,/kaggle/working/aml-quantum-pipeline/reports/supervisor_fixes/score_level_predictions_reduced_subset.csv,Isolation Forest + VQC Statevector,9,0,0.2857717169435272,0,0.3100287622305141
same_reduced_four_feature_subset,/kaggle/working/aml-quantum-pipeline/reports/supervisor_fixes/score_level_predictions_reduced_subset.csv,Isolation Forest + VQC Statevector,10,1,0.2793373629267305,0,0.3100287622305141
same_reduced_four_feature_subset,/kaggle/working/aml-quantum-pipeline/reports/supervisor_fixes/score_level_predictions_reduced_subset.csv,Isolation Forest + VQC Statevector,11,0,0.2833320428684452,0,0.3100287622305141
same_reduced_four_feature_subset,/kaggle/working/aml-quantum-pipeline/reports/supervisor_fixes/score_level_predictions_reduced_subset.csv,Isolation Forest + VQC Statevector,12,0,0.3056545361926421,0,0.3100287622305141
same_reduced_four_feature_subset,/kaggle/working/aml-quantum-pipeline/reports/supervisor_fixes/score_level_predictions_reduced_subset.csv,Isolation Forest + VQC Statevector,13,1,0.28347415030915,0,0.3100287622305141
same_reduced_four_feature_subset,/kaggle/working/aml-quantum-pipeline/reports/supervisor_fixes/score_level_predictions_reduced_subset.csv,Isolation Forest + VQC Statevector,14,0,0.2671157932344389,0,0.3100287622305141
same_reduced_four_feature_subset,/kaggle/working/aml-quantum-pipeline/reports/supervisor_fixes/score_level_predictions_reduced_subset.csv,Isolation Forest + VQC Statevector,15,1,0.2920831396566234,0,0.3100287622305141
same_reduced_four_feature_subset,/kaggle/working/aml-quantum-pipeline/reports/supervisor_fixes/score_level_predictions_reduced_subset.csv,Isolation Forest + VQC Statevector,16,1,0.3076846475781851,0,0.3100287622305141
same_reduced_four_feature_subset,/kaggle/working/aml-quantum-pipeline/reports/supervisor_fixes/score_level_predictions_reduced_subset.csv,Isolation Forest + VQC Statevector,17,1,0.2947251102526913,0,0.3100287622305141
same_reduced_four_feature_subset,/kaggle/working/aml-quantum-pipeline/reports/supervisor_fixes/score_level_predictions_reduced_subset.csv,Isolation Forest + VQC Statevector,18,0,0.2951568783754116,0,0.3100287622305141
same_reduced_four_feature_subset,/kaggle/working/aml-quantum-pipeline/reports/supervisor_fixes/score_level_predictions_reduced_subset.csv,Isolation Forest + VQC Statevector,19,0,0.2876168861937528,0,0.3100287622305141
same_reduced_four_feature_subset,/kaggle/working/aml-quantum-pipeline/reports/supervisor_fixes/score_level_predictions_reduced_subset.csv,Isolation Forest + VQC Statevector,20,0,0.2909740504504277,0,0.3100287622305141
same_reduced_four_feature_subset,/kaggle/working/aml-quantum-pipeline/reports/supervisor_fixes/score_level_predictions_reduced_subset.csv,Isolation Forest + VQC Statevector,21,1,0.2999779112758552,0,0.3100287622305141
same_reduced_four_feature_subset,/kaggle/working/aml-quantum-pipeline/reports/supervisor_fixes/score_level_predictions_reduced_subset.csv,Isolation Forest + VQC Statevector,22,0,0.2830917016137322,0,0.3100287622305141
same_reduced_four_feature_subset,/kaggle/working/aml-quantum-pipeline/reports/supervisor_fixes/score_level_predictions_reduced_subset.csv,Isolation Forest + VQC Statevector,23,1,0.3059162816079559,0,0.3100287622305141
same_reduced_four_feature_subset,/kaggle/working/aml-quantum-pipeline/reports/supervisor_fixes/score_level_predictions_reduced_subset.csv,Isolation Forest + VQC Statevector,24,0,0.3115999681604731,1,0.3100287622305141
same_reduced_four_feature_subset,/kaggle/working/aml-quantum-pipeline/reports/supervisor_fixes/score_level_predictions_reduced_subset.csv,Isolation Forest + VQC Statevector,25,0,0.2937081961265673,0,0.3100287622305141
same_reduced_four_feature_subset,/kaggle/working/aml-quantum-pipeline/reports/supervisor_fixes/score_level_predictions_reduced_subset.csv,Isolation Forest + VQC Statevector,26,1,0.3034929470338634,0,0.3100287622305141
same_reduced_four_feature_subset,/kaggle/working/aml-quantum-pipeline/reports/supervisor_fixes/score_level_predictions_reduced_subset.csv,Isolation Forest + VQC Statevector,27,0,0.292558292124031,0,0.3100287622305141
same_reduced_four_feature_subset,/kaggle/working/aml-quantum-pipeline/reports/supervisor_fixes/score_level_predictions_reduced_subset.csv,Isolation Forest + VQC Statevector,28,0,0.3094016334761058,0,0.3100287622305141
same_reduced_four_feature_subset,/kaggle/working/aml-quantum-pipeline/reports/supervisor_fixes/score_level_predictions_reduced_subset.csv,Isolation Forest + VQC Statevector,29,1,0.2936449140559297,0,0.3100287622305141
same_reduced_four_feature_subset,/kaggle/working/aml-quantum-pipeline/reports/supervisor_fixes/score_level_predictions_reduced_subset.csv,Isolation Forest + VQC Statevector,30,1,0.2926439308189953,0,0.3100287622305141
same_reduced_four_feature_subset,/kaggle/working/aml-quantum-pipeline/reports/supervisor_fixes/score_level_predictions_reduced_subset.csv,Isolation Forest + VQC Statevector,31,0,0.2869764615755981,0,0.3100287622305141
same_reduced_four_feature_subset,/kaggle/working/aml-quantum-pipeline/reports/supervisor_fixes/score_level_predictions_reduced_subset.csv,Isolation Forest + VQC Statevector,32,0,0.2993931526187209,0,0.3100287622305141
same_reduced_four_feature_subset,/kaggle/working/aml-quantum-pipeline/reports/supervisor_fixes/score_level_predictions_reduced_subset.csv,Isolation Forest + VQC Statevector,33,1,0.2938742124913892,0,0.3100287622305141
same_reduced_four_feature_subset,/kaggle/working/aml-quantum-pipeline/reports/supervisor_fixes/score_level_predictions_reduced_subset.csv,Isolation Forest + VQC Statevector,34,0,0.2766139512809804,0,0.3100287622305141
same_reduced_four_feature_subset,/kaggle/working/aml-quantum-pipeline/reports/supervisor_fixes/score_level_predictions_reduced_subset.csv,Isolation Forest + VQC Statevector,35,1,0.302152934223571,0,0.3100287622305141
same_reduced_four_feature_subset,/kaggle/working/aml-quantum-pipeline/reports/supervisor_fixes/score_level_predictions_reduced_subset.csv,Isolation Forest + VQC Statevector,36,0,0.2857717169435272,0,0.3100287622305141
same_reduced_four_feature_subset,/kaggle/working/aml-quantum-pipeline/reports/supervisor_fixes/score_level_predictions_reduced_subset.csv,Isolation Forest + VQC Statevector,37,0,0.2860768443812192,0,0.3100287622305141
same_reduced_four_feature_subset,/kaggle/working/aml-quantum-pipeline/reports/supervisor_fixes/score_level_predictions_reduced_subset.csv,Isolation Forest + VQC Statevector,38,0,0.3043179825099278,0,0.3100287622305141
same_reduced_four_feature_subset,/kaggle/working/aml-quantum-pipeline/reports/supervisor_fixes/score_level_predictions_reduced_subset.csv,Isolation Forest + VQC Statevector,39,0,0.2888148778535395,0,0.3100287622305141
same_reduced_four_feature_subset,/kaggle/working/aml-quantum-pipeline/reports/supervisor_fixes/score_level_predictions_reduced_subset.csv,Isolation Forest + VQC Statevector,40,1,0.2955659678637743,0,0.3100287622305141
same_reduced_four_feature_subset,/kaggle/working/aml-quantum-pipeline/reports/supervisor_fixes/score_level_predictions_reduced_subset.csv,Isolation Forest + VQC Statevector,41,1,0.3155703969533916,1,0.3100287622305141
same_reduced_four_feature_subset,/kaggle/working/aml-quantum-pipeline/reports/supervisor_fixes/score_level_predictions_reduced_subset.csv,Isolation Forest + VQC Statevector,42,0,0.2804899642218728,0,0.3100287622305141
same_reduced_four_feature_subset,/kaggle/working/aml-quantum-pipeline/reports/supervisor_fixes/score_level_predictions_reduced_subset.csv,Isolation Forest + VQC Statevector,43,0,0.2845435589972795,0,0.3100287622305141
same_reduced_four_feature_subset,/kaggle/working/aml-quantum-pipeline/reports/supervisor_fixes/score_level_predictions_reduced_subset.csv,Isolation Forest + VQC Statevector,44,1,0.2906404802125622,0,0.3100287622305141
same_reduced_four_feature_subset,/kaggle/working/aml-quantum-pipeline/reports/supervisor_fixes/score_level_predictions_reduced_subset.csv,Isolation Forest + VQC Statevector,45,0,0.2800250169583717,0,0.3100287622305141
same_reduced_four_feature_subset,/kaggle/working/aml-quantum-pipeline/reports/supervisor_fixes/score_level_predictions_reduced_subset.csv,Isolation Forest + VQC Statevector,46,0,0.2888637678200568,0,0.3100287622305141
same_reduced_four_feature_subset,/kaggle/working/aml-quantum-pipeline/reports/supervisor_fixes/score_level_predictions_reduced_subset.csv,Isolation Forest + VQC Statevector,47,1,0.3085105419026502,0,0.3100287622305141
same_reduced_four_feature_subset,/kaggle/working/aml-quantum-pipeline/reports/supervisor_fixes/score_level_predictions_reduced_subset.csv,Isolation Forest + VQC Statevector,48,1,0.3135242898064281,1,0.3100287622305141
same_reduced_four_feature_subset,/kaggle/working/aml-quantum-pipeline/reports/supervisor_fixes/score_level_predictions_reduced_subset.csv,Isolation Forest + VQC Statevector,49,1,0.3034289656504869,0,0.3100287622305141
same_reduced_four_feature_subset,/kaggle/working/aml-quantum-pipeline/reports/supervisor_fixes/score_level_predictions_reduced_subset.csv,Isolation Forest + VQC Statevector,50,1,0.2853180082861327,0,0.3100287622305141
same_reduced_four_feature_subset,/kaggle/working/aml-quantum-pipeline/reports/supervisor_fixes/score_level_predictions_reduced_subset.csv,Isolation Forest + VQC Statevector,51,1,0.285953206565266,0,0.3100287622305141
same_reduced_four_feature_subset,/kaggle/working/aml-quantum-pipeline/reports/supervisor_fixes/score_level_predictions_reduced_subset.csv,Isolation Forest + VQC Statevector,52,0,0.2892960308924741,0,0.3100287622305141
same_reduced_four_feature_subset,/kaggle/working/aml-quantum-pipeline/reports/supervisor_fixes/score_level_predictions_reduced_subset.csv,Isolation Forest + VQC Statevector,53,0,0.2931026952241999,0,0.3100287622305141
same_reduced_four_feature_subset,/kaggle/working/aml-quantum-pipeline/reports/supervisor_fixes/score_level_predictions_reduced_subset.csv,Isolation Forest + VQC Statevector,54,0,0.2887966675100457,0,0.3100287622305141
same_reduced_four_feature_subset,/kaggle/working/aml-quantum-pipeline/reports/supervisor_fixes/score_level_predictions_reduced_subset.csv,Isolation Forest + VQC Statevector,55,0,0.2752858074860116,0,0.3100287622305141
same_reduced_four_feature_subset,/kaggle/working/aml-quantum-pipeline/reports/supervisor_fixes/score_level_predictions_reduced_subset.csv,Isolation Forest + VQC Statevector,56,1,0.2899500244039502,0,0.3100287622305141
same_reduced_four_feature_subset,/kaggle/working/aml-quantum-pipeline/reports/supervisor_fixes/score_level_predictions_reduced_subset.csv,Isolation Forest + VQC Statevector,57,1,0.3067018743639846,0,0.3100287622305141
same_reduced_four_feature_subset,/kaggle/working/aml-quantum-pipeline/reports/supervisor_fixes/score_level_predictions_reduced_subset.csv,Isolation Forest + VQC Statevector,58,1,0.3048994206061239,0,0.3100287622305141
same_reduced_four_feature_subset,/kaggle/working/aml-quantum-pipeline/reports/supervisor_fixes/score_level_predictions_reduced_subset.csv,Isolation Forest + VQC Statevector,59,1,0.3048241218959284,0,0.3100287622305141
same_reduced_four_feature_subset,/kaggle/working/aml-quantum-pipeline/reports/supervisor_fixes/score_level_predictions_reduced_subset.csv,Isolation Forest + VQC Statevector,60,0,0.2951876024082739,0,0.3100287622305141
same_reduced_four_feature_subset,/kaggle/working/aml-quantum-pipeline/reports/supervisor_fixes/score_level_predictions_reduced_subset.csv,Isolation Forest + VQC Statevector,61,0,0.2748475430371742,0,0.3100287622305141
same_reduced_four_feature_subset,/kaggle/working/aml-quantum-pipeline/reports/supervisor_fixes/score_level_predictions_reduced_subset.csv,Isolation Forest + VQC Statevector,62,1,0.3051659540346,0,0.3100287622305141
same_reduced_four_feature_subset,/kaggle/working/aml-quantum-pipeline/reports/supervisor_fixes/score_level_predictions_reduced_subset.csv,Isolation Forest + VQC Statevector,63,0,0.2761689916777463,0,0.3100287622305141
same_reduced_four_feature_subset,/kaggle/working/aml-quantum-pipeline/reports/supervisor_fixes/score_level_predictions_reduced_subset.csv,Isolation Forest + VQC Statevector,64,1,0.3070167874644648,0,0.3100287622305141
same_reduced_four_feature_subset,/kaggle/working/aml-quantum-pipeline/reports/supervisor_fixes/score_level_predictions_reduced_subset.csv,Isolation Forest + VQC Statevector,65,0,0.3024423317387236,0,0.3100287622305141
same_reduced_four_feature_subset,/kaggle/working/aml-quantum-pipeline/reports/supervisor_fixes/score_level_predictions_reduced_subset.csv,Isolation Forest + VQC Statevector,66,1,0.3018185561123123,0,0.3100287622305141
same_reduced_four_feature_subset,/kaggle/working/aml-quantum-pipeline/reports/supervisor_fixes/score_level_predictions_reduced_subset.csv,Isolation Forest + VQC Statevector,67,0,0.296258888256842,0,0.3100287622305141
same_reduced_four_feature_subset,/kaggle/working/aml-quantum-pipeline/reports/supervisor_fixes/score_level_predictions_reduced_subset.csv,Isolation Forest + VQC Statevector,68,1,0.2934889559643923,0,0.3100287622305141
same_reduced_four_feature_subset,/kaggle/working/aml-quantum-pipeline/reports/supervisor_fixes/score_level_predictions_reduced_subset.csv,Isolation Forest + VQC Statevector,69,0,0.2830917016137322,0,0.3100287622305141
same_reduced_four_feature_subset,/kaggle/working/aml-quantum-pipeline/reports/supervisor_fixes/score_level_predictions_reduced_subset.csv,Isolation Forest + VQC Statevector,70,0,0.3037461662641201,0,0.3100287622305141
same_reduced_four_feature_subset,/kaggle/working/aml-quantum-pipeline/reports/supervisor_fixes/score_level_predictions_reduced_subset.csv,Isolation Forest + VQC Statevector,71,0,0.2867665002121498,0,0.3100287622305141
same_reduced_four_feature_subset,/kaggle/working/aml-quantum-pipeline/reports/supervisor_fixes/score_level_predictions_reduced_subset.csv,Isolation Forest + VQC Statevector,72,0,0.2816631280694058,0,0.3100287622305141
same_reduced_four_feature_subset,/kaggle/working/aml-quantum-pipeline/reports/supervisor_fixes/score_level_predictions_reduced_subset.csv,Isolation Forest + VQC Statevector,73,1,0.2989127504926861,0,0.3100287622305141
same_reduced_four_feature_subset,/kaggle/working/aml-quantum-pipeline/reports/supervisor_fixes/score_level_predictions_reduced_subset.csv,Isolation Forest + VQC Statevector,74,0,0.2804899642218728,0,0.3100287622305141
same_reduced_four_feature_subset,/kaggle/working/aml-quantum-pipeline/reports/supervisor_fixes/score_level_predictions_reduced_subset.csv,Isolation Forest + VQC Statevector,75,0,0.2837990278144447,0,0.3100287622305141
same_reduced_four_feature_subset,/kaggle/working/aml-quantum-pipeline/reports/supervisor_fixes/score_level_predictions_reduced_subset.csv,Isolation Forest + VQC Statevector,76,0,0.2766139512809804,0,0.3100287622305141
same_reduced_four_feature_subset,/kaggle/working/aml-quantum-pipeline/reports/supervisor_fixes/score_level_predictions_reduced_subset.csv,Isolation Forest + VQC Statevector,77,0,0.2846676638750474,0,0.3100287622305141
same_reduced_four_feature_subset,/kaggle/working/aml-quantum-pipeline/reports/supervisor_fixes/score_level_predictions_reduced_subset.csv,Isolation Forest + VQC Statevector,78,1,0.2828664129714558,0,0.3100287622305141
same_reduced_four_feature_subset,/kaggle/working/aml-quantum-pipeline/reports/supervisor_fixes/score_level_predictions_reduced_subset.csv,Isolation Forest + VQC Statevector,79,1,0.30326542758308,0,0.3100287622305141
same_reduced_four_feature_subset,/kaggle/working/aml-quantum-pipeline/reports/supervisor_fixes/score_level_predictions_reduced_subset.csv,Isolation Forest + VQC Statevector,80,0,0.2752858074860116,0,0.3100287622305141
same_reduced_four_feature_subset,/kaggle/working/aml-quantum-pipeline/reports/supervisor_fixes/score_level_predictions_reduced_subset.csv,Isolation Forest + VQC Statevector,81,0,0.2823745458292631,0,0.3100287622305141
same_reduced_four_feature_subset,/kaggle/working/aml-quantum-pipeline/reports/supervisor_fixes/score_level_predictions_reduced_subset.csv,Isolation Forest + VQC Statevector,82,0,0.2833320428684452,0,0.3100287622305141
same_reduced_four_feature_subset,/kaggle/working/aml-quantum-pipeline/reports/supervisor_fixes/score_level_predictions_reduced_subset.csv,Isolation Forest + VQC Statevector,83,1,0.2820433754272738,0,0.3100287622305141
same_reduced_four_feature_subset,/kaggle/working/aml-quantum-pipeline/reports/supervisor_fixes/score_level_predictions_reduced_subset.csv,Isolation Forest + VQC Statevector,84,0,0.2818996347870966,0,0.3100287622305141
same_reduced_four_feature_subset,/kaggle/working/aml-quantum-pipeline/reports/supervisor_fixes/score_level_predictions_reduced_subset.csv,Isolation Forest + VQC Statevector,85,1,0.2877724126940369,0,0.3100287622305141
same_reduced_four_feature_subset,/kaggle/working/aml-quantum-pipeline/reports/supervisor_fixes/score_level_predictions_reduced_subset.csv,Isolation Forest + VQC Statevector,86,1,0.2943699377243944,0,0.3100287622305141
same_reduced_four_feature_subset,/kaggle/working/aml-quantum-pipeline/reports/supervisor_fixes/score_level_predictions_reduced_subset.csv,Isolation Forest + VQC Statevector,87,1,0.2863921211043788,0,0.3100287622305141
same_reduced_four_feature_subset,/kaggle/working/aml-quantum-pipeline/reports/supervisor_fixes/score_level_predictions_reduced_subset.csv,Isolation Forest + VQC Statevector,88,0,0.2852784308529821,0,0.3100287622305141
same_reduced_four_feature_subset,/kaggle/working/aml-quantum-pipeline/reports/supervisor_fixes/score_level_predictions_reduced_subset.csv,Isolation Forest + VQC Statevector,89,1,0.2904952115463617,0,0.3100287622305141
same_reduced_four_feature_subset,/kaggle/working/aml-quantum-pipeline/reports/supervisor_fixes/score_level_predictions_reduced_subset.csv,Isolation Forest + VQC Statevector,90,1,0.2914268395050809,0,0.3100287622305141
same_reduced_four_feature_subset,/kaggle/working/aml-quantum-pipeline/reports/supervisor_fixes/score_level_predictions_reduced_subset.csv,Isolation Forest + VQC Statevector,91,0,0.2779625448029886,0,0.3100287622305141
same_reduced_four_feature_subset,/kaggle/working/aml-quantum-pipeline/reports/supervisor_fixes/score_level_predictions_reduced_subset.csv,Isolation Forest + VQC Statevector,92,0,0.281427249917261,0,0.3100287622305141
same_reduced_four_feature_subset,/kaggle/working/aml-quantum-pipeline/reports/supervisor_fixes/score_level_predictions_reduced_subset.csv,Isolation Forest + VQC Statevector,93,1,0.308111139429068,0,0.3100287622305141
same_reduced_four_feature_subset,/kaggle/working/aml-quantum-pipeline/reports/supervisor_fixes/score_level_predictions_reduced_subset.csv,Isolation Forest + VQC Statevector,94,0,0.2852784308529821,0,0.3100287622305141
same_reduced_four_feature_subset,/kaggle/working/aml-quantum-pipeline/reports/supervisor_fixes/score_level_predictions_reduced_subset.csv,Isolation Forest + VQC Statevector,95,1,0.3089951596410522,0,0.3100287622305141
same_reduced_four_feature_subset,/kaggle/working/aml-quantum-pipeline/reports/supervisor_fixes/score_level_predictions_reduced_subset.csv,Isolation Forest + VQC Statevector,96,0,0.2779625448029886,0,0.3100287622305141
same_reduced_four_feature_subset,/kaggle/working/aml-quantum-pipeline/reports/supervisor_fixes/score_level_predictions_reduced_subset.csv,Isolation Forest + VQC Statevector,97,0,0.283573033932049,0,0.3100287622305141
same_reduced_four_feature_subset,/kaggle/working/aml-quantum-pipeline/reports/supervisor_fixes/score_level_predictions_reduced_subset.csv,Isolation Forest + VQC Statevector,98,0,0.2766139512809804,0,0.3100287622305141
same_reduced_four_feature_subset,/kaggle/working/aml-quantum-pipeline/reports/supervisor_fixes/score_level_predictions_reduced_subset.csv,Isolation Forest + VQC Statevector,99,0,0.2951409176316699,0,0.3100287622305141
same_reduced_four_feature_subset,/kaggle/working/aml-quantum-pipeline/reports/supervisor_fixes/score_level_predictions_reduced_subset.csv,Isolation Forest + VQC Statevector,100,0,0.283573033932049,0,0.3100287622305141
same_reduced_four_feature_subset,/kaggle/working/aml-quantum-pipeline/reports/supervisor_fixes/score_level_predictions_reduced_subset.csv,Isolation Forest + VQC Statevector,101,1,0.2931547481481436,0,0.3100287622305141
same_reduced_four_feature_subset,/kaggle/working/aml-quantum-pipeline/reports/supervisor_fixes/score_level_predictions_reduced_subset.csv,Isolation Forest + VQC Statevector,102,0,0.2852784308529821,0,0.3100287622305141
same_reduced_four_feature_subset,/kaggle/working/aml-quantum-pipeline/reports/supervisor_fixes/score_level_predictions_reduced_subset.csv,Isolation Forest + VQC Statevector,103,0,0.2797934572184857,0,0.3100287622305141
same_reduced_four_feature_subset,/kaggle/working/aml-quantum-pipeline/reports/supervisor_fixes/score_level_predictions_reduced_subset.csv,Isolation Forest + VQC Statevector,104,1,0.2801638519373978,0,0.3100287622305141
same_reduced_four_feature_subset,/kaggle/working/aml-quantum-pipeline/reports/supervisor_fixes/score_level_predictions_reduced_subset.csv,Isolation Forest + VQC Statevector,105,0,0.2980087099439935,0,0.3100287622305141
same_reduced_four_feature_subset,/kaggle/working/aml-quantum-pipeline/reports/supervisor_fixes/score_level_predictions_reduced_subset.csv,Isolation Forest + VQC Statevector,106,1,0.30227427401536,0,0.3100287622305141
same_reduced_four_feature_subset,/kaggle/working/aml-quantum-pipeline/reports/supervisor_fixes/score_level_predictions_reduced_subset.csv,Isolation Forest + VQC Statevector,107,0,0.288747958175667,0,0.3100287622305141
same_reduced_four_feature_subset,/kaggle/working/aml-quantum-pipeline/reports/supervisor_fixes/score_level_predictions_reduced_subset.csv,Isolation Forest + VQC Statevector,108,0,0.3063861969348275,0,0.3100287622305141
same_reduced_four_feature_subset,/kaggle/working/aml-quantum-pipeline/reports/supervisor_fixes/score_level_predictions_reduced_subset.csv,Isolation Forest + VQC Statevector,109,1,0.2885932529843394,0,0.3100287622305141
same_reduced_four_feature_subset,/kaggle/working/aml-quantum-pipeline/reports/supervisor_fixes/score_level_predictions_reduced_subset.csv,Isolation Forest + VQC Statevector,110,1,0.2971081898274565,0,0.3100287622305141
same_reduced_four_feature_subset,/kaggle/working/aml-quantum-pipeline/reports/supervisor_fixes/score_level_predictions_reduced_subset.csv,Isolation Forest + VQC Statevector,111,1,0.3082550161629557,0,0.3100287622305141
same_reduced_four_feature_subset,/kaggle/working/aml-quantum-pipeline/reports/supervisor_fixes/score_level_predictions_reduced_subset.csv,Isolation Forest + VQC Statevector,112,1,0.2870197855735041,0,0.3100287622305141
same_reduced_four_feature_subset,/kaggle/working/aml-quantum-pipeline/reports/supervisor_fixes/score_level_predictions_reduced_subset.csv,Isolation Forest + VQC Statevector,113,0,0.2752858074860116,0,0.3100287622305141
same_reduced_four_feature_subset,/kaggle/working/aml-quantum-pipeline/reports/supervisor_fixes/score_level_predictions_reduced_subset.csv,Isolation Forest + VQC Statevector,114,0,0.2823745458292631,0,0.3100287622305141
same_reduced_four_feature_subset,/kaggle/working/aml-quantum-pipeline/reports/supervisor_fixes/score_level_predictions_reduced_subset.csv,Isolation Forest + VQC Statevector,115,1,0.280412623054764,0,0.3100287622305141
same_reduced_four_feature_subset,/kaggle/working/aml-quantum-pipeline/reports/supervisor_fixes/score_level_predictions_reduced_subset.csv,Isolation Forest + VQC Statevector,116,1,0.3045707545938354,0,0.3100287622305141
same_reduced_four_feature_subset,/kaggle/working/aml-quantum-pipeline/reports/supervisor_fixes/score_level_predictions_reduced_subset.csv,Isolation Forest + VQC Statevector,117,1,0.3097344772676587,0,0.3100287622305141
same_reduced_four_feature_subset,/kaggle/working/aml-quantum-pipeline/reports/supervisor_fixes/score_level_predictions_reduced_subset.csv,Isolation Forest + VQC Statevector,118,1,0.2873997689979278,0,0.3100287622305141
same_reduced_four_feature_subset,/kaggle/working/aml-quantum-pipeline/reports/supervisor_fixes/score_level_predictions_reduced_subset.csv,Isolation Forest + VQC Statevector,119,1,0.2912856045444705,0,0.3100287622305141
same_reduced_four_feature_subset,/kaggle/working/aml-quantum-pipeline/reports/supervisor_fixes/score_level_predictions_reduced_subset.csv,Isolation Forest + VQC Statevector,120,0,0.2850328025404571,0,0.3100287622305141
same_reduced_four_feature_subset,/kaggle/working/aml-quantum-pipeline/reports/supervisor_fixes/score_level_predictions_reduced_subset.csv,Isolation Forest + VQC Statevector,121,0,0.2949194043148689,0,0.3100287622305141
same_reduced_four_feature_subset,/kaggle/working/aml-quantum-pipeline/reports/supervisor_fixes/score_level_predictions_reduced_subset.csv,Isolation Forest + VQC Statevector,122,0,0.2963360062418773,0,0.3100287622305141
same_reduced_four_feature_subset,/kaggle/working/aml-quantum-pipeline/reports/supervisor_fixes/score_level_predictions_reduced_subset.csv,Isolation Forest + VQC Statevector,123,0,0.2777363354627173,0,0.3100287622305141
same_reduced_four_feature_subset,/kaggle/working/aml-quantum-pipeline/reports/supervisor_fixes/score_level_predictions_reduced_subset.csv,Isolation Forest + VQC Statevector,124,0,0.3060797376206662,0,0.3100287622305141
same_reduced_four_feature_subset,/kaggle/working/aml-quantum-pipeline/reports/supervisor_fixes/score_level_predictions_reduced_subset.csv,Isolation Forest + VQC Statevector,125,1,0.284917112509827,0,0.3100287622305141
same_reduced_four_feature_subset,/kaggle/working/aml-quantum-pipeline/reports/supervisor_fixes/score_level_predictions_reduced_subset.csv,Isolation Forest + VQC Statevector,126,0,0.2847878463397647,0,0.3100287622305141
same_reduced_four_feature_subset,/kaggle/working/aml-quantum-pipeline/reports/supervisor_fixes/score_level_predictions_reduced_subset.csv,Isolation Forest + VQC Statevector,127,0,0.2788732454038379,0,0.3100287622305141
same_reduced_four_feature_subset,/kaggle/working/aml-quantum-pipeline/reports/supervisor_fixes/score_level_predictions_reduced_subset.csv,Isolation Forest + VQC Statevector,128,1,0.2860365215887223,0,0.3100287622305141
same_reduced_four_feature_subset,/kaggle/working/aml-quantum-pipeline/reports/supervisor_fixes/score_level_predictions_reduced_subset.csv,Isolation Forest + VQC Statevector,129,0,0.2860193813449472,0,0.3100287622305141
same_reduced_four_feature_subset,/kaggle/working/aml-quantum-pipeline/reports/supervisor_fixes/score_level_predictions_reduced_subset.csv,Isolation Forest + VQC Statevector,130,0,0.2748475430371742,0,0.3100287622305141
same_reduced_four_feature_subset,/kaggle/working/aml-quantum-pipeline/reports/supervisor_fixes/score_level_predictions_reduced_subset.csv,Isolation Forest + VQC Statevector,131,1,0.2852577935010932,0,0.3100287622305141
same_reduced_four_feature_subset,/kaggle/working/aml-quantum-pipeline/reports/supervisor_fixes/score_level_predictions_reduced_subset.csv,Isolation Forest + VQC Statevector,132,1,0.2795212616502705,0,0.3100287622305141
same_reduced_four_feature_subset,/kaggle/working/aml-quantum-pipeline/reports/supervisor_fixes/score_level_predictions_reduced_subset.csv,Isolation Forest + VQC Statevector,133,1,0.286462119809686,0,0.3100287622305141
same_reduced_four_feature_subset,/kaggle/working/aml-quantum-pipeline/reports/supervisor_fixes/score_level_predictions_reduced_subset.csv,Isolation Forest + VQC Statevector,134,1,0.2847646123361281,0,0.3100287622305141
same_reduced_four_feature_subset,/kaggle/working/aml-quantum-pipeline/reports/supervisor_fixes/score_level_predictions_reduced_subset.csv,Isolation Forest + VQC Statevector,135,1,0.2860365215887223,0,0.3100287622305141
same_reduced_four_feature_subset,/kaggle/working/aml-quantum-pipeline/reports/supervisor_fixes/score_level_predictions_reduced_subset.csv,Isolation Forest + VQC Statevector,136,0,0.2932743714287473,0,0.3100287622305141
same_reduced_four_feature_subset,/kaggle/working/aml-quantum-pipeline/reports/supervisor_fixes/score_level_predictions_reduced_subset.csv,Isolation Forest + VQC Statevector,137,1,0.3078046130950854,0,0.3100287622305141
same_reduced_four_feature_subset,/kaggle/working/aml-quantum-pipeline/reports/supervisor_fixes/score_level_predictions_reduced_subset.csv,Isolation Forest + VQC Statevector,138,0,0.2927698640967134,0,0.3100287622305141
same_reduced_four_feature_subset,/kaggle/working/aml-quantum-pipeline/reports/supervisor_fixes/score_level_predictions_reduced_subset.csv,Isolation Forest + VQC Statevector,139,0,0.2898152323419056,0,0.3100287622305141
same_reduced_four_feature_subset,/kaggle/working/aml-quantum-pipeline/reports/supervisor_fixes/score_level_predictions_reduced_subset.csv,Isolation Forest + VQC Statevector,140,1,0.309748750072343,0,0.3100287622305141
same_reduced_four_feature_subset,/kaggle/working/aml-quantum-pipeline/reports/supervisor_fixes/score_level_predictions_reduced_subset.csv,Isolation Forest + VQC Statevector,141,0,0.288999602342283,0,0.3100287622305141
same_reduced_four_feature_subset,/kaggle/working/aml-quantum-pipeline/reports/supervisor_fixes/score_level_predictions_reduced_subset.csv,Isolation Forest + VQC Statevector,142,0,0.2781893377897347,0,0.3100287622305141
same_reduced_four_feature_subset,/kaggle/working/aml-quantum-pipeline/reports/supervisor_fixes/score_level_predictions_reduced_subset.csv,Isolation Forest + VQC Statevector,143,1,0.2916027264666253,0,0.3100287622305141
same_reduced_four_feature_subset,/kaggle/working/aml-quantum-pipeline/reports/supervisor_fixes/score_level_predictions_reduced_subset.csv,Isolation Forest + VQC Statevector,144,0,0.266916183278374,0,0.3100287622305141
same_reduced_four_feature_subset,/kaggle/working/aml-quantum-pipeline/reports/supervisor_fixes/score_level_predictions_reduced_subset.csv,Isolation Forest + VQC Statevector,145,0,0.2795625029799888,0,0.3100287622305141
same_reduced_four_feature_subset,/kaggle/working/aml-quantum-pipeline/reports/supervisor_fixes/score_level_predictions_reduced_subset.csv,Isolation Forest + VQC Statevector,146,0,0.3004116179330791,0,0.3100287622305141
same_reduced_four_feature_subset,/kaggle/working/aml-quantum-pipeline/reports/supervisor_fixes/score_level_predictions_reduced_subset.csv,Isolation Forest + VQC Statevector,147,1,0.2959143421414917,0,0.3100287622305141
same_reduced_four_feature_subset,/kaggle/working/aml-quantum-pipeline/reports/supervisor_fixes/score_level_predictions_reduced_subset.csv,Isolation Forest + VQC Statevector,148,0,0.3019517770449018,0,0.3100287622305141
same_reduced_four_feature_subset,/kaggle/working/aml-quantum-pipeline/reports/supervisor_fixes/score_level_predictions_reduced_subset.csv,Isolation Forest + VQC Statevector,149,0,0.2855247345540206,0,0.3100287622305141
same_reduced_four_feature_subset,/kaggle/working/aml-quantum-pipeline/reports/supervisor_fixes/score_level_predictions_reduced_subset.csv,Isolation Forest + VQC Statevector,150,1,0.2935225851297345,0,0.3100287622305141
same_reduced_four_feature_subset,/kaggle/working/aml-quantum-pipeline/reports/supervisor_fixes/score_level_predictions_reduced_subset.csv,Isolation Forest + VQC Statevector,151,1,0.2920701476257889,0,0.3100287622305141
same_reduced_four_feature_subset,/kaggle/working/aml-quantum-pipeline/reports/supervisor_fixes/score_level_predictions_reduced_subset.csv,Isolation Forest + VQC Statevector,152,1,0.2901112045788153,0,0.3100287622305141
same_reduced_four_feature_subset,/kaggle/working/aml-quantum-pipeline/reports/supervisor_fixes/score_level_predictions_reduced_subset.csv,Isolation Forest + VQC Statevector,153,0,0.2785122938200439,0,0.3100287622305141
same_reduced_four_feature_subset,/kaggle/working/aml-quantum-pipeline/reports/supervisor_fixes/score_level_predictions_reduced_subset.csv,Isolation Forest + VQC Statevector,154,1,0.3076075932957458,0,0.3100287622305141
same_reduced_four_feature_subset,/kaggle/working/aml-quantum-pipeline/reports/supervisor_fixes/score_level_predictions_reduced_subset.csv,Isolation Forest + VQC Statevector,155,0,0.2809573675211662,0,0.3100287622305141
same_reduced_four_feature_subset,/kaggle/working/aml-quantum-pipeline/reports/supervisor_fixes/score_level_predictions_reduced_subset.csv,Isolation Forest + VQC Statevector,156,0,0.2880256557276929,0,0.3100287622305141
same_reduced_four_feature_subset,/kaggle/working/aml-quantum-pipeline/reports/supervisor_fixes/score_level_predictions_reduced_subset.csv,Isolation Forest + VQC Statevector,157,1,0.2928611150092302,0,0.3100287622305141
same_reduced_four_feature_subset,/kaggle/working/aml-quantum-pipeline/reports/supervisor_fixes/score_level_predictions_reduced_subset.csv,Isolation Forest + VQC Statevector,158,0,0.2948936660189981,0,0.3100287622305141
same_reduced_four_feature_subset,/kaggle/working/aml-quantum-pipeline/reports/supervisor_fixes/score_level_predictions_reduced_subset.csv,Isolation Forest + VQC Statevector,159,0,0.2872680515236935,0,0.3100287622305141
same_reduced_four_feature_subset,/kaggle/working/aml-quantum-pipeline/reports/supervisor_fixes/score_level_predictions_reduced_subset.csv,Isolation Forest + VQC Statevector,160,1,0.289713146908407,0,0.3100287622305141
same_reduced_four_feature_subset,/kaggle/working/aml-quantum-pipeline/reports/supervisor_fixes/score_level_predictions_reduced_subset.csv,Isolation Forest + VQC Statevector,161,0,0.2926168426022901,0,0.3100287622305141
same_reduced_four_feature_subset,/kaggle/working/aml-quantum-pipeline/reports/supervisor_fixes/score_level_predictions_reduced_subset.csv,Isolation Forest + VQC Statevector,162,1,0.2858401691153155,0,0.3100287622305141
same_reduced_four_feature_subset,/kaggle/working/aml-quantum-pipeline/reports/supervisor_fixes/score_level_predictions_reduced_subset.csv,Isolation Forest + VQC Statevector,163,1,0.3072304519178687,0,0.3100287622305141
same_reduced_four_feature_subset,/kaggle/working/aml-quantum-pipeline/reports/supervisor_fixes/score_level_predictions_reduced_subset.csv,Isolation Forest + VQC Statevector,164,0,0.2875198791325488,0,0.3100287622305141
same_reduced_four_feature_subset,/kaggle/working/aml-quantum-pipeline/reports/supervisor_fixes/score_level_predictions_reduced_subset.csv,Isolation Forest + VQC Statevector,165,0,0.283573033932049,0,0.3100287622305141
same_reduced_four_feature_subset,/kaggle/working/aml-quantum-pipeline/reports/supervisor_fixes/score_level_predictions_reduced_subset.csv,Isolation Forest + VQC Statevector,166,0,0.2848471666151445,0,0.3100287622305141
same_reduced_four_feature_subset,/kaggle/working/aml-quantum-pipeline/reports/supervisor_fixes/score_level_predictions_reduced_subset.csv,Isolation Forest + VQC Statevector,167,1,0.2927267367013832,0,0.3100287622305141
same_reduced_four_feature_subset,/kaggle/working/aml-quantum-pipeline/reports/supervisor_fixes/score_level_predictions_reduced_subset.csv,Isolation Forest + VQC Statevector,168,1,0.2839463840751583,0,0.3100287622305141
same_reduced_four_feature_subset,/kaggle/working/aml-quantum-pipeline/reports/supervisor_fixes/score_level_predictions_reduced_subset.csv,Isolation Forest + VQC Statevector,169,0,0.2770611828978204,0,0.3100287622305141
same_reduced_four_feature_subset,/kaggle/working/aml-quantum-pipeline/reports/supervisor_fixes/score_level_predictions_reduced_subset.csv,Isolation Forest + VQC Statevector,170,1,0.2934889559643923,0,0.3100287622305141
same_reduced_four_feature_subset,/kaggle/working/aml-quantum-pipeline/reports/supervisor_fixes/score_level_predictions_reduced_subset.csv,Isolation Forest + VQC Statevector,171,0,0.2862677311054368,0,0.3100287622305141
same_reduced_four_feature_subset,/kaggle/working/aml-quantum-pipeline/reports/supervisor_fixes/score_level_predictions_reduced_subset.csv,Isolation Forest + VQC Statevector,172,1,0.3072601094983734,0,0.3100287622305141
same_reduced_four_feature_subset,/kaggle/working/aml-quantum-pipeline/reports/supervisor_fixes/score_level_predictions_reduced_subset.csv,Isolation Forest + VQC Statevector,173,1,0.2818855498704393,0,0.3100287622305141
same_reduced_four_feature_subset,/kaggle/working/aml-quantum-pipeline/reports/supervisor_fixes/score_level_predictions_reduced_subset.csv,Isolation Forest + VQC Statevector,174,1,0.2667170393122717,0,0.3100287622305141
same_reduced_four_feature_subset,/kaggle/working/aml-quantum-pipeline/reports/supervisor_fixes/score_level_predictions_reduced_subset.csv,Isolation Forest + VQC Statevector,175,1,0.3156649301895244,1,0.3100287622305141
same_reduced_four_feature_subset,/kaggle/working/aml-quantum-pipeline/reports/supervisor_fixes/score_level_predictions_reduced_subset.csv,Isolation Forest + VQC Statevector,176,0,0.2852784308529821,0,0.3100287622305141
same_reduced_four_feature_subset,/kaggle/working/aml-quantum-pipeline/reports/supervisor_fixes/score_level_predictions_reduced_subset.csv,Isolation Forest + VQC Statevector,177,0,0.2855247345540206,0,0.3100287622305141
same_reduced_four_feature_subset,/kaggle/working/aml-quantum-pipeline/reports/supervisor_fixes/score_level_predictions_reduced_subset.csv,Isolation Forest + VQC Statevector,178,0,0.2795625029799888,0,0.3100287622305141
same_reduced_four_feature_subset,/kaggle/working/aml-quantum-pipeline/reports/supervisor_fixes/score_level_predictions_reduced_subset.csv,Isolation Forest + VQC Statevector,179,1,0.2867456603476223,0,0.3100287622305141
same_reduced_four_feature_subset,/kaggle/working/aml-quantum-pipeline/reports/supervisor_fixes/score_level_predictions_reduced_subset.csv,Isolation Forest + VQC Statevector,180,1,0.3058545566167543,0,0.3100287622305141
same_reduced_four_feature_subset,/kaggle/working/aml-quantum-pipeline/reports/supervisor_fixes/score_level_predictions_reduced_subset.csv,Isolation Forest + VQC Statevector,181,0,0.2910945239435796,0,0.3100287622305141
same_reduced_four_feature_subset,/kaggle/working/aml-quantum-pipeline/reports/supervisor_fixes/score_level_predictions_reduced_subset.csv,Isolation Forest + VQC Statevector,182,1,0.3046818437130669,0,0.3100287622305141
same_reduced_four_feature_subset,/kaggle/working/aml-quantum-pipeline/reports/supervisor_fixes/score_level_predictions_reduced_subset.csv,Isolation Forest + VQC Statevector,183,0,0.2971977954602552,0,0.3100287622305141
same_reduced_four_feature_subset,/kaggle/working/aml-quantum-pipeline/reports/supervisor_fixes/score_level_predictions_reduced_subset.csv,Isolation Forest + VQC Statevector,184,1,0.3073553145962021,0,0.3100287622305141
same_reduced_four_feature_subset,/kaggle/working/aml-quantum-pipeline/reports/supervisor_fixes/score_level_predictions_reduced_subset.csv,Isolation Forest + VQC Statevector,185,1,0.2922147296492957,0,0.3100287622305141
same_reduced_four_feature_subset,/kaggle/working/aml-quantum-pipeline/reports/supervisor_fixes/score_level_predictions_reduced_subset.csv,Isolation Forest + VQC Statevector,186,0,0.2857717169435272,0,0.3100287622305141
same_reduced_four_feature_subset,/kaggle/working/aml-quantum-pipeline/reports/supervisor_fixes/score_level_predictions_reduced_subset.csv,Isolation Forest + VQC Statevector,187,1,0.3082204376282903,0,0.3100287622305141
same_reduced_four_feature_subset,/kaggle/working/aml-quantum-pipeline/reports/supervisor_fixes/score_level_predictions_reduced_subset.csv,Isolation Forest + VQC Statevector,188,1,0.2887125339624681,0,0.3100287622305141
same_reduced_four_feature_subset,/kaggle/working/aml-quantum-pipeline/reports/supervisor_fixes/score_level_predictions_reduced_subset.csv,Isolation Forest + VQC Statevector,189,0,0.2984545152406329,0,0.3100287622305141
same_reduced_four_feature_subset,/kaggle/working/aml-quantum-pipeline/reports/supervisor_fixes/score_level_predictions_reduced_subset.csv,Isolation Forest + VQC Statevector,190,1,0.3094702928005174,0,0.3100287622305141
same_reduced_four_feature_subset,/kaggle/working/aml-quantum-pipeline/reports/supervisor_fixes/score_level_predictions_reduced_subset.csv,Isolation Forest + VQC Statevector,191,1,0.2844931820722108,0,0.3100287622305141
same_reduced_four_feature_subset,/kaggle/working/aml-quantum-pipeline/reports/supervisor_fixes/score_level_predictions_reduced_subset.csv,Isolation Forest + VQC Statevector,192,0,0.3082688978004788,0,0.3100287622305141
same_reduced_four_feature_subset,/kaggle/working/aml-quantum-pipeline/reports/supervisor_fixes/score_level_predictions_reduced_subset.csv,Isolation Forest + VQC Statevector,193,0,0.2752858074860116,0,0.3100287622305141
same_reduced_four_feature_subset,/kaggle/working/aml-quantum-pipeline/reports/supervisor_fixes/score_level_predictions_reduced_subset.csv,Isolation Forest + VQC Statevector,194,1,0.3067286469268372,0,0.3100287622305141
same_reduced_four_feature_subset,/kaggle/working/aml-quantum-pipeline/reports/supervisor_fixes/score_level_predictions_reduced_subset.csv,Isolation Forest + VQC Statevector,195,1,0.2860319165754769,0,0.3100287622305141
same_reduced_four_feature_subset,/kaggle/working/aml-quantum-pipeline/reports/supervisor_fixes/score_level_predictions_reduced_subset.csv,Isolation Forest + VQC Statevector,196,1,0.2980768342619229,0,0.3100287622305141
same_reduced_four_feature_subset,/kaggle/working/aml-quantum-pipeline/reports/supervisor_fixes/score_level_predictions_reduced_subset.csv,Isolation Forest + VQC Statevector,197,1,0.2833071840269276,0,0.3100287622305141
same_reduced_four_feature_subset,/kaggle/working/aml-quantum-pipeline/reports/supervisor_fixes/score_level_predictions_reduced_subset.csv,Isolation Forest + VQC Statevector,198,1,0.2848843775479937,0,0.3100287622305141
same_reduced_four_feature_subset,/kaggle/working/aml-quantum-pipeline/reports/supervisor_fixes/score_level_predictions_reduced_subset.csv,Isolation Forest + VQC Statevector,199,1,0.3080264599893577,0,0.3100287622305141
same_reduced_four_feature_subset,/kaggle/working/aml-quantum-pipeline/reports/supervisor_fixes/score_level_predictions_reduced_subset.csv,Isolation Forest + VQC Statevector,200,0,0.2895237135289535,0,0.3100287622305141
same_reduced_four_feature_subset,/kaggle/working/aml-quantum-pipeline/reports/supervisor_fixes/score_level_predictions_reduced_subset.csv,Isolation Forest + VQC Statevector,201,0,0.2788732454038379,0,0.3100287622305141
same_reduced_four_feature_subset,/kaggle/working/aml-quantum-pipeline/reports/supervisor_fixes/score_level_predictions_reduced_subset.csv,Isolation Forest + VQC Statevector,202,0,0.2909515554999717,0,0.3100287622305141
same_reduced_four_feature_subset,/kaggle/working/aml-quantum-pipeline/reports/supervisor_fixes/score_level_predictions_reduced_subset.csv,Isolation Forest + VQC Statevector,203,1,0.3033206728030108,0,0.3100287622305141
same_reduced_four_feature_subset,/kaggle/working/aml-quantum-pipeline/reports/supervisor_fixes/score_level_predictions_reduced_subset.csv,Isolation Forest + VQC Statevector,204,0,0.2893118923091576,0,0.3100287622305141
same_reduced_four_feature_subset,/kaggle/working/aml-quantum-pipeline/reports/supervisor_fixes/score_level_predictions_reduced_subset.csv,Isolation Forest + VQC Statevector,205,0,0.2937046538680596,0,0.3100287622305141
same_reduced_four_feature_subset,/kaggle/working/aml-quantum-pipeline/reports/supervisor_fixes/score_level_predictions_reduced_subset.csv,Isolation Forest + VQC Statevector,206,1,0.2842425343439657,0,0.3100287622305141
same_reduced_four_feature_subset,/kaggle/working/aml-quantum-pipeline/reports/supervisor_fixes/score_level_predictions_reduced_subset.csv,Isolation Forest + VQC Statevector,207,1,0.3006316958293996,0,0.3100287622305141
same_reduced_four_feature_subset,/kaggle/working/aml-quantum-pipeline/reports/supervisor_fixes/score_level_predictions_reduced_subset.csv,Isolation Forest + VQC Statevector,208,0,0.2826129561601687,0,0.3100287622305141
same_reduced_four_feature_subset,/kaggle/working/aml-quantum-pipeline/reports/supervisor_fixes/score_level_predictions_reduced_subset.csv,Isolation Forest + VQC Statevector,209,1,0.2835228293088078,0,0.3100287622305141
same_reduced_four_feature_subset,/kaggle/working/aml-quantum-pipeline/reports/supervisor_fixes/score_level_predictions_reduced_subset.csv,Isolation Forest + VQC Statevector,210,1,0.2832632929218407,0,0.3100287622305141
same_reduced_four_feature_subset,/kaggle/working/aml-quantum-pipeline/reports/supervisor_fixes/score_level_predictions_reduced_subset.csv,Isolation Forest + VQC Statevector,211,0,0.2986170088956442,0,0.3100287622305141
same_reduced_four_feature_subset,/kaggle/working/aml-quantum-pipeline/reports/supervisor_fixes/score_level_predictions_reduced_subset.csv,Isolation Forest + VQC Statevector,212,1,0.2830084057423693,0,0.3100287622305141
same_reduced_four_feature_subset,/kaggle/working/aml-quantum-pipeline/reports/supervisor_fixes/score_level_predictions_reduced_subset.csv,Isolation Forest + VQC Statevector,213,1,0.3005479808529,0,0.3100287622305141
same_reduced_four_feature_subset,/kaggle/working/aml-quantum-pipeline/reports/supervisor_fixes/score_level_predictions_reduced_subset.csv,Isolation Forest + VQC Statevector,214,1,0.2880909372758202,0,0.3100287622305141
same_reduced_four_feature_subset,/kaggle/working/aml-quantum-pipeline/reports/supervisor_fixes/score_level_predictions_reduced_subset.csv,Isolation Forest + VQC Statevector,215,1,0.2993291241590103,0,0.3100287622305141
same_reduced_four_feature_subset,/kaggle/working/aml-quantum-pipeline/reports/supervisor_fixes/score_level_predictions_reduced_subset.csv,Isolation Forest + VQC Statevector,216,1,0.2940526869737749,0,0.3100287622305141
same_reduced_four_feature_subset,/kaggle/working/aml-quantum-pipeline/reports/supervisor_fixes/score_level_predictions_reduced_subset.csv,Isolation Forest + VQC Statevector,217,0,0.2907104909047298,0,0.3100287622305141
same_reduced_four_feature_subset,/kaggle/working/aml-quantum-pipeline/reports/supervisor_fixes/score_level_predictions_reduced_subset.csv,Isolation Forest + VQC Statevector,218,1,0.2723321210355294,0,0.3100287622305141
same_reduced_four_feature_subset,/kaggle/working/aml-quantum-pipeline/reports/supervisor_fixes/score_level_predictions_reduced_subset.csv,Isolation Forest + VQC Statevector,219,1,0.3066183068111415,0,0.3100287622305141
same_reduced_four_feature_subset,/kaggle/working/aml-quantum-pipeline/reports/supervisor_fixes/score_level_predictions_reduced_subset.csv,Isolation Forest + VQC Statevector,220,1,0.2947543833949251,0,0.3100287622305141
same_reduced_four_feature_subset,/kaggle/working/aml-quantum-pipeline/reports/supervisor_fixes/score_level_predictions_reduced_subset.csv,Isolation Forest + VQC Statevector,221,1,0.3059085086677665,0,0.3100287622305141
same_reduced_four_feature_subset,/kaggle/working/aml-quantum-pipeline/reports/supervisor_fixes/score_level_predictions_reduced_subset.csv,Isolation Forest + VQC Statevector,222,0,0.2865167695960873,0,0.3100287622305141
same_reduced_four_feature_subset,/kaggle/working/aml-quantum-pipeline/reports/supervisor_fixes/score_level_predictions_reduced_subset.csv,Isolation Forest + VQC Statevector,223,0,0.2880256557276929,0,0.3100287622305141
same_reduced_four_feature_subset,/kaggle/working/aml-quantum-pipeline/reports/supervisor_fixes/score_level_predictions_reduced_subset.csv,Isolation Forest + VQC Statevector,224,0,0.2890457938749066,0,0.3100287622305141
same_reduced_four_feature_subset,/kaggle/working/aml-quantum-pipeline/reports/supervisor_fixes/score_level_predictions_reduced_subset.csv,Isolation Forest + VQC Statevector,225,1,0.2826014171833789,0,0.3100287622305141
same_reduced_four_feature_subset,/kaggle/working/aml-quantum-pipeline/reports/supervisor_fixes/score_level_predictions_reduced_subset.csv,Isolation Forest + VQC Statevector,226,1,0.2857717169435272,0,0.3100287622305141
same_reduced_four_feature_subset,/kaggle/working/aml-quantum-pipeline/reports/supervisor_fixes/score_level_predictions_reduced_subset.csv,Isolation Forest + VQC Statevector,227,1,0.3147390857358322,1,0.3100287622305141
same_reduced_four_feature_subset,/kaggle/working/aml-quantum-pipeline/reports/supervisor_fixes/score_level_predictions_reduced_subset.csv,Isolation Forest + VQC Statevector,228,0,0.3040917809028758,0,0.3100287622305141
same_reduced_four_feature_subset,/kaggle/working/aml-quantum-pipeline/reports/supervisor_fixes/score_level_predictions_reduced_subset.csv,Isolation Forest + VQC Statevector,229,1,0.305021157711923,0,0.3100287622305141
same_reduced_four_feature_subset,/kaggle/working/aml-quantum-pipeline/reports/supervisor_fixes/score_level_predictions_reduced_subset.csv,Isolation Forest + VQC Statevector,230,0,0.2877724126940369,0,0.3100287622305141
same_reduced_four_feature_subset,/kaggle/working/aml-quantum-pipeline/reports/supervisor_fixes/score_level_predictions_reduced_subset.csv,Isolation Forest + VQC Statevector,231,1,0.2948176889635588,0,0.3100287622305141
same_reduced_four_feature_subset,/kaggle/working/aml-quantum-pipeline/reports/supervisor_fixes/score_level_predictions_reduced_subset.csv,Isolation Forest + VQC Statevector,232,0,0.2797934572184857,0,0.3100287622305141
same_reduced_four_feature_subset,/kaggle/working/aml-quantum-pipeline/reports/supervisor_fixes/score_level_predictions_reduced_subset.csv,Isolation Forest + VQC Statevector,233,1,0.2929386879419588,0,0.3100287622305141
same_reduced_four_feature_subset,/kaggle/working/aml-quantum-pipeline/reports/supervisor_fixes/score_level_predictions_reduced_subset.csv,Isolation Forest + VQC Statevector,234,0,0.2802571850147738,0,0.3100287622305141
same_reduced_four_feature_subset,/kaggle/working/aml-quantum-pipeline/reports/supervisor_fixes/score_level_predictions_reduced_subset.csv,Isolation Forest + VQC Statevector,235,1,0.299339455749796,0,0.3100287622305141
same_reduced_four_feature_subset,/kaggle/working/aml-quantum-pipeline/reports/supervisor_fixes/score_level_predictions_reduced_subset.csv,Isolation Forest + VQC Statevector,236,1,0.2841072819758672,0,0.3100287622305141
same_reduced_four_feature_subset,/kaggle/working/aml-quantum-pipeline/reports/supervisor_fixes/score_level_predictions_reduced_subset.csv,Isolation Forest + VQC Statevector,237,1,0.3068679172940471,0,0.3100287622305141
same_reduced_four_feature_subset,/kaggle/working/aml-quantum-pipeline/reports/supervisor_fixes/score_level_predictions_reduced_subset.csv,Isolation Forest + VQC Statevector,238,0,0.3157841289092233,1,0.3100287622305141
same_reduced_four_feature_subset,/kaggle/working/aml-quantum-pipeline/reports/supervisor_fixes/score_level_predictions_reduced_subset.csv,Isolation Forest + VQC Statevector,239,0,0.2826129561601687,0,0.3100287622305141
same_reduced_four_feature_subset,/kaggle/working/aml-quantum-pipeline/reports/supervisor_fixes/score_level_predictions_reduced_subset.csv,Isolation Forest + VQC Statevector,240,0,0.2872680515236935,0,0.3100287622305141
same_reduced_four_feature_subset,/kaggle/working/aml-quantum-pipeline/reports/supervisor_fixes/score_level_predictions_reduced_subset.csv,Isolation Forest + VQC Statevector,241,1,0.2913849071364023,0,0.3100287622305141
same_reduced_four_feature_subset,/kaggle/working/aml-quantum-pipeline/reports/supervisor_fixes/score_level_predictions_reduced_subset.csv,Isolation Forest + VQC Statevector,242,0,0.2887896772420815,0,0.3100287622305141
same_reduced_four_feature_subset,/kaggle/working/aml-quantum-pipeline/reports/supervisor_fixes/score_level_predictions_reduced_subset.csv,Isolation Forest + VQC Statevector,243,1,0.2959403703052703,0,0.3100287622305141
same_reduced_four_feature_subset,/kaggle/working/aml-quantum-pipeline/reports/supervisor_fixes/score_level_predictions_reduced_subset.csv,Isolation Forest + VQC Statevector,244,1,0.3155665890298723,1,0.3100287622305141
same_reduced_four_feature_subset,/kaggle/working/aml-quantum-pipeline/reports/supervisor_fixes/score_level_predictions_reduced_subset.csv,Isolation Forest + VQC Statevector,245,1,0.3028110981478611,0,0.3100287622305141
same_reduced_four_feature_subset,/kaggle/working/aml-quantum-pipeline/reports/supervisor_fixes/score_level_predictions_reduced_subset.csv,Isolation Forest + VQC Statevector,246,1,0.2817517211137275,0,0.3100287622305141
same_reduced_four_feature_subset,/kaggle/working/aml-quantum-pipeline/reports/supervisor_fixes/score_level_predictions_reduced_subset.csv,Isolation Forest + VQC Statevector,247,0,0.2954220244802124,0,0.3100287622305141
same_reduced_four_feature_subset,/kaggle/working/aml-quantum-pipeline/reports/supervisor_fixes/score_level_predictions_reduced_subset.csv,Isolation Forest + VQC Statevector,248,1,0.305987425131748,0,0.3100287622305141
same_reduced_four_feature_subset,/kaggle/working/aml-quantum-pipeline/reports/supervisor_fixes/score_level_predictions_reduced_subset.csv,Isolation Forest + VQC Statevector,249,0,0.2850328025404571,0,0.3100287622305141
same_reduced_four_feature_subset,/kaggle/working/aml-quantum-pipeline/reports/supervisor_fixes/score_level_predictions_reduced_subset.csv,Isolation Forest + VQC Statevector,250,0,0.2925310251102345,0,0.3100287622305141
same_reduced_four_feature_subset,/kaggle/working/aml-quantum-pipeline/reports/supervisor_fixes/score_level_predictions_reduced_subset.csv,Isolation Forest + VQC Statevector,251,0,0.2972738941713172,0,0.3100287622305141
same_reduced_four_feature_subset,/kaggle/working/aml-quantum-pipeline/reports/supervisor_fixes/score_level_predictions_reduced_subset.csv,Isolation Forest + VQC Statevector,252,1,0.3023838087786251,0,0.3100287622305141
same_reduced_four_feature_subset,/kaggle/working/aml-quantum-pipeline/reports/supervisor_fixes/score_level_predictions_reduced_subset.csv,Isolation Forest + VQC Statevector,253,0,0.2882796117786245,0,0.3100287622305141
same_reduced_four_feature_subset,/kaggle/working/aml-quantum-pipeline/reports/supervisor_fixes/score_level_predictions_reduced_subset.csv,Isolation Forest + VQC Statevector,254,1,0.2918045329961864,0,0.3100287622305141
same_reduced_four_feature_subset,/kaggle/working/aml-quantum-pipeline/reports/supervisor_fixes/score_level_predictions_reduced_subset.csv,Isolation Forest + VQC Statevector,255,1,0.2835999052807222,0,0.3100287622305141
same_reduced_four_feature_subset,/kaggle/working/aml-quantum-pipeline/reports/supervisor_fixes/score_level_predictions_reduced_subset.csv,Isolation Forest + VQC Statevector,256,1,0.3082903284102336,0,0.3100287622305141
same_reduced_four_feature_subset,/kaggle/working/aml-quantum-pipeline/reports/supervisor_fixes/score_level_predictions_reduced_subset.csv,Isolation Forest + VQC Statevector,257,0,0.2968486032366891,0,0.3100287622305141
same_reduced_four_feature_subset,/kaggle/working/aml-quantum-pipeline/reports/supervisor_fixes/score_level_predictions_reduced_subset.csv,Isolation Forest + VQC Statevector,258,0,0.2953949432195018,0,0.3100287622305141
same_reduced_four_feature_subset,/kaggle/working/aml-quantum-pipeline/reports/supervisor_fixes/score_level_predictions_reduced_subset.csv,Isolation Forest + VQC Statevector,259,1,0.280452504003899,0,0.3100287622305141
same_reduced_four_feature_subset,/kaggle/working/aml-quantum-pipeline/reports/supervisor_fixes/score_level_predictions_reduced_subset.csv,Isolation Forest + VQC Statevector,260,1,0.3001379411942798,0,0.3100287622305141
same_reduced_four_feature_subset,/kaggle/working/aml-quantum-pipeline/reports/supervisor_fixes/score_level_predictions_reduced_subset.csv,Isolation Forest + VQC Statevector,261,1,0.315840975317494,1,0.3100287622305141
same_reduced_four_feature_subset,/kaggle/working/aml-quantum-pipeline/reports/supervisor_fixes/score_level_predictions_reduced_subset.csv,Isolation Forest + VQC Statevector,262,1,0.3022137202123934,0,0.3100287622305141
same_reduced_four_feature_subset,/kaggle/working/aml-quantum-pipeline/reports/supervisor_fixes/score_level_predictions_reduced_subset.csv,Isolation Forest + VQC Statevector,263,0,0.2887537579106387,0,0.3100287622305141
same_reduced_four_feature_subset,/kaggle/working/aml-quantum-pipeline/reports/supervisor_fixes/score_level_predictions_reduced_subset.csv,Isolation Forest + VQC Statevector,264,0,0.2748475430371742,0,0.3100287622305141
same_reduced_four_feature_subset,/kaggle/working/aml-quantum-pipeline/reports/supervisor_fixes/score_level_predictions_reduced_subset.csv,Isolation Forest + VQC Statevector,265,1,0.2906915630201634,0,0.3100287622305141
same_reduced_four_feature_subset,/kaggle/working/aml-quantum-pipeline/reports/supervisor_fixes/score_level_predictions_reduced_subset.csv,Isolation Forest + VQC Statevector,266,1,0.3018626874967884,0,0.3100287622305141
same_reduced_four_feature_subset,/kaggle/working/aml-quantum-pipeline/reports/supervisor_fixes/score_level_predictions_reduced_subset.csv,Isolation Forest + VQC Statevector,267,0,0.2797934572184857,0,0.3100287622305141
same_reduced_four_feature_subset,/kaggle/working/aml-quantum-pipeline/reports/supervisor_fixes/score_level_predictions_reduced_subset.csv,Isolation Forest + VQC Statevector,268,0,0.2807233574330711,0,0.3100287622305141
same_reduced_four_feature_subset,/kaggle/working/aml-quantum-pipeline/reports/supervisor_fixes/score_level_predictions_reduced_subset.csv,Isolation Forest + VQC Statevector,269,1,0.2927821669226919,0,0.3100287622305141
same_reduced_four_feature_subset,/kaggle/working/aml-quantum-pipeline/reports/supervisor_fixes/score_level_predictions_reduced_subset.csv,Isolation Forest + VQC Statevector,270,1,0.3014295019249221,0,0.3100287622305141
same_reduced_four_feature_subset,/kaggle/working/aml-quantum-pipeline/reports/supervisor_fixes/score_level_predictions_reduced_subset.csv,Isolation Forest + VQC Statevector,271,0,0.2804899642218728,0,0.3100287622305141
same_reduced_four_feature_subset,/kaggle/working/aml-quantum-pipeline/reports/supervisor_fixes/score_level_predictions_reduced_subset.csv,Isolation Forest + VQC Statevector,272,1,0.3096406474911264,0,0.3100287622305141
same_reduced_four_feature_subset,/kaggle/working/aml-quantum-pipeline/reports/supervisor_fixes/score_level_predictions_reduced_subset.csv,Isolation Forest + VQC Statevector,273,0,0.2746292341311748,0,0.3100287622305141
same_reduced_four_feature_subset,/kaggle/working/aml-quantum-pipeline/reports/supervisor_fixes/score_level_predictions_reduced_subset.csv,Isolation Forest + VQC Statevector,274,1,0.3073743234802715,0,0.3100287622305141
same_reduced_four_feature_subset,/kaggle/working/aml-quantum-pipeline/reports/supervisor_fixes/score_level_predictions_reduced_subset.csv,Isolation Forest + VQC Statevector,275,1,0.2656310133837154,0,0.3100287622305141
same_reduced_four_feature_subset,/kaggle/working/aml-quantum-pipeline/reports/supervisor_fixes/score_level_predictions_reduced_subset.csv,Isolation Forest + VQC Statevector,276,0,0.308529227252118,0,0.3100287622305141
same_reduced_four_feature_subset,/kaggle/working/aml-quantum-pipeline/reports/supervisor_fixes/score_level_predictions_reduced_subset.csv,Isolation Forest + VQC Statevector,277,0,0.2948682860821274,0,0.3100287622305141
same_reduced_four_feature_subset,/kaggle/working/aml-quantum-pipeline/reports/supervisor_fixes/score_level_predictions_reduced_subset.csv,Isolation Forest + VQC Statevector,278,0,0.2942491704243254,0,0.3100287622305141
same_reduced_four_feature_subset,/kaggle/working/aml-quantum-pipeline/reports/supervisor_fixes/score_level_predictions_reduced_subset.csv,Isolation Forest + VQC Statevector,279,0,0.2877724126940369,0,0.3100287622305141
same_reduced_four_feature_subset,/kaggle/working/aml-quantum-pipeline/reports/supervisor_fixes/score_level_predictions_reduced_subset.csv,Isolation Forest + VQC Statevector,280,0,0.2885653868329114,0,0.3100287622305141
same_reduced_four_feature_subset,/kaggle/working/aml-quantum-pipeline/reports/supervisor_fixes/score_level_predictions_reduced_subset.csv,Isolation Forest + VQC Statevector,281,0,0.2781893377897347,0,0.3100287622305141
same_reduced_four_feature_subset,/kaggle/working/aml-quantum-pipeline/reports/supervisor_fixes/score_level_predictions_reduced_subset.csv,Isolation Forest + VQC Statevector,282,1,0.2969913084893447,0,0.3100287622305141
same_reduced_four_feature_subset,/kaggle/working/aml-quantum-pipeline/reports/supervisor_fixes/score_level_predictions_reduced_subset.csv,Isolation Forest + VQC Statevector,283,0,0.3015099945870849,0,0.3100287622305141
same_reduced_four_feature_subset,/kaggle/working/aml-quantum-pipeline/reports/supervisor_fixes/score_level_predictions_reduced_subset.csv,Isolation Forest + VQC Statevector,284,1,0.3027594197769995,0,0.3100287622305141
same_reduced_four_feature_subset,/kaggle/working/aml-quantum-pipeline/reports/supervisor_fixes/score_level_predictions_reduced_subset.csv,Isolation Forest + VQC Statevector,285,0,0.2890457938749066,0,0.3100287622305141
same_reduced_four_feature_subset,/kaggle/working/aml-quantum-pipeline/reports/supervisor_fixes/score_level_predictions_reduced_subset.csv,Isolation Forest + VQC Statevector,286,1,0.2935339930900337,0,0.3100287622305141
same_reduced_four_feature_subset,/kaggle/working/aml-quantum-pipeline/reports/supervisor_fixes/score_level_predictions_reduced_subset.csv,Isolation Forest + VQC Statevector,287,1,0.294030537553462,0,0.3100287622305141
same_reduced_four_feature_subset,/kaggle/working/aml-quantum-pipeline/reports/supervisor_fixes/score_level_predictions_reduced_subset.csv,Isolation Forest + VQC Statevector,288,0,0.2949879251593104,0,0.3100287622305141
same_reduced_four_feature_subset,/kaggle/working/aml-quantum-pipeline/reports/supervisor_fixes/score_level_predictions_reduced_subset.csv,Isolation Forest + VQC Statevector,289,1,0.2811117895832221,0,0.3100287622305141
same_reduced_four_feature_subset,/kaggle/working/aml-quantum-pipeline/reports/supervisor_fixes/score_level_predictions_reduced_subset.csv,Isolation Forest + VQC Statevector,290,1,0.2849465155505322,0,0.3100287622305141
same_reduced_four_feature_subset,/kaggle/working/aml-quantum-pipeline/reports/supervisor_fixes/score_level_predictions_reduced_subset.csv,Isolation Forest + VQC Statevector,291,1,0.3094293254844281,0,0.3100287622305141
same_reduced_four_feature_subset,/kaggle/working/aml-quantum-pipeline/reports/supervisor_fixes/score_level_predictions_reduced_subset.csv,Isolation Forest + VQC Statevector,292,1,0.3080329059981986,0,0.3100287622305141
same_reduced_four_feature_subset,/kaggle/working/aml-quantum-pipeline/reports/supervisor_fixes/score_level_predictions_reduced_subset.csv,Isolation Forest + VQC Statevector,293,0,0.2916392255667838,0,0.3100287622305141
same_reduced_four_feature_subset,/kaggle/working/aml-quantum-pipeline/reports/supervisor_fixes/score_level_predictions_reduced_subset.csv,Isolation Forest + VQC Statevector,294,0,0.2786446853948378,0,0.3100287622305141
same_reduced_four_feature_subset,/kaggle/working/aml-quantum-pipeline/reports/supervisor_fixes/score_level_predictions_reduced_subset.csv,Isolation Forest + VQC Statevector,295,0,0.3005400892164037,0,0.3100287622305141
same_reduced_four_feature_subset,/kaggle/working/aml-quantum-pipeline/reports/supervisor_fixes/score_level_predictions_reduced_subset.csv,Isolation Forest + VQC Statevector,296,1,0.3155052991041766,1,0.3100287622305141
same_reduced_four_feature_subset,/kaggle/working/aml-quantum-pipeline/reports/supervisor_fixes/score_level_predictions_reduced_subset.csv,Isolation Forest + VQC Statevector,297,0,0.2804899642218728,0,0.3100287622305141
same_reduced_four_feature_subset,/kaggle/working/aml-quantum-pipeline/reports/supervisor_fixes/score_level_predictions_reduced_subset.csv,Isolation Forest + VQC Statevector,298,1,0.2913749521408064,0,0.3100287622305141
same_reduced_four_feature_subset,/kaggle/working/aml-quantum-pipeline/reports/supervisor_fixes/score_level_predictions_reduced_subset.csv,Isolation Forest + VQC Statevector,299,1,0.2804715870045459,0,0.3100287622305141
same_reduced_four_feature_subset,/kaggle/working/aml-quantum-pipeline/reports/supervisor_fixes/score_level_predictions_reduced_subset.csv,Logistic Regression,0,0,0.3881837838421952,0,0.5294292868903353
same_reduced_four_feature_subset,/kaggle/working/aml-quantum-pipeline/reports/supervisor_fixes/score_level_predictions_reduced_subset.csv,Logistic Regression,1,1,0.5249318655284675,0,0.5294292868903353
same_reduced_four_feature_subset,/kaggle/working/aml-quantum-pipeline/reports/supervisor_fixes/score_level_predictions_reduced_subset.csv,Logistic Regression,2,0,0.5281757751736702,0,0.5294292868903353
same_reduced_four_feature_subset,/kaggle/working/aml-quantum-pipeline/reports/supervisor_fixes/score_level_predictions_reduced_subset.csv,Logistic Regression,3,0,0.5254434877151151,0,0.5294292868903353
same_reduced_four_feature_subset,/kaggle/working/aml-quantum-pipeline/reports/supervisor_fixes/score_level_predictions_reduced_subset.csv,Logistic Regression,4,0,0.3890020319372471,0,0.5294292868903353
same_reduced_four_feature_subset,/kaggle/working/aml-quantum-pipeline/reports/supervisor_fixes/score_level_predictions_reduced_subset.csv,Logistic Regression,5,0,0.5263590453188597,0,0.5294292868903353
same_reduced_four_feature_subset,/kaggle/working/aml-quantum-pipeline/reports/supervisor_fixes/score_level_predictions_reduced_subset.csv,Logistic Regression,6,0,0.5254101097693902,0,0.5294292868903353
same_reduced_four_feature_subset,/kaggle/working/aml-quantum-pipeline/reports/supervisor_fixes/score_level_predictions_reduced_subset.csv,Logistic Regression,7,1,0.528498171138895,0,0.5294292868903353
same_reduced_four_feature_subset,/kaggle/working/aml-quantum-pipeline/reports/supervisor_fixes/score_level_predictions_reduced_subset.csv,Logistic Regression,8,1,0.5264835803471266,0,0.5294292868903353
same_reduced_four_feature_subset,/kaggle/working/aml-quantum-pipeline/reports/supervisor_fixes/score_level_predictions_reduced_subset.csv,Logistic Regression,9,0,0.3883878051075959,0,0.5294292868903353
same_reduced_four_feature_subset,/kaggle/working/aml-quantum-pipeline/reports/supervisor_fixes/score_level_predictions_reduced_subset.csv,Logistic Regression,10,1,0.524701881753343,0,0.5294292868903353
same_reduced_four_feature_subset,/kaggle/working/aml-quantum-pipeline/reports/supervisor_fixes/score_level_predictions_reduced_subset.csv,Logistic Regression,11,0,0.3886376242804798,0,0.5294292868903353
same_reduced_four_feature_subset,/kaggle/working/aml-quantum-pipeline/reports/supervisor_fixes/score_level_predictions_reduced_subset.csv,Logistic Regression,12,0,0.5286746960732304,0,0.5294292868903353
same_reduced_four_feature_subset,/kaggle/working/aml-quantum-pipeline/reports/supervisor_fixes/score_level_predictions_reduced_subset.csv,Logistic Regression,13,1,0.5253467708674673,0,0.5294292868903353
same_reduced_four_feature_subset,/kaggle/working/aml-quantum-pipeline/reports/supervisor_fixes/score_level_predictions_reduced_subset.csv,Logistic Regression,14,0,0.3903286874486423,0,0.5294292868903353
same_reduced_four_feature_subset,/kaggle/working/aml-quantum-pipeline/reports/supervisor_fixes/score_level_predictions_reduced_subset.csv,Logistic Regression,15,1,0.5266635072372785,0,0.5294292868903353
same_reduced_four_feature_subset,/kaggle/working/aml-quantum-pipeline/reports/supervisor_fixes/score_level_predictions_reduced_subset.csv,Logistic Regression,16,1,0.5289691978336176,0,0.5294292868903353
same_reduced_four_feature_subset,/kaggle/working/aml-quantum-pipeline/reports/supervisor_fixes/score_level_predictions_reduced_subset.csv,Logistic Regression,17,1,0.5270610260245806,0,0.5294292868903353
same_reduced_four_feature_subset,/kaggle/working/aml-quantum-pipeline/reports/supervisor_fixes/score_level_predictions_reduced_subset.csv,Logistic Regression,18,0,0.5271257074427449,0,0.5294292868903353
same_reduced_four_feature_subset,/kaggle/working/aml-quantum-pipeline/reports/supervisor_fixes/score_level_predictions_reduced_subset.csv,Logistic Regression,19,0,0.5259845691231072,0,0.5294292868903353
same_reduced_four_feature_subset,/kaggle/working/aml-quantum-pipeline/reports/supervisor_fixes/score_level_predictions_reduced_subset.csv,Logistic Regression,20,0,0.5264957305269259,0,0.5294292868903353
same_reduced_four_feature_subset,/kaggle/working/aml-quantum-pipeline/reports/supervisor_fixes/score_level_predictions_reduced_subset.csv,Logistic Regression,21,1,0.5278426309619587,0,0.5294292868903353
same_reduced_four_feature_subset,/kaggle/working/aml-quantum-pipeline/reports/supervisor_fixes/score_level_predictions_reduced_subset.csv,Logistic Regression,22,0,0.388662297090227,0,0.5294292868903353
same_reduced_four_feature_subset,/kaggle/working/aml-quantum-pipeline/reports/supervisor_fixes/score_level_predictions_reduced_subset.csv,Logistic Regression,23,1,0.5287127559004511,0,0.5294292868903353
same_reduced_four_feature_subset,/kaggle/working/aml-quantum-pipeline/reports/supervisor_fixes/score_level_predictions_reduced_subset.csv,Logistic Regression,24,0,0.5295327606046928,1,0.5294292868903353
same_reduced_four_feature_subset,/kaggle/working/aml-quantum-pipeline/reports/supervisor_fixes/score_level_predictions_reduced_subset.csv,Logistic Regression,25,0,0.526908372785462,0,0.5294292868903353
same_reduced_four_feature_subset,/kaggle/working/aml-quantum-pipeline/reports/supervisor_fixes/score_level_predictions_reduced_subset.csv,Logistic Regression,26,1,0.528359362354838,0,0.5294292868903353
same_reduced_four_feature_subset,/kaggle/working/aml-quantum-pipeline/reports/supervisor_fixes/score_level_predictions_reduced_subset.csv,Logistic Regression,27,0,0.526735221794809,0,0.5294292868903353
same_reduced_four_feature_subset,/kaggle/working/aml-quantum-pipeline/reports/supervisor_fixes/score_level_predictions_reduced_subset.csv,Logistic Regression,28,0,0.5292170465206751,0,0.5294292868903353
same_reduced_four_feature_subset,/kaggle/working/aml-quantum-pipeline/reports/supervisor_fixes/score_level_predictions_reduced_subset.csv,Logistic Regression,29,1,0.5268988586409599,0,0.5294292868903353
same_reduced_four_feature_subset,/kaggle/working/aml-quantum-pipeline/reports/supervisor_fixes/score_level_predictions_reduced_subset.csv,Logistic Regression,30,1,0.5267481368044098,0,0.5294292868903353
same_reduced_four_feature_subset,/kaggle/working/aml-quantum-pipeline/reports/supervisor_fixes/score_level_predictions_reduced_subset.csv,Logistic Regression,31,0,0.5258864849949345,0,0.5294292868903353
same_reduced_four_feature_subset,/kaggle/working/aml-quantum-pipeline/reports/supervisor_fixes/score_level_predictions_reduced_subset.csv,Logistic Regression,32,0,0.5277561843390246,0,0.5294292868903353
same_reduced_four_feature_subset,/kaggle/working/aml-quantum-pipeline/reports/supervisor_fixes/score_level_predictions_reduced_subset.csv,Logistic Regression,33,1,0.5269333243656997,0,0.5294292868903353
same_reduced_four_feature_subset,/kaggle/working/aml-quantum-pipeline/reports/supervisor_fixes/score_level_predictions_reduced_subset.csv,Logistic Regression,34,0,0.3893315954318876,0,0.5294292868903353
same_reduced_four_feature_subset,/kaggle/working/aml-quantum-pipeline/reports/supervisor_fixes/score_level_predictions_reduced_subset.csv,Logistic Regression,35,1,0.5281629558558759,0,0.5294292868903353
same_reduced_four_feature_subset,/kaggle/working/aml-quantum-pipeline/reports/supervisor_fixes/score_level_predictions_reduced_subset.csv,Logistic Regression,36,0,0.3883878051075959,0,0.5294292868903353
same_reduced_four_feature_subset,/kaggle/working/aml-quantum-pipeline/reports/supervisor_fixes/score_level_predictions_reduced_subset.csv,Logistic Regression,37,0,0.525748389769664,0,0.5294292868903353
same_reduced_four_feature_subset,/kaggle/working/aml-quantum-pipeline/reports/supervisor_fixes/score_level_predictions_reduced_subset.csv,Logistic Regression,38,0,0.528479934982971,0,0.5294292868903353
same_reduced_four_feature_subset,/kaggle/working/aml-quantum-pipeline/reports/supervisor_fixes/score_level_predictions_reduced_subset.csv,Logistic Regression,39,0,0.5261675512609391,0,0.5294292868903353
same_reduced_four_feature_subset,/kaggle/working/aml-quantum-pipeline/reports/supervisor_fixes/score_level_predictions_reduced_subset.csv,Logistic Regression,40,1,0.5271869186474174,0,0.5294292868903353
same_reduced_four_feature_subset,/kaggle/working/aml-quantum-pipeline/reports/supervisor_fixes/score_level_predictions_reduced_subset.csv,Logistic Regression,41,1,0.5300984675384854,1,0.5294292868903353
same_reduced_four_feature_subset,/kaggle/working/aml-quantum-pipeline/reports/supervisor_fixes/score_level_predictions_reduced_subset.csv,Logistic Regression,42,0,0.3889301091436034,0,0.5294292868903353
same_reduced_four_feature_subset,/kaggle/working/aml-quantum-pipeline/reports/supervisor_fixes/score_level_predictions_reduced_subset.csv,Logistic Regression,43,0,0.3885134236128127,0,0.5294292868903353
same_reduced_four_feature_subset,/kaggle/working/aml-quantum-pipeline/reports/supervisor_fixes/score_level_predictions_reduced_subset.csv,Logistic Regression,44,1,0.5264451646312545,0,0.5294292868903353
same_reduced_four_feature_subset,/kaggle/working/aml-quantum-pipeline/reports/supervisor_fixes/score_level_predictions_reduced_subset.csv,Logistic Regression,45,0,0.3889781098463781,0,0.5294292868903353
same_reduced_four_feature_subset,/kaggle/working/aml-quantum-pipeline/reports/supervisor_fixes/score_level_predictions_reduced_subset.csv,Logistic Regression,46,0,0.5261750050932449,0,0.5294292868903353
same_reduced_four_feature_subset,/kaggle/working/aml-quantum-pipeline/reports/supervisor_fixes/score_level_predictions_reduced_subset.csv,Logistic Regression,47,1,0.5290885560217208,0,0.5294292868903353
same_reduced_four_feature_subset,/kaggle/working/aml-quantum-pipeline/reports/supervisor_fixes/score_level_predictions_reduced_subset.csv,Logistic Regression,48,1,0.5298076545139523,1,0.5294292868903353
same_reduced_four_feature_subset,/kaggle/working/aml-quantum-pipeline/reports/supervisor_fixes/score_level_predictions_reduced_subset.csv,Logistic Regression,49,1,0.5283500007528953,0,0.5294292868903353
same_reduced_four_feature_subset,/kaggle/working/aml-quantum-pipeline/reports/supervisor_fixes/score_level_predictions_reduced_subset.csv,Logistic Regression,50,1,0.5256316175101263,0,0.5294292868903353
same_reduced_four_feature_subset,/kaggle/working/aml-quantum-pipeline/reports/supervisor_fixes/score_level_predictions_reduced_subset.csv,Logistic Regression,51,1,0.5257293819621353,0,0.5294292868903353
same_reduced_four_feature_subset,/kaggle/working/aml-quantum-pipeline/reports/supervisor_fixes/score_level_predictions_reduced_subset.csv,Logistic Regression,52,0,0.5262408621465794,0,0.5294292868903353
same_reduced_four_feature_subset,/kaggle/working/aml-quantum-pipeline/reports/supervisor_fixes/score_level_predictions_reduced_subset.csv,Logistic Regression,53,0,0.5268172682574425,0,0.5294292868903353
same_reduced_four_feature_subset,/kaggle/working/aml-quantum-pipeline/reports/supervisor_fixes/score_level_predictions_reduced_subset.csv,Logistic Regression,54,0,0.5261647746137914,0,0.5294292868903353
same_reduced_four_feature_subset,/kaggle/working/aml-quantum-pipeline/reports/supervisor_fixes/score_level_predictions_reduced_subset.csv,Logistic Regression,55,0,0.3894698722991234,0,0.5294292868903353
same_reduced_four_feature_subset,/kaggle/working/aml-quantum-pipeline/reports/supervisor_fixes/score_level_predictions_reduced_subset.csv,Logistic Regression,56,1,0.5263403428453872,0,0.5294292868903353
same_reduced_four_feature_subset,/kaggle/working/aml-quantum-pipeline/reports/supervisor_fixes/score_level_predictions_reduced_subset.csv,Logistic Regression,57,1,0.5288268281322822,0,0.5294292868903353
same_reduced_four_feature_subset,/kaggle/working/aml-quantum-pipeline/reports/supervisor_fixes/score_level_predictions_reduced_subset.csv,Logistic Regression,58,1,0.5285647471704419,0,0.5294292868903353
same_reduced_four_feature_subset,/kaggle/working/aml-quantum-pipeline/reports/supervisor_fixes/score_level_predictions_reduced_subset.csv,Logistic Regression,59,1,0.5285537710857038,0,0.5294292868903353
same_reduced_four_feature_subset,/kaggle/working/aml-quantum-pipeline/reports/supervisor_fixes/score_level_predictions_reduced_subset.csv,Logistic Regression,60,0,0.5271303070732858,0,0.5294292868903353
same_reduced_four_feature_subset,/kaggle/working/aml-quantum-pipeline/reports/supervisor_fixes/score_level_predictions_reduced_subset.csv,Logistic Regression,61,0,0.3895155814343795,0,0.5294292868903353
same_reduced_four_feature_subset,/kaggle/working/aml-quantum-pipeline/reports/supervisor_fixes/score_level_predictions_reduced_subset.csv,Logistic Regression,62,1,0.5286035812310284,0,0.5294292868903353
same_reduced_four_feature_subset,/kaggle/working/aml-quantum-pipeline/reports/supervisor_fixes/score_level_predictions_reduced_subset.csv,Logistic Regression,63,0,0.3893778809100725,0,0.5294292868903353
same_reduced_four_feature_subset,/kaggle/working/aml-quantum-pipeline/reports/supervisor_fixes/score_level_predictions_reduced_subset.csv,Logistic Regression,64,1,0.5288724884221692,0,0.5294292868903353
same_reduced_four_feature_subset,/kaggle/working/aml-quantum-pipeline/reports/supervisor_fixes/score_level_predictions_reduced_subset.csv,Logistic Regression,65,0,0.5282054334790881,0,0.5294292868903353
same_reduced_four_feature_subset,/kaggle/working/aml-quantum-pipeline/reports/supervisor_fixes/score_level_predictions_reduced_subset.csv,Logistic Regression,66,1,0.5281138343414346,0,0.5294292868903353
same_reduced_four_feature_subset,/kaggle/working/aml-quantum-pipeline/reports/supervisor_fixes/score_level_predictions_reduced_subset.csv,Logistic Regression,67,0,0.5272904379161201,0,0.5294292868903353
same_reduced_four_feature_subset,/kaggle/working/aml-quantum-pipeline/reports/supervisor_fixes/score_level_predictions_reduced_subset.csv,Logistic Regression,68,1,0.5268754037856056,0,0.5294292868903353
same_reduced_four_feature_subset,/kaggle/working/aml-quantum-pipeline/reports/supervisor_fixes/score_level_predictions_reduced_subset.csv,Logistic Regression,69,0,0.388662297090227,0,0.5294292868903353
same_reduced_four_feature_subset,/kaggle/working/aml-quantum-pipeline/reports/supervisor_fixes/score_level_predictions_reduced_subset.csv,Logistic Regression,70,0,0.528396396925698,0,0.5294292868903353
same_reduced_four_feature_subset,/kaggle/working/aml-quantum-pipeline/reports/supervisor_fixes/score_level_predictions_reduced_subset.csv,Logistic Regression,71,0,0.3882862673891829,0,0.5294292868903353
same_reduced_four_feature_subset,/kaggle/working/aml-quantum-pipeline/reports/supervisor_fixes/score_level_predictions_reduced_subset.csv,Logistic Regression,72,0,0.3888091835790139,0,0.5294292868903353
same_reduced_four_feature_subset,/kaggle/working/aml-quantum-pipeline/reports/supervisor_fixes/score_level_predictions_reduced_subset.csv,Logistic Regression,73,1,0.5276850605260238,0,0.5294292868903353
same_reduced_four_feature_subset,/kaggle/working/aml-quantum-pipeline/reports/supervisor_fixes/score_level_predictions_reduced_subset.csv,Logistic Regression,74,0,0.3889301091436034,0,0.5294292868903353
same_reduced_four_feature_subset,/kaggle/working/aml-quantum-pipeline/reports/supervisor_fixes/score_level_predictions_reduced_subset.csv,Logistic Regression,75,0,0.5253970738926378,0,0.5294292868903353
same_reduced_four_feature_subset,/kaggle/working/aml-quantum-pipeline/reports/supervisor_fixes/score_level_predictions_reduced_subset.csv,Logistic Regression,76,0,0.3893315954318876,0,0.5294292868903353
same_reduced_four_feature_subset,/kaggle/working/aml-quantum-pipeline/reports/supervisor_fixes/score_level_predictions_reduced_subset.csv,Logistic Regression,77,0,0.5255313295318248,0,0.5294292868903353
same_reduced_four_feature_subset,/kaggle/working/aml-quantum-pipeline/reports/supervisor_fixes/score_level_predictions_reduced_subset.csv,Logistic Regression,78,1,0.5252525381154621,0,0.5294292868903353
same_reduced_four_feature_subset,/kaggle/working/aml-quantum-pipeline/reports/supervisor_fixes/score_level_predictions_reduced_subset.csv,Logistic Regression,79,1,0.5283260649013196,0,0.5294292868903353
same_reduced_four_feature_subset,/kaggle/working/aml-quantum-pipeline/reports/supervisor_fixes/score_level_predictions_reduced_subset.csv,Logistic Regression,80,0,0.3894698722991234,0,0.5294292868903353
same_reduced_four_feature_subset,/kaggle/working/aml-quantum-pipeline/reports/supervisor_fixes/score_level_predictions_reduced_subset.csv,Logistic Regression,81,0,0.3887359853723696,0,0.5294292868903353
same_reduced_four_feature_subset,/kaggle/working/aml-quantum-pipeline/reports/supervisor_fixes/score_level_predictions_reduced_subset.csv,Logistic Regression,82,0,0.3886376242804798,0,0.5294292868903353
same_reduced_four_feature_subset,/kaggle/working/aml-quantum-pipeline/reports/supervisor_fixes/score_level_predictions_reduced_subset.csv,Logistic Regression,83,1,0.5251246451136246,0,0.5294292868903353
same_reduced_four_feature_subset,/kaggle/working/aml-quantum-pipeline/reports/supervisor_fixes/score_level_predictions_reduced_subset.csv,Logistic Regression,84,0,0.3887848382253874,0,0.5294292868903353
same_reduced_four_feature_subset,/kaggle/working/aml-quantum-pipeline/reports/supervisor_fixes/score_level_predictions_reduced_subset.csv,Logistic Regression,85,1,0.3881837838421952,0,0.5294292868903353
same_reduced_four_feature_subset,/kaggle/working/aml-quantum-pipeline/reports/supervisor_fixes/score_level_predictions_reduced_subset.csv,Logistic Regression,86,1,0.5270077597128677,0,0.5294292868903353
same_reduced_four_feature_subset,/kaggle/working/aml-quantum-pipeline/reports/supervisor_fixes/score_level_predictions_reduced_subset.csv,Logistic Regression,87,1,0.5257968281098453,0,0.5294292868903353
same_reduced_four_feature_subset,/kaggle/working/aml-quantum-pipeline/reports/supervisor_fixes/score_level_predictions_reduced_subset.csv,Logistic Regression,88,0,0.3884382247304549,0,0.5294292868903353
same_reduced_four_feature_subset,/kaggle/working/aml-quantum-pipeline/reports/supervisor_fixes/score_level_predictions_reduced_subset.csv,Logistic Regression,89,1,0.5264231280743603,0,0.5294292868903353
same_reduced_four_feature_subset,/kaggle/working/aml-quantum-pipeline/reports/supervisor_fixes/score_level_predictions_reduced_subset.csv,Logistic Regression,90,1,0.5265642907531182,0,0.5294292868903353
same_reduced_four_feature_subset,/kaggle/working/aml-quantum-pipeline/reports/supervisor_fixes/score_level_predictions_reduced_subset.csv,Logistic Regression,91,0,0.3891915600821445,0,0.5294292868903353
same_reduced_four_feature_subset,/kaggle/working/aml-quantum-pipeline/reports/supervisor_fixes/score_level_predictions_reduced_subset.csv,Logistic Regression,92,0,0.3888334752036754,0,0.5294292868903353
same_reduced_four_feature_subset,/kaggle/working/aml-quantum-pipeline/reports/supervisor_fixes/score_level_predictions_reduced_subset.csv,Logistic Regression,93,1,0.5290308668045944,0,0.5294292868903353
same_reduced_four_feature_subset,/kaggle/working/aml-quantum-pipeline/reports/supervisor_fixes/score_level_predictions_reduced_subset.csv,Logistic Regression,94,0,0.3884382247304549,0,0.5294292868903353
same_reduced_four_feature_subset,/kaggle/working/aml-quantum-pipeline/reports/supervisor_fixes/score_level_predictions_reduced_subset.csv,Logistic Regression,95,1,0.5291584724346887,0,0.5294292868903353
same_reduced_four_feature_subset,/kaggle/working/aml-quantum-pipeline/reports/supervisor_fixes/score_level_predictions_reduced_subset.csv,Logistic Regression,96,0,0.3891915600821445,0,0.5294292868903353
same_reduced_four_feature_subset,/kaggle/working/aml-quantum-pipeline/reports/supervisor_fixes/score_level_predictions_reduced_subset.csv,Logistic Regression,97,0,0.3886128960323344,0,0.5294292868903353
same_reduced_four_feature_subset,/kaggle/working/aml-quantum-pipeline/reports/supervisor_fixes/score_level_predictions_reduced_subset.csv,Logistic Regression,98,0,0.3893315954318876,0,0.5294292868903353
same_reduced_four_feature_subset,/kaggle/working/aml-quantum-pipeline/reports/supervisor_fixes/score_level_predictions_reduced_subset.csv,Logistic Regression,99,0,0.5271233178355424,0,0.5294292868903353
same_reduced_four_feature_subset,/kaggle/working/aml-quantum-pipeline/reports/supervisor_fixes/score_level_predictions_reduced_subset.csv,Logistic Regression,100,0,0.3886128960323344,0,0.5294292868903353
same_reduced_four_feature_subset,/kaggle/working/aml-quantum-pipeline/reports/supervisor_fixes/score_level_predictions_reduced_subset.csv,Logistic Regression,101,1,0.5268251064073852,0,0.5294292868903353
same_reduced_four_feature_subset,/kaggle/working/aml-quantum-pipeline/reports/supervisor_fixes/score_level_predictions_reduced_subset.csv,Logistic Regression,102,0,0.3884382247304549,0,0.5294292868903353
same_reduced_four_feature_subset,/kaggle/working/aml-quantum-pipeline/reports/supervisor_fixes/score_level_predictions_reduced_subset.csv,Logistic Regression,103,0,0.3890020319372471,0,0.5294292868903353
same_reduced_four_feature_subset,/kaggle/working/aml-quantum-pipeline/reports/supervisor_fixes/score_level_predictions_reduced_subset.csv,Logistic Regression,104,1,0.5248313775420299,0,0.5294292868903353
same_reduced_four_feature_subset,/kaggle/working/aml-quantum-pipeline/reports/supervisor_fixes/score_level_predictions_reduced_subset.csv,Logistic Regression,105,0,0.5275509597322373,0,0.5294292868903353
same_reduced_four_feature_subset,/kaggle/working/aml-quantum-pipeline/reports/supervisor_fixes/score_level_predictions_reduced_subset.csv,Logistic Regression,106,1,0.5281807701181775,0,0.5294292868903353
same_reduced_four_feature_subset,/kaggle/working/aml-quantum-pipeline/reports/supervisor_fixes/score_level_predictions_reduced_subset.csv,Logistic Regression,107,0,0.5261573468630101,0,0.5294292868903353
same_reduced_four_feature_subset,/kaggle/working/aml-quantum-pipeline/reports/supervisor_fixes/score_level_predictions_reduced_subset.csv,Logistic Regression,108,0,0.5287810187218843,0,0.5294292868903353
same_reduced_four_feature_subset,/kaggle/working/aml-quantum-pipeline/reports/supervisor_fixes/score_level_predictions_reduced_subset.csv,Logistic Regression,109,1,0.5261337486303059,0,0.5294292868903353
same_reduced_four_feature_subset,/kaggle/working/aml-quantum-pipeline/reports/supervisor_fixes/score_level_predictions_reduced_subset.csv,Logistic Regression,110,1,0.527417045248308,0,0.5294292868903353
same_reduced_four_feature_subset,/kaggle/working/aml-quantum-pipeline/reports/supervisor_fixes/score_level_predictions_reduced_subset.csv,Logistic Regression,111,1,0.5290516551703244,0,0.5294292868903353
same_reduced_four_feature_subset,/kaggle/working/aml-quantum-pipeline/reports/supervisor_fixes/score_level_predictions_reduced_subset.csv,Logistic Regression,112,1,0.5258931261313249,0,0.5294292868903353
same_reduced_four_feature_subset,/kaggle/working/aml-quantum-pipeline/reports/supervisor_fixes/score_level_predictions_reduced_subset.csv,Logistic Regression,113,0,0.3894698722991234,0,0.5294292868903353
same_reduced_four_feature_subset,/kaggle/working/aml-quantum-pipeline/reports/supervisor_fixes/score_level_predictions_reduced_subset.csv,Logistic Regression,114,0,0.3887359853723696,0,0.5294292868903353
same_reduced_four_feature_subset,/kaggle/working/aml-quantum-pipeline/reports/supervisor_fixes/score_level_predictions_reduced_subset.csv,Logistic Regression,115,1,0.5248702910060596,0,0.5294292868903353
same_reduced_four_feature_subset,/kaggle/working/aml-quantum-pipeline/reports/supervisor_fixes/score_level_predictions_reduced_subset.csv,Logistic Regression,116,1,0.5285168221574451,0,0.5294292868903353
same_reduced_four_feature_subset,/kaggle/working/aml-quantum-pipeline/reports/supervisor_fixes/score_level_predictions_reduced_subset.csv,Logistic Regression,117,1,0.5292649639779576,0,0.5294292868903353
same_reduced_four_feature_subset,/kaggle/working/aml-quantum-pipeline/reports/supervisor_fixes/score_level_predictions_reduced_subset.csv,Logistic Regression,118,1,0.5259513373591386,0,0.5294292868903353
same_reduced_four_feature_subset,/kaggle/working/aml-quantum-pipeline/reports/supervisor_fixes/score_level_predictions_reduced_subset.csv,Logistic Regression,119,1,0.5265429149235334,0,0.5294292868903353
same_reduced_four_feature_subset,/kaggle/working/aml-quantum-pipeline/reports/supervisor_fixes/score_level_predictions_reduced_subset.csv,Logistic Regression,120,0,0.3884633481683336,0,0.5294292868903353
same_reduced_four_feature_subset,/kaggle/working/aml-quantum-pipeline/reports/supervisor_fixes/score_level_predictions_reduced_subset.csv,Logistic Regression,121,0,0.5270901422092941,0,0.5294292868903353
same_reduced_four_feature_subset,/kaggle/working/aml-quantum-pipeline/reports/supervisor_fixes/score_level_predictions_reduced_subset.csv,Logistic Regression,122,0,0.5273019465285238,0,0.5294292868903353
same_reduced_four_feature_subset,/kaggle/working/aml-quantum-pipeline/reports/supervisor_fixes/score_level_predictions_reduced_subset.csv,Logistic Regression,123,0,0.3892150233339018,0,0.5294292868903353
same_reduced_four_feature_subset,/kaggle/working/aml-quantum-pipeline/reports/supervisor_fixes/score_level_predictions_reduced_subset.csv,Logistic Regression,124,0,0.5287365102196855,0,0.5294292868903353
same_reduced_four_feature_subset,/kaggle/working/aml-quantum-pipeline/reports/supervisor_fixes/score_level_predictions_reduced_subset.csv,Logistic Regression,125,1,0.5255698194563031,0,0.5294292868903353
same_reduced_four_feature_subset,/kaggle/working/aml-quantum-pipeline/reports/supervisor_fixes/score_level_predictions_reduced_subset.csv,Logistic Regression,126,0,0.3884884143753343,0,0.5294292868903353
same_reduced_four_feature_subset,/kaggle/working/aml-quantum-pipeline/reports/supervisor_fixes/score_level_predictions_reduced_subset.csv,Logistic Regression,127,0,0.3890972038428175,0,0.5294292868903353
same_reduced_four_feature_subset,/kaggle/working/aml-quantum-pipeline/reports/supervisor_fixes/score_level_predictions_reduced_subset.csv,Logistic Regression,128,1,0.5257421913999812,0,0.5294292868903353
same_reduced_four_feature_subset,/kaggle/working/aml-quantum-pipeline/reports/supervisor_fixes/score_level_predictions_reduced_subset.csv,Logistic Regression,129,0,0.388362508390808,0,0.5294292868903353
same_reduced_four_feature_subset,/kaggle/working/aml-quantum-pipeline/reports/supervisor_fixes/score_level_predictions_reduced_subset.csv,Logistic Regression,130,0,0.3895155814343795,0,0.5294292868903353
same_reduced_four_feature_subset,/kaggle/working/aml-quantum-pipeline/reports/supervisor_fixes/score_level_predictions_reduced_subset.csv,Logistic Regression,131,1,0.5256223401314462,0,0.5294292868903353
same_reduced_four_feature_subset,/kaggle/working/aml-quantum-pipeline/reports/supervisor_fixes/score_level_predictions_reduced_subset.csv,Logistic Regression,132,1,0.5247307238796997,0,0.5294292868903353
same_reduced_four_feature_subset,/kaggle/working/aml-quantum-pipeline/reports/supervisor_fixes/score_level_predictions_reduced_subset.csv,Logistic Regression,133,1,0.5258075763864113,0,0.5294292868903353
same_reduced_four_feature_subset,/kaggle/working/aml-quantum-pipeline/reports/supervisor_fixes/score_level_predictions_reduced_subset.csv,Logistic Regression,134,1,0.5255462920965713,0,0.5294292868903353
same_reduced_four_feature_subset,/kaggle/working/aml-quantum-pipeline/reports/supervisor_fixes/score_level_predictions_reduced_subset.csv,Logistic Regression,135,1,0.5257421913999812,0,0.5294292868903353
same_reduced_four_feature_subset,/kaggle/working/aml-quantum-pipeline/reports/supervisor_fixes/score_level_predictions_reduced_subset.csv,Logistic Regression,136,0,0.5268431149084232,0,0.5294292868903353
same_reduced_four_feature_subset,/kaggle/working/aml-quantum-pipeline/reports/supervisor_fixes/score_level_predictions_reduced_subset.csv,Logistic Regression,137,1,0.5289865513626113,0,0.5294292868903353
same_reduced_four_feature_subset,/kaggle/working/aml-quantum-pipeline/reports/supervisor_fixes/score_level_predictions_reduced_subset.csv,Logistic Regression,138,0,0.5267671228041422,0,0.5294292868903353
same_reduced_four_feature_subset,/kaggle/working/aml-quantum-pipeline/reports/supervisor_fixes/score_level_predictions_reduced_subset.csv,Logistic Regression,139,0,0.5263198547781522,0,0.5294292868903353
same_reduced_four_feature_subset,/kaggle/working/aml-quantum-pipeline/reports/supervisor_fixes/score_level_predictions_reduced_subset.csv,Logistic Regression,140,1,0.5292670178144825,0,0.5294292868903353
same_reduced_four_feature_subset,/kaggle/working/aml-quantum-pipeline/reports/supervisor_fixes/score_level_predictions_reduced_subset.csv,Logistic Regression,141,0,0.5261957090138135,0,0.5294292868903353
same_reduced_four_feature_subset,/kaggle/working/aml-quantum-pipeline/reports/supervisor_fixes/score_level_predictions_reduced_subset.csv,Logistic Regression,142,0,0.3891680467233226,0,0.5294292868903353
same_reduced_four_feature_subset,/kaggle/working/aml-quantum-pipeline/reports/supervisor_fixes/score_level_predictions_reduced_subset.csv,Logistic Regression,143,1,0.52659089896085,0,0.5294292868903353
same_reduced_four_feature_subset,/kaggle/working/aml-quantum-pipeline/reports/supervisor_fixes/score_level_predictions_reduced_subset.csv,Logistic Regression,144,0,0.3903498516795217,0,0.5294292868903353
same_reduced_four_feature_subset,/kaggle/working/aml-quantum-pipeline/reports/supervisor_fixes/score_level_predictions_reduced_subset.csv,Logistic Regression,145,0,0.3890259021575679,0,0.5294292868903353
same_reduced_four_feature_subset,/kaggle/working/aml-quantum-pipeline/reports/supervisor_fixes/score_level_predictions_reduced_subset.csv,Logistic Regression,146,0,0.5279066572575863,0,0.5294292868903353
same_reduced_four_feature_subset,/kaggle/working/aml-quantum-pipeline/reports/supervisor_fixes/score_level_predictions_reduced_subset.csv,Logistic Regression,147,1,0.5272389894850806,0,0.5294292868903353
same_reduced_four_feature_subset,/kaggle/working/aml-quantum-pipeline/reports/supervisor_fixes/score_level_predictions_reduced_subset.csv,Logistic Regression,148,0,0.5281334104022225,0,0.5294292868903353
same_reduced_four_feature_subset,/kaggle/working/aml-quantum-pipeline/reports/supervisor_fixes/score_level_predictions_reduced_subset.csv,Logistic Regression,149,0,0.3884130437985372,0,0.5294292868903353
same_reduced_four_feature_subset,/kaggle/working/aml-quantum-pipeline/reports/supervisor_fixes/score_level_predictions_reduced_subset.csv,Logistic Regression,150,1,0.5268804622269669,0,0.5294292868903353
same_reduced_four_feature_subset,/kaggle/working/aml-quantum-pipeline/reports/supervisor_fixes/score_level_predictions_reduced_subset.csv,Logistic Regression,151,1,0.5266615449798301,0,0.5294292868903353
same_reduced_four_feature_subset,/kaggle/working/aml-quantum-pipeline/reports/supervisor_fixes/score_level_predictions_reduced_subset.csv,Logistic Regression,152,1,0.5263648312916892,0,0.5294292868903353
same_reduced_four_feature_subset,/kaggle/working/aml-quantum-pipeline/reports/supervisor_fixes/score_level_predictions_reduced_subset.csv,Logistic Regression,153,0,0.6589777139466557,1,0.5294292868903353
same_reduced_four_feature_subset,/kaggle/working/aml-quantum-pipeline/reports/supervisor_fixes/score_level_predictions_reduced_subset.csv,Logistic Regression,154,1,0.5289580487025864,0,0.5294292868903353
same_reduced_four_feature_subset,/kaggle/working/aml-quantum-pipeline/reports/supervisor_fixes/score_level_predictions_reduced_subset.csv,Logistic Regression,155,0,0.388881898215427,0,0.5294292868903353
same_reduced_four_feature_subset,/kaggle/working/aml-quantum-pipeline/reports/supervisor_fixes/score_level_predictions_reduced_subset.csv,Logistic Regression,156,0,0.3881580130865497,0,0.5294292868903353
same_reduced_four_feature_subset,/kaggle/working/aml-quantum-pipeline/reports/supervisor_fixes/score_level_predictions_reduced_subset.csv,Logistic Regression,157,1,0.5267808757277005,0,0.5294292868903353
same_reduced_four_feature_subset,/kaggle/working/aml-quantum-pipeline/reports/supervisor_fixes/score_level_predictions_reduced_subset.csv,Logistic Regression,158,0,0.5270862860848482,0,0.5294292868903353
same_reduced_four_feature_subset,/kaggle/working/aml-quantum-pipeline/reports/supervisor_fixes/score_level_predictions_reduced_subset.csv,Logistic Regression,159,0,0.3882351449494352,0,0.5294292868903353
same_reduced_four_feature_subset,/kaggle/working/aml-quantum-pipeline/reports/supervisor_fixes/score_level_predictions_reduced_subset.csv,Logistic Regression,160,1,0.5263043326853494,0,0.5294292868903353
same_reduced_four_feature_subset,/kaggle/working/aml-quantum-pipeline/reports/supervisor_fixes/score_level_predictions_reduced_subset.csv,Logistic Regression,161,0,0.5267440520246881,0,0.5294292868903353
same_reduced_four_feature_subset,/kaggle/working/aml-quantum-pipeline/reports/supervisor_fixes/score_level_predictions_reduced_subset.csv,Logistic Regression,162,1,0.525711997710096,0,0.5294292868903353
same_reduced_four_feature_subset,/kaggle/working/aml-quantum-pipeline/reports/supervisor_fixes/score_level_predictions_reduced_subset.csv,Logistic Regression,163,1,0.5289034466581664,0,0.5294292868903353
same_reduced_four_feature_subset,/kaggle/working/aml-quantum-pipeline/reports/supervisor_fixes/score_level_predictions_reduced_subset.csv,Logistic Regression,164,0,0.3882094943691005,0,0.5294292868903353
same_reduced_four_feature_subset,/kaggle/working/aml-quantum-pipeline/reports/supervisor_fixes/score_level_predictions_reduced_subset.csv,Logistic Regression,165,0,0.3886128960323344,0,0.5294292868903353
same_reduced_four_feature_subset,/kaggle/working/aml-quantum-pipeline/reports/supervisor_fixes/score_level_predictions_reduced_subset.csv,Logistic Regression,166,0,0.5255590297059572,0,0.5294292868903353
same_reduced_four_feature_subset,/kaggle/working/aml-quantum-pipeline/reports/supervisor_fixes/score_level_predictions_reduced_subset.csv,Logistic Regression,167,1,0.5267606215873287,0,0.5294292868903353
same_reduced_four_feature_subset,/kaggle/working/aml-quantum-pipeline/reports/supervisor_fixes/score_level_predictions_reduced_subset.csv,Logistic Regression,168,1,0.5254198738508954,0,0.5294292868903353
same_reduced_four_feature_subset,/kaggle/working/aml-quantum-pipeline/reports/supervisor_fixes/score_level_predictions_reduced_subset.csv,Logistic Regression,169,0,0.3892851145807763,0,0.5294292868903353
same_reduced_four_feature_subset,/kaggle/working/aml-quantum-pipeline/reports/supervisor_fixes/score_level_predictions_reduced_subset.csv,Logistic Regression,170,1,0.5268754037856056,0,0.5294292868903353
same_reduced_four_feature_subset,/kaggle/working/aml-quantum-pipeline/reports/supervisor_fixes/score_level_predictions_reduced_subset.csv,Logistic Regression,171,0,0.388337153379494,0,0.5294292868903353
same_reduced_four_feature_subset,/kaggle/working/aml-quantum-pipeline/reports/supervisor_fixes/score_level_predictions_reduced_subset.csv,Logistic Regression,172,1,0.5289077424165411,0,0.5294292868903353
same_reduced_four_feature_subset,/kaggle/working/aml-quantum-pipeline/reports/supervisor_fixes/score_level_predictions_reduced_subset.csv,Logistic Regression,173,1,0.5251000838078614,0,0.5294292868903353
same_reduced_four_feature_subset,/kaggle/working/aml-quantum-pipeline/reports/supervisor_fixes/score_level_predictions_reduced_subset.csv,Logistic Regression,174,1,0.3903709753457102,0,0.5294292868903353
same_reduced_four_feature_subset,/kaggle/working/aml-quantum-pipeline/reports/supervisor_fixes/score_level_predictions_reduced_subset.csv,Logistic Regression,175,1,0.5301118671176754,1,0.5294292868903353
same_reduced_four_feature_subset,/kaggle/working/aml-quantum-pipeline/reports/supervisor_fixes/score_level_predictions_reduced_subset.csv,Logistic Regression,176,0,0.3884382247304549,0,0.5294292868903353
same_reduced_four_feature_subset,/kaggle/working/aml-quantum-pipeline/reports/supervisor_fixes/score_level_predictions_reduced_subset.csv,Logistic Regression,177,0,0.3884130437985372,0,0.5294292868903353
same_reduced_four_feature_subset,/kaggle/working/aml-quantum-pipeline/reports/supervisor_fixes/score_level_predictions_reduced_subset.csv,Logistic Regression,178,0,0.3890259021575679,0,0.5294292868903353
same_reduced_four_feature_subset,/kaggle/working/aml-quantum-pipeline/reports/supervisor_fixes/score_level_predictions_reduced_subset.csv,Logistic Regression,179,1,0.5258510911115893,0,0.5294292868903353
same_reduced_four_feature_subset,/kaggle/working/aml-quantum-pipeline/reports/supervisor_fixes/score_level_predictions_reduced_subset.csv,Logistic Regression,180,1,0.5287037829974925,0,0.5294292868903353
same_reduced_four_feature_subset,/kaggle/working/aml-quantum-pipeline/reports/supervisor_fixes/score_level_predictions_reduced_subset.csv,Logistic Regression,181,0,0.5265139810967148,0,0.5294292868903353
same_reduced_four_feature_subset,/kaggle/working/aml-quantum-pipeline/reports/supervisor_fixes/score_level_predictions_reduced_subset.csv,Logistic Regression,182,1,0.5285330255392836,0,0.5294292868903353
same_reduced_four_feature_subset,/kaggle/working/aml-quantum-pipeline/reports/supervisor_fixes/score_level_predictions_reduced_subset.csv,Logistic Regression,183,0,0.5274303854074592,0,0.5294292868903353
same_reduced_four_feature_subset,/kaggle/working/aml-quantum-pipeline/reports/supervisor_fixes/score_level_predictions_reduced_subset.csv,Logistic Regression,184,1,0.5289215301423693,0,0.5294292868903353
same_reduced_four_feature_subset,/kaggle/working/aml-quantum-pipeline/reports/supervisor_fixes/score_level_predictions_reduced_subset.csv,Logistic Regression,185,1,0.5266833778619544,0,0.5294292868903353
same_reduced_four_feature_subset,/kaggle/working/aml-quantum-pipeline/reports/supervisor_fixes/score_level_predictions_reduced_subset.csv,Logistic Regression,186,0,0.3883878051075959,0,0.5294292868903353
same_reduced_four_feature_subset,/kaggle/working/aml-quantum-pipeline/reports/supervisor_fixes/score_level_predictions_reduced_subset.csv,Logistic Regression,187,1,0.5290466597283294,0,0.5294292868903353
same_reduced_four_feature_subset,/kaggle/working/aml-quantum-pipeline/reports/supervisor_fixes/score_level_predictions_reduced_subset.csv,Logistic Regression,188,1,0.5261519443120106,0,0.5294292868903353
same_reduced_four_feature_subset,/kaggle/working/aml-quantum-pipeline/reports/supervisor_fixes/score_level_predictions_reduced_subset.csv,Logistic Regression,189,0,0.5276171302982738,0,0.5294292868903353
same_reduced_four_feature_subset,/kaggle/working/aml-quantum-pipeline/reports/supervisor_fixes/score_level_predictions_reduced_subset.csv,Logistic Regression,190,1,0.5292269343879582,0,0.5294292868903353
same_reduced_four_feature_subset,/kaggle/working/aml-quantum-pipeline/reports/supervisor_fixes/score_level_predictions_reduced_subset.csv,Logistic Regression,191,1,0.5255043898801653,0,0.5294292868903353
same_reduced_four_feature_subset,/kaggle/working/aml-quantum-pipeline/reports/supervisor_fixes/score_level_predictions_reduced_subset.csv,Logistic Regression,192,0,0.5290536604749635,0,0.5294292868903353
same_reduced_four_feature_subset,/kaggle/working/aml-quantum-pipeline/reports/supervisor_fixes/score_level_predictions_reduced_subset.csv,Logistic Regression,193,0,0.3894698722991234,0,0.5294292868903353
same_reduced_four_feature_subset,/kaggle/working/aml-quantum-pipeline/reports/supervisor_fixes/score_level_predictions_reduced_subset.csv,Logistic Regression,194,1,0.5288307114573084,0,0.5294292868903353
same_reduced_four_feature_subset,/kaggle/working/aml-quantum-pipeline/reports/supervisor_fixes/score_level_predictions_reduced_subset.csv,Logistic Regression,195,1,0.5257414834757493,0,0.5294292868903353
same_reduced_four_feature_subset,/kaggle/working/aml-quantum-pipeline/reports/supervisor_fixes/score_level_predictions_reduced_subset.csv,Logistic Regression,196,1,0.5275610766873736,0,0.5294292868903353
same_reduced_four_feature_subset,/kaggle/working/aml-quantum-pipeline/reports/supervisor_fixes/score_level_predictions_reduced_subset.csv,Logistic Regression,197,1,0.5253208991399048,0,0.5294292868903353
same_reduced_four_feature_subset,/kaggle/working/aml-quantum-pipeline/reports/supervisor_fixes/score_level_predictions_reduced_subset.csv,Logistic Regression,198,1,0.5255647700907635,0,0.5294292868903353
same_reduced_four_feature_subset,/kaggle/working/aml-quantum-pipeline/reports/supervisor_fixes/score_level_predictions_reduced_subset.csv,Logistic Regression,199,1,0.5290186280177724,0,0.5294292868903353
same_reduced_four_feature_subset,/kaggle/working/aml-quantum-pipeline/reports/supervisor_fixes/score_level_predictions_reduced_subset.csv,Logistic Regression,200,0,0.5262755170936382,0,0.5294292868903353
same_reduced_four_feature_subset,/kaggle/working/aml-quantum-pipeline/reports/supervisor_fixes/score_level_predictions_reduced_subset.csv,Logistic Regression,201,0,0.3890972038428175,0,0.5294292868903353
same_reduced_four_feature_subset,/kaggle/working/aml-quantum-pipeline/reports/supervisor_fixes/score_level_predictions_reduced_subset.csv,Logistic Regression,202,0,0.5264923220543807,0,0.5294292868903353
same_reduced_four_feature_subset,/kaggle/working/aml-quantum-pipeline/reports/supervisor_fixes/score_level_predictions_reduced_subset.csv,Logistic Regression,203,1,0.5283341519168235,0,0.5294292868903353
same_reduced_four_feature_subset,/kaggle/working/aml-quantum-pipeline/reports/supervisor_fixes/score_level_predictions_reduced_subset.csv,Logistic Regression,204,0,0.5262432771158402,0,0.5294292868903353
same_reduced_four_feature_subset,/kaggle/working/aml-quantum-pipeline/reports/supervisor_fixes/score_level_predictions_reduced_subset.csv,Logistic Regression,205,0,0.5269078402698685,0,0.5294292868903353
same_reduced_four_feature_subset,/kaggle/working/aml-quantum-pipeline/reports/supervisor_fixes/score_level_predictions_reduced_subset.csv,Logistic Regression,206,1,0.5254656656622932,0,0.5294292868903353
same_reduced_four_feature_subset,/kaggle/working/aml-quantum-pipeline/reports/supervisor_fixes/score_level_predictions_reduced_subset.csv,Logistic Regression,207,1,0.5279391172646747,0,0.5294292868903353
same_reduced_four_feature_subset,/kaggle/working/aml-quantum-pipeline/reports/supervisor_fixes/score_level_predictions_reduced_subset.csv,Logistic Regression,208,0,0.3887114773895158,0,0.5294292868903353
same_reduced_four_feature_subset,/kaggle/working/aml-quantum-pipeline/reports/supervisor_fixes/score_level_predictions_reduced_subset.csv,Logistic Regression,209,1,0.5253543113120603,0,0.5294292868903353
same_reduced_four_feature_subset,/kaggle/working/aml-quantum-pipeline/reports/supervisor_fixes/score_level_predictions_reduced_subset.csv,Logistic Regression,210,1,0.5253140959681991,0,0.5294292868903353
same_reduced_four_feature_subset,/kaggle/working/aml-quantum-pipeline/reports/supervisor_fixes/score_level_predictions_reduced_subset.csv,Logistic Regression,211,0,0.527641228745545,0,0.5294292868903353
same_reduced_four_feature_subset,/kaggle/working/aml-quantum-pipeline/reports/supervisor_fixes/score_level_predictions_reduced_subset.csv,Logistic Regression,212,1,0.5252745703191072,0,0.5294292868903353
same_reduced_four_feature_subset,/kaggle/working/aml-quantum-pipeline/reports/supervisor_fixes/score_level_predictions_reduced_subset.csv,Logistic Regression,213,1,0.5279267721803077,0,0.5294292868903353
same_reduced_four_feature_subset,/kaggle/working/aml-quantum-pipeline/reports/supervisor_fixes/score_level_predictions_reduced_subset.csv,Logistic Regression,214,1,0.5260570530944163,0,0.5294292868903353
same_reduced_four_feature_subset,/kaggle/working/aml-quantum-pipeline/reports/supervisor_fixes/score_level_predictions_reduced_subset.csv,Logistic Regression,215,1,0.5277467103441748,0,0.5294292868903353
same_reduced_four_feature_subset,/kaggle/working/aml-quantum-pipeline/reports/supervisor_fixes/score_level_predictions_reduced_subset.csv,Logistic Regression,216,1,0.5269601351949571,0,0.5294292868903353
same_reduced_four_feature_subset,/kaggle/working/aml-quantum-pipeline/reports/supervisor_fixes/score_level_predictions_reduced_subset.csv,Logistic Regression,217,0,0.526455781601253,0,0.5294292868903353
same_reduced_four_feature_subset,/kaggle/working/aml-quantum-pipeline/reports/supervisor_fixes/score_level_predictions_reduced_subset.csv,Logistic Regression,218,1,0.3897787079037573,0,0.5294292868903353
same_reduced_four_feature_subset,/kaggle/working/aml-quantum-pipeline/reports/supervisor_fixes/score_level_predictions_reduced_subset.csv,Logistic Regression,219,1,0.528814704994384,0,0.5294292868903353
same_reduced_four_feature_subset,/kaggle/working/aml-quantum-pipeline/reports/supervisor_fixes/score_level_predictions_reduced_subset.csv,Logistic Regression,220,1,0.527065413814307,0,0.5294292868903353
same_reduced_four_feature_subset,/kaggle/working/aml-quantum-pipeline/reports/supervisor_fixes/score_level_predictions_reduced_subset.csv,Logistic Regression,221,1,0.528711626036785,0,0.5294292868903353
same_reduced_four_feature_subset,/kaggle/working/aml-quantum-pipeline/reports/supervisor_fixes/score_level_predictions_reduced_subset.csv,Logistic Regression,222,0,0.3883117398031002,0,0.5294292868903353
same_reduced_four_feature_subset,/kaggle/working/aml-quantum-pipeline/reports/supervisor_fixes/score_level_predictions_reduced_subset.csv,Logistic Regression,223,0,0.3881580130865497,0,0.5294292868903353
same_reduced_four_feature_subset,/kaggle/working/aml-quantum-pipeline/reports/supervisor_fixes/score_level_predictions_reduced_subset.csv,Logistic Regression,224,0,0.3880543220627556,0,0.5294292868903353
same_reduced_four_feature_subset,/kaggle/working/aml-quantum-pipeline/reports/supervisor_fixes/score_level_predictions_reduced_subset.csv,Logistic Regression,225,1,0.5252113948893347,0,0.5294292868903353
same_reduced_four_feature_subset,/kaggle/working/aml-quantum-pipeline/reports/supervisor_fixes/score_level_predictions_reduced_subset.csv,Logistic Regression,226,1,0.3883878051075959,0,0.5294292868903353
same_reduced_four_feature_subset,/kaggle/working/aml-quantum-pipeline/reports/supervisor_fixes/score_level_predictions_reduced_subset.csv,Logistic Regression,227,1,0.5299804955593722,1,0.5294292868903353
same_reduced_four_feature_subset,/kaggle/working/aml-quantum-pipeline/reports/supervisor_fixes/score_level_predictions_reduced_subset.csv,Logistic Regression,228,0,0.528446903998985,0,0.5294292868903353
same_reduced_four_feature_subset,/kaggle/working/aml-quantum-pipeline/reports/supervisor_fixes/score_level_predictions_reduced_subset.csv,Logistic Regression,229,1,0.5285824877688172,0,0.5294292868903353
same_reduced_four_feature_subset,/kaggle/working/aml-quantum-pipeline/reports/supervisor_fixes/score_level_predictions_reduced_subset.csv,Logistic Regression,230,0,0.3881837838421952,0,0.5294292868903353
same_reduced_four_feature_subset,/kaggle/working/aml-quantum-pipeline/reports/supervisor_fixes/score_level_predictions_reduced_subset.csv,Logistic Regression,231,1,0.5270749015244317,0,0.5294292868903353
same_reduced_four_feature_subset,/kaggle/working/aml-quantum-pipeline/reports/supervisor_fixes/score_level_predictions_reduced_subset.csv,Logistic Regression,232,0,0.3890020319372471,0,0.5294292868903353
same_reduced_four_feature_subset,/kaggle/working/aml-quantum-pipeline/reports/supervisor_fixes/score_level_predictions_reduced_subset.csv,Logistic Regression,233,1,0.5267925643419192,0,0.5294292868903353
same_reduced_four_feature_subset,/kaggle/working/aml-quantum-pipeline/reports/supervisor_fixes/score_level_predictions_reduced_subset.csv,Logistic Regression,234,0,0.3889541356579865,0,0.5294292868903353
same_reduced_four_feature_subset,/kaggle/working/aml-quantum-pipeline/reports/supervisor_fixes/score_level_predictions_reduced_subset.csv,Logistic Regression,235,1,0.5277482391752429,0,0.5294292868903353
same_reduced_four_feature_subset,/kaggle/working/aml-quantum-pipeline/reports/supervisor_fixes/score_level_predictions_reduced_subset.csv,Logistic Regression,236,1,0.5254447575178636,0,0.5294292868903353
same_reduced_four_feature_subset,/kaggle/working/aml-quantum-pipeline/reports/supervisor_fixes/score_level_predictions_reduced_subset.csv,Logistic Regression,237,1,0.528850907994217,0,0.5294292868903353
same_reduced_four_feature_subset,/kaggle/working/aml-quantum-pipeline/reports/supervisor_fixes/score_level_predictions_reduced_subset.csv,Logistic Regression,238,0,0.5301287583393332,1,0.5294292868903353
same_reduced_four_feature_subset,/kaggle/working/aml-quantum-pipeline/reports/supervisor_fixes/score_level_predictions_reduced_subset.csv,Logistic Regression,239,0,0.3887114773895158,0,0.5294292868903353
same_reduced_four_feature_subset,/kaggle/working/aml-quantum-pipeline/reports/supervisor_fixes/score_level_predictions_reduced_subset.csv,Logistic Regression,240,0,0.3882351449494352,0,0.5294292868903353
same_reduced_four_feature_subset,/kaggle/working/aml-quantum-pipeline/reports/supervisor_fixes/score_level_predictions_reduced_subset.csv,Logistic Regression,241,1,0.5265579452233736,0,0.5294292868903353
same_reduced_four_feature_subset,/kaggle/working/aml-quantum-pipeline/reports/supervisor_fixes/score_level_predictions_reduced_subset.csv,Logistic Regression,242,0,0.3880803365953538,0,0.5294292868903353
same_reduced_four_feature_subset,/kaggle/working/aml-quantum-pipeline/reports/supervisor_fixes/score_level_predictions_reduced_subset.csv,Logistic Regression,243,1,0.5272428778133514,0,0.5294292868903353
same_reduced_four_feature_subset,/kaggle/working/aml-quantum-pipeline/reports/supervisor_fixes/score_level_predictions_reduced_subset.csv,Logistic Regression,244,1,0.5300979277187209,1,0.5294292868903353
same_reduced_four_feature_subset,/kaggle/working/aml-quantum-pipeline/reports/supervisor_fixes/score_level_predictions_reduced_subset.csv,Logistic Regression,245,1,0.528259512481917,0,0.5294292868903353
same_reduced_four_feature_subset,/kaggle/working/aml-quantum-pipeline/reports/supervisor_fixes/score_level_predictions_reduced_subset.csv,Logistic Regression,246,1,0.5250792477107268,0,0.5294292868903353
same_reduced_four_feature_subset,/kaggle/working/aml-quantum-pipeline/reports/supervisor_fixes/score_level_predictions_reduced_subset.csv,Logistic Regression,247,0,0.5271653887637704,0,0.5294292868903353
same_reduced_four_feature_subset,/kaggle/working/aml-quantum-pipeline/reports/supervisor_fixes/score_level_predictions_reduced_subset.csv,Logistic Regression,248,1,0.5287230961361854,0,0.5294292868903353
same_reduced_four_feature_subset,/kaggle/working/aml-quantum-pipeline/reports/supervisor_fixes/score_level_predictions_reduced_subset.csv,Logistic Regression,249,0,0.3884633481683336,0,0.5294292868903353
same_reduced_four_feature_subset,/kaggle/working/aml-quantum-pipeline/reports/supervisor_fixes/score_level_predictions_reduced_subset.csv,Logistic Regression,250,0,0.526731109042081,0,0.5294292868903353
same_reduced_four_feature_subset,/kaggle/working/aml-quantum-pipeline/reports/supervisor_fixes/score_level_predictions_reduced_subset.csv,Logistic Regression,251,0,0.527441712081242,0,0.5294292868903353
same_reduced_four_feature_subset,/kaggle/working/aml-quantum-pipeline/reports/supervisor_fixes/score_level_predictions_reduced_subset.csv,Logistic Regression,252,1,0.528196846202759,0,0.5294292868903353
same_reduced_four_feature_subset,/kaggle/working/aml-quantum-pipeline/reports/supervisor_fixes/score_level_predictions_reduced_subset.csv,Logistic Regression,253,0,0.3881321818179937,0,0.5294292868903353
same_reduced_four_feature_subset,/kaggle/working/aml-quantum-pipeline/reports/supervisor_fixes/score_level_predictions_reduced_subset.csv,Logistic Regression,254,1,0.5266214116621752,0,0.5294292868903353
same_reduced_four_feature_subset,/kaggle/working/aml-quantum-pipeline/reports/supervisor_fixes/score_level_predictions_reduced_subset.csv,Logistic Regression,255,1,0.5253662482226252,0,0.5294292868903353
same_reduced_four_feature_subset,/kaggle/working/aml-quantum-pipeline/reports/supervisor_fixes/score_level_predictions_reduced_subset.csv,Logistic Regression,256,1,0.5290567561404237,0,0.5294292868903353
same_reduced_four_feature_subset,/kaggle/working/aml-quantum-pipeline/reports/supervisor_fixes/score_level_predictions_reduced_subset.csv,Logistic Regression,257,0,0.527378380058904,0,0.5294292868903353
same_reduced_four_feature_subset,/kaggle/working/aml-quantum-pipeline/reports/supervisor_fixes/score_level_predictions_reduced_subset.csv,Logistic Regression,258,0,0.5271613371905565,0,0.5294292868903353
same_reduced_four_feature_subset,/kaggle/working/aml-quantum-pipeline/reports/supervisor_fixes/score_level_predictions_reduced_subset.csv,Logistic Regression,259,1,0.5248765265296482,0,0.5294292868903353
same_reduced_four_feature_subset,/kaggle/working/aml-quantum-pipeline/reports/supervisor_fixes/score_level_predictions_reduced_subset.csv,Logistic Regression,260,1,0.5278662643991051,0,0.5294292868903353
same_reduced_four_feature_subset,/kaggle/working/aml-quantum-pipeline/reports/supervisor_fixes/score_level_predictions_reduced_subset.csv,Logistic Regression,261,1,0.5301368120503384,1,0.5294292868903353
same_reduced_four_feature_subset,/kaggle/working/aml-quantum-pipeline/reports/supervisor_fixes/score_level_predictions_reduced_subset.csv,Logistic Regression,262,1,0.5281718807657388,0,0.5294292868903353
same_reduced_four_feature_subset,/kaggle/working/aml-quantum-pipeline/reports/supervisor_fixes/score_level_predictions_reduced_subset.csv,Logistic Regression,263,0,0.5261582313278592,0,0.5294292868903353
same_reduced_four_feature_subset,/kaggle/working/aml-quantum-pipeline/reports/supervisor_fixes/score_level_predictions_reduced_subset.csv,Logistic Regression,264,0,0.3895155814343795,0,0.5294292868903353
same_reduced_four_feature_subset,/kaggle/working/aml-quantum-pipeline/reports/supervisor_fixes/score_level_predictions_reduced_subset.csv,Logistic Regression,265,1,0.5264529114410395,0,0.5294292868903353
same_reduced_four_feature_subset,/kaggle/working/aml-quantum-pipeline/reports/supervisor_fixes/score_level_predictions_reduced_subset.csv,Logistic Regression,266,1,0.5281203199852003,0,0.5294292868903353
same_reduced_four_feature_subset,/kaggle/working/aml-quantum-pipeline/reports/supervisor_fixes/score_level_predictions_reduced_subset.csv,Logistic Regression,267,0,0.3890020319372471,0,0.5294292868903353
same_reduced_four_feature_subset,/kaggle/working/aml-quantum-pipeline/reports/supervisor_fixes/score_level_predictions_reduced_subset.csv,Logistic Regression,268,0,0.3889060300732502,0,0.5294292868903353
same_reduced_four_feature_subset,/kaggle/working/aml-quantum-pipeline/reports/supervisor_fixes/score_level_predictions_reduced_subset.csv,Logistic Regression,269,1,0.5267689772399644,0,0.5294292868903353
same_reduced_four_feature_subset,/kaggle/working/aml-quantum-pipeline/reports/supervisor_fixes/score_level_predictions_reduced_subset.csv,Logistic Regression,270,1,0.5280566243119755,0,0.5294292868903353
same_reduced_four_feature_subset,/kaggle/working/aml-quantum-pipeline/reports/supervisor_fixes/score_level_predictions_reduced_subset.csv,Logistic Regression,271,0,0.3889301091436034,0,0.5294292868903353
same_reduced_four_feature_subset,/kaggle/working/aml-quantum-pipeline/reports/supervisor_fixes/score_level_predictions_reduced_subset.csv,Logistic Regression,272,1,0.5292514601008476,0,0.5294292868903353
same_reduced_four_feature_subset,/kaggle/working/aml-quantum-pipeline/reports/supervisor_fixes/score_level_predictions_reduced_subset.csv,Logistic Regression,273,0,0.3895383650576035,0,0.5294292868903353
same_reduced_four_feature_subset,/kaggle/working/aml-quantum-pipeline/reports/supervisor_fixes/score_level_predictions_reduced_subset.csv,Logistic Regression,274,1,0.5289242826180742,0,0.5294292868903353
same_reduced_four_feature_subset,/kaggle/working/aml-quantum-pipeline/reports/supervisor_fixes/score_level_predictions_reduced_subset.csv,Logistic Regression,275,1,0.3904863287432079,0,0.5294292868903353
same_reduced_four_feature_subset,/kaggle/working/aml-quantum-pipeline/reports/supervisor_fixes/score_level_predictions_reduced_subset.csv,Logistic Regression,276,0,0.5290912534288439,0,0.5294292868903353
same_reduced_four_feature_subset,/kaggle/working/aml-quantum-pipeline/reports/supervisor_fixes/score_level_predictions_reduced_subset.csv,Logistic Regression,277,0,0.5270824833746922,0,0.5294292868903353
same_reduced_four_feature_subset,/kaggle/working/aml-quantum-pipeline/reports/supervisor_fixes/score_level_predictions_reduced_subset.csv,Logistic Regression,278,0,0.5269896356315495,0,0.5294292868903353
same_reduced_four_feature_subset,/kaggle/working/aml-quantum-pipeline/reports/supervisor_fixes/score_level_predictions_reduced_subset.csv,Logistic Regression,279,0,0.3881837838421952,0,0.5294292868903353
same_reduced_four_feature_subset,/kaggle/working/aml-quantum-pipeline/reports/supervisor_fixes/score_level_predictions_reduced_subset.csv,Logistic Regression,280,0,0.5261294968792722,0,0.5294292868903353
same_reduced_four_feature_subset,/kaggle/working/aml-quantum-pipeline/reports/supervisor_fixes/score_level_predictions_reduced_subset.csv,Logistic Regression,281,0,0.3891680467233226,0,0.5294292868903353
same_reduced_four_feature_subset,/kaggle/working/aml-quantum-pipeline/reports/supervisor_fixes/score_level_predictions_reduced_subset.csv,Logistic Regression,282,1,0.5273996393552985,0,0.5294292868903353
same_reduced_four_feature_subset,/kaggle/working/aml-quantum-pipeline/reports/supervisor_fixes/score_level_predictions_reduced_subset.csv,Logistic Regression,283,0,0.5280684656611712,0,0.5294292868903353
same_reduced_four_feature_subset,/kaggle/working/aml-quantum-pipeline/reports/supervisor_fixes/score_level_predictions_reduced_subset.csv,Logistic Regression,284,1,0.5282519371904011,0,0.5294292868903353
same_reduced_four_feature_subset,/kaggle/working/aml-quantum-pipeline/reports/supervisor_fixes/score_level_predictions_reduced_subset.csv,Logistic Regression,285,0,0.3880543220627556,0,0.5294292868903353
same_reduced_four_feature_subset,/kaggle/working/aml-quantum-pipeline/reports/supervisor_fixes/score_level_predictions_reduced_subset.csv,Logistic Regression,286,1,0.5268821780825188,0,0.5294292868903353
same_reduced_four_feature_subset,/kaggle/working/aml-quantum-pipeline/reports/supervisor_fixes/score_level_predictions_reduced_subset.csv,Logistic Regression,287,1,0.5269568086005068,0,0.5294292868903353
same_reduced_four_feature_subset,/kaggle/working/aml-quantum-pipeline/reports/supervisor_fixes/score_level_predictions_reduced_subset.csv,Logistic Regression,288,0,0.5271004066669609,0,0.5294292868903353
same_reduced_four_feature_subset,/kaggle/working/aml-quantum-pipeline/reports/supervisor_fixes/score_level_predictions_reduced_subset.csv,Logistic Regression,289,1,0.5249794977074701,0,0.5294292868903353
same_reduced_four_feature_subset,/kaggle/working/aml-quantum-pipeline/reports/supervisor_fixes/score_level_predictions_reduced_subset.csv,Logistic Regression,290,1,0.5255743544514442,0,0.5294292868903353
same_reduced_four_feature_subset,/kaggle/working/aml-quantum-pipeline/reports/supervisor_fixes/score_level_predictions_reduced_subset.csv,Logistic Regression,291,1,0.5292210347562252,0,0.5294292868903353
same_reduced_four_feature_subset,/kaggle/working/aml-quantum-pipeline/reports/supervisor_fixes/score_level_predictions_reduced_subset.csv,Logistic Regression,292,1,0.5290195597605141,0,0.5294292868903353
same_reduced_four_feature_subset,/kaggle/working/aml-quantum-pipeline/reports/supervisor_fixes/score_level_predictions_reduced_subset.csv,Logistic Regression,293,0,0.5265964188591967,0,0.5294292868903353
same_reduced_four_feature_subset,/kaggle/working/aml-quantum-pipeline/reports/supervisor_fixes/score_level_predictions_reduced_subset.csv,Logistic Regression,294,0,0.3891208688212247,0,0.5294292868903353
same_reduced_four_feature_subset,/kaggle/working/aml-quantum-pipeline/reports/supervisor_fixes/score_level_predictions_reduced_subset.csv,Logistic Regression,295,0,0.5279256082886339,0,0.5294292868903353
same_reduced_four_feature_subset,/kaggle/working/aml-quantum-pipeline/reports/supervisor_fixes/score_level_predictions_reduced_subset.csv,Logistic Regression,296,1,0.530089238407151,1,0.5294292868903353
same_reduced_four_feature_subset,/kaggle/working/aml-quantum-pipeline/reports/supervisor_fixes/score_level_predictions_reduced_subset.csv,Logistic Regression,297,0,0.3889301091436034,0,0.5294292868903353
same_reduced_four_feature_subset,/kaggle/working/aml-quantum-pipeline/reports/supervisor_fixes/score_level_predictions_reduced_subset.csv,Logistic Regression,298,1,0.5265564386437325,0,0.5294292868903353
same_reduced_four_feature_subset,/kaggle/working/aml-quantum-pipeline/reports/supervisor_fixes/score_level_predictions_reduced_subset.csv,Logistic Regression,299,1,0.5248795099524775,0,0.5294292868903353
same_reduced_four_feature_subset,/kaggle/working/aml-quantum-pipeline/reports/supervisor_fixes/score_level_predictions_reduced_subset.csv,MLP,0,0,0.4586595126974428,1,0.0163989950741891
same_reduced_four_feature_subset,/kaggle/working/aml-quantum-pipeline/reports/supervisor_fixes/score_level_predictions_reduced_subset.csv,MLP,1,1,0.418743883085539,1,0.0163989950741891
same_reduced_four_feature_subset,/kaggle/working/aml-quantum-pipeline/reports/supervisor_fixes/score_level_predictions_reduced_subset.csv,MLP,2,0,0.4219334929717089,1,0.0163989950741891
same_reduced_four_feature_subset,/kaggle/working/aml-quantum-pipeline/reports/supervisor_fixes/score_level_predictions_reduced_subset.csv,MLP,3,0,0.4192463532156057,1,0.0163989950741891
same_reduced_four_feature_subset,/kaggle/working/aml-quantum-pipeline/reports/supervisor_fixes/score_level_predictions_reduced_subset.csv,MLP,4,0,0.4591529285205021,1,0.0163989950741891
same_reduced_four_feature_subset,/kaggle/working/aml-quantum-pipeline/reports/supervisor_fixes/score_level_predictions_reduced_subset.csv,MLP,5,0,0.4201460822938596,1,0.0163989950741891
same_reduced_four_feature_subset,/kaggle/working/aml-quantum-pipeline/reports/supervisor_fixes/score_level_predictions_reduced_subset.csv,MLP,6,0,0.4192135656374991,1,0.0163989950741891
same_reduced_four_feature_subset,/kaggle/working/aml-quantum-pipeline/reports/supervisor_fixes/score_level_predictions_reduced_subset.csv,MLP,7,1,0.4222509765744843,1,0.0163989950741891
same_reduced_four_feature_subset,/kaggle/working/aml-quantum-pipeline/reports/supervisor_fixes/score_level_predictions_reduced_subset.csv,MLP,8,1,0.4202685187905199,1,0.0163989950741891
same_reduced_four_feature_subset,/kaggle/working/aml-quantum-pipeline/reports/supervisor_fixes/score_level_predictions_reduced_subset.csv,MLP,9,0,0.4587825684782401,1,0.0163989950741891
same_reduced_four_feature_subset,/kaggle/working/aml-quantum-pipeline/reports/supervisor_fixes/score_level_predictions_reduced_subset.csv,MLP,10,1,0.4185180849786198,1,0.0163989950741891
same_reduced_four_feature_subset,/kaggle/working/aml-quantum-pipeline/reports/supervisor_fixes/score_level_predictions_reduced_subset.csv,MLP,11,0,0.4589332220668764,1,0.0163989950741891
same_reduced_four_feature_subset,/kaggle/working/aml-quantum-pipeline/reports/supervisor_fixes/score_level_predictions_reduced_subset.csv,MLP,12,0,0.4224248489355748,1,0.0163989950741891
same_reduced_four_feature_subset,/kaggle/working/aml-quantum-pipeline/reports/supervisor_fixes/score_level_predictions_reduced_subset.csv,MLP,13,1,0.4191513496077874,1,0.0163989950741891
same_reduced_four_feature_subset,/kaggle/working/aml-quantum-pipeline/reports/supervisor_fixes/score_level_predictions_reduced_subset.csv,MLP,14,0,0.4599522915729378,1,0.0163989950741891
same_reduced_four_feature_subset,/kaggle/working/aml-quantum-pipeline/reports/supervisor_fixes/score_level_predictions_reduced_subset.csv,MLP,15,1,0.4204454367963356,1,0.0163989950741891
same_reduced_four_feature_subset,/kaggle/working/aml-quantum-pipeline/reports/supervisor_fixes/score_level_predictions_reduced_subset.csv,MLP,16,1,0.422714983853955,1,0.0163989950741891
same_reduced_four_feature_subset,/kaggle/working/aml-quantum-pipeline/reports/supervisor_fixes/score_level_predictions_reduced_subset.csv,MLP,17,1,0.4208364045696398,1,0.0163989950741891
same_reduced_four_feature_subset,/kaggle/working/aml-quantum-pipeline/reports/supervisor_fixes/score_level_predictions_reduced_subset.csv,MLP,18,0,0.4209000326403879,1,0.0163989950741891
same_reduced_four_feature_subset,/kaggle/working/aml-quantum-pipeline/reports/supervisor_fixes/score_level_predictions_reduced_subset.csv,MLP,19,0,0.4197779949854927,1,0.0163989950741891
same_reduced_four_feature_subset,/kaggle/working/aml-quantum-pipeline/reports/supervisor_fixes/score_level_predictions_reduced_subset.csv,MLP,20,0,0.4202804649272363,1,0.0163989950741891
same_reduced_four_feature_subset,/kaggle/working/aml-quantum-pipeline/reports/supervisor_fixes/score_level_predictions_reduced_subset.csv,MLP,21,1,0.4216055169725481,1,0.0163989950741891
same_reduced_four_feature_subset,/kaggle/working/aml-quantum-pipeline/reports/supervisor_fixes/score_level_predictions_reduced_subset.csv,MLP,22,0,0.4589480995104142,1,0.0163989950741891
same_reduced_four_feature_subset,/kaggle/working/aml-quantum-pipeline/reports/supervisor_fixes/score_level_predictions_reduced_subset.csv,MLP,23,1,0.4224623402974869,1,0.0163989950741891
same_reduced_four_feature_subset,/kaggle/working/aml-quantum-pipeline/reports/supervisor_fixes/score_level_predictions_reduced_subset.csv,MLP,24,0,0.4232703942725421,1,0.0163989950741891
same_reduced_four_feature_subset,/kaggle/working/aml-quantum-pipeline/reports/supervisor_fixes/score_level_predictions_reduced_subset.csv,MLP,25,0,0.4206862512828903,1,0.0163989950741891
same_reduced_four_feature_subset,/kaggle/working/aml-quantum-pipeline/reports/supervisor_fixes/score_level_predictions_reduced_subset.csv,MLP,26,1,0.4221142720797147,1,0.0163989950741891
same_reduced_four_feature_subset,/kaggle/working/aml-quantum-pipeline/reports/supervisor_fixes/score_level_predictions_reduced_subset.csv,MLP,27,0,0.4205159596795496,1,0.0163989950741891
same_reduced_four_feature_subset,/kaggle/working/aml-quantum-pipeline/reports/supervisor_fixes/score_level_predictions_reduced_subset.csv,MLP,28,0,0.4229592141931709,1,0.0163989950741891
same_reduced_four_feature_subset,/kaggle/working/aml-quantum-pipeline/reports/supervisor_fixes/score_level_predictions_reduced_subset.csv,MLP,29,1,0.4206768935980271,1,0.0163989950741891
same_reduced_four_feature_subset,/kaggle/working/aml-quantum-pipeline/reports/supervisor_fixes/score_level_predictions_reduced_subset.csv,MLP,30,1,0.4205286605416518,1,0.0163989950741891
same_reduced_four_feature_subset,/kaggle/working/aml-quantum-pipeline/reports/supervisor_fixes/score_level_predictions_reduced_subset.csv,MLP,31,0,0.4196816037520234,1,0.0163989950741891
same_reduced_four_feature_subset,/kaggle/working/aml-quantum-pipeline/reports/supervisor_fixes/score_level_predictions_reduced_subset.csv,MLP,32,0,0.4215204267229264,1,0.0163989950741891
same_reduced_four_feature_subset,/kaggle/working/aml-quantum-pipeline/reports/supervisor_fixes/score_level_predictions_reduced_subset.csv,MLP,33,1,0.4207107928976699,1,0.0163989950741891
same_reduced_four_feature_subset,/kaggle/working/aml-quantum-pipeline/reports/supervisor_fixes/score_level_predictions_reduced_subset.csv,MLP,34,0,0.4593515762212108,1,0.0163989950741891
same_reduced_four_feature_subset,/kaggle/working/aml-quantum-pipeline/reports/supervisor_fixes/score_level_predictions_reduced_subset.csv,MLP,35,1,0.4219208707945105,1,0.0163989950741891
same_reduced_four_feature_subset,/kaggle/working/aml-quantum-pipeline/reports/supervisor_fixes/score_level_predictions_reduced_subset.csv,MLP,36,0,0.4587825684782401,1,0.0163989950741891
same_reduced_four_feature_subset,/kaggle/working/aml-quantum-pipeline/reports/supervisor_fixes/score_level_predictions_reduced_subset.csv,MLP,37,0,0.4195459057122181,1,0.0163989950741891
same_reduced_four_feature_subset,/kaggle/working/aml-quantum-pipeline/reports/supervisor_fixes/score_level_predictions_reduced_subset.csv,MLP,38,0,0.4222330159445091,1,0.0163989950741891
same_reduced_four_feature_subset,/kaggle/working/aml-quantum-pipeline/reports/supervisor_fixes/score_level_predictions_reduced_subset.csv,MLP,39,0,0.4199578405508091,1,0.0163989950741891
same_reduced_four_feature_subset,/kaggle/working/aml-quantum-pipeline/reports/supervisor_fixes/score_level_predictions_reduced_subset.csv,MLP,40,1,0.4209602502557157,1,0.0163989950741891
same_reduced_four_feature_subset,/kaggle/working/aml-quantum-pipeline/reports/supervisor_fixes/score_level_predictions_reduced_subset.csv,MLP,41,1,0.4238281876162363,1,0.0163989950741891
same_reduced_four_feature_subset,/kaggle/working/aml-quantum-pipeline/reports/supervisor_fixes/score_level_predictions_reduced_subset.csv,MLP,42,0,0.4591095699371755,1,0.0163989950741891
same_reduced_four_feature_subset,/kaggle/working/aml-quantum-pipeline/reports/supervisor_fixes/score_level_predictions_reduced_subset.csv,MLP,43,0,0.4588583262616546,1,0.0163989950741891
same_reduced_four_feature_subset,/kaggle/working/aml-quantum-pipeline/reports/supervisor_fixes/score_level_predictions_reduced_subset.csv,MLP,44,1,0.4202307490233249,1,0.0163989950741891
same_reduced_four_feature_subset,/kaggle/working/aml-quantum-pipeline/reports/supervisor_fixes/score_level_predictions_reduced_subset.csv,MLP,45,0,0.4591385073669515,1,0.0163989950741891
same_reduced_four_feature_subset,/kaggle/working/aml-quantum-pipeline/reports/supervisor_fixes/score_level_predictions_reduced_subset.csv,MLP,46,0,0.4199651672109366,1,0.0163989950741891
same_reduced_four_feature_subset,/kaggle/working/aml-quantum-pipeline/reports/supervisor_fixes/score_level_predictions_reduced_subset.csv,MLP,47,1,0.4228325930563475,1,0.0163989950741891
same_reduced_four_feature_subset,/kaggle/working/aml-quantum-pipeline/reports/supervisor_fixes/score_level_predictions_reduced_subset.csv,MLP,48,1,0.4235414089610785,1,0.0163989950741891
same_reduced_four_feature_subset,/kaggle/working/aml-quantum-pipeline/reports/supervisor_fixes/score_level_predictions_reduced_subset.csv,MLP,49,1,0.4221050529811582,1,0.0163989950741891
same_reduced_four_feature_subset,/kaggle/working/aml-quantum-pipeline/reports/supervisor_fixes/score_level_predictions_reduced_subset.csv,MLP,50,1,0.4194311730070013,1,0.0163989950741891
same_reduced_four_feature_subset,/kaggle/working/aml-quantum-pipeline/reports/supervisor_fixes/score_level_predictions_reduced_subset.csv,MLP,51,1,0.4195272291154486,1,0.0163989950741891
same_reduced_four_feature_subset,/kaggle/working/aml-quantum-pipeline/reports/supervisor_fixes/score_level_predictions_reduced_subset.csv,MLP,52,0,0.4200299026872791,1,0.0163989950741891
same_reduced_four_feature_subset,/kaggle/working/aml-quantum-pipeline/reports/supervisor_fixes/score_level_predictions_reduced_subset.csv,MLP,53,0,0.4205966480936522,1,0.0163989950741891
same_reduced_four_feature_subset,/kaggle/working/aml-quantum-pipeline/reports/supervisor_fixes/score_level_predictions_reduced_subset.csv,MLP,54,0,0.4199551112888609,1,0.0163989950741891
same_reduced_four_feature_subset,/kaggle/working/aml-quantum-pipeline/reports/supervisor_fixes/score_level_predictions_reduced_subset.csv,MLP,55,0,0.4594349096785786,1,0.0163989950741891
same_reduced_four_feature_subset,/kaggle/working/aml-quantum-pipeline/reports/supervisor_fixes/score_level_predictions_reduced_subset.csv,MLP,56,1,0.4201276961016852,1,0.0163989950741891
same_reduced_four_feature_subset,/kaggle/working/aml-quantum-pipeline/reports/supervisor_fixes/score_level_predictions_reduced_subset.csv,MLP,57,1,0.422574716057046,1,0.0163989950741891
same_reduced_four_feature_subset,/kaggle/working/aml-quantum-pipeline/reports/supervisor_fixes/score_level_predictions_reduced_subset.csv,MLP,58,1,0.4223165491054983,1,0.0163989950741891
same_reduced_four_feature_subset,/kaggle/working/aml-quantum-pipeline/reports/supervisor_fixes/score_level_predictions_reduced_subset.csv,MLP,59,1,0.4223057382058714,1,0.0163989950741891
same_reduced_four_feature_subset,/kaggle/working/aml-quantum-pipeline/reports/supervisor_fixes/score_level_predictions_reduced_subset.csv,MLP,60,0,0.4209045574993876,1,0.0163989950741891
same_reduced_four_feature_subset,/kaggle/working/aml-quantum-pipeline/reports/supervisor_fixes/score_level_predictions_reduced_subset.csv,MLP,61,0,0.4594624547300693,1,0.0163989950741891
same_reduced_four_feature_subset,/kaggle/working/aml-quantum-pipeline/reports/supervisor_fixes/score_level_predictions_reduced_subset.csv,MLP,62,1,0.4223547995469838,1,0.0163989950741891
same_reduced_four_feature_subset,/kaggle/working/aml-quantum-pipeline/reports/supervisor_fixes/score_level_predictions_reduced_subset.csv,MLP,63,0,0.4593794714078379,1,0.0163989950741891
same_reduced_four_feature_subset,/kaggle/working/aml-quantum-pipeline/reports/supervisor_fixes/score_level_predictions_reduced_subset.csv,MLP,64,1,0.4226197003684627,1,0.0163989950741891
same_reduced_four_feature_subset,/kaggle/working/aml-quantum-pipeline/reports/supervisor_fixes/score_level_predictions_reduced_subset.csv,MLP,65,0,0.4219626957110205,1,0.0163989950741891
same_reduced_four_feature_subset,/kaggle/working/aml-quantum-pipeline/reports/supervisor_fixes/score_level_predictions_reduced_subset.csv,MLP,66,1,0.421872505973181,1,0.0163989950741891
same_reduced_four_feature_subset,/kaggle/working/aml-quantum-pipeline/reports/supervisor_fixes/score_level_predictions_reduced_subset.csv,MLP,67,0,0.4210620963660256,1,0.0163989950741891
same_reduced_four_feature_subset,/kaggle/working/aml-quantum-pipeline/reports/supervisor_fixes/score_level_predictions_reduced_subset.csv,MLP,68,1,0.4206538247821654,1,0.0163989950741891
same_reduced_four_feature_subset,/kaggle/working/aml-quantum-pipeline/reports/supervisor_fixes/score_level_predictions_reduced_subset.csv,MLP,69,0,0.4589480995104142,1,0.0163989950741891
same_reduced_four_feature_subset,/kaggle/working/aml-quantum-pipeline/reports/supervisor_fixes/score_level_predictions_reduced_subset.csv,MLP,70,0,0.4221507436306883,1,0.0163989950741891
same_reduced_four_feature_subset,/kaggle/working/aml-quantum-pipeline/reports/supervisor_fixes/score_level_predictions_reduced_subset.csv,MLP,71,0,0.4587213281495813,1,0.0163989950741891
same_reduced_four_feature_subset,/kaggle/working/aml-quantum-pipeline/reports/supervisor_fixes/score_level_predictions_reduced_subset.csv,MLP,72,0,0.4590366649074757,1,0.0163989950741891
same_reduced_four_feature_subset,/kaggle/working/aml-quantum-pipeline/reports/supervisor_fixes/score_level_predictions_reduced_subset.csv,MLP,73,1,0.4214504235866667,1,0.0163989950741891
same_reduced_four_feature_subset,/kaggle/working/aml-quantum-pipeline/reports/supervisor_fixes/score_level_predictions_reduced_subset.csv,MLP,74,0,0.4591095699371755,1,0.0163989950741891
same_reduced_four_feature_subset,/kaggle/working/aml-quantum-pipeline/reports/supervisor_fixes/score_level_predictions_reduced_subset.csv,MLP,75,0,0.4192007605852245,1,0.0163989950741891
same_reduced_four_feature_subset,/kaggle/working/aml-quantum-pipeline/reports/supervisor_fixes/score_level_predictions_reduced_subset.csv,MLP,76,0,0.4593515762212108,1,0.0163989950741891
same_reduced_four_feature_subset,/kaggle/working/aml-quantum-pipeline/reports/supervisor_fixes/score_level_predictions_reduced_subset.csv,MLP,77,0,0.4193326458181234,1,0.0163989950741891
same_reduced_four_feature_subset,/kaggle/working/aml-quantum-pipeline/reports/supervisor_fixes/score_level_predictions_reduced_subset.csv,MLP,78,1,0.4190587936539692,1,0.0163989950741891
same_reduced_four_feature_subset,/kaggle/working/aml-quantum-pipeline/reports/supervisor_fixes/score_level_predictions_reduced_subset.csv,MLP,79,1,0.4220814818199855,1,0.0163989950741891
same_reduced_four_feature_subset,/kaggle/working/aml-quantum-pipeline/reports/supervisor_fixes/score_level_predictions_reduced_subset.csv,MLP,80,0,0.4594349096785786,1,0.0163989950741891
same_reduced_four_feature_subset,/kaggle/working/aml-quantum-pipeline/reports/supervisor_fixes/score_level_predictions_reduced_subset.csv,MLP,81,0,0.4589925311537842,1,0.0163989950741891
same_reduced_four_feature_subset,/kaggle/working/aml-quantum-pipeline/reports/supervisor_fixes/score_level_predictions_reduced_subset.csv,MLP,82,0,0.4589332220668764,1,0.0163989950741891
same_reduced_four_feature_subset,/kaggle/working/aml-quantum-pipeline/reports/supervisor_fixes/score_level_predictions_reduced_subset.csv,MLP,83,1,0.4189331883448227,1,0.0163989950741891
same_reduced_four_feature_subset,/kaggle/working/aml-quantum-pipeline/reports/supervisor_fixes/score_level_predictions_reduced_subset.csv,MLP,84,0,0.4590219865083086,1,0.0163989950741891
same_reduced_four_feature_subset,/kaggle/working/aml-quantum-pipeline/reports/supervisor_fixes/score_level_predictions_reduced_subset.csv,MLP,85,1,0.4586595126974428,1,0.0163989950741891
same_reduced_four_feature_subset,/kaggle/working/aml-quantum-pipeline/reports/supervisor_fixes/score_level_predictions_reduced_subset.csv,MLP,86,1,0.4207840083539677,1,0.0163989950741891
same_reduced_four_feature_subset,/kaggle/working/aml-quantum-pipeline/reports/supervisor_fixes/score_level_predictions_reduced_subset.csv,MLP,87,1,0.4195935013886084,1,0.0163989950741891
same_reduced_four_feature_subset,/kaggle/working/aml-quantum-pipeline/reports/supervisor_fixes/score_level_predictions_reduced_subset.csv,MLP,88,0,0.4588129762992493,1,0.0163989950741891
same_reduced_four_feature_subset,/kaggle/working/aml-quantum-pipeline/reports/supervisor_fixes/score_level_predictions_reduced_subset.csv,MLP,89,1,0.4202090835650312,1,0.0163989950741891
same_reduced_four_feature_subset,/kaggle/working/aml-quantum-pipeline/reports/supervisor_fixes/score_level_predictions_reduced_subset.csv,MLP,90,1,0.4203478761212472,1,0.0163989950741891
same_reduced_four_feature_subset,/kaggle/working/aml-quantum-pipeline/reports/supervisor_fixes/score_level_predictions_reduced_subset.csv,MLP,91,0,0.4592671743862953,1,0.0163989950741891
same_reduced_four_feature_subset,/kaggle/working/aml-quantum-pipeline/reports/supervisor_fixes/score_level_predictions_reduced_subset.csv,MLP,92,0,0.4590513106497005,1,0.0163989950741891
same_reduced_four_feature_subset,/kaggle/working/aml-quantum-pipeline/reports/supervisor_fixes/score_level_predictions_reduced_subset.csv,MLP,93,1,0.4227757476724101,1,0.0163989950741891
same_reduced_four_feature_subset,/kaggle/working/aml-quantum-pipeline/reports/supervisor_fixes/score_level_predictions_reduced_subset.csv,MLP,94,0,0.4588129762992493,1,0.0163989950741891
same_reduced_four_feature_subset,/kaggle/working/aml-quantum-pipeline/reports/supervisor_fixes/score_level_predictions_reduced_subset.csv,MLP,95,1,0.4229014905518616,1,0.0163989950741891
same_reduced_four_feature_subset,/kaggle/working/aml-quantum-pipeline/reports/supervisor_fixes/score_level_predictions_reduced_subset.csv,MLP,96,0,0.4592671743862953,1,0.0163989950741891
same_reduced_four_feature_subset,/kaggle/working/aml-quantum-pipeline/reports/supervisor_fixes/score_level_predictions_reduced_subset.csv,MLP,97,0,0.4589183109227744,1,0.0163989950741891
same_reduced_four_feature_subset,/kaggle/working/aml-quantum-pipeline/reports/supervisor_fixes/score_level_predictions_reduced_subset.csv,MLP,98,0,0.4593515762212108,1,0.0163989950741891
same_reduced_four_feature_subset,/kaggle/working/aml-quantum-pipeline/reports/supervisor_fixes/score_level_predictions_reduced_subset.csv,MLP,99,0,0.4208976818856457,1,0.0163989950741891
same_reduced_four_feature_subset,/kaggle/working/aml-quantum-pipeline/reports/supervisor_fixes/score_level_predictions_reduced_subset.csv,MLP,100,0,0.4589183109227744,1,0.0163989950741891
same_reduced_four_feature_subset,/kaggle/working/aml-quantum-pipeline/reports/supervisor_fixes/score_level_predictions_reduced_subset.csv,MLP,101,1,0.420604356801626,1,0.0163989950741891
same_reduced_four_feature_subset,/kaggle/working/aml-quantum-pipeline/reports/supervisor_fixes/score_level_predictions_reduced_subset.csv,MLP,102,0,0.4588129762992493,1,0.0163989950741891
same_reduced_four_feature_subset,/kaggle/working/aml-quantum-pipeline/reports/supervisor_fixes/score_level_predictions_reduced_subset.csv,MLP,103,0,0.4591529285205021,1,0.0163989950741891
same_reduced_four_feature_subset,/kaggle/working/aml-quantum-pipeline/reports/supervisor_fixes/score_level_predictions_reduced_subset.csv,MLP,104,1,0.4186452184994604,1,0.0163989950741891
same_reduced_four_feature_subset,/kaggle/working/aml-quantum-pipeline/reports/supervisor_fixes/score_level_predictions_reduced_subset.csv,MLP,105,0,0.4213184473757175,1,0.0163989950741891
same_reduced_four_feature_subset,/kaggle/working/aml-quantum-pipeline/reports/supervisor_fixes/score_level_predictions_reduced_subset.csv,MLP,106,1,0.4219384111394789,1,0.0163989950741891
same_reduced_four_feature_subset,/kaggle/working/aml-quantum-pipeline/reports/supervisor_fixes/score_level_predictions_reduced_subset.csv,MLP,107,0,0.4199478103291193,1,0.0163989950741891
same_reduced_four_feature_subset,/kaggle/working/aml-quantum-pipeline/reports/supervisor_fixes/score_level_predictions_reduced_subset.csv,MLP,108,0,0.4225295866008143,1,0.0163989950741891
same_reduced_four_feature_subset,/kaggle/working/aml-quantum-pipeline/reports/supervisor_fixes/score_level_predictions_reduced_subset.csv,MLP,109,1,0.4199246152240988,1,0.0163989950741891
same_reduced_four_feature_subset,/kaggle/working/aml-quantum-pipeline/reports/supervisor_fixes/score_level_predictions_reduced_subset.csv,MLP,110,1,0.4211866696445001,1,0.0163989950741891
same_reduced_four_feature_subset,/kaggle/working/aml-quantum-pipeline/reports/supervisor_fixes/score_level_predictions_reduced_subset.csv,MLP,111,1,0.4227962316382587,1,0.0163989950741891
same_reduced_four_feature_subset,/kaggle/working/aml-quantum-pipeline/reports/supervisor_fixes/score_level_predictions_reduced_subset.csv,MLP,112,1,0.4196881300095552,1,0.0163989950741891
same_reduced_four_feature_subset,/kaggle/working/aml-quantum-pipeline/reports/supervisor_fixes/score_level_predictions_reduced_subset.csv,MLP,113,0,0.4594349096785786,1,0.0163989950741891
same_reduced_four_feature_subset,/kaggle/working/aml-quantum-pipeline/reports/supervisor_fixes/score_level_predictions_reduced_subset.csv,MLP,114,0,0.4589925311537842,1,0.0163989950741891
same_reduced_four_feature_subset,/kaggle/working/aml-quantum-pipeline/reports/supervisor_fixes/score_level_predictions_reduced_subset.csv,MLP,115,1,0.4186834248545721,1,0.0163989950741891
same_reduced_four_feature_subset,/kaggle/working/aml-quantum-pipeline/reports/supervisor_fixes/score_level_predictions_reduced_subset.csv,MLP,116,1,0.4222693460892028,1,0.0163989950741891
same_reduced_four_feature_subset,/kaggle/working/aml-quantum-pipeline/reports/supervisor_fixes/score_level_predictions_reduced_subset.csv,MLP,117,1,0.4230064380848349,1,0.0163989950741891
same_reduced_four_feature_subset,/kaggle/working/aml-quantum-pipeline/reports/supervisor_fixes/score_level_predictions_reduced_subset.csv,MLP,118,1,0.4197453358828165,1,0.0163989950741891
same_reduced_four_feature_subset,/kaggle/working/aml-quantum-pipeline/reports/supervisor_fixes/score_level_predictions_reduced_subset.csv,MLP,119,1,0.4203268581145259,1,0.0163989950741891
same_reduced_four_feature_subset,/kaggle/working/aml-quantum-pipeline/reports/supervisor_fixes/score_level_predictions_reduced_subset.csv,MLP,120,0,0.4588281276952318,1,0.0163989950741891
same_reduced_four_feature_subset,/kaggle/working/aml-quantum-pipeline/reports/supervisor_fixes/score_level_predictions_reduced_subset.csv,MLP,121,0,0.4208650461564973,1,0.0163989950741891
same_reduced_four_feature_subset,/kaggle/working/aml-quantum-pipeline/reports/supervisor_fixes/score_level_predictions_reduced_subset.csv,MLP,122,0,0.4210734195249015,1,0.0163989950741891
same_reduced_four_feature_subset,/kaggle/working/aml-quantum-pipeline/reports/supervisor_fixes/score_level_predictions_reduced_subset.csv,MLP,123,0,0.4592813167171545,1,0.0163989950741891
same_reduced_four_feature_subset,/kaggle/working/aml-quantum-pipeline/reports/supervisor_fixes/score_level_predictions_reduced_subset.csv,MLP,124,0,0.4224857404393655,1,0.0163989950741891
same_reduced_four_feature_subset,/kaggle/working/aml-quantum-pipeline/reports/supervisor_fixes/score_level_predictions_reduced_subset.csv,MLP,125,1,0.4193704589623449,1,0.0163989950741891
same_reduced_four_feature_subset,/kaggle/working/aml-quantum-pipeline/reports/supervisor_fixes/score_level_predictions_reduced_subset.csv,MLP,126,0,0.4588432442961693,1,0.0163989950741891
same_reduced_four_feature_subset,/kaggle/working/aml-quantum-pipeline/reports/supervisor_fixes/score_level_predictions_reduced_subset.csv,MLP,127,0,0.4592102992811809,1,0.0163989950741891
same_reduced_four_feature_subset,/kaggle/working/aml-quantum-pipeline/reports/supervisor_fixes/score_level_predictions_reduced_subset.csv,MLP,128,1,0.4195398153156529,1,0.0163989950741891
same_reduced_four_feature_subset,/kaggle/working/aml-quantum-pipeline/reports/supervisor_fixes/score_level_predictions_reduced_subset.csv,MLP,129,0,0.4587673117284576,1,0.0163989950741891
same_reduced_four_feature_subset,/kaggle/working/aml-quantum-pipeline/reports/supervisor_fixes/score_level_predictions_reduced_subset.csv,MLP,130,0,0.4594624547300693,1,0.0163989950741891
same_reduced_four_feature_subset,/kaggle/working/aml-quantum-pipeline/reports/supervisor_fixes/score_level_predictions_reduced_subset.csv,MLP,131,1,0.4194220581594243,1,0.0163989950741891
same_reduced_four_feature_subset,/kaggle/working/aml-quantum-pipeline/reports/supervisor_fixes/score_level_predictions_reduced_subset.csv,MLP,132,1,0.418546399746524,1,0.0163989950741891
same_reduced_four_feature_subset,/kaggle/working/aml-quantum-pipeline/reports/supervisor_fixes/score_level_predictions_reduced_subset.csv,MLP,133,1,0.419604062948874,1,0.0163989950741891
same_reduced_four_feature_subset,/kaggle/working/aml-quantum-pipeline/reports/supervisor_fixes/score_level_predictions_reduced_subset.csv,MLP,134,1,0.4193473451434926,1,0.0163989950741891
same_reduced_four_feature_subset,/kaggle/working/aml-quantum-pipeline/reports/supervisor_fixes/score_level_predictions_reduced_subset.csv,MLP,135,1,0.4195398153156529,1,0.0163989950741891
same_reduced_four_feature_subset,/kaggle/working/aml-quantum-pipeline/reports/supervisor_fixes/score_level_predictions_reduced_subset.csv,MLP,136,0,0.4206220680998762,1,0.0163989950741891
same_reduced_four_feature_subset,/kaggle/working/aml-quantum-pipeline/reports/supervisor_fixes/score_level_predictions_reduced_subset.csv,MLP,137,1,0.4227320823502269,1,0.0163989950741891
same_reduced_four_feature_subset,/kaggle/working/aml-quantum-pipeline/reports/supervisor_fixes/score_level_predictions_reduced_subset.csv,MLP,138,0,0.4205473319839901,1,0.0163989950741891
same_reduced_four_feature_subset,/kaggle/working/aml-quantum-pipeline/reports/supervisor_fixes/score_level_predictions_reduced_subset.csv,MLP,139,0,0.4201075548500984,1,0.0163989950741891
same_reduced_four_feature_subset,/kaggle/working/aml-quantum-pipeline/reports/supervisor_fixes/score_level_predictions_reduced_subset.csv,MLP,140,1,0.4230084622370996,1,0.0163989950741891
same_reduced_four_feature_subset,/kaggle/working/aml-quantum-pipeline/reports/supervisor_fixes/score_level_predictions_reduced_subset.csv,MLP,141,0,0.4199855181406263,1,0.0163989950741891
same_reduced_four_feature_subset,/kaggle/working/aml-quantum-pipeline/reports/supervisor_fixes/score_level_predictions_reduced_subset.csv,MLP,142,0,0.4592530016091902,1,0.0163989950741891
same_reduced_four_feature_subset,/kaggle/working/aml-quantum-pipeline/reports/supervisor_fixes/score_level_predictions_reduced_subset.csv,MLP,143,1,0.4203740394554993,1,0.0163989950741891
same_reduced_four_feature_subset,/kaggle/working/aml-quantum-pipeline/reports/supervisor_fixes/score_level_predictions_reduced_subset.csv,MLP,144,0,0.4599650375949926,1,0.0163989950741891
same_reduced_four_feature_subset,/kaggle/working/aml-quantum-pipeline/reports/supervisor_fixes/score_level_predictions_reduced_subset.csv,MLP,145,0,0.4591673181515184,1,0.0163989950741891
same_reduced_four_feature_subset,/kaggle/working/aml-quantum-pipeline/reports/supervisor_fixes/score_level_predictions_reduced_subset.csv,MLP,146,0,0.421668542736922,1,0.0163989950741891
same_reduced_four_feature_subset,/kaggle/working/aml-quantum-pipeline/reports/supervisor_fixes/score_level_predictions_reduced_subset.csv,MLP,147,1,0.4210114783559887,1,0.0163989950741891
same_reduced_four_feature_subset,/kaggle/working/aml-quantum-pipeline/reports/supervisor_fixes/score_level_predictions_reduced_subset.csv,MLP,148,0,0.4218917802303935,1,0.0163989950741891
same_reduced_four_feature_subset,/kaggle/working/aml-quantum-pipeline/reports/supervisor_fixes/score_level_predictions_reduced_subset.csv,MLP,149,0,0.4587977899475238,1,0.0163989950741891
same_reduced_four_feature_subset,/kaggle/working/aml-quantum-pipeline/reports/supervisor_fixes/score_level_predictions_reduced_subset.csv,MLP,150,1,0.4206587999283208,1,0.0163989950741891
same_reduced_four_feature_subset,/kaggle/working/aml-quantum-pipeline/reports/supervisor_fixes/score_level_predictions_reduced_subset.csv,MLP,151,1,0.4204435072063913,1,0.0163989950741891
same_reduced_four_feature_subset,/kaggle/working/aml-quantum-pipeline/reports/supervisor_fixes/score_level_predictions_reduced_subset.csv,MLP,152,1,0.4201517704785492,1,0.0163989950741891
same_reduced_four_feature_subset,/kaggle/working/aml-quantum-pipeline/reports/supervisor_fixes/score_level_predictions_reduced_subset.csv,MLP,153,0,0.40605015099407,1,0.0163989950741891
same_reduced_four_feature_subset,/kaggle/working/aml-quantum-pipeline/reports/supervisor_fixes/score_level_predictions_reduced_subset.csv,MLP,154,1,0.4227039987080422,1,0.0163989950741891
same_reduced_four_feature_subset,/kaggle/working/aml-quantum-pipeline/reports/supervisor_fixes/score_level_predictions_reduced_subset.csv,MLP,155,0,0.4590805047428445,1,0.0163989950741891
same_reduced_four_feature_subset,/kaggle/working/aml-quantum-pipeline/reports/supervisor_fixes/score_level_predictions_reduced_subset.csv,MLP,156,0,0.4586439676990694,1,0.0163989950741891
same_reduced_four_feature_subset,/kaggle/working/aml-quantum-pipeline/reports/supervisor_fixes/score_level_predictions_reduced_subset.csv,MLP,157,1,0.420560857240557,1,0.0163989950741891
same_reduced_four_feature_subset,/kaggle/working/aml-quantum-pipeline/reports/supervisor_fixes/score_level_predictions_reduced_subset.csv,MLP,158,0,0.4208612528463994,1,0.0163989950741891
same_reduced_four_feature_subset,/kaggle/working/aml-quantum-pipeline/reports/supervisor_fixes/score_level_predictions_reduced_subset.csv,MLP,159,0,0.4586904929889164,1,0.0163989950741891
same_reduced_four_feature_subset,/kaggle/working/aml-quantum-pipeline/reports/supervisor_fixes/score_level_predictions_reduced_subset.csv,MLP,160,1,0.4200922957456279,1,0.0163989950741891
same_reduced_four_feature_subset,/kaggle/working/aml-quantum-pipeline/reports/supervisor_fixes/score_level_predictions_reduced_subset.csv,MLP,161,0,0.4205246434776584,1,0.0163989950741891
same_reduced_four_feature_subset,/kaggle/working/aml-quantum-pipeline/reports/supervisor_fixes/score_level_predictions_reduced_subset.csv,MLP,162,1,0.4195101480497185,1,0.0163989950741891
same_reduced_four_feature_subset,/kaggle/working/aml-quantum-pipeline/reports/supervisor_fixes/score_level_predictions_reduced_subset.csv,MLP,163,1,0.4226502012836747,1,0.0163989950741891
same_reduced_four_feature_subset,/kaggle/working/aml-quantum-pipeline/reports/supervisor_fixes/score_level_predictions_reduced_subset.csv,MLP,164,0,0.4586750210699445,1,0.0163989950741891
same_reduced_four_feature_subset,/kaggle/working/aml-quantum-pipeline/reports/supervisor_fixes/score_level_predictions_reduced_subset.csv,MLP,165,0,0.4589183109227744,1,0.0163989950741891
same_reduced_four_feature_subset,/kaggle/working/aml-quantum-pipeline/reports/supervisor_fixes/score_level_predictions_reduced_subset.csv,MLP,166,0,0.4193598588058905,1,0.0163989950741891
same_reduced_four_feature_subset,/kaggle/working/aml-quantum-pipeline/reports/supervisor_fixes/score_level_predictions_reduced_subset.csv,MLP,167,1,0.4205409384442645,1,0.0163989950741891
same_reduced_four_feature_subset,/kaggle/working/aml-quantum-pipeline/reports/supervisor_fixes/score_level_predictions_reduced_subset.csv,MLP,168,1,0.4192231569213149,1,0.0163989950741891
same_reduced_four_feature_subset,/kaggle/working/aml-quantum-pipeline/reports/supervisor_fixes/score_level_predictions_reduced_subset.csv,MLP,169,0,0.4593235623345473,1,0.0163989950741891
same_reduced_four_feature_subset,/kaggle/working/aml-quantum-pipeline/reports/supervisor_fixes/score_level_predictions_reduced_subset.csv,MLP,170,1,0.4206538247821654,1,0.0163989950741891
same_reduced_four_feature_subset,/kaggle/working/aml-quantum-pipeline/reports/supervisor_fixes/score_level_predictions_reduced_subset.csv,MLP,171,0,0.4587520195340973,1,0.0163989950741891
same_reduced_four_feature_subset,/kaggle/working/aml-quantum-pipeline/reports/supervisor_fixes/score_level_predictions_reduced_subset.csv,MLP,172,1,0.4226544336482187,1,0.0163989950741891
same_reduced_four_feature_subset,/kaggle/working/aml-quantum-pipeline/reports/supervisor_fixes/score_level_predictions_reduced_subset.csv,MLP,173,1,0.4189090679538972,1,0.0163989950741891
same_reduced_four_feature_subset,/kaggle/working/aml-quantum-pipeline/reports/supervisor_fixes/score_level_predictions_reduced_subset.csv,MLP,174,1,0.4599777589915664,1,0.0163989950741891
same_reduced_four_feature_subset,/kaggle/working/aml-quantum-pipeline/reports/supervisor_fixes/score_level_predictions_reduced_subset.csv,MLP,175,1,0.423841403029114,1,0.0163989950741891
same_reduced_four_feature_subset,/kaggle/working/aml-quantum-pipeline/reports/supervisor_fixes/score_level_predictions_reduced_subset.csv,MLP,176,0,0.4588129762992493,1,0.0163989950741891
same_reduced_four_feature_subset,/kaggle/working/aml-quantum-pipeline/reports/supervisor_fixes/score_level_predictions_reduced_subset.csv,MLP,177,0,0.4587977899475238,1,0.0163989950741891
same_reduced_four_feature_subset,/kaggle/working/aml-quantum-pipeline/reports/supervisor_fixes/score_level_predictions_reduced_subset.csv,MLP,178,0,0.4591673181515184,1,0.0163989950741891
same_reduced_four_feature_subset,/kaggle/working/aml-quantum-pipeline/reports/supervisor_fixes/score_level_predictions_reduced_subset.csv,MLP,179,1,0.4196468227402413,1,0.0163989950741891
same_reduced_four_feature_subset,/kaggle/working/aml-quantum-pipeline/reports/supervisor_fixes/score_level_predictions_reduced_subset.csv,MLP,180,1,0.4224535013045767,1,0.0163989950741891
same_reduced_four_feature_subset,/kaggle/working/aml-quantum-pipeline/reports/supervisor_fixes/score_level_predictions_reduced_subset.csv,MLP,181,0,0.4202984092409985,1,0.0163989950741891
same_reduced_four_feature_subset,/kaggle/working/aml-quantum-pipeline/reports/supervisor_fixes/score_level_predictions_reduced_subset.csv,MLP,182,1,0.4222853051481293,1,0.0163989950741891
same_reduced_four_feature_subset,/kaggle/working/aml-quantum-pipeline/reports/supervisor_fixes/score_level_predictions_reduced_subset.csv,MLP,183,0,0.42119979626914,1,0.0163989950741891
same_reduced_four_feature_subset,/kaggle/working/aml-quantum-pipeline/reports/supervisor_fixes/score_level_predictions_reduced_subset.csv,MLP,184,1,0.4226680180095407,1,0.0163989950741891
same_reduced_four_feature_subset,/kaggle/working/aml-quantum-pipeline/reports/supervisor_fixes/score_level_predictions_reduced_subset.csv,MLP,185,1,0.4204649767990427,1,0.0163989950741891
same_reduced_four_feature_subset,/kaggle/working/aml-quantum-pipeline/reports/supervisor_fixes/score_level_predictions_reduced_subset.csv,MLP,186,0,0.4587825684782401,1,0.0163989950741891
same_reduced_four_feature_subset,/kaggle/working/aml-quantum-pipeline/reports/supervisor_fixes/score_level_predictions_reduced_subset.csv,MLP,187,1,0.4227913093102244,1,0.0163989950741891
same_reduced_four_feature_subset,/kaggle/working/aml-quantum-pipeline/reports/supervisor_fixes/score_level_predictions_reduced_subset.csv,MLP,188,1,0.4199425000283379,1,0.0163989950741891
same_reduced_four_feature_subset,/kaggle/working/aml-quantum-pipeline/reports/supervisor_fixes/score_level_predictions_reduced_subset.csv,MLP,189,0,0.4213835676956836,1,0.0163989950741891
same_reduced_four_feature_subset,/kaggle/working/aml-quantum-pipeline/reports/supervisor_fixes/score_level_predictions_reduced_subset.csv,MLP,190,1,0.4229689587829994,1,0.0163989950741891
same_reduced_four_feature_subset,/kaggle/working/aml-quantum-pipeline/reports/supervisor_fixes/score_level_predictions_reduced_subset.csv,MLP,191,1,0.4193061805955864,1,0.0163989950741891
same_reduced_four_feature_subset,/kaggle/working/aml-quantum-pipeline/reports/supervisor_fixes/score_level_predictions_reduced_subset.csv,MLP,192,0,0.4227982075989143,1,0.0163989950741891
same_reduced_four_feature_subset,/kaggle/working/aml-quantum-pipeline/reports/supervisor_fixes/score_level_predictions_reduced_subset.csv,MLP,193,0,0.4594349096785786,1,0.0163989950741891
same_reduced_four_feature_subset,/kaggle/working/aml-quantum-pipeline/reports/supervisor_fixes/score_level_predictions_reduced_subset.csv,MLP,194,1,0.4225785418228712,1,0.0163989950741891
same_reduced_four_feature_subset,/kaggle/working/aml-quantum-pipeline/reports/supervisor_fixes/score_level_predictions_reduced_subset.csv,MLP,195,1,0.4195391197252331,1,0.0163989950741891
same_reduced_four_feature_subset,/kaggle/working/aml-quantum-pipeline/reports/supervisor_fixes/score_level_predictions_reduced_subset.csv,MLP,196,1,0.4213284035176192,1,0.0163989950741891
same_reduced_four_feature_subset,/kaggle/working/aml-quantum-pipeline/reports/supervisor_fixes/score_level_predictions_reduced_subset.csv,MLP,197,1,0.4191259375042024,1,0.0163989950741891
same_reduced_four_feature_subset,/kaggle/working/aml-quantum-pipeline/reports/supervisor_fixes/score_level_predictions_reduced_subset.csv,MLP,198,1,0.4193654983103874,1,0.0163989950741891
same_reduced_four_feature_subset,/kaggle/working/aml-quantum-pipeline/reports/supervisor_fixes/score_level_predictions_reduced_subset.csv,MLP,199,1,0.4227636882662939,1,0.0163989950741891
same_reduced_four_feature_subset,/kaggle/working/aml-quantum-pipeline/reports/supervisor_fixes/score_level_predictions_reduced_subset.csv,MLP,200,0,0.4200639689093677,1,0.0163989950741891
same_reduced_four_feature_subset,/kaggle/working/aml-quantum-pipeline/reports/supervisor_fixes/score_level_predictions_reduced_subset.csv,MLP,201,0,0.4592102992811809,1,0.0163989950741891
same_reduced_four_feature_subset,/kaggle/working/aml-quantum-pipeline/reports/supervisor_fixes/score_level_predictions_reduced_subset.csv,MLP,202,0,0.4202771136820668,1,0.0163989950741891
same_reduced_four_feature_subset,/kaggle/working/aml-quantum-pipeline/reports/supervisor_fixes/score_level_predictions_reduced_subset.csv,MLP,203,1,0.422089445566398,1,0.0163989950741891
same_reduced_four_feature_subset,/kaggle/working/aml-quantum-pipeline/reports/supervisor_fixes/score_level_predictions_reduced_subset.csv,MLP,204,0,0.4200322765978194,1,0.0163989950741891
same_reduced_four_feature_subset,/kaggle/working/aml-quantum-pipeline/reports/supervisor_fixes/score_level_predictions_reduced_subset.csv,MLP,205,0,0.4206857275224759,1,0.0163989950741891
same_reduced_four_feature_subset,/kaggle/working/aml-quantum-pipeline/reports/supervisor_fixes/score_level_predictions_reduced_subset.csv,MLP,206,1,0.419268139411363,1,0.0163989950741891
same_reduced_four_feature_subset,/kaggle/working/aml-quantum-pipeline/reports/supervisor_fixes/score_level_predictions_reduced_subset.csv,MLP,207,1,0.4217004968154489,1,0.0163989950741891
same_reduced_four_feature_subset,/kaggle/working/aml-quantum-pipeline/reports/supervisor_fixes/score_level_predictions_reduced_subset.csv,MLP,208,0,0.458977753903278,1,0.0163989950741891
same_reduced_four_feature_subset,/kaggle/working/aml-quantum-pipeline/reports/supervisor_fixes/score_level_predictions_reduced_subset.csv,MLP,209,1,0.4191587561985437,1,0.0163989950741891
same_reduced_four_feature_subset,/kaggle/working/aml-quantum-pipeline/reports/supervisor_fixes/score_level_predictions_reduced_subset.csv,MLP,210,1,0.4191192552876046,1,0.0163989950741891
same_reduced_four_feature_subset,/kaggle/working/aml-quantum-pipeline/reports/supervisor_fixes/score_level_predictions_reduced_subset.csv,MLP,211,0,0.4214072845737593,1,0.0163989950741891
same_reduced_four_feature_subset,/kaggle/working/aml-quantum-pipeline/reports/supervisor_fixes/score_level_predictions_reduced_subset.csv,MLP,212,1,0.419080433143329,1,0.0163989950741891
same_reduced_four_feature_subset,/kaggle/working/aml-quantum-pipeline/reports/supervisor_fixes/score_level_predictions_reduced_subset.csv,MLP,213,1,0.4216883440395198,1,0.0163989950741891
same_reduced_four_feature_subset,/kaggle/working/aml-quantum-pipeline/reports/supervisor_fixes/score_level_predictions_reduced_subset.csv,MLP,214,1,0.4198492331104224,1,0.0163989950741891
same_reduced_four_feature_subset,/kaggle/working/aml-quantum-pipeline/reports/supervisor_fixes/score_level_predictions_reduced_subset.csv,MLP,215,1,0.421511101760861,1,0.0163989950741891
same_reduced_four_feature_subset,/kaggle/working/aml-quantum-pipeline/reports/supervisor_fixes/score_level_predictions_reduced_subset.csv,MLP,216,1,0.42073716379747,1,0.0163989950741891
same_reduced_four_feature_subset,/kaggle/working/aml-quantum-pipeline/reports/supervisor_fixes/score_level_predictions_reduced_subset.csv,MLP,217,0,0.4202411873479859,1,0.0163989950741891
same_reduced_four_feature_subset,/kaggle/working/aml-quantum-pipeline/reports/supervisor_fixes/score_level_predictions_reduced_subset.csv,MLP,218,1,0.4596210009991217,1,0.0163989950741891
same_reduced_four_feature_subset,/kaggle/working/aml-quantum-pipeline/reports/supervisor_fixes/score_level_predictions_reduced_subset.csv,MLP,219,1,0.4225627726919171,1,0.0163989950741891
same_reduced_four_feature_subset,/kaggle/working/aml-quantum-pipeline/reports/supervisor_fixes/score_level_predictions_reduced_subset.csv,MLP,220,1,0.4208407207920954,1,0.0163989950741891
same_reduced_four_feature_subset,/kaggle/working/aml-quantum-pipeline/reports/supervisor_fixes/score_level_predictions_reduced_subset.csv,MLP,221,1,0.4224612272919718,1,0.0163989950741891
same_reduced_four_feature_subset,/kaggle/working/aml-quantum-pipeline/reports/supervisor_fixes/score_level_predictions_reduced_subset.csv,MLP,222,0,0.4587366917299331,1,0.0163989950741891
same_reduced_four_feature_subset,/kaggle/working/aml-quantum-pipeline/reports/supervisor_fixes/score_level_predictions_reduced_subset.csv,MLP,223,0,0.4586439676990694,1,0.0163989950741891
same_reduced_four_feature_subset,/kaggle/working/aml-quantum-pipeline/reports/supervisor_fixes/score_level_predictions_reduced_subset.csv,MLP,224,0,0.4585814179568752,1,0.0163989950741891
same_reduced_four_feature_subset,/kaggle/working/aml-quantum-pipeline/reports/supervisor_fixes/score_level_predictions_reduced_subset.csv,MLP,225,1,0.41901838487981,1,0.0163989950741891
same_reduced_four_feature_subset,/kaggle/working/aml-quantum-pipeline/reports/supervisor_fixes/score_level_predictions_reduced_subset.csv,MLP,226,1,0.4587825684782401,1,0.0163989950741891
same_reduced_four_feature_subset,/kaggle/working/aml-quantum-pipeline/reports/supervisor_fixes/score_level_predictions_reduced_subset.csv,MLP,227,1,0.4237118436148931,1,0.0163989950741891
same_reduced_four_feature_subset,/kaggle/working/aml-quantum-pipeline/reports/supervisor_fixes/score_level_predictions_reduced_subset.csv,MLP,228,0,0.422200484732413,1,0.0163989950741891
same_reduced_four_feature_subset,/kaggle/working/aml-quantum-pipeline/reports/supervisor_fixes/score_level_predictions_reduced_subset.csv,MLP,229,1,0.4223340229307889,1,0.0163989950741891
same_reduced_four_feature_subset,/kaggle/working/aml-quantum-pipeline/reports/supervisor_fixes/score_level_predictions_reduced_subset.csv,MLP,230,0,0.4586595126974428,1,0.0163989950741891
same_reduced_four_feature_subset,/kaggle/working/aml-quantum-pipeline/reports/supervisor_fixes/score_level_predictions_reduced_subset.csv,MLP,231,1,0.4208500538078679,1,0.0163989950741891
same_reduced_four_feature_subset,/kaggle/working/aml-quantum-pipeline/reports/supervisor_fixes/score_level_predictions_reduced_subset.csv,MLP,232,0,0.4591529285205021,1,0.0163989950741891
same_reduced_four_feature_subset,/kaggle/working/aml-quantum-pipeline/reports/supervisor_fixes/score_level_predictions_reduced_subset.csv,MLP,233,1,0.420572352485703,1,0.0163989950741891
same_reduced_four_feature_subset,/kaggle/working/aml-quantum-pipeline/reports/supervisor_fixes/score_level_predictions_reduced_subset.csv,MLP,234,0,0.4591240545523273,1,0.0163989950741891
same_reduced_four_feature_subset,/kaggle/working/aml-quantum-pipeline/reports/supervisor_fixes/score_level_predictions_reduced_subset.csv,MLP,235,1,0.4215126065371928,1,0.0163989950741891
same_reduced_four_feature_subset,/kaggle/working/aml-quantum-pipeline/reports/supervisor_fixes/score_level_predictions_reduced_subset.csv,MLP,236,1,0.419247600577391,1,0.0163989950741891
same_reduced_four_feature_subset,/kaggle/working/aml-quantum-pipeline/reports/supervisor_fixes/score_level_predictions_reduced_subset.csv,MLP,237,1,0.4225984392090177,1,0.0163989950741891
same_reduced_four_feature_subset,/kaggle/working/aml-quantum-pipeline/reports/supervisor_fixes/score_level_predictions_reduced_subset.csv,MLP,238,0,0.4238580623108902,1,0.0163989950741891
same_reduced_four_feature_subset,/kaggle/working/aml-quantum-pipeline/reports/supervisor_fixes/score_level_predictions_reduced_subset.csv,MLP,239,0,0.458977753903278,1,0.0163989950741891
same_reduced_four_feature_subset,/kaggle/working/aml-quantum-pipeline/reports/supervisor_fixes/score_level_predictions_reduced_subset.csv,MLP,240,0,0.4586904929889164,1,0.0163989950741891
same_reduced_four_feature_subset,/kaggle/working/aml-quantum-pipeline/reports/supervisor_fixes/score_level_predictions_reduced_subset.csv,MLP,241,1,0.4203416367730038,1,0.0163989950741891
same_reduced_four_feature_subset,/kaggle/working/aml-quantum-pipeline/reports/supervisor_fixes/score_level_predictions_reduced_subset.csv,MLP,242,0,0.4585971112068434,1,0.0163989950741891
same_reduced_four_feature_subset,/kaggle/working/aml-quantum-pipeline/reports/supervisor_fixes/score_level_predictions_reduced_subset.csv,MLP,243,1,0.4210153038454792,1,0.0163989950741891
same_reduced_four_feature_subset,/kaggle/working/aml-quantum-pipeline/reports/supervisor_fixes/score_level_predictions_reduced_subset.csv,MLP,244,1,0.423827655219035,1,0.0163989950741891
same_reduced_four_feature_subset,/kaggle/working/aml-quantum-pipeline/reports/supervisor_fixes/score_level_predictions_reduced_subset.csv,MLP,245,1,0.422015945943257,1,0.0163989950741891
same_reduced_four_feature_subset,/kaggle/working/aml-quantum-pipeline/reports/supervisor_fixes/score_level_predictions_reduced_subset.csv,MLP,246,1,0.4188886062955164,1,0.0163989950741891
same_reduced_four_feature_subset,/kaggle/working/aml-quantum-pipeline/reports/supervisor_fixes/score_level_predictions_reduced_subset.csv,MLP,247,0,0.4209390694885481,1,0.0163989950741891
same_reduced_four_feature_subset,/kaggle/working/aml-quantum-pipeline/reports/supervisor_fixes/score_level_predictions_reduced_subset.csv,MLP,248,1,0.4224725263015886,1,0.0163989950741891
same_reduced_four_feature_subset,/kaggle/working/aml-quantum-pipeline/reports/supervisor_fixes/score_level_predictions_reduced_subset.csv,MLP,249,0,0.4588281276952318,1,0.0163989950741891
same_reduced_four_feature_subset,/kaggle/working/aml-quantum-pipeline/reports/supervisor_fixes/score_level_predictions_reduced_subset.csv,MLP,250,0,0.4205119151510376,1,0.0163989950741891
same_reduced_four_feature_subset,/kaggle/working/aml-quantum-pipeline/reports/supervisor_fixes/score_level_predictions_reduced_subset.csv,MLP,251,0,0.4212109417557552,1,0.0163989950741891
same_reduced_four_feature_subset,/kaggle/working/aml-quantum-pipeline/reports/supervisor_fixes/score_level_predictions_reduced_subset.csv,MLP,252,1,0.4219542402631723,1,0.0163989950741891
same_reduced_four_feature_subset,/kaggle/working/aml-quantum-pipeline/reports/supervisor_fixes/score_level_predictions_reduced_subset.csv,MLP,253,0,0.4586283859012562,1,0.0163989950741891
same_reduced_four_feature_subset,/kaggle/working/aml-quantum-pipeline/reports/supervisor_fixes/score_level_predictions_reduced_subset.csv,MLP,254,1,0.4204040427360224,1,0.0163989950741891
same_reduced_four_feature_subset,/kaggle/working/aml-quantum-pipeline/reports/supervisor_fixes/score_level_predictions_reduced_subset.csv,MLP,255,1,0.4191704813093244,1,0.0163989950741891
same_reduced_four_feature_subset,/kaggle/working/aml-quantum-pipeline/reports/supervisor_fixes/score_level_predictions_reduced_subset.csv,MLP,256,1,0.4228012579716101,1,0.0163989950741891
same_reduced_four_feature_subset,/kaggle/working/aml-quantum-pipeline/reports/supervisor_fixes/score_level_predictions_reduced_subset.csv,MLP,257,0,0.4211486242117233,1,0.0163989950741891
same_reduced_four_feature_subset,/kaggle/working/aml-quantum-pipeline/reports/supervisor_fixes/score_level_predictions_reduced_subset.csv,MLP,258,0,0.4209350836570141,1,0.0163989950741891
same_reduced_four_feature_subset,/kaggle/working/aml-quantum-pipeline/reports/supervisor_fixes/score_level_predictions_reduced_subset.csv,MLP,259,1,0.4186895471887203,1,0.0163989950741891
same_reduced_four_feature_subset,/kaggle/working/aml-quantum-pipeline/reports/supervisor_fixes/score_level_predictions_reduced_subset.csv,MLP,260,1,0.421628780690451,1,0.0163989950741891
same_reduced_four_feature_subset,/kaggle/working/aml-quantum-pipeline/reports/supervisor_fixes/score_level_predictions_reduced_subset.csv,MLP,261,1,0.4238660055181807,1,0.0163989950741891
same_reduced_four_feature_subset,/kaggle/working/aml-quantum-pipeline/reports/supervisor_fixes/score_level_predictions_reduced_subset.csv,MLP,262,1,0.4219296584388858,1,0.0163989950741891
same_reduced_four_feature_subset,/kaggle/working/aml-quantum-pipeline/reports/supervisor_fixes/score_level_predictions_reduced_subset.csv,MLP,263,0,0.4199486796937987,1,0.0163989950741891
same_reduced_four_feature_subset,/kaggle/working/aml-quantum-pipeline/reports/supervisor_fixes/score_level_predictions_reduced_subset.csv,MLP,264,0,0.4594624547300693,1,0.0163989950741891
same_reduced_four_feature_subset,/kaggle/working/aml-quantum-pipeline/reports/supervisor_fixes/score_level_predictions_reduced_subset.csv,MLP,265,1,0.420238365472868,1,0.0163989950741891
same_reduced_four_feature_subset,/kaggle/working/aml-quantum-pipeline/reports/supervisor_fixes/score_level_predictions_reduced_subset.csv,MLP,266,1,0.4218788915921664,1,0.0163989950741891
same_reduced_four_feature_subset,/kaggle/working/aml-quantum-pipeline/reports/supervisor_fixes/score_level_predictions_reduced_subset.csv,MLP,267,0,0.4591529285205021,1,0.0163989950741891
same_reduced_four_feature_subset,/kaggle/working/aml-quantum-pipeline/reports/supervisor_fixes/score_level_predictions_reduced_subset.csv,MLP,268,0,0.4590950533811178,1,0.0163989950741891
same_reduced_four_feature_subset,/kaggle/working/aml-quantum-pipeline/reports/supervisor_fixes/score_level_predictions_reduced_subset.csv,MLP,269,1,0.4205491557120462,1,0.0163989950741891
same_reduced_four_feature_subset,/kaggle/working/aml-quantum-pipeline/reports/supervisor_fixes/score_level_predictions_reduced_subset.csv,MLP,270,1,0.4218161798011483,1,0.0163989950741891
same_reduced_four_feature_subset,/kaggle/working/aml-quantum-pipeline/reports/supervisor_fixes/score_level_predictions_reduced_subset.csv,MLP,271,0,0.4591095699371755,1,0.0163989950741891
same_reduced_four_feature_subset,/kaggle/working/aml-quantum-pipeline/reports/supervisor_fixes/score_level_predictions_reduced_subset.csv,MLP,272,1,0.4229931294690103,1,0.0163989950741891
same_reduced_four_feature_subset,/kaggle/working/aml-quantum-pipeline/reports/supervisor_fixes/score_level_predictions_reduced_subset.csv,MLP,273,0,0.459476184159137,1,0.0163989950741891
same_reduced_four_feature_subset,/kaggle/working/aml-quantum-pipeline/reports/supervisor_fixes/score_level_predictions_reduced_subset.csv,MLP,274,1,0.4226707299063294,1,0.0163989950741891
same_reduced_four_feature_subset,/kaggle/working/aml-quantum-pipeline/reports/supervisor_fixes/score_level_predictions_reduced_subset.csv,MLP,275,1,0.4600472253189587,1,0.0163989950741891
same_reduced_four_feature_subset,/kaggle/working/aml-quantum-pipeline/reports/supervisor_fixes/score_level_predictions_reduced_subset.csv,MLP,276,0,0.4228352510766383,1,0.0163989950741891
same_reduced_four_feature_subset,/kaggle/working/aml-quantum-pipeline/reports/supervisor_fixes/score_level_predictions_reduced_subset.csv,MLP,277,0,0.4208575120927629,1,0.0163989950741891
same_reduced_four_feature_subset,/kaggle/working/aml-quantum-pipeline/reports/supervisor_fixes/score_level_predictions_reduced_subset.csv,MLP,278,0,0.4207661808712001,1,0.0163989950741891
same_reduced_four_feature_subset,/kaggle/working/aml-quantum-pipeline/reports/supervisor_fixes/score_level_predictions_reduced_subset.csv,MLP,279,0,0.4586595126974428,1,0.0163989950741891
same_reduced_four_feature_subset,/kaggle/working/aml-quantum-pipeline/reports/supervisor_fixes/score_level_predictions_reduced_subset.csv,MLP,280,0,0.4199204361553678,1,0.0163989950741891
same_reduced_four_feature_subset,/kaggle/working/aml-quantum-pipeline/reports/supervisor_fixes/score_level_predictions_reduced_subset.csv,MLP,281,0,0.4592530016091902,1,0.0163989950741891
same_reduced_four_feature_subset,/kaggle/working/aml-quantum-pipeline/reports/supervisor_fixes/score_level_predictions_reduced_subset.csv,MLP,282,1,0.4211695425912105,1,0.0163989950741891
same_reduced_four_feature_subset,/kaggle/working/aml-quantum-pipeline/reports/supervisor_fixes/score_level_predictions_reduced_subset.csv,MLP,283,0,0.4218278379827827,1,0.0163989950741891
same_reduced_four_feature_subset,/kaggle/working/aml-quantum-pipeline/reports/supervisor_fixes/score_level_predictions_reduced_subset.csv,MLP,284,1,0.4220084865959252,1,0.0163989950741891
same_reduced_four_feature_subset,/kaggle/working/aml-quantum-pipeline/reports/supervisor_fixes/score_level_predictions_reduced_subset.csv,MLP,285,0,0.4585814179568752,1,0.0163989950741891
same_reduced_four_feature_subset,/kaggle/working/aml-quantum-pipeline/reports/supervisor_fixes/score_level_predictions_reduced_subset.csv,MLP,286,1,0.4206604875345013,1,0.0163989950741891
same_reduced_four_feature_subset,/kaggle/working/aml-quantum-pipeline/reports/supervisor_fixes/score_level_predictions_reduced_subset.csv,MLP,287,1,0.4207338917550453,1,0.0163989950741891
same_reduced_four_feature_subset,/kaggle/working/aml-quantum-pipeline/reports/supervisor_fixes/score_level_predictions_reduced_subset.csv,MLP,288,0,0.4208751434722909,1,0.0163989950741891
same_reduced_four_feature_subset,/kaggle/working/aml-quantum-pipeline/reports/supervisor_fixes/score_level_predictions_reduced_subset.csv,MLP,289,1,0.4187906539202909,1,0.0163989950741891
same_reduced_four_feature_subset,/kaggle/working/aml-quantum-pipeline/reports/supervisor_fixes/score_level_predictions_reduced_subset.csv,MLP,290,1,0.4193749142992778,1,0.0163989950741891
same_reduced_four_feature_subset,/kaggle/working/aml-quantum-pipeline/reports/supervisor_fixes/score_level_predictions_reduced_subset.csv,MLP,291,1,0.4229631446283444,1,0.0163989950741891
same_reduced_four_feature_subset,/kaggle/working/aml-quantum-pipeline/reports/supervisor_fixes/score_level_predictions_reduced_subset.csv,MLP,292,1,0.4227646063482792,1,0.0163989950741891
same_reduced_four_feature_subset,/kaggle/working/aml-quantum-pipeline/reports/supervisor_fixes/score_level_predictions_reduced_subset.csv,MLP,293,0,0.4203794671390478,1,0.0163989950741891
same_reduced_four_feature_subset,/kaggle/working/aml-quantum-pipeline/reports/supervisor_fixes/score_level_predictions_reduced_subset.csv,MLP,294,0,0.4592245641894125,1,0.0163989950741891
same_reduced_four_feature_subset,/kaggle/working/aml-quantum-pipeline/reports/supervisor_fixes/score_level_predictions_reduced_subset.csv,MLP,295,0,0.4216871982852682,1,0.0163989950741891
same_reduced_four_feature_subset,/kaggle/working/aml-quantum-pipeline/reports/supervisor_fixes/score_level_predictions_reduced_subset.csv,MLP,296,1,0.4238190854200548,1,0.0163989950741891
same_reduced_four_feature_subset,/kaggle/working/aml-quantum-pipeline/reports/supervisor_fixes/score_level_predictions_reduced_subset.csv,MLP,297,0,0.4591095699371755,1,0.0163989950741891
same_reduced_four_feature_subset,/kaggle/working/aml-quantum-pipeline/reports/supervisor_fixes/score_level_predictions_reduced_subset.csv,MLP,298,1,0.4203401554083538,1,0.0163989950741891
same_reduced_four_feature_subset,/kaggle/working/aml-quantum-pipeline/reports/supervisor_fixes/score_level_predictions_reduced_subset.csv,MLP,299,1,0.4186924764669497,1,0.0163989950741891
same_reduced_four_feature_subset,/kaggle/working/aml-quantum-pipeline/reports/supervisor_fixes/score_level_predictions_reduced_subset.csv,Quantum Kernel SVC Statevector,0,0,-1.4558362691578135,0,-0.8595977577798142
same_reduced_four_feature_subset,/kaggle/working/aml-quantum-pipeline/reports/supervisor_fixes/score_level_predictions_reduced_subset.csv,Quantum Kernel SVC Statevector,1,1,-0.5761071851530606,1,-0.8595977577798142
same_reduced_four_feature_subset,/kaggle/working/aml-quantum-pipeline/reports/supervisor_fixes/score_level_predictions_reduced_subset.csv,Quantum Kernel SVC Statevector,2,0,-0.7046487667892702,1,-0.8595977577798142
same_reduced_four_feature_subset,/kaggle/working/aml-quantum-pipeline/reports/supervisor_fixes/score_level_predictions_reduced_subset.csv,Quantum Kernel SVC Statevector,3,0,-0.5976644336581973,1,-0.8595977577798142
same_reduced_four_feature_subset,/kaggle/working/aml-quantum-pipeline/reports/supervisor_fixes/score_level_predictions_reduced_subset.csv,Quantum Kernel SVC Statevector,4,0,-1.4625607728064387,0,-0.8595977577798142
same_reduced_four_feature_subset,/kaggle/working/aml-quantum-pipeline/reports/supervisor_fixes/score_level_predictions_reduced_subset.csv,Quantum Kernel SVC Statevector,5,0,-0.635069526553075,1,-0.8595977577798142
same_reduced_four_feature_subset,/kaggle/working/aml-quantum-pipeline/reports/supervisor_fixes/score_level_predictions_reduced_subset.csv,Quantum Kernel SVC Statevector,6,0,-0.596272183896494,1,-0.8595977577798142
same_reduced_four_feature_subset,/kaggle/working/aml-quantum-pipeline/reports/supervisor_fixes/score_level_predictions_reduced_subset.csv,Quantum Kernel SVC Statevector,7,1,-0.7163271211300608,1,-0.8595977577798142
same_reduced_four_feature_subset,/kaggle/working/aml-quantum-pipeline/reports/supervisor_fixes/score_level_predictions_reduced_subset.csv,Quantum Kernel SVC Statevector,8,1,-0.6400387982221414,1,-0.8595977577798142
same_reduced_four_feature_subset,/kaggle/working/aml-quantum-pipeline/reports/supervisor_fixes/score_level_predictions_reduced_subset.csv,Quantum Kernel SVC Statevector,9,0,-1.4577000066627908,0,-0.8595977577798142
same_reduced_four_feature_subset,/kaggle/working/aml-quantum-pipeline/reports/supervisor_fixes/score_level_predictions_reduced_subset.csv,Quantum Kernel SVC Statevector,10,1,-0.5662672868786895,1,-0.8595977577798142
same_reduced_four_feature_subset,/kaggle/working/aml-quantum-pipeline/reports/supervisor_fixes/score_level_predictions_reduced_subset.csv,Quantum Kernel SVC Statevector,11,0,-1.4598128922839255,0,-0.8595977577798142
same_reduced_four_feature_subset,/kaggle/working/aml-quantum-pipeline/reports/supervisor_fixes/score_level_predictions_reduced_subset.csv,Quantum Kernel SVC Statevector,12,0,-0.7226338002701955,1,-0.8595977577798142
same_reduced_four_feature_subset,/kaggle/working/aml-quantum-pipeline/reports/supervisor_fixes/score_level_predictions_reduced_subset.csv,Quantum Kernel SVC Statevector,13,1,-0.5936247576381755,1,-0.8595977577798142
same_reduced_four_feature_subset,/kaggle/working/aml-quantum-pipeline/reports/supervisor_fixes/score_level_predictions_reduced_subset.csv,Quantum Kernel SVC Statevector,14,0,-1.4692152079548402,0,-0.8595977577798142
same_reduced_four_feature_subset,/kaggle/working/aml-quantum-pipeline/reports/supervisor_fixes/score_level_predictions_reduced_subset.csv,Quantum Kernel SVC Statevector,15,1,-0.6471673956570265,1,-0.8595977577798142
same_reduced_four_feature_subset,/kaggle/working/aml-quantum-pipeline/reports/supervisor_fixes/score_level_predictions_reduced_subset.csv,Quantum Kernel SVC Statevector,16,1,-0.733016121168357,1,-0.8595977577798142
same_reduced_four_feature_subset,/kaggle/working/aml-quantum-pipeline/reports/supervisor_fixes/score_level_predictions_reduced_subset.csv,Quantum Kernel SVC Statevector,17,1,-0.6627014694638853,1,-0.8595977577798142
same_reduced_four_feature_subset,/kaggle/working/aml-quantum-pipeline/reports/supervisor_fixes/score_level_predictions_reduced_subset.csv,Quantum Kernel SVC Statevector,18,0,-0.6652007894224636,1,-0.8595977577798142
same_reduced_four_feature_subset,/kaggle/working/aml-quantum-pipeline/reports/supervisor_fixes/score_level_predictions_reduced_subset.csv,Quantum Kernel SVC Statevector,19,0,-0.6199546351835044,1,-0.8595977577798142
same_reduced_four_feature_subset,/kaggle/working/aml-quantum-pipeline/reports/supervisor_fixes/score_level_predictions_reduced_subset.csv,Quantum Kernel SVC Statevector,20,0,-0.6405220805556553,1,-0.8595977577798142
same_reduced_four_feature_subset,/kaggle/working/aml-quantum-pipeline/reports/supervisor_fixes/score_level_predictions_reduced_subset.csv,Quantum Kernel SVC Statevector,21,1,-0.6923655774600936,1,-0.8595977577798142
same_reduced_four_feature_subset,/kaggle/working/aml-quantum-pipeline/reports/supervisor_fixes/score_level_predictions_reduced_subset.csv,Quantum Kernel SVC Statevector,22,0,-1.4600114567436775,0,-0.8595977577798142
same_reduced_four_feature_subset,/kaggle/working/aml-quantum-pipeline/reports/supervisor_fixes/score_level_predictions_reduced_subset.csv,Quantum Kernel SVC Statevector,23,1,-0.7239853788067383,1,-0.8595977577798142
same_reduced_four_feature_subset,/kaggle/working/aml-quantum-pipeline/reports/supervisor_fixes/score_level_predictions_reduced_subset.csv,Quantum Kernel SVC Statevector,24,0,-0.7523930469111912,1,-0.8595977577798142
same_reduced_four_feature_subset,/kaggle/working/aml-quantum-pipeline/reports/supervisor_fixes/score_level_predictions_reduced_subset.csv,Quantum Kernel SVC Statevector,25,0,-0.6567714074953064,1,-0.8595977577798142
same_reduced_four_feature_subset,/kaggle/working/aml-quantum-pipeline/reports/supervisor_fixes/score_level_predictions_reduced_subset.csv,Quantum Kernel SVC Statevector,26,1,-0.7113242506298494,1,-0.8595977577798142
same_reduced_four_feature_subset,/kaggle/working/aml-quantum-pipeline/reports/supervisor_fixes/score_level_predictions_reduced_subset.csv,Quantum Kernel SVC Statevector,27,0,-0.6499918192419638,1,-0.8595977577798142
same_reduced_four_feature_subset,/kaggle/working/aml-quantum-pipeline/reports/supervisor_fixes/score_level_predictions_reduced_subset.csv,Quantum Kernel SVC Statevector,28,0,-0.7416177431790698,1,-0.8595977577798142
same_reduced_four_feature_subset,/kaggle/working/aml-quantum-pipeline/reports/supervisor_fixes/score_level_predictions_reduced_subset.csv,Quantum Kernel SVC Statevector,29,1,-0.6564003556685052,1,-0.8595977577798142
same_reduced_four_feature_subset,/kaggle/working/aml-quantum-pipeline/reports/supervisor_fixes/score_level_predictions_reduced_subset.csv,Quantum Kernel SVC Statevector,30,1,-0.6504994423157755,1,-0.8595977577798142
same_reduced_four_feature_subset,/kaggle/working/aml-quantum-pipeline/reports/supervisor_fixes/score_level_predictions_reduced_subset.csv,Quantum Kernel SVC Statevector,31,0,-0.6159532769239966,1,-0.8595977577798142
same_reduced_four_feature_subset,/kaggle/working/aml-quantum-pipeline/reports/supervisor_fixes/score_level_predictions_reduced_subset.csv,Quantum Kernel SVC Statevector,32,0,-0.6891427509413615,1,-0.8595977577798142
same_reduced_four_feature_subset,/kaggle/working/aml-quantum-pipeline/reports/supervisor_fixes/score_level_predictions_reduced_subset.csv,Quantum Kernel SVC Statevector,33,1,-0.6577437073935288,1,-0.8595977577798142
same_reduced_four_feature_subset,/kaggle/working/aml-quantum-pipeline/reports/supervisor_fixes/score_level_predictions_reduced_subset.csv,Quantum Kernel SVC Statevector,34,0,-1.464704411373206,0,-0.8595977577798142
same_reduced_four_feature_subset,/kaggle/working/aml-quantum-pipeline/reports/supervisor_fixes/score_level_predictions_reduced_subset.csv,Quantum Kernel SVC Statevector,35,1,-0.704180149250998,1,-0.8595977577798142
same_reduced_four_feature_subset,/kaggle/working/aml-quantum-pipeline/reports/supervisor_fixes/score_level_predictions_reduced_subset.csv,Quantum Kernel SVC Statevector,36,0,-1.4577000066627908,0,-0.8595977577798142
same_reduced_four_feature_subset,/kaggle/working/aml-quantum-pipeline/reports/supervisor_fixes/score_level_predictions_reduced_subset.csv,Quantum Kernel SVC Statevector,37,0,-0.6102900537128262,1,-0.8595977577798142
same_reduced_four_feature_subset,/kaggle/working/aml-quantum-pipeline/reports/supervisor_fixes/score_level_predictions_reduced_subset.csv,Quantum Kernel SVC Statevector,38,0,-0.7156720526902907,1,-0.8595977577798142
same_reduced_four_feature_subset,/kaggle/working/aml-quantum-pipeline/reports/supervisor_fixes/score_level_predictions_reduced_subset.csv,Quantum Kernel SVC Statevector,39,0,-0.6273724788600437,1,-0.8595977577798142
same_reduced_four_feature_subset,/kaggle/working/aml-quantum-pipeline/reports/supervisor_fixes/score_level_predictions_reduced_subset.csv,Quantum Kernel SVC Statevector,40,1,-0.6675586845598351,1,-0.8595977577798142
same_reduced_four_feature_subset,/kaggle/working/aml-quantum-pipeline/reports/supervisor_fixes/score_level_predictions_reduced_subset.csv,Quantum Kernel SVC Statevector,41,1,-0.7711859487532153,1,-0.8595977577798142
same_reduced_four_feature_subset,/kaggle/working/aml-quantum-pipeline/reports/supervisor_fixes/score_level_predictions_reduced_subset.csv,Quantum Kernel SVC Statevector,42,0,-1.46204983535088,0,-0.8595977577798142
same_reduced_four_feature_subset,/kaggle/working/aml-quantum-pipeline/reports/supervisor_fixes/score_level_predictions_reduced_subset.csv,Quantum Kernel SVC Statevector,43,0,-1.45878573417565,0,-0.8595977577798142
same_reduced_four_feature_subset,/kaggle/working/aml-quantum-pipeline/reports/supervisor_fixes/score_level_predictions_reduced_subset.csv,Quantum Kernel SVC Statevector,44,1,-0.6385089799267998,1,-0.8595977577798142
same_reduced_four_feature_subset,/kaggle/working/aml-quantum-pipeline/reports/supervisor_fixes/score_level_predictions_reduced_subset.csv,Quantum Kernel SVC Statevector,45,0,-1.4623925455249196,0,-0.8595977577798142
same_reduced_four_feature_subset,/kaggle/working/aml-quantum-pipeline/reports/supervisor_fixes/score_level_predictions_reduced_subset.csv,Quantum Kernel SVC Statevector,46,0,-0.6276733464245419,1,-0.8595977577798142
same_reduced_four_feature_subset,/kaggle/working/aml-quantum-pipeline/reports/supervisor_fixes/score_level_predictions_reduced_subset.csv,Quantum Kernel SVC Statevector,47,1,-0.7371740457214602,1,-0.8595977577798142
same_reduced_four_feature_subset,/kaggle/working/aml-quantum-pipeline/reports/supervisor_fixes/score_level_predictions_reduced_subset.csv,Quantum Kernel SVC Statevector,48,1,-0.7616080653608632,1,-0.8595977577798142
same_reduced_four_feature_subset,/kaggle/working/aml-quantum-pipeline/reports/supervisor_fixes/score_level_predictions_reduced_subset.csv,Quantum Kernel SVC Statevector,49,1,-0.7109854657778223,1,-0.8595977577798142
same_reduced_four_feature_subset,/kaggle/working/aml-quantum-pipeline/reports/supervisor_fixes/score_level_predictions_reduced_subset.csv,Quantum Kernel SVC Statevector,50,1,-0.6054743873039765,1,-0.8595977577798142
same_reduced_four_feature_subset,/kaggle/working/aml-quantum-pipeline/reports/supervisor_fixes/score_level_predictions_reduced_subset.csv,Quantum Kernel SVC Statevector,51,1,-0.6095078506109175,1,-0.8595977577798142
same_reduced_four_feature_subset,/kaggle/working/aml-quantum-pipeline/reports/supervisor_fixes/score_level_predictions_reduced_subset.csv,Quantum Kernel SVC Statevector,52,0,-0.6303271718704788,1,-0.8595977577798142
same_reduced_four_feature_subset,/kaggle/working/aml-quantum-pipeline/reports/supervisor_fixes/score_level_predictions_reduced_subset.csv,Quantum Kernel SVC Statevector,53,0,-0.6532113184245627,1,-0.8595977577798142
same_reduced_four_feature_subset,/kaggle/working/aml-quantum-pipeline/reports/supervisor_fixes/score_level_predictions_reduced_subset.csv,Quantum Kernel SVC Statevector,54,0,-0.6272603757862691,1,-0.8595977577798142
same_reduced_four_feature_subset,/kaggle/working/aml-quantum-pipeline/reports/supervisor_fixes/score_level_predictions_reduced_subset.csv,Quantum Kernel SVC Statevector,55,0,-1.4655072353380008,0,-0.8595977577798142
same_reduced_four_feature_subset,/kaggle/working/aml-quantum-pipeline/reports/supervisor_fixes/score_level_predictions_reduced_subset.csv,Quantum Kernel SVC Statevector,56,1,-0.6343207676287108,1,-0.8595977577798142
same_reduced_four_feature_subset,/kaggle/working/aml-quantum-pipeline/reports/supervisor_fixes/score_level_predictions_reduced_subset.csv,Quantum Kernel SVC Statevector,57,1,-0.7280188658036246,1,-0.8595977577798142
same_reduced_four_feature_subset,/kaggle/working/aml-quantum-pipeline/reports/supervisor_fixes/score_level_predictions_reduced_subset.csv,Quantum Kernel SVC Statevector,58,1,-0.7187129919430555,1,-0.8595977577798142
same_reduced_four_feature_subset,/kaggle/working/aml-quantum-pipeline/reports/supervisor_fixes/score_level_predictions_reduced_subset.csv,Quantum Kernel SVC Statevector,59,1,-0.7183202537921045,1,-0.8595977577798142
same_reduced_four_feature_subset,/kaggle/working/aml-quantum-pipeline/reports/supervisor_fixes/score_level_predictions_reduced_subset.csv,Quantum Kernel SVC Statevector,60,0,-0.6653782181941101,1,-0.8595977577798142
same_reduced_four_feature_subset,/kaggle/working/aml-quantum-pipeline/reports/supervisor_fixes/score_level_predictions_reduced_subset.csv,Quantum Kernel SVC Statevector,61,0,-1.4657600622254825,0,-0.8595977577798142
same_reduced_four_feature_subset,/kaggle/working/aml-quantum-pipeline/reports/supervisor_fixes/score_level_predictions_reduced_subset.csv,Quantum Kernel SVC Statevector,62,1,-0.7201005897853789,1,-0.8595977577798142
same_reduced_four_feature_subset,/kaggle/working/aml-quantum-pipeline/reports/supervisor_fixes/score_level_predictions_reduced_subset.csv,Quantum Kernel SVC Statevector,63,0,-1.464979498466988,0,-0.8595977577798142
same_reduced_four_feature_subset,/kaggle/working/aml-quantum-pipeline/reports/supervisor_fixes/score_level_predictions_reduced_subset.csv,Quantum Kernel SVC Statevector,64,1,-0.7296260260185898,1,-0.8595977577798142
same_reduced_four_feature_subset,/kaggle/working/aml-quantum-pipeline/reports/supervisor_fixes/score_level_predictions_reduced_subset.csv,Quantum Kernel SVC Statevector,65,0,-0.7057316997003924,1,-0.8595977577798142
same_reduced_four_feature_subset,/kaggle/working/aml-quantum-pipeline/reports/supervisor_fixes/score_level_predictions_reduced_subset.csv,Quantum Kernel SVC Statevector,66,1,-0.7023814838063269,1,-0.8595977577798142
same_reduced_four_feature_subset,/kaggle/working/aml-quantum-pipeline/reports/supervisor_fixes/score_level_predictions_reduced_subset.csv,Quantum Kernel SVC Statevector,67,0,-0.6715300392360517,1,-0.8595977577798142
same_reduced_four_feature_subset,/kaggle/working/aml-quantum-pipeline/reports/supervisor_fixes/score_level_predictions_reduced_subset.csv,Quantum Kernel SVC Statevector,68,1,-0.6554848860002105,1,-0.8595977577798142
same_reduced_four_feature_subset,/kaggle/working/aml-quantum-pipeline/reports/supervisor_fixes/score_level_predictions_reduced_subset.csv,Quantum Kernel SVC Statevector,69,0,-1.4600114567436775,0,-0.8595977577798142
same_reduced_four_feature_subset,/kaggle/working/aml-quantum-pipeline/reports/supervisor_fixes/score_level_predictions_reduced_subset.csv,Quantum Kernel SVC Statevector,70,0,-0.7126627797092571,1,-0.8595977577798142
same_reduced_four_feature_subset,/kaggle/working/aml-quantum-pipeline/reports/supervisor_fixes/score_level_predictions_reduced_subset.csv,Quantum Kernel SVC Statevector,71,0,-1.4567879864597302,0,-0.8595977577798142
same_reduced_four_feature_subset,/kaggle/working/aml-quantum-pipeline/reports/supervisor_fixes/score_level_predictions_reduced_subset.csv,Quantum Kernel SVC Statevector,72,0,-1.4611559633415374,0,-0.8595977577798142
same_reduced_four_feature_subset,/kaggle/working/aml-quantum-pipeline/reports/supervisor_fixes/score_level_predictions_reduced_subset.csv,Quantum Kernel SVC Statevector,73,1,-0.686480268892445,1,-0.8595977577798142
same_reduced_four_feature_subset,/kaggle/working/aml-quantum-pipeline/reports/supervisor_fixes/score_level_predictions_reduced_subset.csv,Quantum Kernel SVC Statevector,74,0,-1.46204983535088,0,-0.8595977577798142
same_reduced_four_feature_subset,/kaggle/working/aml-quantum-pipeline/reports/supervisor_fixes/score_level_predictions_reduced_subset.csv,Quantum Kernel SVC Statevector,75,0,-0.595727896587118,1,-0.8595977577798142
same_reduced_four_feature_subset,/kaggle/working/aml-quantum-pipeline/reports/supervisor_fixes/score_level_predictions_reduced_subset.csv,Quantum Kernel SVC Statevector,76,0,-1.464704411373206,0,-0.8595977577798142
same_reduced_four_feature_subset,/kaggle/working/aml-quantum-pipeline/reports/supervisor_fixes/score_level_predictions_reduced_subset.csv,Quantum Kernel SVC Statevector,77,0,-0.6013189561677283,1,-0.8595977577798142
same_reduced_four_feature_subset,/kaggle/working/aml-quantum-pipeline/reports/supervisor_fixes/score_level_predictions_reduced_subset.csv,Quantum Kernel SVC Statevector,78,1,-0.5896728491624064,1,-0.8595977577798142
same_reduced_four_feature_subset,/kaggle/working/aml-quantum-pipeline/reports/supervisor_fixes/score_level_predictions_reduced_subset.csv,Quantum Kernel SVC Statevector,79,1,-0.7101184658457245,1,-0.8595977577798142
same_reduced_four_feature_subset,/kaggle/working/aml-quantum-pipeline/reports/supervisor_fixes/score_level_predictions_reduced_subset.csv,Quantum Kernel SVC Statevector,80,0,-1.4655072353380008,0,-0.8595977577798142
same_reduced_four_feature_subset,/kaggle/working/aml-quantum-pipeline/reports/supervisor_fixes/score_level_predictions_reduced_subset.csv,Quantum Kernel SVC Statevector,81,0,-1.460593672291992,0,-0.8595977577798142
same_reduced_four_feature_subset,/kaggle/working/aml-quantum-pipeline/reports/supervisor_fixes/score_level_predictions_reduced_subset.csv,Quantum Kernel SVC Statevector,82,0,-1.4598128922839255,0,-0.8595977577798142
same_reduced_four_feature_subset,/kaggle/working/aml-quantum-pipeline/reports/supervisor_fixes/score_level_predictions_reduced_subset.csv,Quantum Kernel SVC Statevector,83,1,-0.5842841752005627,1,-0.8595977577798142
same_reduced_four_feature_subset,/kaggle/working/aml-quantum-pipeline/reports/supervisor_fixes/score_level_predictions_reduced_subset.csv,Quantum Kernel SVC Statevector,84,0,-1.4609707239022514,0,-0.8595977577798142
same_reduced_four_feature_subset,/kaggle/working/aml-quantum-pipeline/reports/supervisor_fixes/score_level_predictions_reduced_subset.csv,Quantum Kernel SVC Statevector,85,1,-1.4558362691578135,0,-0.8595977577798142
same_reduced_four_feature_subset,/kaggle/working/aml-quantum-pipeline/reports/supervisor_fixes/score_level_predictions_reduced_subset.csv,Quantum Kernel SVC Statevector,86,1,-0.6606372679114887,1,-0.8595977577798142
same_reduced_four_feature_subset,/kaggle/working/aml-quantum-pipeline/reports/supervisor_fixes/score_level_predictions_reduced_subset.csv,Quantum Kernel SVC Statevector,87,1,-0.612280420574572,1,-0.8595977577798142
same_reduced_four_feature_subset,/kaggle/working/aml-quantum-pipeline/reports/supervisor_fixes/score_level_predictions_reduced_subset.csv,Quantum Kernel SVC Statevector,88,0,-1.4581414453252353,0,-0.8595977577798142
same_reduced_four_feature_subset,/kaggle/working/aml-quantum-pipeline/reports/supervisor_fixes/score_level_predictions_reduced_subset.csv,Quantum Kernel SVC Statevector,89,1,-0.637630187611494,1,-0.8595977577798142
same_reduced_four_feature_subset,/kaggle/working/aml-quantum-pipeline/reports/supervisor_fixes/score_level_predictions_reduced_subset.csv,Quantum Kernel SVC Statevector,90,1,-0.6432439645800858,1,-0.8595977577798142
same_reduced_four_feature_subset,/kaggle/working/aml-quantum-pipeline/reports/supervisor_fixes/score_level_predictions_reduced_subset.csv,Quantum Kernel SVC Statevector,91,0,-1.4638331846883017,0,-0.8595977577798142
same_reduced_four_feature_subset,/kaggle/working/aml-quantum-pipeline/reports/supervisor_fixes/score_level_predictions_reduced_subset.csv,Quantum Kernel SVC Statevector,92,0,-1.461339029959042,0,-0.8595977577798142
same_reduced_four_feature_subset,/kaggle/working/aml-quantum-pipeline/reports/supervisor_fixes/score_level_predictions_reduced_subset.csv,Quantum Kernel SVC Statevector,93,1,-0.7351680100442486,1,-0.8595977577798142
same_reduced_four_feature_subset,/kaggle/working/aml-quantum-pipeline/reports/supervisor_fixes/score_level_predictions_reduced_subset.csv,Quantum Kernel SVC Statevector,94,0,-1.4581414453252353,0,-0.8595977577798142
same_reduced_four_feature_subset,/kaggle/working/aml-quantum-pipeline/reports/supervisor_fixes/score_level_predictions_reduced_subset.csv,Quantum Kernel SVC Statevector,95,1,-0.7395961942404885,1,-0.8595977577798142
same_reduced_four_feature_subset,/kaggle/working/aml-quantum-pipeline/reports/supervisor_fixes/score_level_predictions_reduced_subset.csv,Quantum Kernel SVC Statevector,96,0,-1.4638331846883017,0,-0.8595977577798142
same_reduced_four_feature_subset,/kaggle/working/aml-quantum-pipeline/reports/supervisor_fixes/score_level_predictions_reduced_subset.csv,Quantum Kernel SVC Statevector,97,0,-1.4596120579577674,0,-0.8595977577798142
same_reduced_four_feature_subset,/kaggle/working/aml-quantum-pipeline/reports/supervisor_fixes/score_level_predictions_reduced_subset.csv,Quantum Kernel SVC Statevector,98,0,-1.464704411373206,0,-0.8595977577798142
same_reduced_four_feature_subset,/kaggle/working/aml-quantum-pipeline/reports/supervisor_fixes/score_level_predictions_reduced_subset.csv,Quantum Kernel SVC Statevector,99,0,-0.6651085954550531,1,-0.8595977577798142
same_reduced_four_feature_subset,/kaggle/working/aml-quantum-pipeline/reports/supervisor_fixes/score_level_predictions_reduced_subset.csv,Quantum Kernel SVC Statevector,100,0,-1.4596120579577674,0,-0.8595977577798142
same_reduced_four_feature_subset,/kaggle/working/aml-quantum-pipeline/reports/supervisor_fixes/score_level_predictions_reduced_subset.csv,Quantum Kernel SVC Statevector,101,1,-0.6535182245816789,1,-0.8595977577798142
same_reduced_four_feature_subset,/kaggle/working/aml-quantum-pipeline/reports/supervisor_fixes/score_level_predictions_reduced_subset.csv,Quantum Kernel SVC Statevector,102,0,-1.4581414453252353,0,-0.8595977577798142
same_reduced_four_feature_subset,/kaggle/working/aml-quantum-pipeline/reports/supervisor_fixes/score_level_predictions_reduced_subset.csv,Quantum Kernel SVC Statevector,103,0,-1.4625607728064387,0,-0.8595977577798142
same_reduced_four_feature_subset,/kaggle/working/aml-quantum-pipeline/reports/supervisor_fixes/score_level_predictions_reduced_subset.csv,Quantum Kernel SVC Statevector,104,1,-0.571819095842979,1,-0.8595977577798142
same_reduced_four_feature_subset,/kaggle/working/aml-quantum-pipeline/reports/supervisor_fixes/score_level_predictions_reduced_subset.csv,Quantum Kernel SVC Statevector,105,0,-0.6814335823089244,1,-0.8595977577798142
same_reduced_four_feature_subset,/kaggle/working/aml-quantum-pipeline/reports/supervisor_fixes/score_level_predictions_reduced_subset.csv,Quantum Kernel SVC Statevector,106,1,-0.7048312720543823,1,-0.8595977577798142
same_reduced_four_feature_subset,/kaggle/working/aml-quantum-pipeline/reports/supervisor_fixes/score_level_predictions_reduced_subset.csv,Quantum Kernel SVC Statevector,107,0,-0.6269604216048621,1,-0.8595977577798142
same_reduced_four_feature_subset,/kaggle/working/aml-quantum-pipeline/reports/supervisor_fixes/score_level_predictions_reduced_subset.csv,Quantum Kernel SVC Statevector,108,0,-0.7264022341420455,1,-0.8595977577798142
same_reduced_four_feature_subset,/kaggle/working/aml-quantum-pipeline/reports/supervisor_fixes/score_level_predictions_reduced_subset.csv,Quantum Kernel SVC Statevector,109,1,-0.6260067844028068,1,-0.8595977577798142
same_reduced_four_feature_subset,/kaggle/working/aml-quantum-pipeline/reports/supervisor_fixes/score_level_predictions_reduced_subset.csv,Quantum Kernel SVC Statevector,110,1,-0.6763592291962122,1,-0.8595977577798142
same_reduced_four_feature_subset,/kaggle/working/aml-quantum-pipeline/reports/supervisor_fixes/score_level_predictions_reduced_subset.csv,Quantum Kernel SVC Statevector,111,1,-0.7358916655575445,1,-0.8595977577798142
same_reduced_four_feature_subset,/kaggle/working/aml-quantum-pipeline/reports/supervisor_fixes/score_level_predictions_reduced_subset.csv,Quantum Kernel SVC Statevector,112,1,-0.6162247554879494,1,-0.8595977577798142
same_reduced_four_feature_subset,/kaggle/working/aml-quantum-pipeline/reports/supervisor_fixes/score_level_predictions_reduced_subset.csv,Quantum Kernel SVC Statevector,113,0,-1.4655072353380008,0,-0.8595977577798142
same_reduced_four_feature_subset,/kaggle/working/aml-quantum-pipeline/reports/supervisor_fixes/score_level_predictions_reduced_subset.csv,Quantum Kernel SVC Statevector,114,0,-1.4605936722919826,0,-0.8595977577798142
same_reduced_four_feature_subset,/kaggle/working/aml-quantum-pipeline/reports/supervisor_fixes/score_level_predictions_reduced_subset.csv,Quantum Kernel SVC Statevector,115,1,-0.5734817239005605,1,-0.8595977577798142
same_reduced_four_feature_subset,/kaggle/working/aml-quantum-pipeline/reports/supervisor_fixes/score_level_predictions_reduced_subset.csv,Quantum Kernel SVC Statevector,116,1,-0.7169964058911078,1,-0.8595977577798142
same_reduced_four_feature_subset,/kaggle/working/aml-quantum-pipeline/reports/supervisor_fixes/score_level_predictions_reduced_subset.csv,Quantum Kernel SVC Statevector,117,1,-0.7432662992331094,1,-0.8595977577798142
same_reduced_four_feature_subset,/kaggle/working/aml-quantum-pipeline/reports/supervisor_fixes/score_level_predictions_reduced_subset.csv,Quantum Kernel SVC Statevector,118,1,-0.618600901413473,1,-0.8595977577798142
same_reduced_four_feature_subset,/kaggle/working/aml-quantum-pipeline/reports/supervisor_fixes/score_level_predictions_reduced_subset.csv,Quantum Kernel SVC Statevector,119,1,-0.6423962700117039,1,-0.8595977577798142
same_reduced_four_feature_subset,/kaggle/working/aml-quantum-pipeline/reports/supervisor_fixes/score_level_predictions_reduced_subset.csv,Quantum Kernel SVC Statevector,120,0,-1.4583585757027022,0,-0.8595977577798142
same_reduced_four_feature_subset,/kaggle/working/aml-quantum-pipeline/reports/supervisor_fixes/score_level_predictions_reduced_subset.csv,Quantum Kernel SVC Statevector,121,0,-0.6638275167362879,1,-0.8595977577798142
same_reduced_four_feature_subset,/kaggle/working/aml-quantum-pipeline/reports/supervisor_fixes/score_level_predictions_reduced_subset.csv,Quantum Kernel SVC Statevector,122,0,-0.671970283096532,1,-0.8595977577798142
same_reduced_four_feature_subset,/kaggle/working/aml-quantum-pipeline/reports/supervisor_fixes/score_level_predictions_reduced_subset.csv,Quantum Kernel SVC Statevector,123,0,-1.4639832448529275,0,-0.8595977577798142
same_reduced_four_feature_subset,/kaggle/working/aml-quantum-pipeline/reports/supervisor_fixes/score_level_predictions_reduced_subset.csv,Quantum Kernel SVC Statevector,124,0,-0.7248274666918568,1,-0.8595977577798142
same_reduced_four_feature_subset,/kaggle/working/aml-quantum-pipeline/reports/supervisor_fixes/score_level_predictions_reduced_subset.csv,Quantum Kernel SVC Statevector,125,1,-0.6029159192968907,1,-0.8595977577798142
same_reduced_four_feature_subset,/kaggle/working/aml-quantum-pipeline/reports/supervisor_fixes/score_level_predictions_reduced_subset.csv,Quantum Kernel SVC Statevector,126,0,-1.458573333651299,0,-0.8595977577798142
same_reduced_four_feature_subset,/kaggle/working/aml-quantum-pipeline/reports/supervisor_fixes/score_level_predictions_reduced_subset.csv,Quantum Kernel SVC Statevector,127,0,-1.4632131257351464,0,-0.8595977577798142
same_reduced_four_feature_subset,/kaggle/working/aml-quantum-pipeline/reports/supervisor_fixes/score_level_predictions_reduced_subset.csv,Quantum Kernel SVC Statevector,128,1,-0.6100350521118283,1,-0.8595977577798142
same_reduced_four_feature_subset,/kaggle/working/aml-quantum-pipeline/reports/supervisor_fixes/score_level_predictions_reduced_subset.csv,Quantum Kernel SVC Statevector,129,0,-1.4574756677609215,0,-0.8595977577798142
same_reduced_four_feature_subset,/kaggle/working/aml-quantum-pipeline/reports/supervisor_fixes/score_level_predictions_reduced_subset.csv,Quantum Kernel SVC Statevector,130,0,-1.4657600622254825,0,-0.8595977577798142
same_reduced_four_feature_subset,/kaggle/working/aml-quantum-pipeline/reports/supervisor_fixes/score_level_predictions_reduced_subset.csv,Quantum Kernel SVC Statevector,131,1,-0.605090737138622,1,-0.8595977577798142
same_reduced_four_feature_subset,/kaggle/working/aml-quantum-pipeline/reports/supervisor_fixes/score_level_predictions_reduced_subset.csv,Quantum Kernel SVC Statevector,132,1,-0.5675063364707866,1,-0.8595977577798142
same_reduced_four_feature_subset,/kaggle/working/aml-quantum-pipeline/reports/supervisor_fixes/score_level_predictions_reduced_subset.csv,Quantum Kernel SVC Statevector,133,1,-0.6127214997198274,1,-0.8595977577798142
same_reduced_four_feature_subset,/kaggle/working/aml-quantum-pipeline/reports/supervisor_fixes/score_level_predictions_reduced_subset.csv,Quantum Kernel SVC Statevector,134,1,-0.6019400746638708,1,-0.8595977577798142
same_reduced_four_feature_subset,/kaggle/working/aml-quantum-pipeline/reports/supervisor_fixes/score_level_predictions_reduced_subset.csv,Quantum Kernel SVC Statevector,135,1,-0.6100350521118283,1,-0.8595977577798142
same_reduced_four_feature_subset,/kaggle/working/aml-quantum-pipeline/reports/supervisor_fixes/score_level_predictions_reduced_subset.csv,Quantum Kernel SVC Statevector,136,0,-0.654222916993553,1,-0.8595977577798142
same_reduced_four_feature_subset,/kaggle/working/aml-quantum-pipeline/reports/supervisor_fixes/score_level_predictions_reduced_subset.csv,Quantum Kernel SVC Statevector,137,1,-0.7336224376014984,1,-0.8595977577798142
same_reduced_four_feature_subset,/kaggle/working/aml-quantum-pipeline/reports/supervisor_fixes/score_level_predictions_reduced_subset.csv,Quantum Kernel SVC Statevector,138,0,-0.651245116391522,1,-0.8595977577798142
same_reduced_four_feature_subset,/kaggle/working/aml-quantum-pipeline/reports/supervisor_fixes/score_level_predictions_reduced_subset.csv,Quantum Kernel SVC Statevector,139,0,-0.6334997796983377,1,-0.8595977577798142
same_reduced_four_feature_subset,/kaggle/working/aml-quantum-pipeline/reports/supervisor_fixes/score_level_predictions_reduced_subset.csv,Quantum Kernel SVC Statevector,140,1,-0.7433368548066688,1,-0.8595977577798142
same_reduced_four_feature_subset,/kaggle/working/aml-quantum-pipeline/reports/supervisor_fixes/score_level_predictions_reduced_subset.csv,Quantum Kernel SVC Statevector,141,0,-0.6285085068788541,1,-0.8595977577798142
same_reduced_four_feature_subset,/kaggle/working/aml-quantum-pipeline/reports/supervisor_fixes/score_level_predictions_reduced_subset.csv,Quantum Kernel SVC Statevector,142,0,-1.4636811547141884,0,-0.8595977577798142
same_reduced_four_feature_subset,/kaggle/working/aml-quantum-pipeline/reports/supervisor_fixes/score_level_predictions_reduced_subset.csv,Quantum Kernel SVC Statevector,143,1,-0.6442979674849176,1,-0.8595977577798142
same_reduced_four_feature_subset,/kaggle/working/aml-quantum-pipeline/reports/supervisor_fixes/score_level_predictions_reduced_subset.csv,Quantum Kernel SVC Statevector,144,0,-1.4692787969019327,0,-0.8595977577798142
same_reduced_four_feature_subset,/kaggle/working/aml-quantum-pipeline/reports/supervisor_fixes/score_level_predictions_reduced_subset.csv,Quantum Kernel SVC Statevector,145,0,-1.4627269318863358,0,-0.8595977577798142
same_reduced_four_feature_subset,/kaggle/working/aml-quantum-pipeline/reports/supervisor_fixes/score_level_predictions_reduced_subset.csv,Quantum Kernel SVC Statevector,146,0,-0.6947431492555034,1,-0.8595977577798142
same_reduced_four_feature_subset,/kaggle/working/aml-quantum-pipeline/reports/supervisor_fixes/score_level_predictions_reduced_subset.csv,Quantum Kernel SVC Statevector,147,1,-0.6695588608584848,1,-0.8595977577798142
same_reduced_four_feature_subset,/kaggle/working/aml-quantum-pipeline/reports/supervisor_fixes/score_level_predictions_reduced_subset.csv,Quantum Kernel SVC Statevector,148,0,-0.7030988636849507,1,-0.8595977577798142
same_reduced_four_feature_subset,/kaggle/working/aml-quantum-pipeline/reports/supervisor_fixes/score_level_predictions_reduced_subset.csv,Quantum Kernel SVC Statevector,149,0,-1.457921927394339,0,-0.8595977577798142
same_reduced_four_feature_subset,/kaggle/working/aml-quantum-pipeline/reports/supervisor_fixes/score_level_predictions_reduced_subset.csv,Quantum Kernel SVC Statevector,150,1,-0.6556824105159635,1,-0.8595977577798142
same_reduced_four_feature_subset,/kaggle/working/aml-quantum-pipeline/reports/supervisor_fixes/score_level_predictions_reduced_subset.csv,Quantum Kernel SVC Statevector,151,1,-0.6470899782239736,1,-0.8595977577798142
same_reduced_four_feature_subset,/kaggle/working/aml-quantum-pipeline/reports/supervisor_fixes/score_level_predictions_reduced_subset.csv,Quantum Kernel SVC Statevector,152,1,-0.6353010385909725,1,-0.8595977577798142
same_reduced_four_feature_subset,/kaggle/working/aml-quantum-pipeline/reports/supervisor_fixes/score_level_predictions_reduced_subset.csv,Quantum Kernel SVC Statevector,153,0,-1.0829542036598294,0,-0.8595977577798142
same_reduced_four_feature_subset,/kaggle/working/aml-quantum-pipeline/reports/supervisor_fixes/score_level_predictions_reduced_subset.csv,Quantum Kernel SVC Statevector,154,1,-0.7326262590381465,1,-0.8595977577798142
same_reduced_four_feature_subset,/kaggle/working/aml-quantum-pipeline/reports/supervisor_fixes/score_level_predictions_reduced_subset.csv,Quantum Kernel SVC Statevector,155,0,-1.461698698363176,0,-0.8595977577798142
same_reduced_four_feature_subset,/kaggle/working/aml-quantum-pipeline/reports/supervisor_fixes/score_level_predictions_reduced_subset.csv,Quantum Kernel SVC Statevector,156,0,-1.4555920163793843,0,-0.8595977577798142
same_reduced_four_feature_subset,/kaggle/working/aml-quantum-pipeline/reports/supervisor_fixes/score_level_predictions_reduced_subset.csv,Quantum Kernel SVC Statevector,157,1,-0.6517848387462097,1,-0.8595977577798142
same_reduced_four_feature_subset,/kaggle/working/aml-quantum-pipeline/reports/supervisor_fixes/score_level_predictions_reduced_subset.csv,Quantum Kernel SVC Statevector,158,0,-0.663678476481101,1,-0.8595977577798142
same_reduced_four_feature_subset,/kaggle/working/aml-quantum-pipeline/reports/supervisor_fixes/score_level_predictions_reduced_subset.csv,Quantum Kernel SVC Statevector,159,0,-1.4563171539685893,0,-0.8595977577798142
same_reduced_four_feature_subset,/kaggle/working/aml-quantum-pipeline/reports/supervisor_fixes/score_level_predictions_reduced_subset.csv,Quantum Kernel SVC Statevector,160,1,-0.6328772695551677,1,-0.8595977577798142
same_reduced_four_feature_subset,/kaggle/working/aml-quantum-pipeline/reports/supervisor_fixes/score_level_predictions_reduced_subset.csv,Quantum Kernel SVC Statevector,161,0,-0.6503389243380262,1,-0.8595977577798142
same_reduced_four_feature_subset,/kaggle/working/aml-quantum-pipeline/reports/supervisor_fixes/score_level_predictions_reduced_subset.csv,Quantum Kernel SVC Statevector,162,1,-0.6087918885447499,1,-0.8595977577798142
same_reduced_four_feature_subset,/kaggle/working/aml-quantum-pipeline/reports/supervisor_fixes/score_level_predictions_reduced_subset.csv,Quantum Kernel SVC Statevector,163,1,-0.7307133069134526,1,-0.8595977577798142
same_reduced_four_feature_subset,/kaggle/working/aml-quantum-pipeline/reports/supervisor_fixes/score_level_predictions_reduced_subset.csv,Quantum Kernel SVC Statevector,164,0,-1.4560779762204794,0,-0.8595977577798142
same_reduced_four_feature_subset,/kaggle/working/aml-quantum-pipeline/reports/supervisor_fixes/score_level_predictions_reduced_subset.csv,Quantum Kernel SVC Statevector,165,0,-1.4596120579577674,0,-0.8595977577798142
same_reduced_four_feature_subset,/kaggle/working/aml-quantum-pipeline/reports/supervisor_fixes/score_level_predictions_reduced_subset.csv,Quantum Kernel SVC Statevector,166,0,-0.6024685158509466,1,-0.8595977577798142
same_reduced_four_feature_subset,/kaggle/working/aml-quantum-pipeline/reports/supervisor_fixes/score_level_predictions_reduced_subset.csv,Quantum Kernel SVC Statevector,167,1,-0.650989857689757,1,-0.8595977577798142
same_reduced_four_feature_subset,/kaggle/working/aml-quantum-pipeline/reports/supervisor_fixes/score_level_predictions_reduced_subset.csv,Quantum Kernel SVC Statevector,168,1,-0.5966796655381141,1,-0.8595977577798142
same_reduced_four_feature_subset,/kaggle/working/aml-quantum-pipeline/reports/supervisor_fixes/score_level_predictions_reduced_subset.csv,Quantum Kernel SVC Statevector,169,0,-1.4644217248861455,0,-0.8595977577798142
same_reduced_four_feature_subset,/kaggle/working/aml-quantum-pipeline/reports/supervisor_fixes/score_level_predictions_reduced_subset.csv,Quantum Kernel SVC Statevector,170,1,-0.6554848860002105,1,-0.8595977577798142
same_reduced_four_feature_subset,/kaggle/working/aml-quantum-pipeline/reports/supervisor_fixes/score_level_predictions_reduced_subset.csv,Quantum Kernel SVC Statevector,171,0,-1.457248895194236,0,-0.8595977577798142
same_reduced_four_feature_subset,/kaggle/working/aml-quantum-pipeline/reports/supervisor_fixes/score_level_predictions_reduced_subset.csv,Quantum Kernel SVC Statevector,172,1,-0.7308640248431972,1,-0.8595977577798142
same_reduced_four_feature_subset,/kaggle/working/aml-quantum-pipeline/reports/supervisor_fixes/score_level_predictions_reduced_subset.csv,Quantum Kernel SVC Statevector,173,1,-0.5832460022888568,1,-0.8595977577798142
same_reduced_four_feature_subset,/kaggle/working/aml-quantum-pipeline/reports/supervisor_fixes/score_level_predictions_reduced_subset.csv,Quantum Kernel SVC Statevector,174,1,-1.4693409318158606,0,-0.8595977577798142
same_reduced_four_feature_subset,/kaggle/working/aml-quantum-pipeline/reports/supervisor_fixes/score_level_predictions_reduced_subset.csv,Quantum Kernel SVC Statevector,175,1,-0.7716230069526493,1,-0.8595977577798142
same_reduced_four_feature_subset,/kaggle/working/aml-quantum-pipeline/reports/supervisor_fixes/score_level_predictions_reduced_subset.csv,Quantum Kernel SVC Statevector,176,0,-1.4581414453252353,0,-0.8595977577798142
same_reduced_four_feature_subset,/kaggle/working/aml-quantum-pipeline/reports/supervisor_fixes/score_level_predictions_reduced_subset.csv,Quantum Kernel SVC Statevector,177,0,-1.457921927394338,0,-0.8595977577798142
same_reduced_four_feature_subset,/kaggle/working/aml-quantum-pipeline/reports/supervisor_fixes/score_level_predictions_reduced_subset.csv,Quantum Kernel SVC Statevector,178,0,-1.4627269318863358,0,-0.8595977577798142
same_reduced_four_feature_subset,/kaggle/working/aml-quantum-pipeline/reports/supervisor_fixes/score_level_predictions_reduced_subset.csv,Quantum Kernel SVC Statevector,179,1,-0.6145050833867833,1,-0.8595977577798142
same_reduced_four_feature_subset,/kaggle/working/aml-quantum-pipeline/reports/supervisor_fixes/score_level_predictions_reduced_subset.csv,Quantum Kernel SVC Statevector,180,1,-0.7236669955064778,1,-0.8595977577798142
same_reduced_four_feature_subset,/kaggle/working/aml-quantum-pipeline/reports/supervisor_fixes/score_level_predictions_reduced_subset.csv,Quantum Kernel SVC Statevector,181,0,-0.641247494399088,1,-0.8595977577798142
same_reduced_four_feature_subset,/kaggle/working/aml-quantum-pipeline/reports/supervisor_fixes/score_level_predictions_reduced_subset.csv,Quantum Kernel SVC Statevector,182,1,-0.7175772945749317,1,-0.8595977577798142
same_reduced_four_feature_subset,/kaggle/working/aml-quantum-pipeline/reports/supervisor_fixes/score_level_predictions_reduced_subset.csv,Quantum Kernel SVC Statevector,183,0,-0.6768662705542283,1,-0.8595977577798142
same_reduced_four_feature_subset,/kaggle/working/aml-quantum-pipeline/reports/supervisor_fixes/score_level_predictions_reduced_subset.csv,Quantum Kernel SVC Statevector,184,1,-0.7313475192827026,1,-0.8595977577798142
same_reduced_four_feature_subset,/kaggle/working/aml-quantum-pipeline/reports/supervisor_fixes/score_level_predictions_reduced_subset.csv,Quantum Kernel SVC Statevector,185,1,-0.647950950305135,1,-0.8595977577798142
same_reduced_four_feature_subset,/kaggle/working/aml-quantum-pipeline/reports/supervisor_fixes/score_level_predictions_reduced_subset.csv,Quantum Kernel SVC Statevector,186,0,-1.4577000066627908,0,-0.8595977577798142
same_reduced_four_feature_subset,/kaggle/working/aml-quantum-pipeline/reports/supervisor_fixes/score_level_predictions_reduced_subset.csv,Quantum Kernel SVC Statevector,187,1,-0.7357178512575115,1,-0.8595977577798142
same_reduced_four_feature_subset,/kaggle/working/aml-quantum-pipeline/reports/supervisor_fixes/score_level_predictions_reduced_subset.csv,Quantum Kernel SVC Statevector,188,1,-0.6267421872525876,1,-0.8595977577798142
same_reduced_four_feature_subset,/kaggle/working/aml-quantum-pipeline/reports/supervisor_fixes/score_level_predictions_reduced_subset.csv,Quantum Kernel SVC Statevector,189,0,-0.6839281675696254,1,-0.8595977577798142
same_reduced_four_feature_subset,/kaggle/working/aml-quantum-pipeline/reports/supervisor_fixes/score_level_predictions_reduced_subset.csv,Quantum Kernel SVC Statevector,190,1,-0.7419583099163192,1,-0.8595977577798142
same_reduced_four_feature_subset,/kaggle/working/aml-quantum-pipeline/reports/supervisor_fixes/score_level_predictions_reduced_subset.csv,Quantum Kernel SVC Statevector,191,1,-0.6001996403585921,1,-0.8595977577798142
same_reduced_four_feature_subset,/kaggle/working/aml-quantum-pipeline/reports/supervisor_fixes/score_level_predictions_reduced_subset.csv,Quantum Kernel SVC Statevector,192,0,-0.7359614250418329,1,-0.8595977577798142
same_reduced_four_feature_subset,/kaggle/working/aml-quantum-pipeline/reports/supervisor_fixes/score_level_predictions_reduced_subset.csv,Quantum Kernel SVC Statevector,193,0,-1.4655072353380008,0,-0.8595977577798142
same_reduced_four_feature_subset,/kaggle/working/aml-quantum-pipeline/reports/supervisor_fixes/score_level_predictions_reduced_subset.csv,Quantum Kernel SVC Statevector,194,1,-0.7281557154479976,1,-0.8595977577798142
same_reduced_four_feature_subset,/kaggle/working/aml-quantum-pipeline/reports/supervisor_fixes/score_level_predictions_reduced_subset.csv,Quantum Kernel SVC Statevector,195,1,-0.610005923617116,1,-0.8595977577798142
same_reduced_four_feature_subset,/kaggle/working/aml-quantum-pipeline/reports/supervisor_fixes/score_level_predictions_reduced_subset.csv,Quantum Kernel SVC Statevector,196,1,-0.6818155330338329,1,-0.8595977577798142
same_reduced_four_feature_subset,/kaggle/working/aml-quantum-pipeline/reports/supervisor_fixes/score_level_predictions_reduced_subset.csv,Quantum Kernel SVC Statevector,197,1,-0.5925413247468094,1,-0.8595977577798142
same_reduced_four_feature_subset,/kaggle/working/aml-quantum-pipeline/reports/supervisor_fixes/score_level_predictions_reduced_subset.csv,Quantum Kernel SVC Statevector,198,1,-0.6027065703231533,1,-0.8595977577798142
same_reduced_four_feature_subset,/kaggle/working/aml-quantum-pipeline/reports/supervisor_fixes/score_level_predictions_reduced_subset.csv,Quantum Kernel SVC Statevector,199,1,-0.7347415605415648,1,-0.8595977577798142
same_reduced_four_feature_subset,/kaggle/working/aml-quantum-pipeline/reports/supervisor_fixes/score_level_predictions_reduced_subset.csv,Quantum Kernel SVC Statevector,200,0,-0.6317204473029203,1,-0.8595977577798142
same_reduced_four_feature_subset,/kaggle/working/aml-quantum-pipeline/reports/supervisor_fixes/score_level_predictions_reduced_subset.csv,Quantum Kernel SVC Statevector,201,0,-1.4632131257351464,0,-0.8595977577798142
same_reduced_four_feature_subset,/kaggle/working/aml-quantum-pipeline/reports/supervisor_fixes/score_level_predictions_reduced_subset.csv,Quantum Kernel SVC Statevector,202,0,-0.6403865337566068,1,-0.8595977577798142
same_reduced_four_feature_subset,/kaggle/working/aml-quantum-pipeline/reports/supervisor_fixes/score_level_predictions_reduced_subset.csv,Quantum Kernel SVC Statevector,203,1,-0.7104115193637022,1,-0.8595977577798142
same_reduced_four_feature_subset,/kaggle/working/aml-quantum-pipeline/reports/supervisor_fixes/score_level_predictions_reduced_subset.csv,Quantum Kernel SVC Statevector,204,0,-0.6304243355821673,1,-0.8595977577798142
same_reduced_four_feature_subset,/kaggle/working/aml-quantum-pipeline/reports/supervisor_fixes/score_level_predictions_reduced_subset.csv,Quantum Kernel SVC Statevector,205,0,-0.6567506438923763,1,-0.8595977577798142
same_reduced_four_feature_subset,/kaggle/working/aml-quantum-pipeline/reports/supervisor_fixes/score_level_predictions_reduced_subset.csv,Quantum Kernel SVC Statevector,206,1,-0.5985884138313837,1,-0.8595977577798142
same_reduced_four_feature_subset,/kaggle/working/aml-quantum-pipeline/reports/supervisor_fixes/score_level_predictions_reduced_subset.csv,Quantum Kernel SVC Statevector,207,1,-0.6959454668648981,1,-0.8595977577798142
same_reduced_four_feature_subset,/kaggle/working/aml-quantum-pipeline/reports/supervisor_fixes/score_level_predictions_reduced_subset.csv,Quantum Kernel SVC Statevector,208,0,-1.460401832721859,0,-0.8595977577798142
same_reduced_four_feature_subset,/kaggle/working/aml-quantum-pipeline/reports/supervisor_fixes/score_level_predictions_reduced_subset.csv,Quantum Kernel SVC Statevector,209,1,-0.5939403057817034,1,-0.8595977577798142
same_reduced_four_feature_subset,/kaggle/working/aml-quantum-pipeline/reports/supervisor_fixes/score_level_predictions_reduced_subset.csv,Quantum Kernel SVC Statevector,210,1,-0.5922562303008168,1,-0.8595977577798142
same_reduced_four_feature_subset,/kaggle/working/aml-quantum-pipeline/reports/supervisor_fixes/score_level_predictions_reduced_subset.csv,Quantum Kernel SVC Statevector,211,0,-0.6848345569927854,1,-0.8595977577798142
same_reduced_four_feature_subset,/kaggle/working/aml-quantum-pipeline/reports/supervisor_fixes/score_level_predictions_reduced_subset.csv,Quantum Kernel SVC Statevector,212,1,-0.5905982400974037,1,-0.8595977577798142
same_reduced_four_feature_subset,/kaggle/working/aml-quantum-pipeline/reports/supervisor_fixes/score_level_predictions_reduced_subset.csv,Quantum Kernel SVC Statevector,213,1,-0.6954884483527244,1,-0.8595977577798142
same_reduced_four_feature_subset,/kaggle/working/aml-quantum-pipeline/reports/supervisor_fixes/score_level_predictions_reduced_subset.csv,Quantum Kernel SVC Statevector,214,1,-0.6229003623700131,1,-0.8595977577798142
same_reduced_four_feature_subset,/kaggle/working/aml-quantum-pipeline/reports/supervisor_fixes/score_level_predictions_reduced_subset.csv,Quantum Kernel SVC Statevector,215,1,-0.6887886648035242,1,-0.8595977577798142
same_reduced_four_feature_subset,/kaggle/working/aml-quantum-pipeline/reports/supervisor_fixes/score_level_predictions_reduced_subset.csv,Quantum Kernel SVC Statevector,216,1,-0.6587871457900043,1,-0.8595977577798142
same_reduced_four_feature_subset,/kaggle/working/aml-quantum-pipeline/reports/supervisor_fixes/score_level_predictions_reduced_subset.csv,Quantum Kernel SVC Statevector,217,0,-0.6389320506484459,1,-0.8595977577798142
same_reduced_four_feature_subset,/kaggle/working/aml-quantum-pipeline/reports/supervisor_fixes/score_level_predictions_reduced_subset.csv,Quantum Kernel SVC Statevector,218,1,-1.4670941507031607,0,-0.8595977577798142
same_reduced_four_feature_subset,/kaggle/working/aml-quantum-pipeline/reports/supervisor_fixes/score_level_predictions_reduced_subset.csv,Quantum Kernel SVC Statevector,219,1,-0.7275914469203284,1,-0.8595977577798142
same_reduced_four_feature_subset,/kaggle/working/aml-quantum-pipeline/reports/supervisor_fixes/score_level_predictions_reduced_subset.csv,Quantum Kernel SVC Statevector,220,1,-0.6628712671132257,1,-0.8595977577798142
same_reduced_four_feature_subset,/kaggle/working/aml-quantum-pipeline/reports/supervisor_fixes/score_level_predictions_reduced_subset.csv,Quantum Kernel SVC Statevector,221,1,-0.7239452970305871,1,-0.8595977577798142
same_reduced_four_feature_subset,/kaggle/working/aml-quantum-pipeline/reports/supervisor_fixes/score_level_predictions_reduced_subset.csv,Quantum Kernel SVC Statevector,222,0,-1.4570196733428311,0,-0.8595977577798142
same_reduced_four_feature_subset,/kaggle/working/aml-quantum-pipeline/reports/supervisor_fixes/score_level_predictions_reduced_subset.csv,Quantum Kernel SVC Statevector,223,0,-1.4555920163793843,0,-0.8595977577798142
same_reduced_four_feature_subset,/kaggle/working/aml-quantum-pipeline/reports/supervisor_fixes/score_level_predictions_reduced_subset.csv,Quantum Kernel SVC Statevector,224,0,-1.4545892153322633,0,-0.8595977577798142
same_reduced_four_feature_subset,/kaggle/working/aml-quantum-pipeline/reports/supervisor_fixes/score_level_predictions_reduced_subset.csv,Quantum Kernel SVC Statevector,225,1,-0.5879424621640825,1,-0.8595977577798142
same_reduced_four_feature_subset,/kaggle/working/aml-quantum-pipeline/reports/supervisor_fixes/score_level_predictions_reduced_subset.csv,Quantum Kernel SVC Statevector,226,1,-1.4577000066627908,0,-0.8595977577798142
same_reduced_four_feature_subset,/kaggle/working/aml-quantum-pipeline/reports/supervisor_fixes/score_level_predictions_reduced_subset.csv,Quantum Kernel SVC Statevector,227,1,-0.7673218167012359,1,-0.8595977577798142
same_reduced_four_feature_subset,/kaggle/working/aml-quantum-pipeline/reports/supervisor_fixes/score_level_predictions_reduced_subset.csv,Quantum Kernel SVC Statevector,228,0,-0.7144838455864975,1,-0.8595977577798142
same_reduced_four_feature_subset,/kaggle/working/aml-quantum-pipeline/reports/supervisor_fixes/score_level_predictions_reduced_subset.csv,Quantum Kernel SVC Statevector,229,1,-0.719347263721374,1,-0.8595977577798142
same_reduced_four_feature_subset,/kaggle/working/aml-quantum-pipeline/reports/supervisor_fixes/score_level_predictions_reduced_subset.csv,Quantum Kernel SVC Statevector,230,0,-1.4558362691578135,0,-0.8595977577798142
same_reduced_four_feature_subset,/kaggle/working/aml-quantum-pipeline/reports/supervisor_fixes/score_level_predictions_reduced_subset.csv,Quantum Kernel SVC Statevector,231,1,-0.6632382952417137,1,-0.8595977577798142
same_reduced_four_feature_subset,/kaggle/working/aml-quantum-pipeline/reports/supervisor_fixes/score_level_predictions_reduced_subset.csv,Quantum Kernel SVC Statevector,232,0,-1.4625607728064387,0,-0.8595977577798142
same_reduced_four_feature_subset,/kaggle/working/aml-quantum-pipeline/reports/supervisor_fixes/score_level_predictions_reduced_subset.csv,Quantum Kernel SVC Statevector,233,1,-0.6522432694583347,1,-0.8595977577798142
same_reduced_four_feature_subset,/kaggle/working/aml-quantum-pipeline/reports/supervisor_fixes/score_level_predictions_reduced_subset.csv,Quantum Kernel SVC Statevector,234,0,-1.4622222373149136,0,-0.8595977577798142
same_reduced_four_feature_subset,/kaggle/working/aml-quantum-pipeline/reports/supervisor_fixes/score_level_predictions_reduced_subset.csv,Quantum Kernel SVC Statevector,235,1,-0.6888458159686004,1,-0.8595977577798142
same_reduced_four_feature_subset,/kaggle/working/aml-quantum-pipeline/reports/supervisor_fixes/score_level_predictions_reduced_subset.csv,Quantum Kernel SVC Statevector,236,1,-0.5977173600169305,1,-0.8595977577798142
same_reduced_four_feature_subset,/kaggle/working/aml-quantum-pipeline/reports/supervisor_fixes/score_level_predictions_reduced_subset.csv,Quantum Kernel SVC Statevector,237,1,-0.7288669577710363,1,-0.8595977577798142
same_reduced_four_feature_subset,/kaggle/working/aml-quantum-pipeline/reports/supervisor_fixes/score_level_predictions_reduced_subset.csv,Quantum Kernel SVC Statevector,238,0,-0.7721734174439194,1,-0.8595977577798142
same_reduced_four_feature_subset,/kaggle/working/aml-quantum-pipeline/reports/supervisor_fixes/score_level_predictions_reduced_subset.csv,Quantum Kernel SVC Statevector,239,0,-1.460401832721859,0,-0.8595977577798142
same_reduced_four_feature_subset,/kaggle/working/aml-quantum-pipeline/reports/supervisor_fixes/score_level_predictions_reduced_subset.csv,Quantum Kernel SVC Statevector,240,0,-1.4563171539685893,0,-0.8595977577798142
same_reduced_four_feature_subset,/kaggle/working/aml-quantum-pipeline/reports/supervisor_fixes/score_level_predictions_reduced_subset.csv,Quantum Kernel SVC Statevector,241,1,-0.6429924107871561,1,-0.8595977577798142
same_reduced_four_feature_subset,/kaggle/working/aml-quantum-pipeline/reports/supervisor_fixes/score_level_predictions_reduced_subset.csv,Quantum Kernel SVC Statevector,242,0,-1.4548438177054874,0,-0.8595977577798142
same_reduced_four_feature_subset,/kaggle/working/aml-quantum-pipeline/reports/supervisor_fixes/score_level_predictions_reduced_subset.csv,Quantum Kernel SVC Statevector,243,1,-0.6697080138412994,1,-0.8595977577798142
same_reduced_four_feature_subset,/kaggle/working/aml-quantum-pipeline/reports/supervisor_fixes/score_level_predictions_reduced_subset.csv,Quantum Kernel SVC Statevector,244,1,-0.7711683334096453,1,-0.8595977577798142
same_reduced_four_feature_subset,/kaggle/working/aml-quantum-pipeline/reports/supervisor_fixes/score_level_predictions_reduced_subset.csv,Quantum Kernel SVC Statevector,245,1,-0.7077018467822112,1,-0.8595977577798142
same_reduced_four_feature_subset,/kaggle/working/aml-quantum-pipeline/reports/supervisor_fixes/score_level_predictions_reduced_subset.csv,Quantum Kernel SVC Statevector,246,1,-0.5823644570083542,1,-0.8595977577798142
same_reduced_four_feature_subset,/kaggle/working/aml-quantum-pipeline/reports/supervisor_fixes/score_level_predictions_reduced_subset.csv,Quantum Kernel SVC Statevector,247,0,-0.6667301536598886,1,-0.8595977577798142
same_reduced_four_feature_subset,/kaggle/working/aml-quantum-pipeline/reports/supervisor_fixes/score_level_predictions_reduced_subset.csv,Quantum Kernel SVC Statevector,248,1,-0.7243520783043071,1,-0.8595977577798142
same_reduced_four_feature_subset,/kaggle/working/aml-quantum-pipeline/reports/supervisor_fixes/score_level_predictions_reduced_subset.csv,Quantum Kernel SVC Statevector,249,0,-1.4583585757027022,0,-0.8595977577798142
same_reduced_four_feature_subset,/kaggle/working/aml-quantum-pipeline/reports/supervisor_fixes/score_level_predictions_reduced_subset.csv,Quantum Kernel SVC Statevector,250,0,-0.6498301022178163,1,-0.8595977577798142
same_reduced_four_feature_subset,/kaggle/working/aml-quantum-pipeline/reports/supervisor_fixes/score_level_predictions_reduced_subset.csv,Quantum Kernel SVC Statevector,251,0,-0.6772965132547242,1,-0.8595977577798142
same_reduced_four_feature_subset,/kaggle/working/aml-quantum-pipeline/reports/supervisor_fixes/score_level_predictions_reduced_subset.csv,Quantum Kernel SVC Statevector,252,1,-0.7054183255865014,1,-0.8595977577798142
same_reduced_four_feature_subset,/kaggle/working/aml-quantum-pipeline/reports/supervisor_fixes/score_level_predictions_reduced_subset.csv,Quantum Kernel SVC Statevector,253,0,-1.455345201349268,0,-0.8595977577798142
same_reduced_four_feature_subset,/kaggle/working/aml-quantum-pipeline/reports/supervisor_fixes/score_level_predictions_reduced_subset.csv,Quantum Kernel SVC Statevector,254,1,-0.6455050083149971,1,-0.8595977577798142
same_reduced_four_feature_subset,/kaggle/working/aml-quantum-pipeline/reports/supervisor_fixes/score_level_predictions_reduced_subset.csv,Quantum Kernel SVC Statevector,255,1,-0.5944396280202477,1,-0.8595977577798142
same_reduced_four_feature_subset,/kaggle/working/aml-quantum-pipeline/reports/supervisor_fixes/score_level_predictions_reduced_subset.csv,Quantum Kernel SVC Statevector,256,1,-0.7360690993994399,1,-0.8595977577798142
same_reduced_four_feature_subset,/kaggle/working/aml-quantum-pipeline/reports/supervisor_fixes/score_level_predictions_reduced_subset.csv,Quantum Kernel SVC Statevector,257,0,-0.6748876845925822,1,-0.8595977577798142
same_reduced_four_feature_subset,/kaggle/working/aml-quantum-pipeline/reports/supervisor_fixes/score_level_predictions_reduced_subset.csv,Quantum Kernel SVC Statevector,258,0,-0.6665741388387567,1,-0.8595977577798142
same_reduced_four_feature_subset,/kaggle/working/aml-quantum-pipeline/reports/supervisor_fixes/score_level_predictions_reduced_subset.csv,Quantum Kernel SVC Statevector,259,1,-0.5737478996683976,1,-0.8595977577798142
same_reduced_four_feature_subset,/kaggle/working/aml-quantum-pipeline/reports/supervisor_fixes/score_level_predictions_reduced_subset.csv,Quantum Kernel SVC Statevector,260,1,-0.693244121217147,1,-0.8595977577798142
same_reduced_four_feature_subset,/kaggle/working/aml-quantum-pipeline/reports/supervisor_fixes/score_level_predictions_reduced_subset.csv,Quantum Kernel SVC Statevector,261,1,-0.7724356419879315,1,-0.8595977577798142
same_reduced_four_feature_subset,/kaggle/working/aml-quantum-pipeline/reports/supervisor_fixes/score_level_predictions_reduced_subset.csv,Quantum Kernel SVC Statevector,262,1,-0.7045064387614193,1,-0.8595977577798142
same_reduced_four_feature_subset,/kaggle/working/aml-quantum-pipeline/reports/supervisor_fixes/score_level_predictions_reduced_subset.csv,Quantum Kernel SVC Statevector,263,0,-0.6269961441810663,1,-0.8595977577798142
same_reduced_four_feature_subset,/kaggle/working/aml-quantum-pipeline/reports/supervisor_fixes/score_level_predictions_reduced_subset.csv,Quantum Kernel SVC Statevector,264,0,-1.465760062225483,0,-0.8595977577798142
same_reduced_four_feature_subset,/kaggle/working/aml-quantum-pipeline/reports/supervisor_fixes/score_level_predictions_reduced_subset.csv,Quantum Kernel SVC Statevector,265,1,-0.638817699604443,1,-0.8595977577798142
same_reduced_four_feature_subset,/kaggle/working/aml-quantum-pipeline/reports/supervisor_fixes/score_level_predictions_reduced_subset.csv,Quantum Kernel SVC Statevector,266,1,-0.7026192388729267,1,-0.8595977577798142
same_reduced_four_feature_subset,/kaggle/working/aml-quantum-pipeline/reports/supervisor_fixes/score_level_predictions_reduced_subset.csv,Quantum Kernel SVC Statevector,267,0,-1.4625607728064387,0,-0.8595977577798142
same_reduced_four_feature_subset,/kaggle/working/aml-quantum-pipeline/reports/supervisor_fixes/score_level_predictions_reduced_subset.csv,Quantum Kernel SVC Statevector,268,0,-1.4618753267085938,0,-0.8595977577798142
same_reduced_four_feature_subset,/kaggle/working/aml-quantum-pipeline/reports/supervisor_fixes/score_level_predictions_reduced_subset.csv,Quantum Kernel SVC Statevector,269,1,-0.6513179129565452,1,-0.8595977577798142
same_reduced_four_feature_subset,/kaggle/working/aml-quantum-pipeline/reports/supervisor_fixes/score_level_predictions_reduced_subset.csv,Quantum Kernel SVC Statevector,270,1,-0.7002806534666521,1,-0.8595977577798142
same_reduced_four_feature_subset,/kaggle/working/aml-quantum-pipeline/reports/supervisor_fixes/score_level_predictions_reduced_subset.csv,Quantum Kernel SVC Statevector,271,0,-1.46204983535088,0,-0.8595977577798142
same_reduced_four_feature_subset,/kaggle/working/aml-quantum-pipeline/reports/supervisor_fixes/score_level_predictions_reduced_subset.csv,Quantum Kernel SVC Statevector,272,1,-0.7428021851389386,1,-0.8595977577798142
same_reduced_four_feature_subset,/kaggle/working/aml-quantum-pipeline/reports/supervisor_fixes/score_level_predictions_reduced_subset.csv,Quantum Kernel SVC Statevector,273,0,-1.4658837533845357,0,-0.8595977577798142
same_reduced_four_feature_subset,/kaggle/working/aml-quantum-pipeline/reports/supervisor_fixes/score_level_predictions_reduced_subset.csv,Quantum Kernel SVC Statevector,274,1,-0.7314439943892987,1,-0.8595977577798142
same_reduced_four_feature_subset,/kaggle/working/aml-quantum-pipeline/reports/supervisor_fixes/score_level_predictions_reduced_subset.csv,Quantum Kernel SVC Statevector,275,1,-1.469656766649753,0,-0.8595977577798142
same_reduced_four_feature_subset,/kaggle/working/aml-quantum-pipeline/reports/supervisor_fixes/score_level_predictions_reduced_subset.csv,Quantum Kernel SVC Statevector,276,0,-0.737267677664269,1,-0.8595977577798142
same_reduced_four_feature_subset,/kaggle/working/aml-quantum-pipeline/reports/supervisor_fixes/score_level_predictions_reduced_subset.csv,Quantum Kernel SVC Statevector,277,0,-0.6635314730218251,1,-0.8595977577798142
same_reduced_four_feature_subset,/kaggle/working/aml-quantum-pipeline/reports/supervisor_fixes/score_level_predictions_reduced_subset.csv,Quantum Kernel SVC Statevector,278,0,-0.6599336880748372,1,-0.8595977577798142
same_reduced_four_feature_subset,/kaggle/working/aml-quantum-pipeline/reports/supervisor_fixes/score_level_predictions_reduced_subset.csv,Quantum Kernel SVC Statevector,279,0,-1.4558362691578135,0,-0.8595977577798142
same_reduced_four_feature_subset,/kaggle/working/aml-quantum-pipeline/reports/supervisor_fixes/score_level_predictions_reduced_subset.csv,Quantum Kernel SVC Statevector,280,0,-0.6258348566465519,1,-0.8595977577798142
same_reduced_four_feature_subset,/kaggle/working/aml-quantum-pipeline/reports/supervisor_fixes/score_level_predictions_reduced_subset.csv,Quantum Kernel SVC Statevector,281,0,-1.4636811547141884,0,-0.8595977577798142
same_reduced_four_feature_subset,/kaggle/working/aml-quantum-pipeline/reports/supervisor_fixes/score_level_predictions_reduced_subset.csv,Quantum Kernel SVC Statevector,282,1,-0.6756971401717817,1,-0.8595977577798142
same_reduced_four_feature_subset,/kaggle/working/aml-quantum-pipeline/reports/supervisor_fixes/score_level_predictions_reduced_subset.csv,Quantum Kernel SVC Statevector,283,0,-0.700716012453293,1,-0.8595977577798142
same_reduced_four_feature_subset,/kaggle/working/aml-quantum-pipeline/reports/supervisor_fixes/score_level_predictions_reduced_subset.csv,Quantum Kernel SVC Statevector,284,1,-0.7074262204271295,1,-0.8595977577798142
same_reduced_four_feature_subset,/kaggle/working/aml-quantum-pipeline/reports/supervisor_fixes/score_level_predictions_reduced_subset.csv,Quantum Kernel SVC Statevector,285,0,-1.4545892153322633,0,-0.8595977577798142
same_reduced_four_feature_subset,/kaggle/working/aml-quantum-pipeline/reports/supervisor_fixes/score_level_predictions_reduced_subset.csv,Quantum Kernel SVC Statevector,286,1,-0.6557494011262317,1,-0.8595977577798142
same_reduced_four_feature_subset,/kaggle/working/aml-quantum-pipeline/reports/supervisor_fixes/score_level_predictions_reduced_subset.csv,Quantum Kernel SVC Statevector,287,1,-0.6586577534670641,1,-0.8595977577798142
same_reduced_four_feature_subset,/kaggle/working/aml-quantum-pipeline/reports/supervisor_fixes/score_level_predictions_reduced_subset.csv,Quantum Kernel SVC Statevector,288,0,-0.6642241030219187,1,-0.8595977577798142
same_reduced_four_feature_subset,/kaggle/working/aml-quantum-pipeline/reports/supervisor_fixes/score_level_predictions_reduced_subset.csv,Quantum Kernel SVC Statevector,289,1,-0.5781336213964123,1,-0.8595977577798142
same_reduced_four_feature_subset,/kaggle/working/aml-quantum-pipeline/reports/supervisor_fixes/score_level_predictions_reduced_subset.csv,Quantum Kernel SVC Statevector,290,1,-0.6031039032665924,1,-0.8595977577798142
same_reduced_four_feature_subset,/kaggle/working/aml-quantum-pipeline/reports/supervisor_fixes/score_level_predictions_reduced_subset.csv,Quantum Kernel SVC Statevector,291,1,-0.7417551335440575,1,-0.8595977577798142
same_reduced_four_feature_subset,/kaggle/working/aml-quantum-pipeline/reports/supervisor_fixes/score_level_predictions_reduced_subset.csv,Quantum Kernel SVC Statevector,292,1,-0.7347740369601963,1,-0.8595977577798142
same_reduced_four_feature_subset,/kaggle/working/aml-quantum-pipeline/reports/supervisor_fixes/score_level_predictions_reduced_subset.csv,Quantum Kernel SVC Statevector,293,0,-0.6445164559398173,1,-0.8595977577798142
same_reduced_four_feature_subset,/kaggle/working/aml-quantum-pipeline/reports/supervisor_fixes/score_level_predictions_reduced_subset.csv,Quantum Kernel SVC Statevector,294,0,-1.4633711373488707,0,-0.8595977577798142
same_reduced_four_feature_subset,/kaggle/working/aml-quantum-pipeline/reports/supervisor_fixes/score_level_predictions_reduced_subset.csv,Quantum Kernel SVC Statevector,295,0,-0.6954453453639138,1,-0.8595977577798142
same_reduced_four_feature_subset,/kaggle/working/aml-quantum-pipeline/reports/supervisor_fixes/score_level_predictions_reduced_subset.csv,Quantum Kernel SVC Statevector,296,1,-0.7708847007612241,1,-0.8595977577798142
same_reduced_four_feature_subset,/kaggle/working/aml-quantum-pipeline/reports/supervisor_fixes/score_level_predictions_reduced_subset.csv,Quantum Kernel SVC Statevector,297,0,-1.46204983535088,0,-0.8595977577798142
same_reduced_four_feature_subset,/kaggle/working/aml-quantum-pipeline/reports/supervisor_fixes/score_level_predictions_reduced_subset.csv,Quantum Kernel SVC Statevector,298,1,-0.6429326749083404,1,-0.8595977577798142
same_reduced_four_feature_subset,/kaggle/working/aml-quantum-pipeline/reports/supervisor_fixes/score_level_predictions_reduced_subset.csv,Quantum Kernel SVC Statevector,299,1,-0.5738752290696776,1,-0.8595977577798142
same_reduced_four_feature_subset,/kaggle/working/aml-quantum-pipeline/reports/supervisor_fixes/score_level_predictions_reduced_subset.csv,Random Forest,0,0,0.98,0,0.9958
same_reduced_four_feature_subset,/kaggle/working/aml-quantum-pipeline/reports/supervisor_fixes/score_level_predictions_reduced_subset.csv,Random Forest,1,1,0.98,0,0.9958
same_reduced_four_feature_subset,/kaggle/working/aml-quantum-pipeline/reports/supervisor_fixes/score_level_predictions_reduced_subset.csv,Random Forest,2,0,1.0,1,0.9958
same_reduced_four_feature_subset,/kaggle/working/aml-quantum-pipeline/reports/supervisor_fixes/score_level_predictions_reduced_subset.csv,Random Forest,3,0,0.98,0,0.9958
same_reduced_four_feature_subset,/kaggle/working/aml-quantum-pipeline/reports/supervisor_fixes/score_level_predictions_reduced_subset.csv,Random Forest,4,0,0.98,0,0.9958
same_reduced_four_feature_subset,/kaggle/working/aml-quantum-pipeline/reports/supervisor_fixes/score_level_predictions_reduced_subset.csv,Random Forest,5,0,0.98,0,0.9958
same_reduced_four_feature_subset,/kaggle/working/aml-quantum-pipeline/reports/supervisor_fixes/score_level_predictions_reduced_subset.csv,Random Forest,6,0,0.98,0,0.9958
same_reduced_four_feature_subset,/kaggle/working/aml-quantum-pipeline/reports/supervisor_fixes/score_level_predictions_reduced_subset.csv,Random Forest,7,1,1.0,1,0.9958
same_reduced_four_feature_subset,/kaggle/working/aml-quantum-pipeline/reports/supervisor_fixes/score_level_predictions_reduced_subset.csv,Random Forest,8,1,0.98,0,0.9958
same_reduced_four_feature_subset,/kaggle/working/aml-quantum-pipeline/reports/supervisor_fixes/score_level_predictions_reduced_subset.csv,Random Forest,9,0,0.98,0,0.9958
same_reduced_four_feature_subset,/kaggle/working/aml-quantum-pipeline/reports/supervisor_fixes/score_level_predictions_reduced_subset.csv,Random Forest,10,1,0.98,0,0.9958
same_reduced_four_feature_subset,/kaggle/working/aml-quantum-pipeline/reports/supervisor_fixes/score_level_predictions_reduced_subset.csv,Random Forest,11,0,0.98,0,0.9958
same_reduced_four_feature_subset,/kaggle/working/aml-quantum-pipeline/reports/supervisor_fixes/score_level_predictions_reduced_subset.csv,Random Forest,12,0,1.0,1,0.9958
same_reduced_four_feature_subset,/kaggle/working/aml-quantum-pipeline/reports/supervisor_fixes/score_level_predictions_reduced_subset.csv,Random Forest,13,1,0.98,0,0.9958
same_reduced_four_feature_subset,/kaggle/working/aml-quantum-pipeline/reports/supervisor_fixes/score_level_predictions_reduced_subset.csv,Random Forest,14,0,0.98,0,0.9958
same_reduced_four_feature_subset,/kaggle/working/aml-quantum-pipeline/reports/supervisor_fixes/score_level_predictions_reduced_subset.csv,Random Forest,15,1,0.98,0,0.9958
same_reduced_four_feature_subset,/kaggle/working/aml-quantum-pipeline/reports/supervisor_fixes/score_level_predictions_reduced_subset.csv,Random Forest,16,1,1.0,1,0.9958
same_reduced_four_feature_subset,/kaggle/working/aml-quantum-pipeline/reports/supervisor_fixes/score_level_predictions_reduced_subset.csv,Random Forest,17,1,1.0,1,0.9958
same_reduced_four_feature_subset,/kaggle/working/aml-quantum-pipeline/reports/supervisor_fixes/score_level_predictions_reduced_subset.csv,Random Forest,18,0,1.0,1,0.9958
same_reduced_four_feature_subset,/kaggle/working/aml-quantum-pipeline/reports/supervisor_fixes/score_level_predictions_reduced_subset.csv,Random Forest,19,0,0.98,0,0.9958
same_reduced_four_feature_subset,/kaggle/working/aml-quantum-pipeline/reports/supervisor_fixes/score_level_predictions_reduced_subset.csv,Random Forest,20,0,0.98,0,0.9958
same_reduced_four_feature_subset,/kaggle/working/aml-quantum-pipeline/reports/supervisor_fixes/score_level_predictions_reduced_subset.csv,Random Forest,21,1,1.0,1,0.9958
same_reduced_four_feature_subset,/kaggle/working/aml-quantum-pipeline/reports/supervisor_fixes/score_level_predictions_reduced_subset.csv,Random Forest,22,0,0.98,0,0.9958
same_reduced_four_feature_subset,/kaggle/working/aml-quantum-pipeline/reports/supervisor_fixes/score_level_predictions_reduced_subset.csv,Random Forest,23,1,1.0,1,0.9958
same_reduced_four_feature_subset,/kaggle/working/aml-quantum-pipeline/reports/supervisor_fixes/score_level_predictions_reduced_subset.csv,Random Forest,24,0,1.0,1,0.9958
same_reduced_four_feature_subset,/kaggle/working/aml-quantum-pipeline/reports/supervisor_fixes/score_level_predictions_reduced_subset.csv,Random Forest,25,0,1.0,1,0.9958
same_reduced_four_feature_subset,/kaggle/working/aml-quantum-pipeline/reports/supervisor_fixes/score_level_predictions_reduced_subset.csv,Random Forest,26,1,1.0,1,0.9958
same_reduced_four_feature_subset,/kaggle/working/aml-quantum-pipeline/reports/supervisor_fixes/score_level_predictions_reduced_subset.csv,Random Forest,27,0,0.98,0,0.9958
same_reduced_four_feature_subset,/kaggle/working/aml-quantum-pipeline/reports/supervisor_fixes/score_level_predictions_reduced_subset.csv,Random Forest,28,0,1.0,1,0.9958
same_reduced_four_feature_subset,/kaggle/working/aml-quantum-pipeline/reports/supervisor_fixes/score_level_predictions_reduced_subset.csv,Random Forest,29,1,1.0,1,0.9958
same_reduced_four_feature_subset,/kaggle/working/aml-quantum-pipeline/reports/supervisor_fixes/score_level_predictions_reduced_subset.csv,Random Forest,30,1,0.98,0,0.9958
same_reduced_four_feature_subset,/kaggle/working/aml-quantum-pipeline/reports/supervisor_fixes/score_level_predictions_reduced_subset.csv,Random Forest,31,0,0.98,0,0.9958
same_reduced_four_feature_subset,/kaggle/working/aml-quantum-pipeline/reports/supervisor_fixes/score_level_predictions_reduced_subset.csv,Random Forest,32,0,1.0,1,0.9958
same_reduced_four_feature_subset,/kaggle/working/aml-quantum-pipeline/reports/supervisor_fixes/score_level_predictions_reduced_subset.csv,Random Forest,33,1,1.0,1,0.9958
same_reduced_four_feature_subset,/kaggle/working/aml-quantum-pipeline/reports/supervisor_fixes/score_level_predictions_reduced_subset.csv,Random Forest,34,0,0.98,0,0.9958
same_reduced_four_feature_subset,/kaggle/working/aml-quantum-pipeline/reports/supervisor_fixes/score_level_predictions_reduced_subset.csv,Random Forest,35,1,1.0,1,0.9958
same_reduced_four_feature_subset,/kaggle/working/aml-quantum-pipeline/reports/supervisor_fixes/score_level_predictions_reduced_subset.csv,Random Forest,36,0,0.98,0,0.9958
same_reduced_four_feature_subset,/kaggle/working/aml-quantum-pipeline/reports/supervisor_fixes/score_level_predictions_reduced_subset.csv,Random Forest,37,0,0.98,0,0.9958
same_reduced_four_feature_subset,/kaggle/working/aml-quantum-pipeline/reports/supervisor_fixes/score_level_predictions_reduced_subset.csv,Random Forest,38,0,1.0,1,0.9958
same_reduced_four_feature_subset,/kaggle/working/aml-quantum-pipeline/reports/supervisor_fixes/score_level_predictions_reduced_subset.csv,Random Forest,39,0,0.98,0,0.9958
same_reduced_four_feature_subset,/kaggle/working/aml-quantum-pipeline/reports/supervisor_fixes/score_level_predictions_reduced_subset.csv,Random Forest,40,1,1.0,1,0.9958
same_reduced_four_feature_subset,/kaggle/working/aml-quantum-pipeline/reports/supervisor_fixes/score_level_predictions_reduced_subset.csv,Random Forest,41,1,1.0,1,0.9958
same_reduced_four_feature_subset,/kaggle/working/aml-quantum-pipeline/reports/supervisor_fixes/score_level_predictions_reduced_subset.csv,Random Forest,42,0,0.98,0,0.9958
same_reduced_four_feature_subset,/kaggle/working/aml-quantum-pipeline/reports/supervisor_fixes/score_level_predictions_reduced_subset.csv,Random Forest,43,0,0.98,0,0.9958
same_reduced_four_feature_subset,/kaggle/working/aml-quantum-pipeline/reports/supervisor_fixes/score_level_predictions_reduced_subset.csv,Random Forest,44,1,0.98,0,0.9958
same_reduced_four_feature_subset,/kaggle/working/aml-quantum-pipeline/reports/supervisor_fixes/score_level_predictions_reduced_subset.csv,Random Forest,45,0,0.98,0,0.9958
same_reduced_four_feature_subset,/kaggle/working/aml-quantum-pipeline/reports/supervisor_fixes/score_level_predictions_reduced_subset.csv,Random Forest,46,0,0.98,0,0.9958
same_reduced_four_feature_subset,/kaggle/working/aml-quantum-pipeline/reports/supervisor_fixes/score_level_predictions_reduced_subset.csv,Random Forest,47,1,1.0,1,0.9958
same_reduced_four_feature_subset,/kaggle/working/aml-quantum-pipeline/reports/supervisor_fixes/score_level_predictions_reduced_subset.csv,Random Forest,48,1,1.0,1,0.9958
same_reduced_four_feature_subset,/kaggle/working/aml-quantum-pipeline/reports/supervisor_fixes/score_level_predictions_reduced_subset.csv,Random Forest,49,1,1.0,1,0.9958
same_reduced_four_feature_subset,/kaggle/working/aml-quantum-pipeline/reports/supervisor_fixes/score_level_predictions_reduced_subset.csv,Random Forest,50,1,0.98,0,0.9958
same_reduced_four_feature_subset,/kaggle/working/aml-quantum-pipeline/reports/supervisor_fixes/score_level_predictions_reduced_subset.csv,Random Forest,51,1,0.98,0,0.9958
same_reduced_four_feature_subset,/kaggle/working/aml-quantum-pipeline/reports/supervisor_fixes/score_level_predictions_reduced_subset.csv,Random Forest,52,0,0.98,0,0.9958
same_reduced_four_feature_subset,/kaggle/working/aml-quantum-pipeline/reports/supervisor_fixes/score_level_predictions_reduced_subset.csv,Random Forest,53,0,0.98,0,0.9958
same_reduced_four_feature_subset,/kaggle/working/aml-quantum-pipeline/reports/supervisor_fixes/score_level_predictions_reduced_subset.csv,Random Forest,54,0,0.98,0,0.9958
same_reduced_four_feature_subset,/kaggle/working/aml-quantum-pipeline/reports/supervisor_fixes/score_level_predictions_reduced_subset.csv,Random Forest,55,0,0.98,0,0.9958
same_reduced_four_feature_subset,/kaggle/working/aml-quantum-pipeline/reports/supervisor_fixes/score_level_predictions_reduced_subset.csv,Random Forest,56,1,0.98,0,0.9958
same_reduced_four_feature_subset,/kaggle/working/aml-quantum-pipeline/reports/supervisor_fixes/score_level_predictions_reduced_subset.csv,Random Forest,57,1,1.0,1,0.9958
same_reduced_four_feature_subset,/kaggle/working/aml-quantum-pipeline/reports/supervisor_fixes/score_level_predictions_reduced_subset.csv,Random Forest,58,1,1.0,1,0.9958
same_reduced_four_feature_subset,/kaggle/working/aml-quantum-pipeline/reports/supervisor_fixes/score_level_predictions_reduced_subset.csv,Random Forest,59,1,1.0,1,0.9958
same_reduced_four_feature_subset,/kaggle/working/aml-quantum-pipeline/reports/supervisor_fixes/score_level_predictions_reduced_subset.csv,Random Forest,60,0,1.0,1,0.9958
same_reduced_four_feature_subset,/kaggle/working/aml-quantum-pipeline/reports/supervisor_fixes/score_level_predictions_reduced_subset.csv,Random Forest,61,0,0.98,0,0.9958
same_reduced_four_feature_subset,/kaggle/working/aml-quantum-pipeline/reports/supervisor_fixes/score_level_predictions_reduced_subset.csv,Random Forest,62,1,1.0,1,0.9958
same_reduced_four_feature_subset,/kaggle/working/aml-quantum-pipeline/reports/supervisor_fixes/score_level_predictions_reduced_subset.csv,Random Forest,63,0,0.98,0,0.9958
same_reduced_four_feature_subset,/kaggle/working/aml-quantum-pipeline/reports/supervisor_fixes/score_level_predictions_reduced_subset.csv,Random Forest,64,1,1.0,1,0.9958
same_reduced_four_feature_subset,/kaggle/working/aml-quantum-pipeline/reports/supervisor_fixes/score_level_predictions_reduced_subset.csv,Random Forest,65,0,1.0,1,0.9958
same_reduced_four_feature_subset,/kaggle/working/aml-quantum-pipeline/reports/supervisor_fixes/score_level_predictions_reduced_subset.csv,Random Forest,66,1,1.0,1,0.9958
same_reduced_four_feature_subset,/kaggle/working/aml-quantum-pipeline/reports/supervisor_fixes/score_level_predictions_reduced_subset.csv,Random Forest,67,0,1.0,1,0.9958
same_reduced_four_feature_subset,/kaggle/working/aml-quantum-pipeline/reports/supervisor_fixes/score_level_predictions_reduced_subset.csv,Random Forest,68,1,0.98,0,0.9958
same_reduced_four_feature_subset,/kaggle/working/aml-quantum-pipeline/reports/supervisor_fixes/score_level_predictions_reduced_subset.csv,Random Forest,69,0,0.98,0,0.9958
same_reduced_four_feature_subset,/kaggle/working/aml-quantum-pipeline/reports/supervisor_fixes/score_level_predictions_reduced_subset.csv,Random Forest,70,0,1.0,1,0.9958
same_reduced_four_feature_subset,/kaggle/working/aml-quantum-pipeline/reports/supervisor_fixes/score_level_predictions_reduced_subset.csv,Random Forest,71,0,0.98,0,0.9958
same_reduced_four_feature_subset,/kaggle/working/aml-quantum-pipeline/reports/supervisor_fixes/score_level_predictions_reduced_subset.csv,Random Forest,72,0,0.98,0,0.9958
same_reduced_four_feature_subset,/kaggle/working/aml-quantum-pipeline/reports/supervisor_fixes/score_level_predictions_reduced_subset.csv,Random Forest,73,1,1.0,1,0.9958
same_reduced_four_feature_subset,/kaggle/working/aml-quantum-pipeline/reports/supervisor_fixes/score_level_predictions_reduced_subset.csv,Random Forest,74,0,0.98,0,0.9958
same_reduced_four_feature_subset,/kaggle/working/aml-quantum-pipeline/reports/supervisor_fixes/score_level_predictions_reduced_subset.csv,Random Forest,75,0,0.98,0,0.9958
same_reduced_four_feature_subset,/kaggle/working/aml-quantum-pipeline/reports/supervisor_fixes/score_level_predictions_reduced_subset.csv,Random Forest,76,0,0.98,0,0.9958
same_reduced_four_feature_subset,/kaggle/working/aml-quantum-pipeline/reports/supervisor_fixes/score_level_predictions_reduced_subset.csv,Random Forest,77,0,0.98,0,0.9958
same_reduced_four_feature_subset,/kaggle/working/aml-quantum-pipeline/reports/supervisor_fixes/score_level_predictions_reduced_subset.csv,Random Forest,78,1,0.98,0,0.9958
same_reduced_four_feature_subset,/kaggle/working/aml-quantum-pipeline/reports/supervisor_fixes/score_level_predictions_reduced_subset.csv,Random Forest,79,1,1.0,1,0.9958
same_reduced_four_feature_subset,/kaggle/working/aml-quantum-pipeline/reports/supervisor_fixes/score_level_predictions_reduced_subset.csv,Random Forest,80,0,0.98,0,0.9958
same_reduced_four_feature_subset,/kaggle/working/aml-quantum-pipeline/reports/supervisor_fixes/score_level_predictions_reduced_subset.csv,Random Forest,81,0,0.98,0,0.9958
same_reduced_four_feature_subset,/kaggle/working/aml-quantum-pipeline/reports/supervisor_fixes/score_level_predictions_reduced_subset.csv,Random Forest,82,0,0.98,0,0.9958
same_reduced_four_feature_subset,/kaggle/working/aml-quantum-pipeline/reports/supervisor_fixes/score_level_predictions_reduced_subset.csv,Random Forest,83,1,0.98,0,0.9958
same_reduced_four_feature_subset,/kaggle/working/aml-quantum-pipeline/reports/supervisor_fixes/score_level_predictions_reduced_subset.csv,Random Forest,84,0,0.98,0,0.9958
same_reduced_four_feature_subset,/kaggle/working/aml-quantum-pipeline/reports/supervisor_fixes/score_level_predictions_reduced_subset.csv,Random Forest,85,1,0.98,0,0.9958
same_reduced_four_feature_subset,/kaggle/working/aml-quantum-pipeline/reports/supervisor_fixes/score_level_predictions_reduced_subset.csv,Random Forest,86,1,1.0,1,0.9958
same_reduced_four_feature_subset,/kaggle/working/aml-quantum-pipeline/reports/supervisor_fixes/score_level_predictions_reduced_subset.csv,Random Forest,87,1,0.98,0,0.9958
same_reduced_four_feature_subset,/kaggle/working/aml-quantum-pipeline/reports/supervisor_fixes/score_level_predictions_reduced_subset.csv,Random Forest,88,0,0.98,0,0.9958
same_reduced_four_feature_subset,/kaggle/working/aml-quantum-pipeline/reports/supervisor_fixes/score_level_predictions_reduced_subset.csv,Random Forest,89,1,0.98,0,0.9958
same_reduced_four_feature_subset,/kaggle/working/aml-quantum-pipeline/reports/supervisor_fixes/score_level_predictions_reduced_subset.csv,Random Forest,90,1,0.98,0,0.9958
same_reduced_four_feature_subset,/kaggle/working/aml-quantum-pipeline/reports/supervisor_fixes/score_level_predictions_reduced_subset.csv,Random Forest,91,0,0.98,0,0.9958
same_reduced_four_feature_subset,/kaggle/working/aml-quantum-pipeline/reports/supervisor_fixes/score_level_predictions_reduced_subset.csv,Random Forest,92,0,0.98,0,0.9958
same_reduced_four_feature_subset,/kaggle/working/aml-quantum-pipeline/reports/supervisor_fixes/score_level_predictions_reduced_subset.csv,Random Forest,93,1,1.0,1,0.9958
same_reduced_four_feature_subset,/kaggle/working/aml-quantum-pipeline/reports/supervisor_fixes/score_level_predictions_reduced_subset.csv,Random Forest,94,0,0.98,0,0.9958
same_reduced_four_feature_subset,/kaggle/working/aml-quantum-pipeline/reports/supervisor_fixes/score_level_predictions_reduced_subset.csv,Random Forest,95,1,1.0,1,0.9958
same_reduced_four_feature_subset,/kaggle/working/aml-quantum-pipeline/reports/supervisor_fixes/score_level_predictions_reduced_subset.csv,Random Forest,96,0,0.98,0,0.9958
same_reduced_four_feature_subset,/kaggle/working/aml-quantum-pipeline/reports/supervisor_fixes/score_level_predictions_reduced_subset.csv,Random Forest,97,0,0.98,0,0.9958
same_reduced_four_feature_subset,/kaggle/working/aml-quantum-pipeline/reports/supervisor_fixes/score_level_predictions_reduced_subset.csv,Random Forest,98,0,0.98,0,0.9958
same_reduced_four_feature_subset,/kaggle/working/aml-quantum-pipeline/reports/supervisor_fixes/score_level_predictions_reduced_subset.csv,Random Forest,99,0,1.0,1,0.9958
same_reduced_four_feature_subset,/kaggle/working/aml-quantum-pipeline/reports/supervisor_fixes/score_level_predictions_reduced_subset.csv,Random Forest,100,0,0.98,0,0.9958
same_reduced_four_feature_subset,/kaggle/working/aml-quantum-pipeline/reports/supervisor_fixes/score_level_predictions_reduced_subset.csv,Random Forest,101,1,0.98,0,0.9958
same_reduced_four_feature_subset,/kaggle/working/aml-quantum-pipeline/reports/supervisor_fixes/score_level_predictions_reduced_subset.csv,Random Forest,102,0,0.98,0,0.9958
same_reduced_four_feature_subset,/kaggle/working/aml-quantum-pipeline/reports/supervisor_fixes/score_level_predictions_reduced_subset.csv,Random Forest,103,0,0.98,0,0.9958
same_reduced_four_feature_subset,/kaggle/working/aml-quantum-pipeline/reports/supervisor_fixes/score_level_predictions_reduced_subset.csv,Random Forest,104,1,0.98,0,0.9958
same_reduced_four_feature_subset,/kaggle/working/aml-quantum-pipeline/reports/supervisor_fixes/score_level_predictions_reduced_subset.csv,Random Forest,105,0,1.0,1,0.9958
same_reduced_four_feature_subset,/kaggle/working/aml-quantum-pipeline/reports/supervisor_fixes/score_level_predictions_reduced_subset.csv,Random Forest,106,1,1.0,1,0.9958
same_reduced_four_feature_subset,/kaggle/working/aml-quantum-pipeline/reports/supervisor_fixes/score_level_predictions_reduced_subset.csv,Random Forest,107,0,0.98,0,0.9958
same_reduced_four_feature_subset,/kaggle/working/aml-quantum-pipeline/reports/supervisor_fixes/score_level_predictions_reduced_subset.csv,Random Forest,108,0,1.0,1,0.9958
same_reduced_four_feature_subset,/kaggle/working/aml-quantum-pipeline/reports/supervisor_fixes/score_level_predictions_reduced_subset.csv,Random Forest,109,1,0.98,0,0.9958
same_reduced_four_feature_subset,/kaggle/working/aml-quantum-pipeline/reports/supervisor_fixes/score_level_predictions_reduced_subset.csv,Random Forest,110,1,1.0,1,0.9958
same_reduced_four_feature_subset,/kaggle/working/aml-quantum-pipeline/reports/supervisor_fixes/score_level_predictions_reduced_subset.csv,Random Forest,111,1,1.0,1,0.9958
same_reduced_four_feature_subset,/kaggle/working/aml-quantum-pipeline/reports/supervisor_fixes/score_level_predictions_reduced_subset.csv,Random Forest,112,1,0.98,0,0.9958
same_reduced_four_feature_subset,/kaggle/working/aml-quantum-pipeline/reports/supervisor_fixes/score_level_predictions_reduced_subset.csv,Random Forest,113,0,0.98,0,0.9958
same_reduced_four_feature_subset,/kaggle/working/aml-quantum-pipeline/reports/supervisor_fixes/score_level_predictions_reduced_subset.csv,Random Forest,114,0,0.98,0,0.9958
same_reduced_four_feature_subset,/kaggle/working/aml-quantum-pipeline/reports/supervisor_fixes/score_level_predictions_reduced_subset.csv,Random Forest,115,1,0.98,0,0.9958
same_reduced_four_feature_subset,/kaggle/working/aml-quantum-pipeline/reports/supervisor_fixes/score_level_predictions_reduced_subset.csv,Random Forest,116,1,1.0,1,0.9958
same_reduced_four_feature_subset,/kaggle/working/aml-quantum-pipeline/reports/supervisor_fixes/score_level_predictions_reduced_subset.csv,Random Forest,117,1,1.0,1,0.9958
same_reduced_four_feature_subset,/kaggle/working/aml-quantum-pipeline/reports/supervisor_fixes/score_level_predictions_reduced_subset.csv,Random Forest,118,1,0.98,0,0.9958
same_reduced_four_feature_subset,/kaggle/working/aml-quantum-pipeline/reports/supervisor_fixes/score_level_predictions_reduced_subset.csv,Random Forest,119,1,0.98,0,0.9958
same_reduced_four_feature_subset,/kaggle/working/aml-quantum-pipeline/reports/supervisor_fixes/score_level_predictions_reduced_subset.csv,Random Forest,120,0,0.98,0,0.9958
same_reduced_four_feature_subset,/kaggle/working/aml-quantum-pipeline/reports/supervisor_fixes/score_level_predictions_reduced_subset.csv,Random Forest,121,0,1.0,1,0.9958
same_reduced_four_feature_subset,/kaggle/working/aml-quantum-pipeline/reports/supervisor_fixes/score_level_predictions_reduced_subset.csv,Random Forest,122,0,1.0,1,0.9958
same_reduced_four_feature_subset,/kaggle/working/aml-quantum-pipeline/reports/supervisor_fixes/score_level_predictions_reduced_subset.csv,Random Forest,123,0,0.98,0,0.9958
same_reduced_four_feature_subset,/kaggle/working/aml-quantum-pipeline/reports/supervisor_fixes/score_level_predictions_reduced_subset.csv,Random Forest,124,0,1.0,1,0.9958
same_reduced_four_feature_subset,/kaggle/working/aml-quantum-pipeline/reports/supervisor_fixes/score_level_predictions_reduced_subset.csv,Random Forest,125,1,0.98,0,0.9958
same_reduced_four_feature_subset,/kaggle/working/aml-quantum-pipeline/reports/supervisor_fixes/score_level_predictions_reduced_subset.csv,Random Forest,126,0,0.98,0,0.9958
same_reduced_four_feature_subset,/kaggle/working/aml-quantum-pipeline/reports/supervisor_fixes/score_level_predictions_reduced_subset.csv,Random Forest,127,0,0.98,0,0.9958
same_reduced_four_feature_subset,/kaggle/working/aml-quantum-pipeline/reports/supervisor_fixes/score_level_predictions_reduced_subset.csv,Random Forest,128,1,0.98,0,0.9958
same_reduced_four_feature_subset,/kaggle/working/aml-quantum-pipeline/reports/supervisor_fixes/score_level_predictions_reduced_subset.csv,Random Forest,129,0,0.98,0,0.9958
same_reduced_four_feature_subset,/kaggle/working/aml-quantum-pipeline/reports/supervisor_fixes/score_level_predictions_reduced_subset.csv,Random Forest,130,0,0.98,0,0.9958
same_reduced_four_feature_subset,/kaggle/working/aml-quantum-pipeline/reports/supervisor_fixes/score_level_predictions_reduced_subset.csv,Random Forest,131,1,0.98,0,0.9958
same_reduced_four_feature_subset,/kaggle/working/aml-quantum-pipeline/reports/supervisor_fixes/score_level_predictions_reduced_subset.csv,Random Forest,132,1,0.98,0,0.9958
same_reduced_four_feature_subset,/kaggle/working/aml-quantum-pipeline/reports/supervisor_fixes/score_level_predictions_reduced_subset.csv,Random Forest,133,1,0.98,0,0.9958
same_reduced_four_feature_subset,/kaggle/working/aml-quantum-pipeline/reports/supervisor_fixes/score_level_predictions_reduced_subset.csv,Random Forest,134,1,0.98,0,0.9958
same_reduced_four_feature_subset,/kaggle/working/aml-quantum-pipeline/reports/supervisor_fixes/score_level_predictions_reduced_subset.csv,Random Forest,135,1,0.98,0,0.9958
same_reduced_four_feature_subset,/kaggle/working/aml-quantum-pipeline/reports/supervisor_fixes/score_level_predictions_reduced_subset.csv,Random Forest,136,0,0.98,0,0.9958
same_reduced_four_feature_subset,/kaggle/working/aml-quantum-pipeline/reports/supervisor_fixes/score_level_predictions_reduced_subset.csv,Random Forest,137,1,1.0,1,0.9958
same_reduced_four_feature_subset,/kaggle/working/aml-quantum-pipeline/reports/supervisor_fixes/score_level_predictions_reduced_subset.csv,Random Forest,138,0,0.98,0,0.9958
same_reduced_four_feature_subset,/kaggle/working/aml-quantum-pipeline/reports/supervisor_fixes/score_level_predictions_reduced_subset.csv,Random Forest,139,0,0.98,0,0.9958
same_reduced_four_feature_subset,/kaggle/working/aml-quantum-pipeline/reports/supervisor_fixes/score_level_predictions_reduced_subset.csv,Random Forest,140,1,1.0,1,0.9958
same_reduced_four_feature_subset,/kaggle/working/aml-quantum-pipeline/reports/supervisor_fixes/score_level_predictions_reduced_subset.csv,Random Forest,141,0,0.98,0,0.9958
same_reduced_four_feature_subset,/kaggle/working/aml-quantum-pipeline/reports/supervisor_fixes/score_level_predictions_reduced_subset.csv,Random Forest,142,0,0.98,0,0.9958
same_reduced_four_feature_subset,/kaggle/working/aml-quantum-pipeline/reports/supervisor_fixes/score_level_predictions_reduced_subset.csv,Random Forest,143,1,0.98,0,0.9958
same_reduced_four_feature_subset,/kaggle/working/aml-quantum-pipeline/reports/supervisor_fixes/score_level_predictions_reduced_subset.csv,Random Forest,144,0,0.98,0,0.9958
same_reduced_four_feature_subset,/kaggle/working/aml-quantum-pipeline/reports/supervisor_fixes/score_level_predictions_reduced_subset.csv,Random Forest,145,0,0.98,0,0.9958
same_reduced_four_feature_subset,/kaggle/working/aml-quantum-pipeline/reports/supervisor_fixes/score_level_predictions_reduced_subset.csv,Random Forest,146,0,1.0,1,0.9958
same_reduced_four_feature_subset,/kaggle/working/aml-quantum-pipeline/reports/supervisor_fixes/score_level_predictions_reduced_subset.csv,Random Forest,147,1,1.0,1,0.9958
same_reduced_four_feature_subset,/kaggle/working/aml-quantum-pipeline/reports/supervisor_fixes/score_level_predictions_reduced_subset.csv,Random Forest,148,0,1.0,1,0.9958
same_reduced_four_feature_subset,/kaggle/working/aml-quantum-pipeline/reports/supervisor_fixes/score_level_predictions_reduced_subset.csv,Random Forest,149,0,0.98,0,0.9958
same_reduced_four_feature_subset,/kaggle/working/aml-quantum-pipeline/reports/supervisor_fixes/score_level_predictions_reduced_subset.csv,Random Forest,150,1,1.0,1,0.9958
same_reduced_four_feature_subset,/kaggle/working/aml-quantum-pipeline/reports/supervisor_fixes/score_level_predictions_reduced_subset.csv,Random Forest,151,1,0.98,0,0.9958
same_reduced_four_feature_subset,/kaggle/working/aml-quantum-pipeline/reports/supervisor_fixes/score_level_predictions_reduced_subset.csv,Random Forest,152,1,0.98,0,0.9958
same_reduced_four_feature_subset,/kaggle/working/aml-quantum-pipeline/reports/supervisor_fixes/score_level_predictions_reduced_subset.csv,Random Forest,153,0,0.97,0,0.9958
same_reduced_four_feature_subset,/kaggle/working/aml-quantum-pipeline/reports/supervisor_fixes/score_level_predictions_reduced_subset.csv,Random Forest,154,1,1.0,1,0.9958
same_reduced_four_feature_subset,/kaggle/working/aml-quantum-pipeline/reports/supervisor_fixes/score_level_predictions_reduced_subset.csv,Random Forest,155,0,0.98,0,0.9958
same_reduced_four_feature_subset,/kaggle/working/aml-quantum-pipeline/reports/supervisor_fixes/score_level_predictions_reduced_subset.csv,Random Forest,156,0,0.98,0,0.9958
same_reduced_four_feature_subset,/kaggle/working/aml-quantum-pipeline/reports/supervisor_fixes/score_level_predictions_reduced_subset.csv,Random Forest,157,1,0.98,0,0.9958
same_reduced_four_feature_subset,/kaggle/working/aml-quantum-pipeline/reports/supervisor_fixes/score_level_predictions_reduced_subset.csv,Random Forest,158,0,1.0,1,0.9958
same_reduced_four_feature_subset,/kaggle/working/aml-quantum-pipeline/reports/supervisor_fixes/score_level_predictions_reduced_subset.csv,Random Forest,159,0,0.98,0,0.9958
same_reduced_four_feature_subset,/kaggle/working/aml-quantum-pipeline/reports/supervisor_fixes/score_level_predictions_reduced_subset.csv,Random Forest,160,1,0.98,0,0.9958
same_reduced_four_feature_subset,/kaggle/working/aml-quantum-pipeline/reports/supervisor_fixes/score_level_predictions_reduced_subset.csv,Random Forest,161,0,0.98,0,0.9958
same_reduced_four_feature_subset,/kaggle/working/aml-quantum-pipeline/reports/supervisor_fixes/score_level_predictions_reduced_subset.csv,Random Forest,162,1,0.98,0,0.9958
same_reduced_four_feature_subset,/kaggle/working/aml-quantum-pipeline/reports/supervisor_fixes/score_level_predictions_reduced_subset.csv,Random Forest,163,1,1.0,1,0.9958
same_reduced_four_feature_subset,/kaggle/working/aml-quantum-pipeline/reports/supervisor_fixes/score_level_predictions_reduced_subset.csv,Random Forest,164,0,0.98,0,0.9958
same_reduced_four_feature_subset,/kaggle/working/aml-quantum-pipeline/reports/supervisor_fixes/score_level_predictions_reduced_subset.csv,Random Forest,165,0,0.98,0,0.9958
same_reduced_four_feature_subset,/kaggle/working/aml-quantum-pipeline/reports/supervisor_fixes/score_level_predictions_reduced_subset.csv,Random Forest,166,0,0.98,0,0.9958
same_reduced_four_feature_subset,/kaggle/working/aml-quantum-pipeline/reports/supervisor_fixes/score_level_predictions_reduced_subset.csv,Random Forest,167,1,0.98,0,0.9958
same_reduced_four_feature_subset,/kaggle/working/aml-quantum-pipeline/reports/supervisor_fixes/score_level_predictions_reduced_subset.csv,Random Forest,168,1,0.98,0,0.9958
same_reduced_four_feature_subset,/kaggle/working/aml-quantum-pipeline/reports/supervisor_fixes/score_level_predictions_reduced_subset.csv,Random Forest,169,0,0.98,0,0.9958
same_reduced_four_feature_subset,/kaggle/working/aml-quantum-pipeline/reports/supervisor_fixes/score_level_predictions_reduced_subset.csv,Random Forest,170,1,0.98,0,0.9958
same_reduced_four_feature_subset,/kaggle/working/aml-quantum-pipeline/reports/supervisor_fixes/score_level_predictions_reduced_subset.csv,Random Forest,171,0,0.98,0,0.9958
same_reduced_four_feature_subset,/kaggle/working/aml-quantum-pipeline/reports/supervisor_fixes/score_level_predictions_reduced_subset.csv,Random Forest,172,1,1.0,1,0.9958
same_reduced_four_feature_subset,/kaggle/working/aml-quantum-pipeline/reports/supervisor_fixes/score_level_predictions_reduced_subset.csv,Random Forest,173,1,0.98,0,0.9958
same_reduced_four_feature_subset,/kaggle/working/aml-quantum-pipeline/reports/supervisor_fixes/score_level_predictions_reduced_subset.csv,Random Forest,174,1,0.98,0,0.9958
same_reduced_four_feature_subset,/kaggle/working/aml-quantum-pipeline/reports/supervisor_fixes/score_level_predictions_reduced_subset.csv,Random Forest,175,1,1.0,1,0.9958
same_reduced_four_feature_subset,/kaggle/working/aml-quantum-pipeline/reports/supervisor_fixes/score_level_predictions_reduced_subset.csv,Random Forest,176,0,0.98,0,0.9958
same_reduced_four_feature_subset,/kaggle/working/aml-quantum-pipeline/reports/supervisor_fixes/score_level_predictions_reduced_subset.csv,Random Forest,177,0,0.98,0,0.9958
same_reduced_four_feature_subset,/kaggle/working/aml-quantum-pipeline/reports/supervisor_fixes/score_level_predictions_reduced_subset.csv,Random Forest,178,0,0.98,0,0.9958
same_reduced_four_feature_subset,/kaggle/working/aml-quantum-pipeline/reports/supervisor_fixes/score_level_predictions_reduced_subset.csv,Random Forest,179,1,0.98,0,0.9958
same_reduced_four_feature_subset,/kaggle/working/aml-quantum-pipeline/reports/supervisor_fixes/score_level_predictions_reduced_subset.csv,Random Forest,180,1,1.0,1,0.9958
same_reduced_four_feature_subset,/kaggle/working/aml-quantum-pipeline/reports/supervisor_fixes/score_level_predictions_reduced_subset.csv,Random Forest,181,0,0.98,0,0.9958
same_reduced_four_feature_subset,/kaggle/working/aml-quantum-pipeline/reports/supervisor_fixes/score_level_predictions_reduced_subset.csv,Random Forest,182,1,1.0,1,0.9958
same_reduced_four_feature_subset,/kaggle/working/aml-quantum-pipeline/reports/supervisor_fixes/score_level_predictions_reduced_subset.csv,Random Forest,183,0,1.0,1,0.9958
same_reduced_four_feature_subset,/kaggle/working/aml-quantum-pipeline/reports/supervisor_fixes/score_level_predictions_reduced_subset.csv,Random Forest,184,1,1.0,1,0.9958
same_reduced_four_feature_subset,/kaggle/working/aml-quantum-pipeline/reports/supervisor_fixes/score_level_predictions_reduced_subset.csv,Random Forest,185,1,0.98,0,0.9958
same_reduced_four_feature_subset,/kaggle/working/aml-quantum-pipeline/reports/supervisor_fixes/score_level_predictions_reduced_subset.csv,Random Forest,186,0,0.98,0,0.9958
same_reduced_four_feature_subset,/kaggle/working/aml-quantum-pipeline/reports/supervisor_fixes/score_level_predictions_reduced_subset.csv,Random Forest,187,1,1.0,1,0.9958
same_reduced_four_feature_subset,/kaggle/working/aml-quantum-pipeline/reports/supervisor_fixes/score_level_predictions_reduced_subset.csv,Random Forest,188,1,0.98,0,0.9958
same_reduced_four_feature_subset,/kaggle/working/aml-quantum-pipeline/reports/supervisor_fixes/score_level_predictions_reduced_subset.csv,Random Forest,189,0,1.0,1,0.9958
same_reduced_four_feature_subset,/kaggle/working/aml-quantum-pipeline/reports/supervisor_fixes/score_level_predictions_reduced_subset.csv,Random Forest,190,1,1.0,1,0.9958
same_reduced_four_feature_subset,/kaggle/working/aml-quantum-pipeline/reports/supervisor_fixes/score_level_predictions_reduced_subset.csv,Random Forest,191,1,0.98,0,0.9958
same_reduced_four_feature_subset,/kaggle/working/aml-quantum-pipeline/reports/supervisor_fixes/score_level_predictions_reduced_subset.csv,Random Forest,192,0,1.0,1,0.9958
same_reduced_four_feature_subset,/kaggle/working/aml-quantum-pipeline/reports/supervisor_fixes/score_level_predictions_reduced_subset.csv,Random Forest,193,0,0.98,0,0.9958
same_reduced_four_feature_subset,/kaggle/working/aml-quantum-pipeline/reports/supervisor_fixes/score_level_predictions_reduced_subset.csv,Random Forest,194,1,1.0,1,0.9958
same_reduced_four_feature_subset,/kaggle/working/aml-quantum-pipeline/reports/supervisor_fixes/score_level_predictions_reduced_subset.csv,Random Forest,195,1,0.98,0,0.9958
same_reduced_four_feature_subset,/kaggle/working/aml-quantum-pipeline/reports/supervisor_fixes/score_level_predictions_reduced_subset.csv,Random Forest,196,1,1.0,1,0.9958
same_reduced_four_feature_subset,/kaggle/working/aml-quantum-pipeline/reports/supervisor_fixes/score_level_predictions_reduced_subset.csv,Random Forest,197,1,0.98,0,0.9958
same_reduced_four_feature_subset,/kaggle/working/aml-quantum-pipeline/reports/supervisor_fixes/score_level_predictions_reduced_subset.csv,Random Forest,198,1,0.98,0,0.9958
same_reduced_four_feature_subset,/kaggle/working/aml-quantum-pipeline/reports/supervisor_fixes/score_level_predictions_reduced_subset.csv,Random Forest,199,1,1.0,1,0.9958
same_reduced_four_feature_subset,/kaggle/working/aml-quantum-pipeline/reports/supervisor_fixes/score_level_predictions_reduced_subset.csv,Random Forest,200,0,0.98,0,0.9958
same_reduced_four_feature_subset,/kaggle/working/aml-quantum-pipeline/reports/supervisor_fixes/score_level_predictions_reduced_subset.csv,Random Forest,201,0,0.98,0,0.9958
same_reduced_four_feature_subset,/kaggle/working/aml-quantum-pipeline/reports/supervisor_fixes/score_level_predictions_reduced_subset.csv,Random Forest,202,0,0.98,0,0.9958
same_reduced_four_feature_subset,/kaggle/working/aml-quantum-pipeline/reports/supervisor_fixes/score_level_predictions_reduced_subset.csv,Random Forest,203,1,1.0,1,0.9958
same_reduced_four_feature_subset,/kaggle/working/aml-quantum-pipeline/reports/supervisor_fixes/score_level_predictions_reduced_subset.csv,Random Forest,204,0,0.98,0,0.9958
same_reduced_four_feature_subset,/kaggle/working/aml-quantum-pipeline/reports/supervisor_fixes/score_level_predictions_reduced_subset.csv,Random Forest,205,0,1.0,1,0.9958
same_reduced_four_feature_subset,/kaggle/working/aml-quantum-pipeline/reports/supervisor_fixes/score_level_predictions_reduced_subset.csv,Random Forest,206,1,0.98,0,0.9958
same_reduced_four_feature_subset,/kaggle/working/aml-quantum-pipeline/reports/supervisor_fixes/score_level_predictions_reduced_subset.csv,Random Forest,207,1,1.0,1,0.9958
same_reduced_four_feature_subset,/kaggle/working/aml-quantum-pipeline/reports/supervisor_fixes/score_level_predictions_reduced_subset.csv,Random Forest,208,0,0.98,0,0.9958
same_reduced_four_feature_subset,/kaggle/working/aml-quantum-pipeline/reports/supervisor_fixes/score_level_predictions_reduced_subset.csv,Random Forest,209,1,0.98,0,0.9958
same_reduced_four_feature_subset,/kaggle/working/aml-quantum-pipeline/reports/supervisor_fixes/score_level_predictions_reduced_subset.csv,Random Forest,210,1,0.98,0,0.9958
same_reduced_four_feature_subset,/kaggle/working/aml-quantum-pipeline/reports/supervisor_fixes/score_level_predictions_reduced_subset.csv,Random Forest,211,0,1.0,1,0.9958
same_reduced_four_feature_subset,/kaggle/working/aml-quantum-pipeline/reports/supervisor_fixes/score_level_predictions_reduced_subset.csv,Random Forest,212,1,0.98,0,0.9958
same_reduced_four_feature_subset,/kaggle/working/aml-quantum-pipeline/reports/supervisor_fixes/score_level_predictions_reduced_subset.csv,Random Forest,213,1,1.0,1,0.9958
same_reduced_four_feature_subset,/kaggle/working/aml-quantum-pipeline/reports/supervisor_fixes/score_level_predictions_reduced_subset.csv,Random Forest,214,1,0.98,0,0.9958
same_reduced_four_feature_subset,/kaggle/working/aml-quantum-pipeline/reports/supervisor_fixes/score_level_predictions_reduced_subset.csv,Random Forest,215,1,1.0,1,0.9958
same_reduced_four_feature_subset,/kaggle/working/aml-quantum-pipeline/reports/supervisor_fixes/score_level_predictions_reduced_subset.csv,Random Forest,216,1,1.0,1,0.9958
same_reduced_four_feature_subset,/kaggle/working/aml-quantum-pipeline/reports/supervisor_fixes/score_level_predictions_reduced_subset.csv,Random Forest,217,0,0.98,0,0.9958
same_reduced_four_feature_subset,/kaggle/working/aml-quantum-pipeline/reports/supervisor_fixes/score_level_predictions_reduced_subset.csv,Random Forest,218,1,0.98,0,0.9958
same_reduced_four_feature_subset,/kaggle/working/aml-quantum-pipeline/reports/supervisor_fixes/score_level_predictions_reduced_subset.csv,Random Forest,219,1,1.0,1,0.9958
same_reduced_four_feature_subset,/kaggle/working/aml-quantum-pipeline/reports/supervisor_fixes/score_level_predictions_reduced_subset.csv,Random Forest,220,1,1.0,1,0.9958
same_reduced_four_feature_subset,/kaggle/working/aml-quantum-pipeline/reports/supervisor_fixes/score_level_predictions_reduced_subset.csv,Random Forest,221,1,1.0,1,0.9958
same_reduced_four_feature_subset,/kaggle/working/aml-quantum-pipeline/reports/supervisor_fixes/score_level_predictions_reduced_subset.csv,Random Forest,222,0,0.98,0,0.9958
same_reduced_four_feature_subset,/kaggle/working/aml-quantum-pipeline/reports/supervisor_fixes/score_level_predictions_reduced_subset.csv,Random Forest,223,0,0.98,0,0.9958
same_reduced_four_feature_subset,/kaggle/working/aml-quantum-pipeline/reports/supervisor_fixes/score_level_predictions_reduced_subset.csv,Random Forest,224,0,0.98,0,0.9958
same_reduced_four_feature_subset,/kaggle/working/aml-quantum-pipeline/reports/supervisor_fixes/score_level_predictions_reduced_subset.csv,Random Forest,225,1,0.98,0,0.9958
same_reduced_four_feature_subset,/kaggle/working/aml-quantum-pipeline/reports/supervisor_fixes/score_level_predictions_reduced_subset.csv,Random Forest,226,1,0.98,0,0.9958
same_reduced_four_feature_subset,/kaggle/working/aml-quantum-pipeline/reports/supervisor_fixes/score_level_predictions_reduced_subset.csv,Random Forest,227,1,1.0,1,0.9958
same_reduced_four_feature_subset,/kaggle/working/aml-quantum-pipeline/reports/supervisor_fixes/score_level_predictions_reduced_subset.csv,Random Forest,228,0,1.0,1,0.9958
same_reduced_four_feature_subset,/kaggle/working/aml-quantum-pipeline/reports/supervisor_fixes/score_level_predictions_reduced_subset.csv,Random Forest,229,1,1.0,1,0.9958
same_reduced_four_feature_subset,/kaggle/working/aml-quantum-pipeline/reports/supervisor_fixes/score_level_predictions_reduced_subset.csv,Random Forest,230,0,0.98,0,0.9958
same_reduced_four_feature_subset,/kaggle/working/aml-quantum-pipeline/reports/supervisor_fixes/score_level_predictions_reduced_subset.csv,Random Forest,231,1,1.0,1,0.9958
same_reduced_four_feature_subset,/kaggle/working/aml-quantum-pipeline/reports/supervisor_fixes/score_level_predictions_reduced_subset.csv,Random Forest,232,0,0.98,0,0.9958
same_reduced_four_feature_subset,/kaggle/working/aml-quantum-pipeline/reports/supervisor_fixes/score_level_predictions_reduced_subset.csv,Random Forest,233,1,0.98,0,0.9958
same_reduced_four_feature_subset,/kaggle/working/aml-quantum-pipeline/reports/supervisor_fixes/score_level_predictions_reduced_subset.csv,Random Forest,234,0,0.98,0,0.9958
same_reduced_four_feature_subset,/kaggle/working/aml-quantum-pipeline/reports/supervisor_fixes/score_level_predictions_reduced_subset.csv,Random Forest,235,1,1.0,1,0.9958
same_reduced_four_feature_subset,/kaggle/working/aml-quantum-pipeline/reports/supervisor_fixes/score_level_predictions_reduced_subset.csv,Random Forest,236,1,0.98,0,0.9958
same_reduced_four_feature_subset,/kaggle/working/aml-quantum-pipeline/reports/supervisor_fixes/score_level_predictions_reduced_subset.csv,Random Forest,237,1,1.0,1,0.9958
same_reduced_four_feature_subset,/kaggle/working/aml-quantum-pipeline/reports/supervisor_fixes/score_level_predictions_reduced_subset.csv,Random Forest,238,0,1.0,1,0.9958
same_reduced_four_feature_subset,/kaggle/working/aml-quantum-pipeline/reports/supervisor_fixes/score_level_predictions_reduced_subset.csv,Random Forest,239,0,0.98,0,0.9958
same_reduced_four_feature_subset,/kaggle/working/aml-quantum-pipeline/reports/supervisor_fixes/score_level_predictions_reduced_subset.csv,Random Forest,240,0,0.98,0,0.9958
same_reduced_four_feature_subset,/kaggle/working/aml-quantum-pipeline/reports/supervisor_fixes/score_level_predictions_reduced_subset.csv,Random Forest,241,1,0.98,0,0.9958
same_reduced_four_feature_subset,/kaggle/working/aml-quantum-pipeline/reports/supervisor_fixes/score_level_predictions_reduced_subset.csv,Random Forest,242,0,0.98,0,0.9958
same_reduced_four_feature_subset,/kaggle/working/aml-quantum-pipeline/reports/supervisor_fixes/score_level_predictions_reduced_subset.csv,Random Forest,243,1,1.0,1,0.9958
same_reduced_four_feature_subset,/kaggle/working/aml-quantum-pipeline/reports/supervisor_fixes/score_level_predictions_reduced_subset.csv,Random Forest,244,1,1.0,1,0.9958
same_reduced_four_feature_subset,/kaggle/working/aml-quantum-pipeline/reports/supervisor_fixes/score_level_predictions_reduced_subset.csv,Random Forest,245,1,1.0,1,0.9958
same_reduced_four_feature_subset,/kaggle/working/aml-quantum-pipeline/reports/supervisor_fixes/score_level_predictions_reduced_subset.csv,Random Forest,246,1,0.98,0,0.9958
same_reduced_four_feature_subset,/kaggle/working/aml-quantum-pipeline/reports/supervisor_fixes/score_level_predictions_reduced_subset.csv,Random Forest,247,0,1.0,1,0.9958
same_reduced_four_feature_subset,/kaggle/working/aml-quantum-pipeline/reports/supervisor_fixes/score_level_predictions_reduced_subset.csv,Random Forest,248,1,1.0,1,0.9958
same_reduced_four_feature_subset,/kaggle/working/aml-quantum-pipeline/reports/supervisor_fixes/score_level_predictions_reduced_subset.csv,Random Forest,249,0,0.98,0,0.9958
same_reduced_four_feature_subset,/kaggle/working/aml-quantum-pipeline/reports/supervisor_fixes/score_level_predictions_reduced_subset.csv,Random Forest,250,0,0.98,0,0.9958
same_reduced_four_feature_subset,/kaggle/working/aml-quantum-pipeline/reports/supervisor_fixes/score_level_predictions_reduced_subset.csv,Random Forest,251,0,1.0,1,0.9958
same_reduced_four_feature_subset,/kaggle/working/aml-quantum-pipeline/reports/supervisor_fixes/score_level_predictions_reduced_subset.csv,Random Forest,252,1,1.0,1,0.9958
same_reduced_four_feature_subset,/kaggle/working/aml-quantum-pipeline/reports/supervisor_fixes/score_level_predictions_reduced_subset.csv,Random Forest,253,0,0.98,0,0.9958
same_reduced_four_feature_subset,/kaggle/working/aml-quantum-pipeline/reports/supervisor_fixes/score_level_predictions_reduced_subset.csv,Random Forest,254,1,0.98,0,0.9958
same_reduced_four_feature_subset,/kaggle/working/aml-quantum-pipeline/reports/supervisor_fixes/score_level_predictions_reduced_subset.csv,Random Forest,255,1,0.98,0,0.9958
same_reduced_four_feature_subset,/kaggle/working/aml-quantum-pipeline/reports/supervisor_fixes/score_level_predictions_reduced_subset.csv,Random Forest,256,1,1.0,1,0.9958
same_reduced_four_feature_subset,/kaggle/working/aml-quantum-pipeline/reports/supervisor_fixes/score_level_predictions_reduced_subset.csv,Random Forest,257,0,1.0,1,0.9958
same_reduced_four_feature_subset,/kaggle/working/aml-quantum-pipeline/reports/supervisor_fixes/score_level_predictions_reduced_subset.csv,Random Forest,258,0,1.0,1,0.9958
same_reduced_four_feature_subset,/kaggle/working/aml-quantum-pipeline/reports/supervisor_fixes/score_level_predictions_reduced_subset.csv,Random Forest,259,1,0.98,0,0.9958
same_reduced_four_feature_subset,/kaggle/working/aml-quantum-pipeline/reports/supervisor_fixes/score_level_predictions_reduced_subset.csv,Random Forest,260,1,1.0,1,0.9958
same_reduced_four_feature_subset,/kaggle/working/aml-quantum-pipeline/reports/supervisor_fixes/score_level_predictions_reduced_subset.csv,Random Forest,261,1,1.0,1,0.9958
same_reduced_four_feature_subset,/kaggle/working/aml-quantum-pipeline/reports/supervisor_fixes/score_level_predictions_reduced_subset.csv,Random Forest,262,1,1.0,1,0.9958
same_reduced_four_feature_subset,/kaggle/working/aml-quantum-pipeline/reports/supervisor_fixes/score_level_predictions_reduced_subset.csv,Random Forest,263,0,0.98,0,0.9958
same_reduced_four_feature_subset,/kaggle/working/aml-quantum-pipeline/reports/supervisor_fixes/score_level_predictions_reduced_subset.csv,Random Forest,264,0,0.98,0,0.9958
same_reduced_four_feature_subset,/kaggle/working/aml-quantum-pipeline/reports/supervisor_fixes/score_level_predictions_reduced_subset.csv,Random Forest,265,1,0.98,0,0.9958
same_reduced_four_feature_subset,/kaggle/working/aml-quantum-pipeline/reports/supervisor_fixes/score_level_predictions_reduced_subset.csv,Random Forest,266,1,1.0,1,0.9958
same_reduced_four_feature_subset,/kaggle/working/aml-quantum-pipeline/reports/supervisor_fixes/score_level_predictions_reduced_subset.csv,Random Forest,267,0,0.98,0,0.9958
same_reduced_four_feature_subset,/kaggle/working/aml-quantum-pipeline/reports/supervisor_fixes/score_level_predictions_reduced_subset.csv,Random Forest,268,0,0.98,0,0.9958
same_reduced_four_feature_subset,/kaggle/working/aml-quantum-pipeline/reports/supervisor_fixes/score_level_predictions_reduced_subset.csv,Random Forest,269,1,0.98,0,0.9958
same_reduced_four_feature_subset,/kaggle/working/aml-quantum-pipeline/reports/supervisor_fixes/score_level_predictions_reduced_subset.csv,Random Forest,270,1,1.0,1,0.9958
same_reduced_four_feature_subset,/kaggle/working/aml-quantum-pipeline/reports/supervisor_fixes/score_level_predictions_reduced_subset.csv,Random Forest,271,0,0.98,0,0.9958
same_reduced_four_feature_subset,/kaggle/working/aml-quantum-pipeline/reports/supervisor_fixes/score_level_predictions_reduced_subset.csv,Random Forest,272,1,1.0,1,0.9958
same_reduced_four_feature_subset,/kaggle/working/aml-quantum-pipeline/reports/supervisor_fixes/score_level_predictions_reduced_subset.csv,Random Forest,273,0,0.98,0,0.9958
same_reduced_four_feature_subset,/kaggle/working/aml-quantum-pipeline/reports/supervisor_fixes/score_level_predictions_reduced_subset.csv,Random Forest,274,1,1.0,1,0.9958
same_reduced_four_feature_subset,/kaggle/working/aml-quantum-pipeline/reports/supervisor_fixes/score_level_predictions_reduced_subset.csv,Random Forest,275,1,0.97,0,0.9958
same_reduced_four_feature_subset,/kaggle/working/aml-quantum-pipeline/reports/supervisor_fixes/score_level_predictions_reduced_subset.csv,Random Forest,276,0,1.0,1,0.9958
same_reduced_four_feature_subset,/kaggle/working/aml-quantum-pipeline/reports/supervisor_fixes/score_level_predictions_reduced_subset.csv,Random Forest,277,0,1.0,1,0.9958
same_reduced_four_feature_subset,/kaggle/working/aml-quantum-pipeline/reports/supervisor_fixes/score_level_predictions_reduced_subset.csv,Random Forest,278,0,1.0,1,0.9958
same_reduced_four_feature_subset,/kaggle/working/aml-quantum-pipeline/reports/supervisor_fixes/score_level_predictions_reduced_subset.csv,Random Forest,279,0,0.98,0,0.9958
same_reduced_four_feature_subset,/kaggle/working/aml-quantum-pipeline/reports/supervisor_fixes/score_level_predictions_reduced_subset.csv,Random Forest,280,0,0.98,0,0.9958
same_reduced_four_feature_subset,/kaggle/working/aml-quantum-pipeline/reports/supervisor_fixes/score_level_predictions_reduced_subset.csv,Random Forest,281,0,0.98,0,0.9958
same_reduced_four_feature_subset,/kaggle/working/aml-quantum-pipeline/reports/supervisor_fixes/score_level_predictions_reduced_subset.csv,Random Forest,282,1,1.0,1,0.9958
same_reduced_four_feature_subset,/kaggle/working/aml-quantum-pipeline/reports/supervisor_fixes/score_level_predictions_reduced_subset.csv,Random Forest,283,0,1.0,1,0.9958
same_reduced_four_feature_subset,/kaggle/working/aml-quantum-pipeline/reports/supervisor_fixes/score_level_predictions_reduced_subset.csv,Random Forest,284,1,1.0,1,0.9958
same_reduced_four_feature_subset,/kaggle/working/aml-quantum-pipeline/reports/supervisor_fixes/score_level_predictions_reduced_subset.csv,Random Forest,285,0,0.98,0,0.9958
same_reduced_four_feature_subset,/kaggle/working/aml-quantum-pipeline/reports/supervisor_fixes/score_level_predictions_reduced_subset.csv,Random Forest,286,1,1.0,1,0.9958
same_reduced_four_feature_subset,/kaggle/working/aml-quantum-pipeline/reports/supervisor_fixes/score_level_predictions_reduced_subset.csv,Random Forest,287,1,1.0,1,0.9958
same_reduced_four_feature_subset,/kaggle/working/aml-quantum-pipeline/reports/supervisor_fixes/score_level_predictions_reduced_subset.csv,Random Forest,288,0,1.0,1,0.9958
same_reduced_four_feature_subset,/kaggle/working/aml-quantum-pipeline/reports/supervisor_fixes/score_level_predictions_reduced_subset.csv,Random Forest,289,1,0.98,0,0.9958
same_reduced_four_feature_subset,/kaggle/working/aml-quantum-pipeline/reports/supervisor_fixes/score_level_predictions_reduced_subset.csv,Random Forest,290,1,0.98,0,0.9958
same_reduced_four_feature_subset,/kaggle/working/aml-quantum-pipeline/reports/supervisor_fixes/score_level_predictions_reduced_subset.csv,Random Forest,291,1,1.0,1,0.9958
same_reduced_four_feature_subset,/kaggle/working/aml-quantum-pipeline/reports/supervisor_fixes/score_level_predictions_reduced_subset.csv,Random Forest,292,1,1.0,1,0.9958
same_reduced_four_feature_subset,/kaggle/working/aml-quantum-pipeline/reports/supervisor_fixes/score_level_predictions_reduced_subset.csv,Random Forest,293,0,0.98,0,0.9958
same_reduced_four_feature_subset,/kaggle/working/aml-quantum-pipeline/reports/supervisor_fixes/score_level_predictions_reduced_subset.csv,Random Forest,294,0,0.98,0,0.9958
same_reduced_four_feature_subset,/kaggle/working/aml-quantum-pipeline/reports/supervisor_fixes/score_level_predictions_reduced_subset.csv,Random Forest,295,0,1.0,1,0.9958
same_reduced_four_feature_subset,/kaggle/working/aml-quantum-pipeline/reports/supervisor_fixes/score_level_predictions_reduced_subset.csv,Random Forest,296,1,1.0,1,0.9958
same_reduced_four_feature_subset,/kaggle/working/aml-quantum-pipeline/reports/supervisor_fixes/score_level_predictions_reduced_subset.csv,Random Forest,297,0,0.98,0,0.9958
same_reduced_four_feature_subset,/kaggle/working/aml-quantum-pipeline/reports/supervisor_fixes/score_level_predictions_reduced_subset.csv,Random Forest,298,1,0.98,0,0.9958
same_reduced_four_feature_subset,/kaggle/working/aml-quantum-pipeline/reports/supervisor_fixes/score_level_predictions_reduced_subset.csv,Random Forest,299,1,0.98,0,0.9958
same_reduced_four_feature_subset,/kaggle/working/aml-quantum-pipeline/reports/supervisor_fixes/score_level_predictions_reduced_subset.csv,SVM RBF,0,0,0.3904192915890667,1,0.3489043945897782
same_reduced_four_feature_subset,/kaggle/working/aml-quantum-pipeline/reports/supervisor_fixes/score_level_predictions_reduced_subset.csv,SVM RBF,1,1,0.3306651287025295,0,0.3489043945897782
same_reduced_four_feature_subset,/kaggle/working/aml-quantum-pipeline/reports/supervisor_fixes/score_level_predictions_reduced_subset.csv,SVM RBF,2,0,0.3438820410968123,0,0.3489043945897782
same_reduced_four_feature_subset,/kaggle/working/aml-quantum-pipeline/reports/supervisor_fixes/score_level_predictions_reduced_subset.csv,SVM RBF,3,0,0.3326496332021788,0,0.3489043945897782
same_reduced_four_feature_subset,/kaggle/working/aml-quantum-pipeline/reports/supervisor_fixes/score_level_predictions_reduced_subset.csv,SVM RBF,4,0,0.3899450617994422,1,0.3489043945897782
same_reduced_four_feature_subset,/kaggle/working/aml-quantum-pipeline/reports/supervisor_fixes/score_level_predictions_reduced_subset.csv,SVM RBF,5,0,0.3362933797107862,0,0.3489043945897782
same_reduced_four_feature_subset,/kaggle/working/aml-quantum-pipeline/reports/supervisor_fixes/score_level_predictions_reduced_subset.csv,SVM RBF,6,0,0.3325190428114429,0,0.3489043945897782
same_reduced_four_feature_subset,/kaggle/working/aml-quantum-pipeline/reports/supervisor_fixes/score_level_predictions_reduced_subset.csv,SVM RBF,7,1,0.3452794616235757,0,0.3489043945897782
same_reduced_four_feature_subset,/kaggle/working/aml-quantum-pipeline/reports/supervisor_fixes/score_level_predictions_reduced_subset.csv,SVM RBF,8,1,0.3367982596585255,0,0.3489043945897782
same_reduced_four_feature_subset,/kaggle/working/aml-quantum-pipeline/reports/supervisor_fixes/score_level_predictions_reduced_subset.csv,SVM RBF,9,0,0.3903035991566382,1,0.3489043945897782
same_reduced_four_feature_subset,/kaggle/working/aml-quantum-pipeline/reports/supervisor_fixes/score_level_predictions_reduced_subset.csv,SVM RBF,10,1,0.329784994959446,0,0.3489043945897782
same_reduced_four_feature_subset,/kaggle/working/aml-quantum-pipeline/reports/supervisor_fixes/score_level_predictions_reduced_subset.csv,SVM RBF,11,0,0.3901596284821383,1,0.3489043945897782
same_reduced_four_feature_subset,/kaggle/working/aml-quantum-pipeline/reports/supervisor_fixes/score_level_predictions_reduced_subset.csv,SVM RBF,12,0,0.3460511765103554,0,0.3489043945897782
same_reduced_four_feature_subset,/kaggle/working/aml-quantum-pipeline/reports/supervisor_fixes/score_level_predictions_reduced_subset.csv,SVM RBF,13,1,0.3322716628100368,0,0.3489043945897782
same_reduced_four_feature_subset,/kaggle/working/aml-quantum-pipeline/reports/supervisor_fixes/score_level_predictions_reduced_subset.csv,SVM RBF,14,0,0.3891181872773145,1,0.3489043945897782
same_reduced_four_feature_subset,/kaggle/working/aml-quantum-pipeline/reports/supervisor_fixes/score_level_predictions_reduced_subset.csv,SVM RBF,15,1,0.3375316488105075,0,0.3489043945897782
same_reduced_four_feature_subset,/kaggle/working/aml-quantum-pipeline/reports/supervisor_fixes/score_level_predictions_reduced_subset.csv,SVM RBF,16,1,0.3473490476633413,0,0.3489043945897782
same_reduced_four_feature_subset,/kaggle/working/aml-quantum-pipeline/reports/supervisor_fixes/score_level_predictions_reduced_subset.csv,SVM RBF,17,1,0.339168549908114,0,0.3489043945897782
same_reduced_four_feature_subset,/kaggle/working/aml-quantum-pipeline/reports/supervisor_fixes/score_level_predictions_reduced_subset.csv,SVM RBF,18,0,0.3394370652025584,0,0.3489043945897782
same_reduced_four_feature_subset,/kaggle/working/aml-quantum-pipeline/reports/supervisor_fixes/score_level_predictions_reduced_subset.csv,SVM RBF,19,0,0.3347886045806529,0,0.3489043945897782
same_reduced_four_feature_subset,/kaggle/working/aml-quantum-pipeline/reports/supervisor_fixes/score_level_predictions_reduced_subset.csv,SVM RBF,20,0,0.3368476373852949,0,0.3489043945897782
same_reduced_four_feature_subset,/kaggle/working/aml-quantum-pipeline/reports/supervisor_fixes/score_level_predictions_reduced_subset.csv,SVM RBF,21,1,0.3424542444509566,0,0.3489043945897782
same_reduced_four_feature_subset,/kaggle/working/aml-quantum-pipeline/reports/supervisor_fixes/score_level_predictions_reduced_subset.csv,SVM RBF,22,0,0.3901452716438001,1,0.3489043945897782
same_reduced_four_feature_subset,/kaggle/working/aml-quantum-pipeline/reports/supervisor_fixes/score_level_predictions_reduced_subset.csv,SVM RBF,23,1,0.3462181740168788,0,0.3489043945897782
same_reduced_four_feature_subset,/kaggle/working/aml-quantum-pipeline/reports/supervisor_fixes/score_level_predictions_reduced_subset.csv,SVM RBF,24,0,0.3498691305432635,1,0.3489043945897782
same_reduced_four_feature_subset,/kaggle/working/aml-quantum-pipeline/reports/supervisor_fixes/score_level_predictions_reduced_subset.csv,SVM RBF,25,0,0.3385372449697184,0,0.3489043945897782
same_reduced_four_feature_subset,/kaggle/working/aml-quantum-pipeline/reports/supervisor_fixes/score_level_predictions_reduced_subset.csv,SVM RBF,26,1,0.3446758994576758,0,0.3489043945897782
same_reduced_four_feature_subset,/kaggle/working/aml-quantum-pipeline/reports/supervisor_fixes/score_level_predictions_reduced_subset.csv,SVM RBF,27,0,0.3378252625034521,0,0.3489043945897782
same_reduced_four_feature_subset,/kaggle/working/aml-quantum-pipeline/reports/supervisor_fixes/score_level_predictions_reduced_subset.csv,SVM RBF,28,0,0.3484514346171111,0,0.3489043945897782
same_reduced_four_feature_subset,/kaggle/working/aml-quantum-pipeline/reports/supervisor_fixes/score_level_predictions_reduced_subset.csv,SVM RBF,29,1,0.3384980107859244,0,0.3489043945897782
same_reduced_four_feature_subset,/kaggle/working/aml-quantum-pipeline/reports/supervisor_fixes/score_level_predictions_reduced_subset.csv,SVM RBF,30,1,0.3378782181326081,0,0.3489043945897782
same_reduced_four_feature_subset,/kaggle/working/aml-quantum-pipeline/reports/supervisor_fixes/score_level_predictions_reduced_subset.csv,SVM RBF,31,0,0.3343977788824723,0,0.3489043945897782
same_reduced_four_feature_subset,/kaggle/working/aml-quantum-pipeline/reports/supervisor_fixes/score_level_predictions_reduced_subset.csv,SVM RBF,32,0,0.3420864304017404,0,0.3489043945897782
same_reduced_four_feature_subset,/kaggle/working/aml-quantum-pipeline/reports/supervisor_fixes/score_level_predictions_reduced_subset.csv,SVM RBF,33,1,0.3386402020449877,0,0.3489043945897782
same_reduced_four_feature_subset,/kaggle/working/aml-quantum-pipeline/reports/supervisor_fixes/score_level_predictions_reduced_subset.csv,SVM RBF,34,0,0.3897463514796575,1,0.3489043945897782
same_reduced_four_feature_subset,/kaggle/working/aml-quantum-pipeline/reports/supervisor_fixes/score_level_predictions_reduced_subset.csv,SVM RBF,35,1,0.3438267955632269,0,0.3489043945897782
same_reduced_four_feature_subset,/kaggle/working/aml-quantum-pipeline/reports/supervisor_fixes/score_level_predictions_reduced_subset.csv,SVM RBF,36,0,0.3903035991566382,1,0.3489043945897782
same_reduced_four_feature_subset,/kaggle/working/aml-quantum-pipeline/reports/supervisor_fixes/score_level_predictions_reduced_subset.csv,SVM RBF,37,0,0.3338498454497717,0,0.3489043945897782
same_reduced_four_feature_subset,/kaggle/working/aml-quantum-pipeline/reports/supervisor_fixes/score_level_predictions_reduced_subset.csv,SVM RBF,38,0,0.3452000039645532,0,0.3489043945897782
same_reduced_four_feature_subset,/kaggle/working/aml-quantum-pipeline/reports/supervisor_fixes/score_level_predictions_reduced_subset.csv,SVM RBF,39,0,0.3355213832529385,0,0.3489043945897782
same_reduced_four_feature_subset,/kaggle/working/aml-quantum-pipeline/reports/supervisor_fixes/score_level_predictions_reduced_subset.csv,SVM RBF,40,1,0.3396917356930077,0,0.3489043945897782
same_reduced_four_feature_subset,/kaggle/working/aml-quantum-pipeline/reports/supervisor_fixes/score_level_predictions_reduced_subset.csv,SVM RBF,41,1,0.35244735254157,1,0.3489043945897782
same_reduced_four_feature_subset,/kaggle/working/aml-quantum-pipeline/reports/supervisor_fixes/score_level_predictions_reduced_subset.csv,SVM RBF,42,0,0.3899878391896569,1,0.3489043945897782
same_reduced_four_feature_subset,/kaggle/working/aml-quantum-pipeline/reports/supervisor_fixes/score_level_predictions_reduced_subset.csv,SVM RBF,43,0,0.3902315229462899,1,0.3489043945897782
same_reduced_four_feature_subset,/kaggle/working/aml-quantum-pipeline/reports/supervisor_fixes/score_level_predictions_reduced_subset.csv,SVM RBF,44,1,0.3366422798790399,0,0.3489043945897782
same_reduced_four_feature_subset,/kaggle/working/aml-quantum-pipeline/reports/supervisor_fixes/score_level_predictions_reduced_subset.csv,SVM RBF,45,0,0.3899593132955096,1,0.3489043945897782
same_reduced_four_feature_subset,/kaggle/working/aml-quantum-pipeline/reports/supervisor_fixes/score_level_predictions_reduced_subset.csv,SVM RBF,46,0,0.3355513346521103,0,0.3489043945897782
same_reduced_four_feature_subset,/kaggle/working/aml-quantum-pipeline/reports/supervisor_fixes/score_level_predictions_reduced_subset.csv,SVM RBF,47,1,0.3478787747753888,0,0.3489043945897782
same_reduced_four_feature_subset,/kaggle/working/aml-quantum-pipeline/reports/supervisor_fixes/score_level_predictions_reduced_subset.csv,SVM RBF,48,1,0.3511158618768729,1,0.3489043945897782
same_reduced_four_feature_subset,/kaggle/working/aml-quantum-pipeline/reports/supervisor_fixes/score_level_predictions_reduced_subset.csv,SVM RBF,49,1,0.3446352971506056,0,0.3489043945897782
same_reduced_four_feature_subset,/kaggle/working/aml-quantum-pipeline/reports/supervisor_fixes/score_level_predictions_reduced_subset.csv,SVM RBF,50,1,0.3333886297363828,0,0.3489043945897782
same_reduced_four_feature_subset,/kaggle/working/aml-quantum-pipeline/reports/supervisor_fixes/score_level_predictions_reduced_subset.csv,SVM RBF,51,1,0.3337746384839372,0,0.3489043945897782
same_reduced_four_feature_subset,/kaggle/working/aml-quantum-pipeline/reports/supervisor_fixes/score_level_predictions_reduced_subset.csv,SVM RBF,52,0,0.3358163106718341,0,0.3489043945897782
same_reduced_four_feature_subset,/kaggle/working/aml-quantum-pipeline/reports/supervisor_fixes/score_level_predictions_reduced_subset.csv,SVM RBF,53,0,0.33816208936742,0,0.3489043945897782
same_reduced_four_feature_subset,/kaggle/working/aml-quantum-pipeline/reports/supervisor_fixes/score_level_predictions_reduced_subset.csv,SVM RBF,54,0,0.3355102280089478,0,0.3489043945897782
same_reduced_four_feature_subset,/kaggle/working/aml-quantum-pipeline/reports/supervisor_fixes/score_level_predictions_reduced_subset.csv,SVM RBF,55,0,0.3896616588447422,1,0.3489043945897782
same_reduced_four_feature_subset,/kaggle/working/aml-quantum-pipeline/reports/supervisor_fixes/score_level_predictions_reduced_subset.csv,SVM RBF,56,1,0.3362177501158823,0,0.3489043945897782
same_reduced_four_feature_subset,/kaggle/working/aml-quantum-pipeline/reports/supervisor_fixes/score_level_predictions_reduced_subset.csv,SVM RBF,57,1,0.3467199971191312,0,0.3489043945897782
same_reduced_four_feature_subset,/kaggle/working/aml-quantum-pipeline/reports/supervisor_fixes/score_level_predictions_reduced_subset.csv,SVM RBF,58,1,0.3455699650583966,0,0.3489043945897782
same_reduced_four_feature_subset,/kaggle/working/aml-quantum-pipeline/reports/supervisor_fixes/score_level_predictions_reduced_subset.csv,SVM RBF,59,1,0.3455220254926791,0,0.3489043945897782
same_reduced_four_feature_subset,/kaggle/working/aml-quantum-pipeline/reports/supervisor_fixes/score_level_predictions_reduced_subset.csv,SVM RBF,60,0,0.3394561830872879,0,0.3489043945897782
same_reduced_four_feature_subset,/kaggle/working/aml-quantum-pipeline/reports/supervisor_fixes/score_level_predictions_reduced_subset.csv,SVM RBF,61,0,0.3896334912001246,1,0.3489043945897782
same_reduced_four_feature_subset,/kaggle/working/aml-quantum-pipeline/reports/supervisor_fixes/score_level_predictions_reduced_subset.csv,SVM RBF,62,1,0.345739722797875,0,0.3489043945897782
same_reduced_four_feature_subset,/kaggle/working/aml-quantum-pipeline/reports/supervisor_fixes/score_level_predictions_reduced_subset.csv,SVM RBF,63,0,0.3897180890732079,1,0.3489043945897782
same_reduced_four_feature_subset,/kaggle/working/aml-quantum-pipeline/reports/supervisor_fixes/score_level_predictions_reduced_subset.csv,SVM RBF,64,1,0.3469214119536944,0,0.3489043945897782
same_reduced_four_feature_subset,/kaggle/working/aml-quantum-pipeline/reports/supervisor_fixes/score_level_predictions_reduced_subset.csv,SVM RBF,65,0,0.3440099486827986,0,0.3489043945897782
same_reduced_four_feature_subset,/kaggle/working/aml-quantum-pipeline/reports/supervisor_fixes/score_level_predictions_reduced_subset.csv,SVM RBF,66,1,0.3436153295595348,0,0.3489043945897782
same_reduced_four_feature_subset,/kaggle/working/aml-quantum-pipeline/reports/supervisor_fixes/score_level_predictions_reduced_subset.csv,SVM RBF,67,0,0.3401236735625088,0,0.3489043945897782
same_reduced_four_feature_subset,/kaggle/working/aml-quantum-pipeline/reports/supervisor_fixes/score_level_predictions_reduced_subset.csv,SVM RBF,68,1,0.3384013443404121,0,0.3489043945897782
same_reduced_four_feature_subset,/kaggle/working/aml-quantum-pipeline/reports/supervisor_fixes/score_level_predictions_reduced_subset.csv,SVM RBF,69,0,0.3901452716438001,1,0.3489043945897782
same_reduced_four_feature_subset,/kaggle/working/aml-quantum-pipeline/reports/supervisor_fixes/score_level_predictions_reduced_subset.csv,SVM RBF,70,0,0.3448366505031512,0,0.3489043945897782
same_reduced_four_feature_subset,/kaggle/working/aml-quantum-pipeline/reports/supervisor_fixes/score_level_predictions_reduced_subset.csv,SVM RBF,71,0,0.3903613889879326,1,0.3489043945897782
same_reduced_four_feature_subset,/kaggle/working/aml-quantum-pipeline/reports/supervisor_fixes/score_level_predictions_reduced_subset.csv,SVM RBF,72,0,0.3900592867319767,1,0.3489043945897782
same_reduced_four_feature_subset,/kaggle/working/aml-quantum-pipeline/reports/supervisor_fixes/score_level_predictions_reduced_subset.csv,SVM RBF,73,1,0.3417846378444013,0,0.3489043945897782
same_reduced_four_feature_subset,/kaggle/working/aml-quantum-pipeline/reports/supervisor_fixes/score_level_predictions_reduced_subset.csv,SVM RBF,74,0,0.3899878391896569,1,0.3489043945897782
same_reduced_four_feature_subset,/kaggle/working/aml-quantum-pipeline/reports/supervisor_fixes/score_level_predictions_reduced_subset.csv,SVM RBF,75,0,0.3324680829354853,0,0.3489043945897782
same_reduced_four_feature_subset,/kaggle/working/aml-quantum-pipeline/reports/supervisor_fixes/score_level_predictions_reduced_subset.csv,SVM RBF,76,0,0.3897463514796575,1,0.3489043945897782
same_reduced_four_feature_subset,/kaggle/working/aml-quantum-pipeline/reports/supervisor_fixes/score_level_predictions_reduced_subset.csv,SVM RBF,77,0,0.3329940637536497,0,0.3489043945897782
same_reduced_four_feature_subset,/kaggle/working/aml-quantum-pipeline/reports/supervisor_fixes/score_level_predictions_reduced_subset.csv,SVM RBF,78,1,0.3319046676051781,0,0.3489043945897782
same_reduced_four_feature_subset,/kaggle/working/aml-quantum-pipeline/reports/supervisor_fixes/score_level_predictions_reduced_subset.csv,SVM RBF,79,1,0.3445315440519859,0,0.3489043945897782
same_reduced_four_feature_subset,/kaggle/working/aml-quantum-pipeline/reports/supervisor_fixes/score_level_predictions_reduced_subset.csv,SVM RBF,80,0,0.3896616588447422,1,0.3489043945897782
same_reduced_four_feature_subset,/kaggle/working/aml-quantum-pipeline/reports/supervisor_fixes/score_level_predictions_reduced_subset.csv,SVM RBF,81,0,0.3901022456147132,1,0.3489043945897782
same_reduced_four_feature_subset,/kaggle/working/aml-quantum-pipeline/reports/supervisor_fixes/score_level_predictions_reduced_subset.csv,SVM RBF,82,0,0.3901596284821383,1,0.3489043945897782
same_reduced_four_feature_subset,/kaggle/working/aml-quantum-pipeline/reports/supervisor_fixes/score_level_predictions_reduced_subset.csv,SVM RBF,83,1,0.3314085772456572,0,0.3489043945897782
same_reduced_four_feature_subset,/kaggle/working/aml-quantum-pipeline/reports/supervisor_fixes/score_level_predictions_reduced_subset.csv,SVM RBF,84,0,0.3900735988666234,1,0.3489043945897782
same_reduced_four_feature_subset,/kaggle/working/aml-quantum-pipeline/reports/supervisor_fixes/score_level_predictions_reduced_subset.csv,SVM RBF,85,1,0.3904192915890667,1,0.3489043945897782
same_reduced_four_feature_subset,/kaggle/working/aml-quantum-pipeline/reports/supervisor_fixes/score_level_predictions_reduced_subset.csv,SVM RBF,86,1,0.3389478798243734,0,0.3489043945897782
same_reduced_four_feature_subset,/kaggle/working/aml-quantum-pipeline/reports/supervisor_fixes/score_level_predictions_reduced_subset.csv,SVM RBF,87,1,0.3340417302200874,0,0.3489043945897782
same_reduced_four_feature_subset,/kaggle/working/aml-quantum-pipeline/reports/supervisor_fixes/score_level_predictions_reduced_subset.csv,SVM RBF,88,0,0.3902747470480485,1,0.3489043945897782
same_reduced_four_feature_subset,/kaggle/working/aml-quantum-pipeline/reports/supervisor_fixes/score_level_predictions_reduced_subset.csv,SVM RBF,89,1,0.3365529004060518,0,0.3489043945897782
same_reduced_four_feature_subset,/kaggle/working/aml-quantum-pipeline/reports/supervisor_fixes/score_level_predictions_reduced_subset.csv,SVM RBF,90,1,0.3371266612167286,0,0.3489043945897782
same_reduced_four_feature_subset,/kaggle/working/aml-quantum-pipeline/reports/supervisor_fixes/score_level_predictions_reduced_subset.csv,SVM RBF,91,0,0.38983132672064,1,0.3489043945897782
same_reduced_four_feature_subset,/kaggle/working/aml-quantum-pipeline/reports/supervisor_fixes/score_level_predictions_reduced_subset.csv,SVM RBF,92,0,0.3900449821152946,1,0.3489043945897782
same_reduced_four_feature_subset,/kaggle/working/aml-quantum-pipeline/reports/supervisor_fixes/score_level_predictions_reduced_subset.csv,SVM RBF,93,1,0.3476224744619806,0,0.3489043945897782
same_reduced_four_feature_subset,/kaggle/working/aml-quantum-pipeline/reports/supervisor_fixes/score_level_predictions_reduced_subset.csv,SVM RBF,94,0,0.3902747470480485,1,0.3489043945897782
same_reduced_four_feature_subset,/kaggle/working/aml-quantum-pipeline/reports/supervisor_fixes/score_level_predictions_reduced_subset.csv,SVM RBF,95,1,0.3481900708221276,0,0.3489043945897782
same_reduced_four_feature_subset,/kaggle/working/aml-quantum-pipeline/reports/supervisor_fixes/score_level_predictions_reduced_subset.csv,SVM RBF,96,0,0.38983132672064,1,0.3489043945897782
same_reduced_four_feature_subset,/kaggle/working/aml-quantum-pipeline/reports/supervisor_fixes/score_level_predictions_reduced_subset.csv,SVM RBF,97,0,0.390173992700555,1,0.3489043945897782
same_reduced_four_feature_subset,/kaggle/working/aml-quantum-pipeline/reports/supervisor_fixes/score_level_predictions_reduced_subset.csv,SVM RBF,98,0,0.3897463514796575,1,0.3489043945897782
same_reduced_four_feature_subset,/kaggle/working/aml-quantum-pipeline/reports/supervisor_fixes/score_level_predictions_reduced_subset.csv,SVM RBF,99,0,0.3394271342659313,0,0.3489043945897782
same_reduced_four_feature_subset,/kaggle/working/aml-quantum-pipeline/reports/supervisor_fixes/score_level_predictions_reduced_subset.csv,SVM RBF,100,0,0.390173992700555,1,0.3489043945897782
same_reduced_four_feature_subset,/kaggle/working/aml-quantum-pipeline/reports/supervisor_fixes/score_level_predictions_reduced_subset.csv,SVM RBF,101,1,0.3381943184688865,0,0.3489043945897782
same_reduced_four_feature_subset,/kaggle/working/aml-quantum-pipeline/reports/supervisor_fixes/score_level_predictions_reduced_subset.csv,SVM RBF,102,0,0.3902747470480485,1,0.3489043945897782
same_reduced_four_feature_subset,/kaggle/working/aml-quantum-pipeline/reports/supervisor_fixes/score_level_predictions_reduced_subset.csv,SVM RBF,103,0,0.3899450617994422,1,0.3489043945897782
same_reduced_four_feature_subset,/kaggle/working/aml-quantum-pipeline/reports/supervisor_fixes/score_level_predictions_reduced_subset.csv,SVM RBF,104,1,0.3302796601186037,0,0.3489043945897782
same_reduced_four_feature_subset,/kaggle/working/aml-quantum-pipeline/reports/supervisor_fixes/score_level_predictions_reduced_subset.csv,SVM RBF,105,0,0.3412176457673525,0,0.3489043945897782
same_reduced_four_feature_subset,/kaggle/working/aml-quantum-pipeline/reports/supervisor_fixes/score_level_predictions_reduced_subset.csv,SVM RBF,106,1,0.3439035736821196,0,0.3489043945897782
same_reduced_four_feature_subset,/kaggle/working/aml-quantum-pipeline/reports/supervisor_fixes/score_level_predictions_reduced_subset.csv,SVM RBF,107,0,0.3354803922707697,0,0.3489043945897782
same_reduced_four_feature_subset,/kaggle/working/aml-quantum-pipeline/reports/supervisor_fixes/score_level_predictions_reduced_subset.csv,SVM RBF,108,0,0.3465182391441931,0,0.3489043945897782
same_reduced_four_feature_subset,/kaggle/working/aml-quantum-pipeline/reports/supervisor_fixes/score_level_predictions_reduced_subset.csv,SVM RBF,109,1,0.3353856554170452,0,0.3489043945897782
same_reduced_four_feature_subset,/kaggle/working/aml-quantum-pipeline/reports/supervisor_fixes/score_level_predictions_reduced_subset.csv,SVM RBF,110,1,0.3406540761152175,0,0.3489043945897782
same_reduced_four_feature_subset,/kaggle/working/aml-quantum-pipeline/reports/supervisor_fixes/score_level_predictions_reduced_subset.csv,SVM RBF,111,1,0.3477147746967992,0,0.3489043945897782
same_reduced_four_feature_subset,/kaggle/working/aml-quantum-pipeline/reports/supervisor_fixes/score_level_predictions_reduced_subset.csv,SVM RBF,112,1,0.3344241978890008,0,0.3489043945897782
same_reduced_four_feature_subset,/kaggle/working/aml-quantum-pipeline/reports/supervisor_fixes/score_level_predictions_reduced_subset.csv,SVM RBF,113,0,0.3896616588447422,1,0.3489043945897782
same_reduced_four_feature_subset,/kaggle/working/aml-quantum-pipeline/reports/supervisor_fixes/score_level_predictions_reduced_subset.csv,SVM RBF,114,0,0.3901022456147132,1,0.3489043945897782
same_reduced_four_feature_subset,/kaggle/working/aml-quantum-pipeline/reports/supervisor_fixes/score_level_predictions_reduced_subset.csv,SVM RBF,115,1,0.3304287636404432,0,0.3489043945897782
same_reduced_four_feature_subset,/kaggle/working/aml-quantum-pipeline/reports/supervisor_fixes/score_level_predictions_reduced_subset.csv,SVM RBF,116,1,0.345360778268917,0,0.3489043945897782
same_reduced_four_feature_subset,/kaggle/working/aml-quantum-pipeline/reports/supervisor_fixes/score_level_predictions_reduced_subset.csv,SVM RBF,117,1,0.3486656331376351,0,0.3489043945897782
same_reduced_four_feature_subset,/kaggle/working/aml-quantum-pipeline/reports/supervisor_fixes/score_level_predictions_reduced_subset.csv,SVM RBF,118,1,0.3346560358795325,0,0.3489043945897782
same_reduced_four_feature_subset,/kaggle/working/aml-quantum-pipeline/reports/supervisor_fixes/score_level_predictions_reduced_subset.csv,SVM RBF,119,1,0.3370395940103991,0,0.3489043945897782
same_reduced_four_feature_subset,/kaggle/working/aml-quantum-pipeline/reports/supervisor_fixes/score_level_predictions_reduced_subset.csv,SVM RBF,120,0,0.3902603317821482,1,0.3489043945897782
same_reduced_four_feature_subset,/kaggle/working/aml-quantum-pipeline/reports/supervisor_fixes/score_level_predictions_reduced_subset.csv,SVM RBF,121,0,0.3392893460439207,0,0.3489043945897782
same_reduced_four_feature_subset,/kaggle/working/aml-quantum-pipeline/reports/supervisor_fixes/score_level_predictions_reduced_subset.csv,SVM RBF,122,0,0.3401717903223887,0,0.3489043945897782
same_reduced_four_feature_subset,/kaggle/working/aml-quantum-pipeline/reports/supervisor_fixes/score_level_predictions_reduced_subset.csv,SVM RBF,123,0,0.3898171446687369,1,0.3489043945897782
same_reduced_four_feature_subset,/kaggle/working/aml-quantum-pipeline/reports/supervisor_fixes/score_level_predictions_reduced_subset.csv,SVM RBF,124,0,0.346322512379365,0,0.3489043945897782
same_reduced_four_feature_subset,/kaggle/working/aml-quantum-pipeline/reports/supervisor_fixes/score_level_predictions_reduced_subset.csv,SVM RBF,125,1,0.3331453275423126,0,0.3489043945897782
same_reduced_four_feature_subset,/kaggle/working/aml-quantum-pipeline/reports/supervisor_fixes/score_level_predictions_reduced_subset.csv,SVM RBF,126,0,0.3902459237404306,1,0.3489043945897782
same_reduced_four_feature_subset,/kaggle/working/aml-quantum-pipeline/reports/supervisor_fixes/score_level_predictions_reduced_subset.csv,SVM RBF,127,0,0.3898881325271576,1,0.3489043945897782
same_reduced_four_feature_subset,/kaggle/working/aml-quantum-pipeline/reports/supervisor_fixes/score_level_predictions_reduced_subset.csv,SVM RBF,128,1,0.3338253151260417,0,0.3489043945897782
same_reduced_four_feature_subset,/kaggle/working/aml-quantum-pipeline/reports/supervisor_fixes/score_level_predictions_reduced_subset.csv,SVM RBF,129,0,0.3903180359504238,1,0.3489043945897782
same_reduced_four_feature_subset,/kaggle/working/aml-quantum-pipeline/reports/supervisor_fixes/score_level_predictions_reduced_subset.csv,SVM RBF,130,0,0.3896334912001246,1,0.3489043945897782
same_reduced_four_feature_subset,/kaggle/working/aml-quantum-pipeline/reports/supervisor_fixes/score_level_predictions_reduced_subset.csv,SVM RBF,131,1,0.3333520697180357,0,0.3489043945897782
same_reduced_four_feature_subset,/kaggle/working/aml-quantum-pipeline/reports/supervisor_fixes/score_level_predictions_reduced_subset.csv,SVM RBF,132,1,0.3298949677939324,0,0.3489043945897782
same_reduced_four_feature_subset,/kaggle/working/aml-quantum-pipeline/reports/supervisor_fixes/score_level_predictions_reduced_subset.csv,SVM RBF,133,1,0.3340843538748834,0,0.3489043945897782
same_reduced_four_feature_subset,/kaggle/working/aml-quantum-pipeline/reports/supervisor_fixes/score_level_predictions_reduced_subset.csv,SVM RBF,134,1,0.3330528411155232,0,0.3489043945897782
same_reduced_four_feature_subset,/kaggle/working/aml-quantum-pipeline/reports/supervisor_fixes/score_level_predictions_reduced_subset.csv,SVM RBF,135,1,0.3338253151260417,0,0.3489043945897782
same_reduced_four_feature_subset,/kaggle/working/aml-quantum-pipeline/reports/supervisor_fixes/score_level_predictions_reduced_subset.csv,SVM RBF,136,0,0.338268399991107,0,0.3489043945897782
same_reduced_four_feature_subset,/kaggle/working/aml-quantum-pipeline/reports/supervisor_fixes/score_level_predictions_reduced_subset.csv,SVM RBF,137,1,0.3474259315177215,0,0.3489043945897782
same_reduced_four_feature_subset,/kaggle/working/aml-quantum-pipeline/reports/supervisor_fixes/score_level_predictions_reduced_subset.csv,SVM RBF,138,0,0.33795611055235,0,0.3489043945897782
same_reduced_four_feature_subset,/kaggle/working/aml-quantum-pipeline/reports/supervisor_fixes/score_level_predictions_reduced_subset.csv,SVM RBF,139,0,0.3361349575171354,0,0.3489043945897782
same_reduced_four_feature_subset,/kaggle/working/aml-quantum-pipeline/reports/supervisor_fixes/score_level_predictions_reduced_subset.csv,SVM RBF,140,1,0.3486748218708793,0,0.3489043945897782
same_reduced_four_feature_subset,/kaggle/working/aml-quantum-pipeline/reports/supervisor_fixes/score_level_predictions_reduced_subset.csv,SVM RBF,141,0,0.3356345700016301,0,0.3489043945897782
same_reduced_four_feature_subset,/kaggle/working/aml-quantum-pipeline/reports/supervisor_fixes/score_level_predictions_reduced_subset.csv,SVM RBF,142,0,0.3898455165464233,1,0.3489043945897782
same_reduced_four_feature_subset,/kaggle/working/aml-quantum-pipeline/reports/supervisor_fixes/score_level_predictions_reduced_subset.csv,SVM RBF,143,1,0.3372351327758998,0,0.3489043945897782
same_reduced_four_feature_subset,/kaggle/working/aml-quantum-pipeline/reports/supervisor_fixes/score_level_predictions_reduced_subset.csv,SVM RBF,144,0,0.3891044144600777,1,0.3489043945897782
same_reduced_four_feature_subset,/kaggle/working/aml-quantum-pipeline/reports/supervisor_fixes/score_level_predictions_reduced_subset.csv,SVM RBF,145,0,0.389930817958921,1,0.3489043945897782
same_reduced_four_feature_subset,/kaggle/working/aml-quantum-pipeline/reports/supervisor_fixes/score_level_predictions_reduced_subset.csv,SVM RBF,146,0,0.3427273751254412,0,0.3489043945897782
same_reduced_four_feature_subset,/kaggle/working/aml-quantum-pipeline/reports/supervisor_fixes/score_level_predictions_reduced_subset.csv,SVM RBF,147,1,0.3399088076000871,0,0.3489043945897782
same_reduced_four_feature_subset,/kaggle/working/aml-quantum-pipeline/reports/supervisor_fixes/score_level_predictions_reduced_subset.csv,SVM RBF,148,0,0.3436995607489915,0,0.3489043945897782
same_reduced_four_feature_subset,/kaggle/working/aml-quantum-pipeline/reports/supervisor_fixes/score_level_predictions_reduced_subset.csv,SVM RBF,149,0,0.3902891695142875,1,0.3489043945897782
same_reduced_four_feature_subset,/kaggle/working/aml-quantum-pipeline/reports/supervisor_fixes/score_level_predictions_reduced_subset.csv,SVM RBF,150,1,0.3384221853675474,0,0.3489043945897782
same_reduced_four_feature_subset,/kaggle/working/aml-quantum-pipeline/reports/supervisor_fixes/score_level_predictions_reduced_subset.csv,SVM RBF,151,1,0.3375236253819861,0,0.3489043945897782
same_reduced_four_feature_subset,/kaggle/working/aml-quantum-pipeline/reports/supervisor_fixes/score_level_predictions_reduced_subset.csv,SVM RBF,152,1,0.3363167873653218,0,0.3489043945897782
same_reduced_four_feature_subset,/kaggle/working/aml-quantum-pipeline/reports/supervisor_fixes/score_level_predictions_reduced_subset.csv,SVM RBF,153,0,0.3052190887693229,0,0.3489043945897782
same_reduced_four_feature_subset,/kaggle/working/aml-quantum-pipeline/reports/supervisor_fixes/score_level_predictions_reduced_subset.csv,SVM RBF,154,1,0.347299675975082,0,0.3489043945897782
same_reduced_four_feature_subset,/kaggle/working/aml-quantum-pipeline/reports/supervisor_fixes/score_level_predictions_reduced_subset.csv,SVM RBF,155,0,0.3900163955087466,1,0.3489043945897782
same_reduced_four_feature_subset,/kaggle/working/aml-quantum-pipeline/reports/supervisor_fixes/score_level_predictions_reduced_subset.csv,SVM RBF,156,0,0.3904337846561762,1,0.3489043945897782
same_reduced_four_feature_subset,/kaggle/working/aml-quantum-pipeline/reports/supervisor_fixes/score_level_predictions_reduced_subset.csv,SVM RBF,157,1,0.3380125662041736,0,0.3489043945897782
same_reduced_four_feature_subset,/kaggle/working/aml-quantum-pipeline/reports/supervisor_fixes/score_level_predictions_reduced_subset.csv,SVM RBF,158,0,0.3392733408107217,0,0.3489043945897782
same_reduced_four_feature_subset,/kaggle/working/aml-quantum-pipeline/reports/supervisor_fixes/score_level_predictions_reduced_subset.csv,SVM RBF,159,0,0.3903903262994006,1,0.3489043945897782
same_reduced_four_feature_subset,/kaggle/working/aml-quantum-pipeline/reports/supervisor_fixes/score_level_predictions_reduced_subset.csv,SVM RBF,160,1,0.3360722726036798,0,0.3489043945897782
same_reduced_four_feature_subset,/kaggle/working/aml-quantum-pipeline/reports/supervisor_fixes/score_level_predictions_reduced_subset.csv,SVM RBF,161,0,0.3378614666336935,0,0.3489043945897782
same_reduced_four_feature_subset,/kaggle/working/aml-quantum-pipeline/reports/supervisor_fixes/score_level_predictions_reduced_subset.csv,SVM RBF,162,1,0.3337059002212136,0,0.3489043945897782
same_reduced_four_feature_subset,/kaggle/working/aml-quantum-pipeline/reports/supervisor_fixes/score_level_predictions_reduced_subset.csv,SVM RBF,163,1,0.3470581519245477,0,0.3489043945897782
same_reduced_four_feature_subset,/kaggle/working/aml-quantum-pipeline/reports/supervisor_fixes/score_level_predictions_reduced_subset.csv,SVM RBF,164,0,0.3904048054607339,1,0.3489043945897782
same_reduced_four_feature_subset,/kaggle/working/aml-quantum-pipeline/reports/supervisor_fixes/score_level_predictions_reduced_subset.csv,SVM RBF,165,0,0.390173992700555,1,0.3489043945897782
same_reduced_four_feature_subset,/kaggle/working/aml-quantum-pipeline/reports/supervisor_fixes/score_level_predictions_reduced_subset.csv,SVM RBF,166,0,0.3331029031423693,0,0.3489043945897782
same_reduced_four_feature_subset,/kaggle/working/aml-quantum-pipeline/reports/supervisor_fixes/score_level_predictions_reduced_subset.csv,SVM RBF,167,1,0.3379294326319455,0,0.3489043945897782
same_reduced_four_feature_subset,/kaggle/working/aml-quantum-pipeline/reports/supervisor_fixes/score_level_predictions_reduced_subset.csv,SVM RBF,168,1,0.3325572282767369,0,0.3489043945897782
same_reduced_four_feature_subset,/kaggle/working/aml-quantum-pipeline/reports/supervisor_fixes/score_level_predictions_reduced_subset.csv,SVM RBF,169,0,0.3897746452895063,1,0.3489043945897782
same_reduced_four_feature_subset,/kaggle/working/aml-quantum-pipeline/reports/supervisor_fixes/score_level_predictions_reduced_subset.csv,SVM RBF,170,1,0.3384013443404121,0,0.3489043945897782
same_reduced_four_feature_subset,/kaggle/working/aml-quantum-pipeline/reports/supervisor_fixes/score_level_predictions_reduced_subset.csv,SVM RBF,171,0,0.390332479870623,1,0.3489043945897782
same_reduced_four_feature_subset,/kaggle/working/aml-quantum-pipeline/reports/supervisor_fixes/score_level_predictions_reduced_subset.csv,SVM RBF,172,1,0.3470771373200429,0,0.3489043945897782
same_reduced_four_feature_subset,/kaggle/working/aml-quantum-pipeline/reports/supervisor_fixes/score_level_predictions_reduced_subset.csv,SVM RBF,173,1,0.3313135679793454,0,0.3489043945897782
same_reduced_four_feature_subset,/kaggle/working/aml-quantum-pipeline/reports/supervisor_fixes/score_level_predictions_reduced_subset.csv,SVM RBF,174,1,0.3890906498259138,1,0.3489043945897782
same_reduced_four_feature_subset,/kaggle/working/aml-quantum-pipeline/reports/supervisor_fixes/score_level_predictions_reduced_subset.csv,SVM RBF,175,1,0.3525090148807868,1,0.3489043945897782
same_reduced_four_feature_subset,/kaggle/working/aml-quantum-pipeline/reports/supervisor_fixes/score_level_predictions_reduced_subset.csv,SVM RBF,176,0,0.3902747470480485,1,0.3489043945897782
same_reduced_four_feature_subset,/kaggle/working/aml-quantum-pipeline/reports/supervisor_fixes/score_level_predictions_reduced_subset.csv,SVM RBF,177,0,0.3902891695142875,1,0.3489043945897782
same_reduced_four_feature_subset,/kaggle/working/aml-quantum-pipeline/reports/supervisor_fixes/score_level_predictions_reduced_subset.csv,SVM RBF,178,0,0.389930817958921,1,0.3489043945897782
same_reduced_four_feature_subset,/kaggle/working/aml-quantum-pipeline/reports/supervisor_fixes/score_level_predictions_reduced_subset.csv,SVM RBF,179,1,0.3342570848514323,0,0.3489043945897782
same_reduced_four_feature_subset,/kaggle/working/aml-quantum-pipeline/reports/supervisor_fixes/score_level_predictions_reduced_subset.csv,SVM RBF,180,1,0.3461787834893237,0,0.3489043945897782
same_reduced_four_feature_subset,/kaggle/working/aml-quantum-pipeline/reports/supervisor_fixes/score_level_predictions_reduced_subset.csv,SVM RBF,181,0,0.3369218467357723,0,0.3489043945897782
same_reduced_four_feature_subset,/kaggle/working/aml-quantum-pipeline/reports/supervisor_fixes/score_level_predictions_reduced_subset.csv,SVM RBF,182,1,0.3454314656343232,0,0.3489043945897782
same_reduced_four_feature_subset,/kaggle/working/aml-quantum-pipeline/reports/supervisor_fixes/score_level_predictions_reduced_subset.csv,SVM RBF,183,0,0.3407100993411627,0,0.3489043945897782
same_reduced_four_feature_subset,/kaggle/working/aml-quantum-pipeline/reports/supervisor_fixes/score_level_predictions_reduced_subset.csv,SVM RBF,184,1,0.3471380918598424,0,0.3489043945897782
same_reduced_four_feature_subset,/kaggle/working/aml-quantum-pipeline/reports/supervisor_fixes/score_level_predictions_reduced_subset.csv,SVM RBF,185,1,0.3376129286739525,0,0.3489043945897782
same_reduced_four_feature_subset,/kaggle/working/aml-quantum-pipeline/reports/supervisor_fixes/score_level_predictions_reduced_subset.csv,SVM RBF,186,0,0.3903035991566382,1,0.3489043945897782
same_reduced_four_feature_subset,/kaggle/working/aml-quantum-pipeline/reports/supervisor_fixes/score_level_predictions_reduced_subset.csv,SVM RBF,187,1,0.3476925890141076,0,0.3489043945897782
same_reduced_four_feature_subset,/kaggle/working/aml-quantum-pipeline/reports/supervisor_fixes/score_level_predictions_reduced_subset.csv,SVM RBF,188,1,0.33545869629926,0,0.3489043945897782
same_reduced_four_feature_subset,/kaggle/working/aml-quantum-pipeline/reports/supervisor_fixes/score_level_predictions_reduced_subset.csv,SVM RBF,189,0,0.3414970914219958,0,0.3489043945897782
same_reduced_four_feature_subset,/kaggle/working/aml-quantum-pipeline/reports/supervisor_fixes/score_level_predictions_reduced_subset.csv,SVM RBF,190,1,0.3484956064924381,0,0.3489043945897782
same_reduced_four_feature_subset,/kaggle/working/aml-quantum-pipeline/reports/supervisor_fixes/score_level_predictions_reduced_subset.csv,SVM RBF,191,1,0.332888316645974,0,0.3489043945897782
same_reduced_four_feature_subset,/kaggle/working/aml-quantum-pipeline/reports/supervisor_fixes/score_level_predictions_reduced_subset.csv,SVM RBF,192,0,0.3477236816841954,0,0.3489043945897782
same_reduced_four_feature_subset,/kaggle/working/aml-quantum-pipeline/reports/supervisor_fixes/score_level_predictions_reduced_subset.csv,SVM RBF,193,0,0.3896616588447422,1,0.3489043945897782
same_reduced_four_feature_subset,/kaggle/working/aml-quantum-pipeline/reports/supervisor_fixes/score_level_predictions_reduced_subset.csv,SVM RBF,194,1,0.346737114900168,0,0.3489043945897782
same_reduced_four_feature_subset,/kaggle/working/aml-quantum-pipeline/reports/supervisor_fixes/score_level_predictions_reduced_subset.csv,SVM RBF,195,1,0.3338225138313519,0,0.3489043945897782
same_reduced_four_feature_subset,/kaggle/working/aml-quantum-pipeline/reports/supervisor_fixes/score_level_predictions_reduced_subset.csv,SVM RBF,196,1,0.3412603291450471,0,0.3489043945897782
same_reduced_four_feature_subset,/kaggle/working/aml-quantum-pipeline/reports/supervisor_fixes/score_level_predictions_reduced_subset.csv,SVM RBF,197,1,0.332170779319879,0,0.3489043945897782
same_reduced_four_feature_subset,/kaggle/working/aml-quantum-pipeline/reports/supervisor_fixes/score_level_predictions_reduced_subset.csv,SVM RBF,198,1,0.333125471807445,0,0.3489043945897782
same_reduced_four_feature_subset,/kaggle/working/aml-quantum-pipeline/reports/supervisor_fixes/score_level_predictions_reduced_subset.csv,SVM RBF,199,1,0.3475681647746855,0,0.3489043945897782
same_reduced_four_feature_subset,/kaggle/working/aml-quantum-pipeline/reports/supervisor_fixes/score_level_predictions_reduced_subset.csv,SVM RBF,200,0,0.3359559944336683,0,0.3489043945897782
same_reduced_four_feature_subset,/kaggle/working/aml-quantum-pipeline/reports/supervisor_fixes/score_level_predictions_reduced_subset.csv,SVM RBF,201,0,0.3898881325271576,1,0.3489043945897782
same_reduced_four_feature_subset,/kaggle/working/aml-quantum-pipeline/reports/supervisor_fixes/score_level_predictions_reduced_subset.csv,SVM RBF,202,0,0.3368337833776065,0,0.3489043945897782
same_reduced_four_feature_subset,/kaggle/working/aml-quantum-pipeline/reports/supervisor_fixes/score_level_predictions_reduced_subset.csv,SVM RBF,203,1,0.3445665887424398,0,0.3489043945897782
same_reduced_four_feature_subset,/kaggle/working/aml-quantum-pipeline/reports/supervisor_fixes/score_level_predictions_reduced_subset.csv,SVM RBF,204,0,0.335826039113912,0,0.3489043945897782
same_reduced_four_feature_subset,/kaggle/working/aml-quantum-pipeline/reports/supervisor_fixes/score_level_predictions_reduced_subset.csv,SVM RBF,205,0,0.3385350486487323,0,0.3489043945897782
same_reduced_four_feature_subset,/kaggle/working/aml-quantum-pipeline/reports/supervisor_fixes/score_level_predictions_reduced_subset.csv,SVM RBF,206,1,0.3327364908073894,0,0.3489043945897782
same_reduced_four_feature_subset,/kaggle/working/aml-quantum-pipeline/reports/supervisor_fixes/score_level_predictions_reduced_subset.csv,SVM RBF,207,1,0.3428660780776578,0,0.3489043945897782
same_reduced_four_feature_subset,/kaggle/working/aml-quantum-pipeline/reports/supervisor_fixes/score_level_predictions_reduced_subset.csv,SVM RBF,208,0,0.3901165801898726,1,0.3489043945897782
same_reduced_four_feature_subset,/kaggle/working/aml-quantum-pipeline/reports/supervisor_fixes/score_level_predictions_reduced_subset.csv,SVM RBF,209,1,0.3323010835507853,0,0.3489043945897782
same_reduced_four_feature_subset,/kaggle/working/aml-quantum-pipeline/reports/supervisor_fixes/score_level_predictions_reduced_subset.csv,SVM RBF,210,1,0.3321442668728054,0,0.3489043945897782
same_reduced_four_feature_subset,/kaggle/working/aml-quantum-pipeline/reports/supervisor_fixes/score_level_predictions_reduced_subset.csv,SVM RBF,211,0,0.3415990216818473,0,0.3489043945897782
same_reduced_four_feature_subset,/kaggle/working/aml-quantum-pipeline/reports/supervisor_fixes/score_level_predictions_reduced_subset.csv,SVM RBF,212,1,0.3319903614510073,0,0.3489043945897782
same_reduced_four_feature_subset,/kaggle/working/aml-quantum-pipeline/reports/supervisor_fixes/score_level_predictions_reduced_subset.csv,SVM RBF,213,1,0.3428133086694743,0,0.3489043945897782
same_reduced_four_feature_subset,/kaggle/working/aml-quantum-pipeline/reports/supervisor_fixes/score_level_predictions_reduced_subset.csv,SVM RBF,214,1,0.3350783052766783,0,0.3489043945897782
same_reduced_four_feature_subset,/kaggle/working/aml-quantum-pipeline/reports/supervisor_fixes/score_level_predictions_reduced_subset.csv,SVM RBF,215,1,0.3420461873330982,0,0.3489043945897782
same_reduced_four_feature_subset,/kaggle/working/aml-quantum-pipeline/reports/supervisor_fixes/score_level_predictions_reduced_subset.csv,SVM RBF,216,1,0.3387509316163772,0,0.3489043945897782
same_reduced_four_feature_subset,/kaggle/working/aml-quantum-pipeline/reports/supervisor_fixes/score_level_predictions_reduced_subset.csv,SVM RBF,217,0,0.3366853668539383,0,0.3489043945897782
same_reduced_four_feature_subset,/kaggle/working/aml-quantum-pipeline/reports/supervisor_fixes/score_level_predictions_reduced_subset.csv,SVM RBF,218,1,0.3894696862350651,1,0.3489043945897782
same_reduced_four_feature_subset,/kaggle/working/aml-quantum-pipeline/reports/supervisor_fixes/score_level_predictions_reduced_subset.csv,SVM RBF,219,1,0.346666572635136,0,0.3489043945897782
same_reduced_four_feature_subset,/kaggle/working/aml-quantum-pipeline/reports/supervisor_fixes/score_level_predictions_reduced_subset.csv,SVM RBF,220,1,0.3391867459104656,0,0.3489043945897782
same_reduced_four_feature_subset,/kaggle/working/aml-quantum-pipeline/reports/supervisor_fixes/score_level_predictions_reduced_subset.csv,SVM RBF,221,1,0.3462132133163552,0,0.3489043945897782
same_reduced_four_feature_subset,/kaggle/working/aml-quantum-pipeline/reports/supervisor_fixes/score_level_predictions_reduced_subset.csv,SVM RBF,222,0,0.3903469308917672,1,0.3489043945897782
same_reduced_four_feature_subset,/kaggle/working/aml-quantum-pipeline/reports/supervisor_fixes/score_level_predictions_reduced_subset.csv,SVM RBF,223,0,0.3904337846561762,1,0.3489043945897782
same_reduced_four_feature_subset,/kaggle/working/aml-quantum-pipeline/reports/supervisor_fixes/score_level_predictions_reduced_subset.csv,SVM RBF,224,0,0.390491825734182,1,0.3489043945897782
same_reduced_four_feature_subset,/kaggle/working/aml-quantum-pipeline/reports/supervisor_fixes/score_level_predictions_reduced_subset.csv,SVM RBF,225,1,0.3317448245036816,0,0.3489043945897782
same_reduced_four_feature_subset,/kaggle/working/aml-quantum-pipeline/reports/supervisor_fixes/score_level_predictions_reduced_subset.csv,SVM RBF,226,1,0.3903035991566382,1,0.3489043945897782
same_reduced_four_feature_subset,/kaggle/working/aml-quantum-pipeline/reports/supervisor_fixes/score_level_predictions_reduced_subset.csv,SVM RBF,227,1,0.3519056558727038,1,0.3489043945897782
same_reduced_four_feature_subset,/kaggle/working/aml-quantum-pipeline/reports/supervisor_fixes/score_level_predictions_reduced_subset.csv,SVM RBF,228,0,0.3450562094117829,0,0.3489043945897782
same_reduced_four_feature_subset,/kaggle/working/aml-quantum-pipeline/reports/supervisor_fixes/score_level_predictions_reduced_subset.csv,SVM RBF,229,1,0.3456474876552038,0,0.3489043945897782
same_reduced_four_feature_subset,/kaggle/working/aml-quantum-pipeline/reports/supervisor_fixes/score_level_predictions_reduced_subset.csv,SVM RBF,230,0,0.3904192915890667,1,0.3489043945897782
same_reduced_four_feature_subset,/kaggle/working/aml-quantum-pipeline/reports/supervisor_fixes/score_level_predictions_reduced_subset.csv,SVM RBF,231,1,0.3392261006732066,0,0.3489043945897782
same_reduced_four_feature_subset,/kaggle/working/aml-quantum-pipeline/reports/supervisor_fixes/score_level_predictions_reduced_subset.csv,SVM RBF,232,0,0.3899450617994422,1,0.3489043945897782
same_reduced_four_feature_subset,/kaggle/working/aml-quantum-pipeline/reports/supervisor_fixes/score_level_predictions_reduced_subset.csv,SVM RBF,233,1,0.3380605694025395,0,0.3489043945897782
same_reduced_four_feature_subset,/kaggle/working/aml-quantum-pipeline/reports/supervisor_fixes/score_level_predictions_reduced_subset.csv,SVM RBF,234,0,0.3899735724310849,1,0.3489043945897782
same_reduced_four_feature_subset,/kaggle/working/aml-quantum-pipeline/reports/supervisor_fixes/score_level_predictions_reduced_subset.csv,SVM RBF,235,1,0.342052680515379,0,0.3489043945897782
same_reduced_four_feature_subset,/kaggle/working/aml-quantum-pipeline/reports/supervisor_fixes/score_level_predictions_reduced_subset.csv,SVM RBF,236,1,0.3326546043778789,0,0.3489043945897782
same_reduced_four_feature_subset,/kaggle/working/aml-quantum-pipeline/reports/supervisor_fixes/score_level_predictions_reduced_subset.csv,SVM RBF,237,1,0.3468261781994718,0,0.3489043945897782
same_reduced_four_feature_subset,/kaggle/working/aml-quantum-pipeline/reports/supervisor_fixes/score_level_predictions_reduced_subset.csv,SVM RBF,238,0,0.3525867843572298,1,0.3489043945897782
same_reduced_four_feature_subset,/kaggle/working/aml-quantum-pipeline/reports/supervisor_fixes/score_level_predictions_reduced_subset.csv,SVM RBF,239,0,0.3901165801898726,1,0.3489043945897782
same_reduced_four_feature_subset,/kaggle/working/aml-quantum-pipeline/reports/supervisor_fixes/score_level_predictions_reduced_subset.csv,SVM RBF,240,0,0.3903903262994006,1,0.3489043945897782
same_reduced_four_feature_subset,/kaggle/working/aml-quantum-pipeline/reports/supervisor_fixes/score_level_predictions_reduced_subset.csv,SVM RBF,241,1,0.3371008079758858,0,0.3489043945897782
same_reduced_four_feature_subset,/kaggle/working/aml-quantum-pipeline/reports/supervisor_fixes/score_level_predictions_reduced_subset.csv,SVM RBF,242,0,0.3904773052023554,1,0.3489043945897782
same_reduced_four_feature_subset,/kaggle/working/aml-quantum-pipeline/reports/supervisor_fixes/score_level_predictions_reduced_subset.csv,SVM RBF,243,1,0.3399250330650925,0,0.3489043945897782
same_reduced_four_feature_subset,/kaggle/working/aml-quantum-pipeline/reports/supervisor_fixes/score_level_predictions_reduced_subset.csv,SVM RBF,244,1,0.3524448689700138,1,0.3489043945897782
same_reduced_four_feature_subset,/kaggle/working/aml-quantum-pipeline/reports/supervisor_fixes/score_level_predictions_reduced_subset.csv,SVM RBF,245,1,0.3442435119991261,0,0.3489043945897782
same_reduced_four_feature_subset,/kaggle/working/aml-quantum-pipeline/reports/supervisor_fixes/score_level_predictions_reduced_subset.csv,SVM RBF,246,1,0.3312330350564183,0,0.3489043945897782
same_reduced_four_feature_subset,/kaggle/working/aml-quantum-pipeline/reports/supervisor_fixes/score_level_predictions_reduced_subset.csv,SVM RBF,247,0,0.3396020978985354,0,0.3489043945897782
same_reduced_four_feature_subset,/kaggle/working/aml-quantum-pipeline/reports/supervisor_fixes/score_level_predictions_reduced_subset.csv,SVM RBF,248,1,0.3462635820234951,0,0.3489043945897782
same_reduced_four_feature_subset,/kaggle/working/aml-quantum-pipeline/reports/supervisor_fixes/score_level_predictions_reduced_subset.csv,SVM RBF,249,0,0.3902603317821482,1,0.3489043945897782
same_reduced_four_feature_subset,/kaggle/working/aml-quantum-pipeline/reports/supervisor_fixes/score_level_predictions_reduced_subset.csv,SVM RBF,250,0,0.3378084039791424,0,0.3489043945897782
same_reduced_four_feature_subset,/kaggle/working/aml-quantum-pipeline/reports/supervisor_fixes/score_level_predictions_reduced_subset.csv,SVM RBF,251,0,0.3407576872142279,0,0.3489043945897782
same_reduced_four_feature_subset,/kaggle/working/aml-quantum-pipeline/reports/supervisor_fixes/score_level_predictions_reduced_subset.csv,SVM RBF,252,1,0.3439729008375577,0,0.3489043945897782
same_reduced_four_feature_subset,/kaggle/working/aml-quantum-pipeline/reports/supervisor_fixes/score_level_predictions_reduced_subset.csv,SVM RBF,253,0,0.3904482846335904,1,0.3489043945897782
same_reduced_four_feature_subset,/kaggle/working/aml-quantum-pipeline/reports/supervisor_fixes/score_level_predictions_reduced_subset.csv,SVM RBF,254,1,0.3373596471663738,0,0.3489043945897782
same_reduced_four_feature_subset,/kaggle/working/aml-quantum-pipeline/reports/supervisor_fixes/score_level_predictions_reduced_subset.csv,SVM RBF,255,1,0.3323476744703142,0,0.3489043945897782
same_reduced_four_feature_subset,/kaggle/working/aml-quantum-pipeline/reports/supervisor_fixes/score_level_predictions_reduced_subset.csv,SVM RBF,256,1,0.3477374329317386,0,0.3489043945897782
same_reduced_four_feature_subset,/kaggle/working/aml-quantum-pipeline/reports/supervisor_fixes/score_level_predictions_reduced_subset.csv,SVM RBF,257,0,0.3404918453188201,0,0.3489043945897782
same_reduced_four_feature_subset,/kaggle/working/aml-quantum-pipeline/reports/supervisor_fixes/score_level_predictions_reduced_subset.csv,SVM RBF,258,0,0.3395852370820292,0,0.3489043945897782
same_reduced_four_feature_subset,/kaggle/working/aml-quantum-pipeline/reports/supervisor_fixes/score_level_predictions_reduced_subset.csv,SVM RBF,259,1,0.3304526757465428,0,0.3489043945897782
same_reduced_four_feature_subset,/kaggle/working/aml-quantum-pipeline/reports/supervisor_fixes/score_level_predictions_reduced_subset.csv,SVM RBF,260,1,0.3425549921771777,0,0.3489043945897782
same_reduced_four_feature_subset,/kaggle/working/aml-quantum-pipeline/reports/supervisor_fixes/score_level_predictions_reduced_subset.csv,SVM RBF,261,1,0.3526238801526754,1,0.3489043945897782
same_reduced_four_feature_subset,/kaggle/working/aml-quantum-pipeline/reports/supervisor_fixes/score_level_predictions_reduced_subset.csv,SVM RBF,262,1,0.3438652553580765,0,0.3489043945897782
same_reduced_four_feature_subset,/kaggle/working/aml-quantum-pipeline/reports/supervisor_fixes/score_level_predictions_reduced_subset.csv,SVM RBF,263,0,0.3354839445691155,0,0.3489043945897782
same_reduced_four_feature_subset,/kaggle/working/aml-quantum-pipeline/reports/supervisor_fixes/score_level_predictions_reduced_subset.csv,SVM RBF,264,0,0.3896334912001246,1,0.3489043945897782
same_reduced_four_feature_subset,/kaggle/working/aml-quantum-pipeline/reports/supervisor_fixes/score_level_predictions_reduced_subset.csv,SVM RBF,265,1,0.3366737172495079,0,0.3489043945897782
same_reduced_four_feature_subset,/kaggle/working/aml-quantum-pipeline/reports/supervisor_fixes/score_level_predictions_reduced_subset.csv,SVM RBF,266,1,0.3436432294637371,0,0.3489043945897782
same_reduced_four_feature_subset,/kaggle/working/aml-quantum-pipeline/reports/supervisor_fixes/score_level_predictions_reduced_subset.csv,SVM RBF,267,0,0.3899450617994422,1,0.3489043945897782
same_reduced_four_feature_subset,/kaggle/working/aml-quantum-pipeline/reports/supervisor_fixes/score_level_predictions_reduced_subset.csv,SVM RBF,268,0,0.3900021135545489,1,0.3489043945897782
same_reduced_four_feature_subset,/kaggle/working/aml-quantum-pipeline/reports/supervisor_fixes/score_level_predictions_reduced_subset.csv,SVM RBF,269,1,0.3379637214013856,0,0.3489043945897782
same_reduced_four_feature_subset,/kaggle/working/aml-quantum-pipeline/reports/supervisor_fixes/score_level_predictions_reduced_subset.csv,SVM RBF,270,1,0.3433694939418346,0,0.3489043945897782
same_reduced_four_feature_subset,/kaggle/working/aml-quantum-pipeline/reports/supervisor_fixes/score_level_predictions_reduced_subset.csv,SVM RBF,271,0,0.3899878391896569,1,0.3489043945897782
same_reduced_four_feature_subset,/kaggle/working/aml-quantum-pipeline/reports/supervisor_fixes/score_level_predictions_reduced_subset.csv,SVM RBF,272,1,0.3486052335494755,0,0.3489043945897782
same_reduced_four_feature_subset,/kaggle/working/aml-quantum-pipeline/reports/supervisor_fixes/score_level_predictions_reduced_subset.csv,SVM RBF,273,0,0.3896194192821407,1,0.3489043945897782
same_reduced_four_feature_subset,/kaggle/working/aml-quantum-pipeline/reports/supervisor_fixes/score_level_predictions_reduced_subset.csv,SVM RBF,274,1,0.3471502637801701,0,0.3489043945897782
same_reduced_four_feature_subset,/kaggle/working/aml-quantum-pipeline/reports/supervisor_fixes/score_level_predictions_reduced_subset.csv,SVM RBF,275,1,0.3890151620640215,1,0.3489043945897782
same_reduced_four_feature_subset,/kaggle/working/aml-quantum-pipeline/reports/supervisor_fixes/score_level_predictions_reduced_subset.csv,SVM RBF,276,0,0.3478907710361367,0,0.3489043945897782
same_reduced_four_feature_subset,/kaggle/working/aml-quantum-pipeline/reports/supervisor_fixes/score_level_predictions_reduced_subset.csv,SVM RBF,277,0,0.3392575593986608,0,0.3489043945897782
same_reduced_four_feature_subset,/kaggle/working/aml-quantum-pipeline/reports/supervisor_fixes/score_level_predictions_reduced_subset.csv,SVM RBF,278,0,0.3388728899795525,0,0.3489043945897782
same_reduced_four_feature_subset,/kaggle/working/aml-quantum-pipeline/reports/supervisor_fixes/score_level_predictions_reduced_subset.csv,SVM RBF,279,0,0.3904192915890667,1,0.3489043945897782
same_reduced_four_feature_subset,/kaggle/working/aml-quantum-pipeline/reports/supervisor_fixes/score_level_predictions_reduced_subset.csv,SVM RBF,280,0,0.3353685949144558,0,0.3489043945897782
same_reduced_four_feature_subset,/kaggle/working/aml-quantum-pipeline/reports/supervisor_fixes/score_level_predictions_reduced_subset.csv,SVM RBF,281,0,0.3898455165464233,1,0.3489043945897782
same_reduced_four_feature_subset,/kaggle/working/aml-quantum-pipeline/reports/supervisor_fixes/score_level_predictions_reduced_subset.csv,SVM RBF,282,1,0.3405810176538693,0,0.3489043945897782
same_reduced_four_feature_subset,/kaggle/working/aml-quantum-pipeline/reports/supervisor_fixes/score_level_predictions_reduced_subset.csv,SVM RBF,283,0,0.3434203372573932,0,0.3489043945897782
same_reduced_four_feature_subset,/kaggle/working/aml-quantum-pipeline/reports/supervisor_fixes/score_level_predictions_reduced_subset.csv,SVM RBF,284,1,0.3442107686786066,0,0.3489043945897782
same_reduced_four_feature_subset,/kaggle/working/aml-quantum-pipeline/reports/supervisor_fixes/score_level_predictions_reduced_subset.csv,SVM RBF,285,0,0.390491825734182,1,0.3489043945897782
same_reduced_four_feature_subset,/kaggle/working/aml-quantum-pipeline/reports/supervisor_fixes/score_level_predictions_reduced_subset.csv,SVM RBF,286,1,0.3384292556196129,0,0.3489043945897782
same_reduced_four_feature_subset,/kaggle/working/aml-quantum-pipeline/reports/supervisor_fixes/score_level_predictions_reduced_subset.csv,SVM RBF,287,1,0.3387371870045337,0,0.3489043945897782
same_reduced_four_feature_subset,/kaggle/working/aml-quantum-pipeline/reports/supervisor_fixes/score_level_predictions_reduced_subset.csv,SVM RBF,288,0,0.3393319602605283,0,0.3489043945897782
same_reduced_four_feature_subset,/kaggle/working/aml-quantum-pipeline/reports/supervisor_fixes/score_level_predictions_reduced_subset.csv,SVM RBF,289,1,0.3308483369372372,0,0.3489043945897782
same_reduced_four_feature_subset,/kaggle/working/aml-quantum-pipeline/reports/supervisor_fixes/score_level_predictions_reduced_subset.csv,SVM RBF,290,1,0.3331631636810797,0,0.3489043945897782
same_reduced_four_feature_subset,/kaggle/working/aml-quantum-pipeline/reports/supervisor_fixes/score_level_predictions_reduced_subset.csv,SVM RBF,291,1,0.3484692494046149,0,0.3489043945897782
same_reduced_four_feature_subset,/kaggle/working/aml-quantum-pipeline/reports/supervisor_fixes/score_level_predictions_reduced_subset.csv,SVM RBF,292,1,0.3475722985947067,0,0.3489043945897782
same_reduced_four_feature_subset,/kaggle/working/aml-quantum-pipeline/reports/supervisor_fixes/score_level_predictions_reduced_subset.csv,SVM RBF,293,0,0.3372576480929143,0,0.3489043945897782
same_reduced_four_feature_subset,/kaggle/working/aml-quantum-pipeline/reports/supervisor_fixes/score_level_predictions_reduced_subset.csv,SVM RBF,294,0,0.3898739194638615,1,0.3489043945897782
same_reduced_four_feature_subset,/kaggle/working/aml-quantum-pipeline/reports/supervisor_fixes/score_level_predictions_reduced_subset.csv,SVM RBF,295,0,0.3428083347441951,0,0.3489043945897782
same_reduced_four_feature_subset,/kaggle/working/aml-quantum-pipeline/reports/supervisor_fixes/score_level_predictions_reduced_subset.csv,SVM RBF,296,1,0.3524048978379869,1,0.3489043945897782
same_reduced_four_feature_subset,/kaggle/working/aml-quantum-pipeline/reports/supervisor_fixes/score_level_predictions_reduced_subset.csv,SVM RBF,297,0,0.3899878391896569,1,0.3489043945897782
same_reduced_four_feature_subset,/kaggle/working/aml-quantum-pipeline/reports/supervisor_fixes/score_level_predictions_reduced_subset.csv,SVM RBF,298,1,0.3370946706543394,0,0.3489043945897782
same_reduced_four_feature_subset,/kaggle/working/aml-quantum-pipeline/reports/supervisor_fixes/score_level_predictions_reduced_subset.csv,SVM RBF,299,1,0.3304641185534898,0,0.3489043945897782
same_reduced_four_feature_subset,/kaggle/working/aml-quantum-pipeline/reports/supervisor_fixes/score_level_predictions_reduced_subset.csv,VQC Statevector,0,0,0.2877724126940369,0,0.3100287622305141
same_reduced_four_feature_subset,/kaggle/working/aml-quantum-pipeline/reports/supervisor_fixes/score_level_predictions_reduced_subset.csv,VQC Statevector,1,1,0.2808066532134202,0,0.3100287622305141
same_reduced_four_feature_subset,/kaggle/working/aml-quantum-pipeline/reports/supervisor_fixes/score_level_predictions_reduced_subset.csv,VQC Statevector,2,0,0.3022402474880442,0,0.3100287622305141
same_reduced_four_feature_subset,/kaggle/working/aml-quantum-pipeline/reports/supervisor_fixes/score_level_predictions_reduced_subset.csv,VQC Statevector,3,0,0.2840990695399171,0,0.3100287622305141
same_reduced_four_feature_subset,/kaggle/working/aml-quantum-pipeline/reports/supervisor_fixes/score_level_predictions_reduced_subset.csv,VQC Statevector,4,0,0.2797934572184857,0,0.3100287622305141
same_reduced_four_feature_subset,/kaggle/working/aml-quantum-pipeline/reports/supervisor_fixes/score_level_predictions_reduced_subset.csv,VQC Statevector,5,0,0.2900731151425202,0,0.3100287622305141
same_reduced_four_feature_subset,/kaggle/working/aml-quantum-pipeline/reports/supervisor_fixes/score_level_predictions_reduced_subset.csv,VQC Statevector,6,0,0.2838832707562457,0,0.3100287622305141
same_reduced_four_feature_subset,/kaggle/working/aml-quantum-pipeline/reports/supervisor_fixes/score_level_predictions_reduced_subset.csv,VQC Statevector,7,1,0.304442925663954,0,0.3100287622305141
same_reduced_four_feature_subset,/kaggle/working/aml-quantum-pipeline/reports/supervisor_fixes/score_level_predictions_reduced_subset.csv,VQC Statevector,8,1,0.2908938694107732,0,0.3100287622305141
same_reduced_four_feature_subset,/kaggle/working/aml-quantum-pipeline/reports/supervisor_fixes/score_level_predictions_reduced_subset.csv,VQC Statevector,9,0,0.2857717169435272,0,0.3100287622305141
same_reduced_four_feature_subset,/kaggle/working/aml-quantum-pipeline/reports/supervisor_fixes/score_level_predictions_reduced_subset.csv,VQC Statevector,10,1,0.2793373629267305,0,0.3100287622305141
same_reduced_four_feature_subset,/kaggle/working/aml-quantum-pipeline/reports/supervisor_fixes/score_level_predictions_reduced_subset.csv,VQC Statevector,11,0,0.2833320428684452,0,0.3100287622305141
same_reduced_four_feature_subset,/kaggle/working/aml-quantum-pipeline/reports/supervisor_fixes/score_level_predictions_reduced_subset.csv,VQC Statevector,12,0,0.3056545361926421,0,0.3100287622305141
same_reduced_four_feature_subset,/kaggle/working/aml-quantum-pipeline/reports/supervisor_fixes/score_level_predictions_reduced_subset.csv,VQC Statevector,13,1,0.28347415030915,0,0.3100287622305141
same_reduced_four_feature_subset,/kaggle/working/aml-quantum-pipeline/reports/supervisor_fixes/score_level_predictions_reduced_subset.csv,VQC Statevector,14,0,0.2671157932344389,0,0.3100287622305141
same_reduced_four_feature_subset,/kaggle/working/aml-quantum-pipeline/reports/supervisor_fixes/score_level_predictions_reduced_subset.csv,VQC Statevector,15,1,0.2920831396566234,0,0.3100287622305141
same_reduced_four_feature_subset,/kaggle/working/aml-quantum-pipeline/reports/supervisor_fixes/score_level_predictions_reduced_subset.csv,VQC Statevector,16,1,0.3076846475781851,0,0.3100287622305141
same_reduced_four_feature_subset,/kaggle/working/aml-quantum-pipeline/reports/supervisor_fixes/score_level_predictions_reduced_subset.csv,VQC Statevector,17,1,0.2947251102526913,0,0.3100287622305141
same_reduced_four_feature_subset,/kaggle/working/aml-quantum-pipeline/reports/supervisor_fixes/score_level_predictions_reduced_subset.csv,VQC Statevector,18,0,0.2951568783754116,0,0.3100287622305141
same_reduced_four_feature_subset,/kaggle/working/aml-quantum-pipeline/reports/supervisor_fixes/score_level_predictions_reduced_subset.csv,VQC Statevector,19,0,0.2876168861937528,0,0.3100287622305141
same_reduced_four_feature_subset,/kaggle/working/aml-quantum-pipeline/reports/supervisor_fixes/score_level_predictions_reduced_subset.csv,VQC Statevector,20,0,0.2909740504504277,0,0.3100287622305141
same_reduced_four_feature_subset,/kaggle/working/aml-quantum-pipeline/reports/supervisor_fixes/score_level_predictions_reduced_subset.csv,VQC Statevector,21,1,0.2999779112758552,0,0.3100287622305141
same_reduced_four_feature_subset,/kaggle/working/aml-quantum-pipeline/reports/supervisor_fixes/score_level_predictions_reduced_subset.csv,VQC Statevector,22,0,0.2830917016137322,0,0.3100287622305141
same_reduced_four_feature_subset,/kaggle/working/aml-quantum-pipeline/reports/supervisor_fixes/score_level_predictions_reduced_subset.csv,VQC Statevector,23,1,0.3059162816079559,0,0.3100287622305141
same_reduced_four_feature_subset,/kaggle/working/aml-quantum-pipeline/reports/supervisor_fixes/score_level_predictions_reduced_subset.csv,VQC Statevector,24,0,0.3115999681604731,1,0.3100287622305141
same_reduced_four_feature_subset,/kaggle/working/aml-quantum-pipeline/reports/supervisor_fixes/score_level_predictions_reduced_subset.csv,VQC Statevector,25,0,0.2937081961265673,0,0.3100287622305141
same_reduced_four_feature_subset,/kaggle/working/aml-quantum-pipeline/reports/supervisor_fixes/score_level_predictions_reduced_subset.csv,VQC Statevector,26,1,0.3034929470338634,0,0.3100287622305141
same_reduced_four_feature_subset,/kaggle/working/aml-quantum-pipeline/reports/supervisor_fixes/score_level_predictions_reduced_subset.csv,VQC Statevector,27,0,0.292558292124031,0,0.3100287622305141
same_reduced_four_feature_subset,/kaggle/working/aml-quantum-pipeline/reports/supervisor_fixes/score_level_predictions_reduced_subset.csv,VQC Statevector,28,0,0.3094016334761058,0,0.3100287622305141
same_reduced_four_feature_subset,/kaggle/working/aml-quantum-pipeline/reports/supervisor_fixes/score_level_predictions_reduced_subset.csv,VQC Statevector,29,1,0.2936449140559297,0,0.3100287622305141
same_reduced_four_feature_subset,/kaggle/working/aml-quantum-pipeline/reports/supervisor_fixes/score_level_predictions_reduced_subset.csv,VQC Statevector,30,1,0.2926439308189953,0,0.3100287622305141
same_reduced_four_feature_subset,/kaggle/working/aml-quantum-pipeline/reports/supervisor_fixes/score_level_predictions_reduced_subset.csv,VQC Statevector,31,0,0.2869764615755981,0,0.3100287622305141
same_reduced_four_feature_subset,/kaggle/working/aml-quantum-pipeline/reports/supervisor_fixes/score_level_predictions_reduced_subset.csv,VQC Statevector,32,0,0.2993931526187209,0,0.3100287622305141
same_reduced_four_feature_subset,/kaggle/working/aml-quantum-pipeline/reports/supervisor_fixes/score_level_predictions_reduced_subset.csv,VQC Statevector,33,1,0.2938742124913892,0,0.3100287622305141
same_reduced_four_feature_subset,/kaggle/working/aml-quantum-pipeline/reports/supervisor_fixes/score_level_predictions_reduced_subset.csv,VQC Statevector,34,0,0.2766139512809804,0,0.3100287622305141
same_reduced_four_feature_subset,/kaggle/working/aml-quantum-pipeline/reports/supervisor_fixes/score_level_predictions_reduced_subset.csv,VQC Statevector,35,1,0.302152934223571,0,0.3100287622305141
same_reduced_four_feature_subset,/kaggle/working/aml-quantum-pipeline/reports/supervisor_fixes/score_level_predictions_reduced_subset.csv,VQC Statevector,36,0,0.2857717169435272,0,0.3100287622305141
same_reduced_four_feature_subset,/kaggle/working/aml-quantum-pipeline/reports/supervisor_fixes/score_level_predictions_reduced_subset.csv,VQC Statevector,37,0,0.2860768443812192,0,0.3100287622305141
same_reduced_four_feature_subset,/kaggle/working/aml-quantum-pipeline/reports/supervisor_fixes/score_level_predictions_reduced_subset.csv,VQC Statevector,38,0,0.3043179825099278,0,0.3100287622305141
same_reduced_four_feature_subset,/kaggle/working/aml-quantum-pipeline/reports/supervisor_fixes/score_level_predictions_reduced_subset.csv,VQC Statevector,39,0,0.2888148778535395,0,0.3100287622305141
same_reduced_four_feature_subset,/kaggle/working/aml-quantum-pipeline/reports/supervisor_fixes/score_level_predictions_reduced_subset.csv,VQC Statevector,40,1,0.2955659678637743,0,0.3100287622305141
same_reduced_four_feature_subset,/kaggle/working/aml-quantum-pipeline/reports/supervisor_fixes/score_level_predictions_reduced_subset.csv,VQC Statevector,41,1,0.3155703969533916,1,0.3100287622305141
same_reduced_four_feature_subset,/kaggle/working/aml-quantum-pipeline/reports/supervisor_fixes/score_level_predictions_reduced_subset.csv,VQC Statevector,42,0,0.2804899642218728,0,0.3100287622305141
same_reduced_four_feature_subset,/kaggle/working/aml-quantum-pipeline/reports/supervisor_fixes/score_level_predictions_reduced_subset.csv,VQC Statevector,43,0,0.2845435589972795,0,0.3100287622305141
same_reduced_four_feature_subset,/kaggle/working/aml-quantum-pipeline/reports/supervisor_fixes/score_level_predictions_reduced_subset.csv,VQC Statevector,44,1,0.2906404802125622,0,0.3100287622305141
same_reduced_four_feature_subset,/kaggle/working/aml-quantum-pipeline/reports/supervisor_fixes/score_level_predictions_reduced_subset.csv,VQC Statevector,45,0,0.2800250169583717,0,0.3100287622305141
same_reduced_four_feature_subset,/kaggle/working/aml-quantum-pipeline/reports/supervisor_fixes/score_level_predictions_reduced_subset.csv,VQC Statevector,46,0,0.2888637678200568,0,0.3100287622305141
same_reduced_four_feature_subset,/kaggle/working/aml-quantum-pipeline/reports/supervisor_fixes/score_level_predictions_reduced_subset.csv,VQC Statevector,47,1,0.3085105419026502,0,0.3100287622305141
same_reduced_four_feature_subset,/kaggle/working/aml-quantum-pipeline/reports/supervisor_fixes/score_level_predictions_reduced_subset.csv,VQC Statevector,48,1,0.3135242898064281,1,0.3100287622305141
same_reduced_four_feature_subset,/kaggle/working/aml-quantum-pipeline/reports/supervisor_fixes/score_level_predictions_reduced_subset.csv,VQC Statevector,49,1,0.3034289656504869,0,0.3100287622305141
same_reduced_four_feature_subset,/kaggle/working/aml-quantum-pipeline/reports/supervisor_fixes/score_level_predictions_reduced_subset.csv,VQC Statevector,50,1,0.2853180082861327,0,0.3100287622305141
same_reduced_four_feature_subset,/kaggle/working/aml-quantum-pipeline/reports/supervisor_fixes/score_level_predictions_reduced_subset.csv,VQC Statevector,51,1,0.285953206565266,0,0.3100287622305141
same_reduced_four_feature_subset,/kaggle/working/aml-quantum-pipeline/reports/supervisor_fixes/score_level_predictions_reduced_subset.csv,VQC Statevector,52,0,0.2892960308924741,0,0.3100287622305141
same_reduced_four_feature_subset,/kaggle/working/aml-quantum-pipeline/reports/supervisor_fixes/score_level_predictions_reduced_subset.csv,VQC Statevector,53,0,0.2931026952241999,0,0.3100287622305141
same_reduced_four_feature_subset,/kaggle/working/aml-quantum-pipeline/reports/supervisor_fixes/score_level_predictions_reduced_subset.csv,VQC Statevector,54,0,0.2887966675100457,0,0.3100287622305141
same_reduced_four_feature_subset,/kaggle/working/aml-quantum-pipeline/reports/supervisor_fixes/score_level_predictions_reduced_subset.csv,VQC Statevector,55,0,0.2752858074860116,0,0.3100287622305141
same_reduced_four_feature_subset,/kaggle/working/aml-quantum-pipeline/reports/supervisor_fixes/score_level_predictions_reduced_subset.csv,VQC Statevector,56,1,0.2899500244039502,0,0.3100287622305141
same_reduced_four_feature_subset,/kaggle/working/aml-quantum-pipeline/reports/supervisor_fixes/score_level_predictions_reduced_subset.csv,VQC Statevector,57,1,0.3067018743639846,0,0.3100287622305141
same_reduced_four_feature_subset,/kaggle/working/aml-quantum-pipeline/reports/supervisor_fixes/score_level_predictions_reduced_subset.csv,VQC Statevector,58,1,0.3048994206061239,0,0.3100287622305141
same_reduced_four_feature_subset,/kaggle/working/aml-quantum-pipeline/reports/supervisor_fixes/score_level_predictions_reduced_subset.csv,VQC Statevector,59,1,0.3048241218959284,0,0.3100287622305141
same_reduced_four_feature_subset,/kaggle/working/aml-quantum-pipeline/reports/supervisor_fixes/score_level_predictions_reduced_subset.csv,VQC Statevector,60,0,0.2951876024082739,0,0.3100287622305141
same_reduced_four_feature_subset,/kaggle/working/aml-quantum-pipeline/reports/supervisor_fixes/score_level_predictions_reduced_subset.csv,VQC Statevector,61,0,0.2748475430371742,0,0.3100287622305141
same_reduced_four_feature_subset,/kaggle/working/aml-quantum-pipeline/reports/supervisor_fixes/score_level_predictions_reduced_subset.csv,VQC Statevector,62,1,0.3051659540346,0,0.3100287622305141
same_reduced_four_feature_subset,/kaggle/working/aml-quantum-pipeline/reports/supervisor_fixes/score_level_predictions_reduced_subset.csv,VQC Statevector,63,0,0.2761689916777463,0,0.3100287622305141
same_reduced_four_feature_subset,/kaggle/working/aml-quantum-pipeline/reports/supervisor_fixes/score_level_predictions_reduced_subset.csv,VQC Statevector,64,1,0.3070167874644648,0,0.3100287622305141
same_reduced_four_feature_subset,/kaggle/working/aml-quantum-pipeline/reports/supervisor_fixes/score_level_predictions_reduced_subset.csv,VQC Statevector,65,0,0.3024423317387236,0,0.3100287622305141
same_reduced_four_feature_subset,/kaggle/working/aml-quantum-pipeline/reports/supervisor_fixes/score_level_predictions_reduced_subset.csv,VQC Statevector,66,1,0.3018185561123123,0,0.3100287622305141
same_reduced_four_feature_subset,/kaggle/working/aml-quantum-pipeline/reports/supervisor_fixes/score_level_predictions_reduced_subset.csv,VQC Statevector,67,0,0.296258888256842,0,0.3100287622305141
same_reduced_four_feature_subset,/kaggle/working/aml-quantum-pipeline/reports/supervisor_fixes/score_level_predictions_reduced_subset.csv,VQC Statevector,68,1,0.2934889559643923,0,0.3100287622305141
same_reduced_four_feature_subset,/kaggle/working/aml-quantum-pipeline/reports/supervisor_fixes/score_level_predictions_reduced_subset.csv,VQC Statevector,69,0,0.2830917016137322,0,0.3100287622305141
same_reduced_four_feature_subset,/kaggle/working/aml-quantum-pipeline/reports/supervisor_fixes/score_level_predictions_reduced_subset.csv,VQC Statevector,70,0,0.3037461662641201,0,0.3100287622305141
same_reduced_four_feature_subset,/kaggle/working/aml-quantum-pipeline/reports/supervisor_fixes/score_level_predictions_reduced_subset.csv,VQC Statevector,71,0,0.2867665002121498,0,0.3100287622305141
same_reduced_four_feature_subset,/kaggle/working/aml-quantum-pipeline/reports/supervisor_fixes/score_level_predictions_reduced_subset.csv,VQC Statevector,72,0,0.2816631280694058,0,0.3100287622305141
same_reduced_four_feature_subset,/kaggle/working/aml-quantum-pipeline/reports/supervisor_fixes/score_level_predictions_reduced_subset.csv,VQC Statevector,73,1,0.2989127504926861,0,0.3100287622305141
same_reduced_four_feature_subset,/kaggle/working/aml-quantum-pipeline/reports/supervisor_fixes/score_level_predictions_reduced_subset.csv,VQC Statevector,74,0,0.2804899642218728,0,0.3100287622305141
same_reduced_four_feature_subset,/kaggle/working/aml-quantum-pipeline/reports/supervisor_fixes/score_level_predictions_reduced_subset.csv,VQC Statevector,75,0,0.2837990278144447,0,0.3100287622305141
same_reduced_four_feature_subset,/kaggle/working/aml-quantum-pipeline/reports/supervisor_fixes/score_level_predictions_reduced_subset.csv,VQC Statevector,76,0,0.2766139512809804,0,0.3100287622305141
same_reduced_four_feature_subset,/kaggle/working/aml-quantum-pipeline/reports/supervisor_fixes/score_level_predictions_reduced_subset.csv,VQC Statevector,77,0,0.2846676638750474,0,0.3100287622305141
same_reduced_four_feature_subset,/kaggle/working/aml-quantum-pipeline/reports/supervisor_fixes/score_level_predictions_reduced_subset.csv,VQC Statevector,78,1,0.2828664129714558,0,0.3100287622305141
same_reduced_four_feature_subset,/kaggle/working/aml-quantum-pipeline/reports/supervisor_fixes/score_level_predictions_reduced_subset.csv,VQC Statevector,79,1,0.30326542758308,0,0.3100287622305141
same_reduced_four_feature_subset,/kaggle/working/aml-quantum-pipeline/reports/supervisor_fixes/score_level_predictions_reduced_subset.csv,VQC Statevector,80,0,0.2752858074860116,0,0.3100287622305141
same_reduced_four_feature_subset,/kaggle/working/aml-quantum-pipeline/reports/supervisor_fixes/score_level_predictions_reduced_subset.csv,VQC Statevector,81,0,0.2823745458292631,0,0.3100287622305141
same_reduced_four_feature_subset,/kaggle/working/aml-quantum-pipeline/reports/supervisor_fixes/score_level_predictions_reduced_subset.csv,VQC Statevector,82,0,0.2833320428684452,0,0.3100287622305141
same_reduced_four_feature_subset,/kaggle/working/aml-quantum-pipeline/reports/supervisor_fixes/score_level_predictions_reduced_subset.csv,VQC Statevector,83,1,0.2820433754272738,0,0.3100287622305141
same_reduced_four_feature_subset,/kaggle/working/aml-quantum-pipeline/reports/supervisor_fixes/score_level_predictions_reduced_subset.csv,VQC Statevector,84,0,0.2818996347870966,0,0.3100287622305141
same_reduced_four_feature_subset,/kaggle/working/aml-quantum-pipeline/reports/supervisor_fixes/score_level_predictions_reduced_subset.csv,VQC Statevector,85,1,0.2877724126940369,0,0.3100287622305141
same_reduced_four_feature_subset,/kaggle/working/aml-quantum-pipeline/reports/supervisor_fixes/score_level_predictions_reduced_subset.csv,VQC Statevector,86,1,0.2943699377243944,0,0.3100287622305141
same_reduced_four_feature_subset,/kaggle/working/aml-quantum-pipeline/reports/supervisor_fixes/score_level_predictions_reduced_subset.csv,VQC Statevector,87,1,0.2863921211043788,0,0.3100287622305141
same_reduced_four_feature_subset,/kaggle/working/aml-quantum-pipeline/reports/supervisor_fixes/score_level_predictions_reduced_subset.csv,VQC Statevector,88,0,0.2852784308529821,0,0.3100287622305141
same_reduced_four_feature_subset,/kaggle/working/aml-quantum-pipeline/reports/supervisor_fixes/score_level_predictions_reduced_subset.csv,VQC Statevector,89,1,0.2904952115463617,0,0.3100287622305141
same_reduced_four_feature_subset,/kaggle/working/aml-quantum-pipeline/reports/supervisor_fixes/score_level_predictions_reduced_subset.csv,VQC Statevector,90,1,0.2914268395050809,0,0.3100287622305141
same_reduced_four_feature_subset,/kaggle/working/aml-quantum-pipeline/reports/supervisor_fixes/score_level_predictions_reduced_subset.csv,VQC Statevector,91,0,0.2779625448029886,0,0.3100287622305141
same_reduced_four_feature_subset,/kaggle/working/aml-quantum-pipeline/reports/supervisor_fixes/score_level_predictions_reduced_subset.csv,VQC Statevector,92,0,0.281427249917261,0,0.3100287622305141
same_reduced_four_feature_subset,/kaggle/working/aml-quantum-pipeline/reports/supervisor_fixes/score_level_predictions_reduced_subset.csv,VQC Statevector,93,1,0.308111139429068,0,0.3100287622305141
same_reduced_four_feature_subset,/kaggle/working/aml-quantum-pipeline/reports/supervisor_fixes/score_level_predictions_reduced_subset.csv,VQC Statevector,94,0,0.2852784308529821,0,0.3100287622305141
same_reduced_four_feature_subset,/kaggle/working/aml-quantum-pipeline/reports/supervisor_fixes/score_level_predictions_reduced_subset.csv,VQC Statevector,95,1,0.3089951596410522,0,0.3100287622305141
same_reduced_four_feature_subset,/kaggle/working/aml-quantum-pipeline/reports/supervisor_fixes/score_level_predictions_reduced_subset.csv,VQC Statevector,96,0,0.2779625448029886,0,0.3100287622305141
same_reduced_four_feature_subset,/kaggle/working/aml-quantum-pipeline/reports/supervisor_fixes/score_level_predictions_reduced_subset.csv,VQC Statevector,97,0,0.283573033932049,0,0.3100287622305141
same_reduced_four_feature_subset,/kaggle/working/aml-quantum-pipeline/reports/supervisor_fixes/score_level_predictions_reduced_subset.csv,VQC Statevector,98,0,0.2766139512809804,0,0.3100287622305141
same_reduced_four_feature_subset,/kaggle/working/aml-quantum-pipeline/reports/supervisor_fixes/score_level_predictions_reduced_subset.csv,VQC Statevector,99,0,0.2951409176316699,0,0.3100287622305141
same_reduced_four_feature_subset,/kaggle/working/aml-quantum-pipeline/reports/supervisor_fixes/score_level_predictions_reduced_subset.csv,VQC Statevector,100,0,0.283573033932049,0,0.3100287622305141
same_reduced_four_feature_subset,/kaggle/working/aml-quantum-pipeline/reports/supervisor_fixes/score_level_predictions_reduced_subset.csv,VQC Statevector,101,1,0.2931547481481436,0,0.3100287622305141
same_reduced_four_feature_subset,/kaggle/working/aml-quantum-pipeline/reports/supervisor_fixes/score_level_predictions_reduced_subset.csv,VQC Statevector,102,0,0.2852784308529821,0,0.3100287622305141
same_reduced_four_feature_subset,/kaggle/working/aml-quantum-pipeline/reports/supervisor_fixes/score_level_predictions_reduced_subset.csv,VQC Statevector,103,0,0.2797934572184857,0,0.3100287622305141
same_reduced_four_feature_subset,/kaggle/working/aml-quantum-pipeline/reports/supervisor_fixes/score_level_predictions_reduced_subset.csv,VQC Statevector,104,1,0.2801638519373978,0,0.3100287622305141
same_reduced_four_feature_subset,/kaggle/working/aml-quantum-pipeline/reports/supervisor_fixes/score_level_predictions_reduced_subset.csv,VQC Statevector,105,0,0.2980087099439935,0,0.3100287622305141
same_reduced_four_feature_subset,/kaggle/working/aml-quantum-pipeline/reports/supervisor_fixes/score_level_predictions_reduced_subset.csv,VQC Statevector,106,1,0.30227427401536,0,0.3100287622305141
same_reduced_four_feature_subset,/kaggle/working/aml-quantum-pipeline/reports/supervisor_fixes/score_level_predictions_reduced_subset.csv,VQC Statevector,107,0,0.288747958175667,0,0.3100287622305141
same_reduced_four_feature_subset,/kaggle/working/aml-quantum-pipeline/reports/supervisor_fixes/score_level_predictions_reduced_subset.csv,VQC Statevector,108,0,0.3063861969348275,0,0.3100287622305141
same_reduced_four_feature_subset,/kaggle/working/aml-quantum-pipeline/reports/supervisor_fixes/score_level_predictions_reduced_subset.csv,VQC Statevector,109,1,0.2885932529843394,0,0.3100287622305141
same_reduced_four_feature_subset,/kaggle/working/aml-quantum-pipeline/reports/supervisor_fixes/score_level_predictions_reduced_subset.csv,VQC Statevector,110,1,0.2971081898274565,0,0.3100287622305141
same_reduced_four_feature_subset,/kaggle/working/aml-quantum-pipeline/reports/supervisor_fixes/score_level_predictions_reduced_subset.csv,VQC Statevector,111,1,0.3082550161629557,0,0.3100287622305141
same_reduced_four_feature_subset,/kaggle/working/aml-quantum-pipeline/reports/supervisor_fixes/score_level_predictions_reduced_subset.csv,VQC Statevector,112,1,0.2870197855735041,0,0.3100287622305141
same_reduced_four_feature_subset,/kaggle/working/aml-quantum-pipeline/reports/supervisor_fixes/score_level_predictions_reduced_subset.csv,VQC Statevector,113,0,0.2752858074860116,0,0.3100287622305141
same_reduced_four_feature_subset,/kaggle/working/aml-quantum-pipeline/reports/supervisor_fixes/score_level_predictions_reduced_subset.csv,VQC Statevector,114,0,0.2823745458292631,0,0.3100287622305141
same_reduced_four_feature_subset,/kaggle/working/aml-quantum-pipeline/reports/supervisor_fixes/score_level_predictions_reduced_subset.csv,VQC Statevector,115,1,0.280412623054764,0,0.3100287622305141
same_reduced_four_feature_subset,/kaggle/working/aml-quantum-pipeline/reports/supervisor_fixes/score_level_predictions_reduced_subset.csv,VQC Statevector,116,1,0.3045707545938354,0,0.3100287622305141
same_reduced_four_feature_subset,/kaggle/working/aml-quantum-pipeline/reports/supervisor_fixes/score_level_predictions_reduced_subset.csv,VQC Statevector,117,1,0.3097344772676587,0,0.3100287622305141
same_reduced_four_feature_subset,/kaggle/working/aml-quantum-pipeline/reports/supervisor_fixes/score_level_predictions_reduced_subset.csv,VQC Statevector,118,1,0.2873997689979278,0,0.3100287622305141
same_reduced_four_feature_subset,/kaggle/working/aml-quantum-pipeline/reports/supervisor_fixes/score_level_predictions_reduced_subset.csv,VQC Statevector,119,1,0.2912856045444705,0,0.3100287622305141
same_reduced_four_feature_subset,/kaggle/working/aml-quantum-pipeline/reports/supervisor_fixes/score_level_predictions_reduced_subset.csv,VQC Statevector,120,0,0.2850328025404571,0,0.3100287622305141
same_reduced_four_feature_subset,/kaggle/working/aml-quantum-pipeline/reports/supervisor_fixes/score_level_predictions_reduced_subset.csv,VQC Statevector,121,0,0.2949194043148689,0,0.3100287622305141
same_reduced_four_feature_subset,/kaggle/working/aml-quantum-pipeline/reports/supervisor_fixes/score_level_predictions_reduced_subset.csv,VQC Statevector,122,0,0.2963360062418773,0,0.3100287622305141
same_reduced_four_feature_subset,/kaggle/working/aml-quantum-pipeline/reports/supervisor_fixes/score_level_predictions_reduced_subset.csv,VQC Statevector,123,0,0.2777363354627173,0,0.3100287622305141
same_reduced_four_feature_subset,/kaggle/working/aml-quantum-pipeline/reports/supervisor_fixes/score_level_predictions_reduced_subset.csv,VQC Statevector,124,0,0.3060797376206662,0,0.3100287622305141
same_reduced_four_feature_subset,/kaggle/working/aml-quantum-pipeline/reports/supervisor_fixes/score_level_predictions_reduced_subset.csv,VQC Statevector,125,1,0.284917112509827,0,0.3100287622305141
same_reduced_four_feature_subset,/kaggle/working/aml-quantum-pipeline/reports/supervisor_fixes/score_level_predictions_reduced_subset.csv,VQC Statevector,126,0,0.2847878463397647,0,0.3100287622305141
same_reduced_four_feature_subset,/kaggle/working/aml-quantum-pipeline/reports/supervisor_fixes/score_level_predictions_reduced_subset.csv,VQC Statevector,127,0,0.2788732454038379,0,0.3100287622305141
same_reduced_four_feature_subset,/kaggle/working/aml-quantum-pipeline/reports/supervisor_fixes/score_level_predictions_reduced_subset.csv,VQC Statevector,128,1,0.2860365215887223,0,0.3100287622305141
same_reduced_four_feature_subset,/kaggle/working/aml-quantum-pipeline/reports/supervisor_fixes/score_level_predictions_reduced_subset.csv,VQC Statevector,129,0,0.2860193813449472,0,0.3100287622305141
same_reduced_four_feature_subset,/kaggle/working/aml-quantum-pipeline/reports/supervisor_fixes/score_level_predictions_reduced_subset.csv,VQC Statevector,130,0,0.2748475430371742,0,0.3100287622305141
same_reduced_four_feature_subset,/kaggle/working/aml-quantum-pipeline/reports/supervisor_fixes/score_level_predictions_reduced_subset.csv,VQC Statevector,131,1,0.2852577935010932,0,0.3100287622305141
same_reduced_four_feature_subset,/kaggle/working/aml-quantum-pipeline/reports/supervisor_fixes/score_level_predictions_reduced_subset.csv,VQC Statevector,132,1,0.2795212616502705,0,0.3100287622305141
same_reduced_four_feature_subset,/kaggle/working/aml-quantum-pipeline/reports/supervisor_fixes/score_level_predictions_reduced_subset.csv,VQC Statevector,133,1,0.286462119809686,0,0.3100287622305141
same_reduced_four_feature_subset,/kaggle/working/aml-quantum-pipeline/reports/supervisor_fixes/score_level_predictions_reduced_subset.csv,VQC Statevector,134,1,0.2847646123361281,0,0.3100287622305141
same_reduced_four_feature_subset,/kaggle/working/aml-quantum-pipeline/reports/supervisor_fixes/score_level_predictions_reduced_subset.csv,VQC Statevector,135,1,0.2860365215887223,0,0.3100287622305141
same_reduced_four_feature_subset,/kaggle/working/aml-quantum-pipeline/reports/supervisor_fixes/score_level_predictions_reduced_subset.csv,VQC Statevector,136,0,0.2932743714287473,0,0.3100287622305141
same_reduced_four_feature_subset,/kaggle/working/aml-quantum-pipeline/reports/supervisor_fixes/score_level_predictions_reduced_subset.csv,VQC Statevector,137,1,0.3078046130950854,0,0.3100287622305141
same_reduced_four_feature_subset,/kaggle/working/aml-quantum-pipeline/reports/supervisor_fixes/score_level_predictions_reduced_subset.csv,VQC Statevector,138,0,0.2927698640967134,0,0.3100287622305141
same_reduced_four_feature_subset,/kaggle/working/aml-quantum-pipeline/reports/supervisor_fixes/score_level_predictions_reduced_subset.csv,VQC Statevector,139,0,0.2898152323419056,0,0.3100287622305141
same_reduced_four_feature_subset,/kaggle/working/aml-quantum-pipeline/reports/supervisor_fixes/score_level_predictions_reduced_subset.csv,VQC Statevector,140,1,0.309748750072343,0,0.3100287622305141
same_reduced_four_feature_subset,/kaggle/working/aml-quantum-pipeline/reports/supervisor_fixes/score_level_predictions_reduced_subset.csv,VQC Statevector,141,0,0.288999602342283,0,0.3100287622305141
same_reduced_four_feature_subset,/kaggle/working/aml-quantum-pipeline/reports/supervisor_fixes/score_level_predictions_reduced_subset.csv,VQC Statevector,142,0,0.2781893377897347,0,0.3100287622305141
same_reduced_four_feature_subset,/kaggle/working/aml-quantum-pipeline/reports/supervisor_fixes/score_level_predictions_reduced_subset.csv,VQC Statevector,143,1,0.2916027264666253,0,0.3100287622305141
same_reduced_four_feature_subset,/kaggle/working/aml-quantum-pipeline/reports/supervisor_fixes/score_level_predictions_reduced_subset.csv,VQC Statevector,144,0,0.266916183278374,0,0.3100287622305141
same_reduced_four_feature_subset,/kaggle/working/aml-quantum-pipeline/reports/supervisor_fixes/score_level_predictions_reduced_subset.csv,VQC Statevector,145,0,0.2795625029799888,0,0.3100287622305141
same_reduced_four_feature_subset,/kaggle/working/aml-quantum-pipeline/reports/supervisor_fixes/score_level_predictions_reduced_subset.csv,VQC Statevector,146,0,0.3004116179330791,0,0.3100287622305141
same_reduced_four_feature_subset,/kaggle/working/aml-quantum-pipeline/reports/supervisor_fixes/score_level_predictions_reduced_subset.csv,VQC Statevector,147,1,0.2959143421414917,0,0.3100287622305141
same_reduced_four_feature_subset,/kaggle/working/aml-quantum-pipeline/reports/supervisor_fixes/score_level_predictions_reduced_subset.csv,VQC Statevector,148,0,0.3019517770449018,0,0.3100287622305141
same_reduced_four_feature_subset,/kaggle/working/aml-quantum-pipeline/reports/supervisor_fixes/score_level_predictions_reduced_subset.csv,VQC Statevector,149,0,0.2855247345540206,0,0.3100287622305141
same_reduced_four_feature_subset,/kaggle/working/aml-quantum-pipeline/reports/supervisor_fixes/score_level_predictions_reduced_subset.csv,VQC Statevector,150,1,0.2935225851297345,0,0.3100287622305141
same_reduced_four_feature_subset,/kaggle/working/aml-quantum-pipeline/reports/supervisor_fixes/score_level_predictions_reduced_subset.csv,VQC Statevector,151,1,0.2920701476257889,0,0.3100287622305141
same_reduced_four_feature_subset,/kaggle/working/aml-quantum-pipeline/reports/supervisor_fixes/score_level_predictions_reduced_subset.csv,VQC Statevector,152,1,0.2901112045788153,0,0.3100287622305141
same_reduced_four_feature_subset,/kaggle/working/aml-quantum-pipeline/reports/supervisor_fixes/score_level_predictions_reduced_subset.csv,VQC Statevector,153,0,0.2785122938200439,0,0.3100287622305141
same_reduced_four_feature_subset,/kaggle/working/aml-quantum-pipeline/reports/supervisor_fixes/score_level_predictions_reduced_subset.csv,VQC Statevector,154,1,0.3076075932957458,0,0.3100287622305141
same_reduced_four_feature_subset,/kaggle/working/aml-quantum-pipeline/reports/supervisor_fixes/score_level_predictions_reduced_subset.csv,VQC Statevector,155,0,0.2809573675211662,0,0.3100287622305141
same_reduced_four_feature_subset,/kaggle/working/aml-quantum-pipeline/reports/supervisor_fixes/score_level_predictions_reduced_subset.csv,VQC Statevector,156,0,0.2880256557276929,0,0.3100287622305141
same_reduced_four_feature_subset,/kaggle/working/aml-quantum-pipeline/reports/supervisor_fixes/score_level_predictions_reduced_subset.csv,VQC Statevector,157,1,0.2928611150092302,0,0.3100287622305141
same_reduced_four_feature_subset,/kaggle/working/aml-quantum-pipeline/reports/supervisor_fixes/score_level_predictions_reduced_subset.csv,VQC Statevector,158,0,0.2948936660189981,0,0.3100287622305141
same_reduced_four_feature_subset,/kaggle/working/aml-quantum-pipeline/reports/supervisor_fixes/score_level_predictions_reduced_subset.csv,VQC Statevector,159,0,0.2872680515236935,0,0.3100287622305141
same_reduced_four_feature_subset,/kaggle/working/aml-quantum-pipeline/reports/supervisor_fixes/score_level_predictions_reduced_subset.csv,VQC Statevector,160,1,0.289713146908407,0,0.3100287622305141
same_reduced_four_feature_subset,/kaggle/working/aml-quantum-pipeline/reports/supervisor_fixes/score_level_predictions_reduced_subset.csv,VQC Statevector,161,0,0.2926168426022901,0,0.3100287622305141
same_reduced_four_feature_subset,/kaggle/working/aml-quantum-pipeline/reports/supervisor_fixes/score_level_predictions_reduced_subset.csv,VQC Statevector,162,1,0.2858401691153155,0,0.3100287622305141
same_reduced_four_feature_subset,/kaggle/working/aml-quantum-pipeline/reports/supervisor_fixes/score_level_predictions_reduced_subset.csv,VQC Statevector,163,1,0.3072304519178687,0,0.3100287622305141
same_reduced_four_feature_subset,/kaggle/working/aml-quantum-pipeline/reports/supervisor_fixes/score_level_predictions_reduced_subset.csv,VQC Statevector,164,0,0.2875198791325488,0,0.3100287622305141
same_reduced_four_feature_subset,/kaggle/working/aml-quantum-pipeline/reports/supervisor_fixes/score_level_predictions_reduced_subset.csv,VQC Statevector,165,0,0.283573033932049,0,0.3100287622305141
same_reduced_four_feature_subset,/kaggle/working/aml-quantum-pipeline/reports/supervisor_fixes/score_level_predictions_reduced_subset.csv,VQC Statevector,166,0,0.2848471666151445,0,0.3100287622305141
same_reduced_four_feature_subset,/kaggle/working/aml-quantum-pipeline/reports/supervisor_fixes/score_level_predictions_reduced_subset.csv,VQC Statevector,167,1,0.2927267367013832,0,0.3100287622305141
same_reduced_four_feature_subset,/kaggle/working/aml-quantum-pipeline/reports/supervisor_fixes/score_level_predictions_reduced_subset.csv,VQC Statevector,168,1,0.2839463840751583,0,0.3100287622305141
same_reduced_four_feature_subset,/kaggle/working/aml-quantum-pipeline/reports/supervisor_fixes/score_level_predictions_reduced_subset.csv,VQC Statevector,169,0,0.2770611828978204,0,0.3100287622305141
same_reduced_four_feature_subset,/kaggle/working/aml-quantum-pipeline/reports/supervisor_fixes/score_level_predictions_reduced_subset.csv,VQC Statevector,170,1,0.2934889559643923,0,0.3100287622305141
same_reduced_four_feature_subset,/kaggle/working/aml-quantum-pipeline/reports/supervisor_fixes/score_level_predictions_reduced_subset.csv,VQC Statevector,171,0,0.2862677311054368,0,0.3100287622305141
same_reduced_four_feature_subset,/kaggle/working/aml-quantum-pipeline/reports/supervisor_fixes/score_level_predictions_reduced_subset.csv,VQC Statevector,172,1,0.3072601094983734,0,0.3100287622305141
same_reduced_four_feature_subset,/kaggle/working/aml-quantum-pipeline/reports/supervisor_fixes/score_level_predictions_reduced_subset.csv,VQC Statevector,173,1,0.2818855498704393,0,0.3100287622305141
same_reduced_four_feature_subset,/kaggle/working/aml-quantum-pipeline/reports/supervisor_fixes/score_level_predictions_reduced_subset.csv,VQC Statevector,174,1,0.2667170393122717,0,0.3100287622305141
same_reduced_four_feature_subset,/kaggle/working/aml-quantum-pipeline/reports/supervisor_fixes/score_level_predictions_reduced_subset.csv,VQC Statevector,175,1,0.3156649301895244,1,0.3100287622305141
same_reduced_four_feature_subset,/kaggle/working/aml-quantum-pipeline/reports/supervisor_fixes/score_level_predictions_reduced_subset.csv,VQC Statevector,176,0,0.2852784308529821,0,0.3100287622305141
same_reduced_four_feature_subset,/kaggle/working/aml-quantum-pipeline/reports/supervisor_fixes/score_level_predictions_reduced_subset.csv,VQC Statevector,177,0,0.2855247345540206,0,0.3100287622305141
same_reduced_four_feature_subset,/kaggle/working/aml-quantum-pipeline/reports/supervisor_fixes/score_level_predictions_reduced_subset.csv,VQC Statevector,178,0,0.2795625029799888,0,0.3100287622305141
same_reduced_four_feature_subset,/kaggle/working/aml-quantum-pipeline/reports/supervisor_fixes/score_level_predictions_reduced_subset.csv,VQC Statevector,179,1,0.2867456603476223,0,0.3100287622305141
same_reduced_four_feature_subset,/kaggle/working/aml-quantum-pipeline/reports/supervisor_fixes/score_level_predictions_reduced_subset.csv,VQC Statevector,180,1,0.3058545566167543,0,0.3100287622305141
same_reduced_four_feature_subset,/kaggle/working/aml-quantum-pipeline/reports/supervisor_fixes/score_level_predictions_reduced_subset.csv,VQC Statevector,181,0,0.2910945239435796,0,0.3100287622305141
same_reduced_four_feature_subset,/kaggle/working/aml-quantum-pipeline/reports/supervisor_fixes/score_level_predictions_reduced_subset.csv,VQC Statevector,182,1,0.3046818437130669,0,0.3100287622305141
same_reduced_four_feature_subset,/kaggle/working/aml-quantum-pipeline/reports/supervisor_fixes/score_level_predictions_reduced_subset.csv,VQC Statevector,183,0,0.2971977954602552,0,0.3100287622305141
same_reduced_four_feature_subset,/kaggle/working/aml-quantum-pipeline/reports/supervisor_fixes/score_level_predictions_reduced_subset.csv,VQC Statevector,184,1,0.3073553145962021,0,0.3100287622305141
same_reduced_four_feature_subset,/kaggle/working/aml-quantum-pipeline/reports/supervisor_fixes/score_level_predictions_reduced_subset.csv,VQC Statevector,185,1,0.2922147296492957,0,0.3100287622305141
same_reduced_four_feature_subset,/kaggle/working/aml-quantum-pipeline/reports/supervisor_fixes/score_level_predictions_reduced_subset.csv,VQC Statevector,186,0,0.2857717169435272,0,0.3100287622305141
same_reduced_four_feature_subset,/kaggle/working/aml-quantum-pipeline/reports/supervisor_fixes/score_level_predictions_reduced_subset.csv,VQC Statevector,187,1,0.3082204376282903,0,0.3100287622305141
same_reduced_four_feature_subset,/kaggle/working/aml-quantum-pipeline/reports/supervisor_fixes/score_level_predictions_reduced_subset.csv,VQC Statevector,188,1,0.2887125339624681,0,0.3100287622305141
same_reduced_four_feature_subset,/kaggle/working/aml-quantum-pipeline/reports/supervisor_fixes/score_level_predictions_reduced_subset.csv,VQC Statevector,189,0,0.2984545152406329,0,0.3100287622305141
same_reduced_four_feature_subset,/kaggle/working/aml-quantum-pipeline/reports/supervisor_fixes/score_level_predictions_reduced_subset.csv,VQC Statevector,190,1,0.3094702928005174,0,0.3100287622305141
same_reduced_four_feature_subset,/kaggle/working/aml-quantum-pipeline/reports/supervisor_fixes/score_level_predictions_reduced_subset.csv,VQC Statevector,191,1,0.2844931820722108,0,0.3100287622305141
same_reduced_four_feature_subset,/kaggle/working/aml-quantum-pipeline/reports/supervisor_fixes/score_level_predictions_reduced_subset.csv,VQC Statevector,192,0,0.3082688978004788,0,0.3100287622305141
same_reduced_four_feature_subset,/kaggle/working/aml-quantum-pipeline/reports/supervisor_fixes/score_level_predictions_reduced_subset.csv,VQC Statevector,193,0,0.2752858074860116,0,0.3100287622305141
same_reduced_four_feature_subset,/kaggle/working/aml-quantum-pipeline/reports/supervisor_fixes/score_level_predictions_reduced_subset.csv,VQC Statevector,194,1,0.3067286469268372,0,0.3100287622305141
same_reduced_four_feature_subset,/kaggle/working/aml-quantum-pipeline/reports/supervisor_fixes/score_level_predictions_reduced_subset.csv,VQC Statevector,195,1,0.2860319165754769,0,0.3100287622305141
same_reduced_four_feature_subset,/kaggle/working/aml-quantum-pipeline/reports/supervisor_fixes/score_level_predictions_reduced_subset.csv,VQC Statevector,196,1,0.2980768342619229,0,0.3100287622305141
same_reduced_four_feature_subset,/kaggle/working/aml-quantum-pipeline/reports/supervisor_fixes/score_level_predictions_reduced_subset.csv,VQC Statevector,197,1,0.2833071840269276,0,0.3100287622305141
same_reduced_four_feature_subset,/kaggle/working/aml-quantum-pipeline/reports/supervisor_fixes/score_level_predictions_reduced_subset.csv,VQC Statevector,198,1,0.2848843775479937,0,0.3100287622305141
same_reduced_four_feature_subset,/kaggle/working/aml-quantum-pipeline/reports/supervisor_fixes/score_level_predictions_reduced_subset.csv,VQC Statevector,199,1,0.3080264599893577,0,0.3100287622305141
same_reduced_four_feature_subset,/kaggle/working/aml-quantum-pipeline/reports/supervisor_fixes/score_level_predictions_reduced_subset.csv,VQC Statevector,200,0,0.2895237135289535,0,0.3100287622305141
same_reduced_four_feature_subset,/kaggle/working/aml-quantum-pipeline/reports/supervisor_fixes/score_level_predictions_reduced_subset.csv,VQC Statevector,201,0,0.2788732454038379,0,0.3100287622305141
same_reduced_four_feature_subset,/kaggle/working/aml-quantum-pipeline/reports/supervisor_fixes/score_level_predictions_reduced_subset.csv,VQC Statevector,202,0,0.2909515554999717,0,0.3100287622305141
same_reduced_four_feature_subset,/kaggle/working/aml-quantum-pipeline/reports/supervisor_fixes/score_level_predictions_reduced_subset.csv,VQC Statevector,203,1,0.3033206728030108,0,0.3100287622305141
same_reduced_four_feature_subset,/kaggle/working/aml-quantum-pipeline/reports/supervisor_fixes/score_level_predictions_reduced_subset.csv,VQC Statevector,204,0,0.2893118923091576,0,0.3100287622305141
same_reduced_four_feature_subset,/kaggle/working/aml-quantum-pipeline/reports/supervisor_fixes/score_level_predictions_reduced_subset.csv,VQC Statevector,205,0,0.2937046538680596,0,0.3100287622305141
same_reduced_four_feature_subset,/kaggle/working/aml-quantum-pipeline/reports/supervisor_fixes/score_level_predictions_reduced_subset.csv,VQC Statevector,206,1,0.2842425343439657,0,0.3100287622305141
same_reduced_four_feature_subset,/kaggle/working/aml-quantum-pipeline/reports/supervisor_fixes/score_level_predictions_reduced_subset.csv,VQC Statevector,207,1,0.3006316958293996,0,0.3100287622305141
same_reduced_four_feature_subset,/kaggle/working/aml-quantum-pipeline/reports/supervisor_fixes/score_level_predictions_reduced_subset.csv,VQC Statevector,208,0,0.2826129561601687,0,0.3100287622305141
same_reduced_four_feature_subset,/kaggle/working/aml-quantum-pipeline/reports/supervisor_fixes/score_level_predictions_reduced_subset.csv,VQC Statevector,209,1,0.2835228293088078,0,0.3100287622305141
same_reduced_four_feature_subset,/kaggle/working/aml-quantum-pipeline/reports/supervisor_fixes/score_level_predictions_reduced_subset.csv,VQC Statevector,210,1,0.2832632929218407,0,0.3100287622305141
same_reduced_four_feature_subset,/kaggle/working/aml-quantum-pipeline/reports/supervisor_fixes/score_level_predictions_reduced_subset.csv,VQC Statevector,211,0,0.2986170088956442,0,0.3100287622305141
same_reduced_four_feature_subset,/kaggle/working/aml-quantum-pipeline/reports/supervisor_fixes/score_level_predictions_reduced_subset.csv,VQC Statevector,212,1,0.2830084057423693,0,0.3100287622305141
same_reduced_four_feature_subset,/kaggle/working/aml-quantum-pipeline/reports/supervisor_fixes/score_level_predictions_reduced_subset.csv,VQC Statevector,213,1,0.3005479808529,0,0.3100287622305141
same_reduced_four_feature_subset,/kaggle/working/aml-quantum-pipeline/reports/supervisor_fixes/score_level_predictions_reduced_subset.csv,VQC Statevector,214,1,0.2880909372758202,0,0.3100287622305141
same_reduced_four_feature_subset,/kaggle/working/aml-quantum-pipeline/reports/supervisor_fixes/score_level_predictions_reduced_subset.csv,VQC Statevector,215,1,0.2993291241590103,0,0.3100287622305141
same_reduced_four_feature_subset,/kaggle/working/aml-quantum-pipeline/reports/supervisor_fixes/score_level_predictions_reduced_subset.csv,VQC Statevector,216,1,0.2940526869737749,0,0.3100287622305141
same_reduced_four_feature_subset,/kaggle/working/aml-quantum-pipeline/reports/supervisor_fixes/score_level_predictions_reduced_subset.csv,VQC Statevector,217,0,0.2907104909047298,0,0.3100287622305141
same_reduced_four_feature_subset,/kaggle/working/aml-quantum-pipeline/reports/supervisor_fixes/score_level_predictions_reduced_subset.csv,VQC Statevector,218,1,0.2723321210355294,0,0.3100287622305141
same_reduced_four_feature_subset,/kaggle/working/aml-quantum-pipeline/reports/supervisor_fixes/score_level_predictions_reduced_subset.csv,VQC Statevector,219,1,0.3066183068111415,0,0.3100287622305141
same_reduced_four_feature_subset,/kaggle/working/aml-quantum-pipeline/reports/supervisor_fixes/score_level_predictions_reduced_subset.csv,VQC Statevector,220,1,0.2947543833949251,0,0.3100287622305141
same_reduced_four_feature_subset,/kaggle/working/aml-quantum-pipeline/reports/supervisor_fixes/score_level_predictions_reduced_subset.csv,VQC Statevector,221,1,0.3059085086677665,0,0.3100287622305141
same_reduced_four_feature_subset,/kaggle/working/aml-quantum-pipeline/reports/supervisor_fixes/score_level_predictions_reduced_subset.csv,VQC Statevector,222,0,0.2865167695960873,0,0.3100287622305141
same_reduced_four_feature_subset,/kaggle/working/aml-quantum-pipeline/reports/supervisor_fixes/score_level_predictions_reduced_subset.csv,VQC Statevector,223,0,0.2880256557276929,0,0.3100287622305141
same_reduced_four_feature_subset,/kaggle/working/aml-quantum-pipeline/reports/supervisor_fixes/score_level_predictions_reduced_subset.csv,VQC Statevector,224,0,0.2890457938749066,0,0.3100287622305141
same_reduced_four_feature_subset,/kaggle/working/aml-quantum-pipeline/reports/supervisor_fixes/score_level_predictions_reduced_subset.csv,VQC Statevector,225,1,0.2826014171833789,0,0.3100287622305141
same_reduced_four_feature_subset,/kaggle/working/aml-quantum-pipeline/reports/supervisor_fixes/score_level_predictions_reduced_subset.csv,VQC Statevector,226,1,0.2857717169435272,0,0.3100287622305141
same_reduced_four_feature_subset,/kaggle/working/aml-quantum-pipeline/reports/supervisor_fixes/score_level_predictions_reduced_subset.csv,VQC Statevector,227,1,0.3147390857358322,1,0.3100287622305141
same_reduced_four_feature_subset,/kaggle/working/aml-quantum-pipeline/reports/supervisor_fixes/score_level_predictions_reduced_subset.csv,VQC Statevector,228,0,0.3040917809028758,0,0.3100287622305141
same_reduced_four_feature_subset,/kaggle/working/aml-quantum-pipeline/reports/supervisor_fixes/score_level_predictions_reduced_subset.csv,VQC Statevector,229,1,0.305021157711923,0,0.3100287622305141
same_reduced_four_feature_subset,/kaggle/working/aml-quantum-pipeline/reports/supervisor_fixes/score_level_predictions_reduced_subset.csv,VQC Statevector,230,0,0.2877724126940369,0,0.3100287622305141
same_reduced_four_feature_subset,/kaggle/working/aml-quantum-pipeline/reports/supervisor_fixes/score_level_predictions_reduced_subset.csv,VQC Statevector,231,1,0.2948176889635588,0,0.3100287622305141
same_reduced_four_feature_subset,/kaggle/working/aml-quantum-pipeline/reports/supervisor_fixes/score_level_predictions_reduced_subset.csv,VQC Statevector,232,0,0.2797934572184857,0,0.3100287622305141
same_reduced_four_feature_subset,/kaggle/working/aml-quantum-pipeline/reports/supervisor_fixes/score_level_predictions_reduced_subset.csv,VQC Statevector,233,1,0.2929386879419588,0,0.3100287622305141
same_reduced_four_feature_subset,/kaggle/working/aml-quantum-pipeline/reports/supervisor_fixes/score_level_predictions_reduced_subset.csv,VQC Statevector,234,0,0.2802571850147738,0,0.3100287622305141
same_reduced_four_feature_subset,/kaggle/working/aml-quantum-pipeline/reports/supervisor_fixes/score_level_predictions_reduced_subset.csv,VQC Statevector,235,1,0.299339455749796,0,0.3100287622305141
same_reduced_four_feature_subset,/kaggle/working/aml-quantum-pipeline/reports/supervisor_fixes/score_level_predictions_reduced_subset.csv,VQC Statevector,236,1,0.2841072819758672,0,0.3100287622305141
same_reduced_four_feature_subset,/kaggle/working/aml-quantum-pipeline/reports/supervisor_fixes/score_level_predictions_reduced_subset.csv,VQC Statevector,237,1,0.3068679172940471,0,0.3100287622305141
same_reduced_four_feature_subset,/kaggle/working/aml-quantum-pipeline/reports/supervisor_fixes/score_level_predictions_reduced_subset.csv,VQC Statevector,238,0,0.3157841289092233,1,0.3100287622305141
same_reduced_four_feature_subset,/kaggle/working/aml-quantum-pipeline/reports/supervisor_fixes/score_level_predictions_reduced_subset.csv,VQC Statevector,239,0,0.2826129561601687,0,0.3100287622305141
same_reduced_four_feature_subset,/kaggle/working/aml-quantum-pipeline/reports/supervisor_fixes/score_level_predictions_reduced_subset.csv,VQC Statevector,240,0,0.2872680515236935,0,0.3100287622305141
same_reduced_four_feature_subset,/kaggle/working/aml-quantum-pipeline/reports/supervisor_fixes/score_level_predictions_reduced_subset.csv,VQC Statevector,241,1,0.2913849071364023,0,0.3100287622305141
same_reduced_four_feature_subset,/kaggle/working/aml-quantum-pipeline/reports/supervisor_fixes/score_level_predictions_reduced_subset.csv,VQC Statevector,242,0,0.2887896772420815,0,0.3100287622305141
same_reduced_four_feature_subset,/kaggle/working/aml-quantum-pipeline/reports/supervisor_fixes/score_level_predictions_reduced_subset.csv,VQC Statevector,243,1,0.2959403703052703,0,0.3100287622305141
same_reduced_four_feature_subset,/kaggle/working/aml-quantum-pipeline/reports/supervisor_fixes/score_level_predictions_reduced_subset.csv,VQC Statevector,244,1,0.3155665890298723,1,0.3100287622305141
same_reduced_four_feature_subset,/kaggle/working/aml-quantum-pipeline/reports/supervisor_fixes/score_level_predictions_reduced_subset.csv,VQC Statevector,245,1,0.3028110981478611,0,0.3100287622305141
same_reduced_four_feature_subset,/kaggle/working/aml-quantum-pipeline/reports/supervisor_fixes/score_level_predictions_reduced_subset.csv,VQC Statevector,246,1,0.2817517211137275,0,0.3100287622305141
same_reduced_four_feature_subset,/kaggle/working/aml-quantum-pipeline/reports/supervisor_fixes/score_level_predictions_reduced_subset.csv,VQC Statevector,247,0,0.2954220244802124,0,0.3100287622305141
same_reduced_four_feature_subset,/kaggle/working/aml-quantum-pipeline/reports/supervisor_fixes/score_level_predictions_reduced_subset.csv,VQC Statevector,248,1,0.305987425131748,0,0.3100287622305141
same_reduced_four_feature_subset,/kaggle/working/aml-quantum-pipeline/reports/supervisor_fixes/score_level_predictions_reduced_subset.csv,VQC Statevector,249,0,0.2850328025404571,0,0.3100287622305141
same_reduced_four_feature_subset,/kaggle/working/aml-quantum-pipeline/reports/supervisor_fixes/score_level_predictions_reduced_subset.csv,VQC Statevector,250,0,0.2925310251102345,0,0.3100287622305141
same_reduced_four_feature_subset,/kaggle/working/aml-quantum-pipeline/reports/supervisor_fixes/score_level_predictions_reduced_subset.csv,VQC Statevector,251,0,0.2972738941713172,0,0.3100287622305141
same_reduced_four_feature_subset,/kaggle/working/aml-quantum-pipeline/reports/supervisor_fixes/score_level_predictions_reduced_subset.csv,VQC Statevector,252,1,0.3023838087786251,0,0.3100287622305141
same_reduced_four_feature_subset,/kaggle/working/aml-quantum-pipeline/reports/supervisor_fixes/score_level_predictions_reduced_subset.csv,VQC Statevector,253,0,0.2882796117786245,0,0.3100287622305141
same_reduced_four_feature_subset,/kaggle/working/aml-quantum-pipeline/reports/supervisor_fixes/score_level_predictions_reduced_subset.csv,VQC Statevector,254,1,0.2918045329961864,0,0.3100287622305141
same_reduced_four_feature_subset,/kaggle/working/aml-quantum-pipeline/reports/supervisor_fixes/score_level_predictions_reduced_subset.csv,VQC Statevector,255,1,0.2835999052807222,0,0.3100287622305141
same_reduced_four_feature_subset,/kaggle/working/aml-quantum-pipeline/reports/supervisor_fixes/score_level_predictions_reduced_subset.csv,VQC Statevector,256,1,0.3082903284102336,0,0.3100287622305141
same_reduced_four_feature_subset,/kaggle/working/aml-quantum-pipeline/reports/supervisor_fixes/score_level_predictions_reduced_subset.csv,VQC Statevector,257,0,0.2968486032366891,0,0.3100287622305141
same_reduced_four_feature_subset,/kaggle/working/aml-quantum-pipeline/reports/supervisor_fixes/score_level_predictions_reduced_subset.csv,VQC Statevector,258,0,0.2953949432195018,0,0.3100287622305141
same_reduced_four_feature_subset,/kaggle/working/aml-quantum-pipeline/reports/supervisor_fixes/score_level_predictions_reduced_subset.csv,VQC Statevector,259,1,0.280452504003899,0,0.3100287622305141
same_reduced_four_feature_subset,/kaggle/working/aml-quantum-pipeline/reports/supervisor_fixes/score_level_predictions_reduced_subset.csv,VQC Statevector,260,1,0.3001379411942798,0,0.3100287622305141
same_reduced_four_feature_subset,/kaggle/working/aml-quantum-pipeline/reports/supervisor_fixes/score_level_predictions_reduced_subset.csv,VQC Statevector,261,1,0.315840975317494,1,0.3100287622305141
same_reduced_four_feature_subset,/kaggle/working/aml-quantum-pipeline/reports/supervisor_fixes/score_level_predictions_reduced_subset.csv,VQC Statevector,262,1,0.3022137202123934,0,0.3100287622305141
same_reduced_four_feature_subset,/kaggle/working/aml-quantum-pipeline/reports/supervisor_fixes/score_level_predictions_reduced_subset.csv,VQC Statevector,263,0,0.2887537579106387,0,0.3100287622305141
same_reduced_four_feature_subset,/kaggle/working/aml-quantum-pipeline/reports/supervisor_fixes/score_level_predictions_reduced_subset.csv,VQC Statevector,264,0,0.2748475430371742,0,0.3100287622305141
same_reduced_four_feature_subset,/kaggle/working/aml-quantum-pipeline/reports/supervisor_fixes/score_level_predictions_reduced_subset.csv,VQC Statevector,265,1,0.2906915630201634,0,0.3100287622305141
same_reduced_four_feature_subset,/kaggle/working/aml-quantum-pipeline/reports/supervisor_fixes/score_level_predictions_reduced_subset.csv,VQC Statevector,266,1,0.3018626874967884,0,0.3100287622305141
same_reduced_four_feature_subset,/kaggle/working/aml-quantum-pipeline/reports/supervisor_fixes/score_level_predictions_reduced_subset.csv,VQC Statevector,267,0,0.2797934572184857,0,0.3100287622305141
same_reduced_four_feature_subset,/kaggle/working/aml-quantum-pipeline/reports/supervisor_fixes/score_level_predictions_reduced_subset.csv,VQC Statevector,268,0,0.2807233574330711,0,0.3100287622305141
same_reduced_four_feature_subset,/kaggle/working/aml-quantum-pipeline/reports/supervisor_fixes/score_level_predictions_reduced_subset.csv,VQC Statevector,269,1,0.2927821669226919,0,0.3100287622305141
same_reduced_four_feature_subset,/kaggle/working/aml-quantum-pipeline/reports/supervisor_fixes/score_level_predictions_reduced_subset.csv,VQC Statevector,270,1,0.3014295019249221,0,0.3100287622305141
same_reduced_four_feature_subset,/kaggle/working/aml-quantum-pipeline/reports/supervisor_fixes/score_level_predictions_reduced_subset.csv,VQC Statevector,271,0,0.2804899642218728,0,0.3100287622305141
same_reduced_four_feature_subset,/kaggle/working/aml-quantum-pipeline/reports/supervisor_fixes/score_level_predictions_reduced_subset.csv,VQC Statevector,272,1,0.3096406474911264,0,0.3100287622305141
same_reduced_four_feature_subset,/kaggle/working/aml-quantum-pipeline/reports/supervisor_fixes/score_level_predictions_reduced_subset.csv,VQC Statevector,273,0,0.2746292341311748,0,0.3100287622305141
same_reduced_four_feature_subset,/kaggle/working/aml-quantum-pipeline/reports/supervisor_fixes/score_level_predictions_reduced_subset.csv,VQC Statevector,274,1,0.3073743234802715,0,0.3100287622305141
same_reduced_four_feature_subset,/kaggle/working/aml-quantum-pipeline/reports/supervisor_fixes/score_level_predictions_reduced_subset.csv,VQC Statevector,275,1,0.2656310133837154,0,0.3100287622305141
same_reduced_four_feature_subset,/kaggle/working/aml-quantum-pipeline/reports/supervisor_fixes/score_level_predictions_reduced_subset.csv,VQC Statevector,276,0,0.308529227252118,0,0.3100287622305141
same_reduced_four_feature_subset,/kaggle/working/aml-quantum-pipeline/reports/supervisor_fixes/score_level_predictions_reduced_subset.csv,VQC Statevector,277,0,0.2948682860821274,0,0.3100287622305141
same_reduced_four_feature_subset,/kaggle/working/aml-quantum-pipeline/reports/supervisor_fixes/score_level_predictions_reduced_subset.csv,VQC Statevector,278,0,0.2942491704243254,0,0.3100287622305141
same_reduced_four_feature_subset,/kaggle/working/aml-quantum-pipeline/reports/supervisor_fixes/score_level_predictions_reduced_subset.csv,VQC Statevector,279,0,0.2877724126940369,0,0.3100287622305141
same_reduced_four_feature_subset,/kaggle/working/aml-quantum-pipeline/reports/supervisor_fixes/score_level_predictions_reduced_subset.csv,VQC Statevector,280,0,0.2885653868329114,0,0.3100287622305141
same_reduced_four_feature_subset,/kaggle/working/aml-quantum-pipeline/reports/supervisor_fixes/score_level_predictions_reduced_subset.csv,VQC Statevector,281,0,0.2781893377897347,0,0.3100287622305141
same_reduced_four_feature_subset,/kaggle/working/aml-quantum-pipeline/reports/supervisor_fixes/score_level_predictions_reduced_subset.csv,VQC Statevector,282,1,0.2969913084893447,0,0.3100287622305141
same_reduced_four_feature_subset,/kaggle/working/aml-quantum-pipeline/reports/supervisor_fixes/score_level_predictions_reduced_subset.csv,VQC Statevector,283,0,0.3015099945870849,0,0.3100287622305141
same_reduced_four_feature_subset,/kaggle/working/aml-quantum-pipeline/reports/supervisor_fixes/score_level_predictions_reduced_subset.csv,VQC Statevector,284,1,0.3027594197769995,0,0.3100287622305141
same_reduced_four_feature_subset,/kaggle/working/aml-quantum-pipeline/reports/supervisor_fixes/score_level_predictions_reduced_subset.csv,VQC Statevector,285,0,0.2890457938749066,0,0.3100287622305141
same_reduced_four_feature_subset,/kaggle/working/aml-quantum-pipeline/reports/supervisor_fixes/score_level_predictions_reduced_subset.csv,VQC Statevector,286,1,0.2935339930900337,0,0.3100287622305141
same_reduced_four_feature_subset,/kaggle/working/aml-quantum-pipeline/reports/supervisor_fixes/score_level_predictions_reduced_subset.csv,VQC Statevector,287,1,0.294030537553462,0,0.3100287622305141
same_reduced_four_feature_subset,/kaggle/working/aml-quantum-pipeline/reports/supervisor_fixes/score_level_predictions_reduced_subset.csv,VQC Statevector,288,0,0.2949879251593104,0,0.3100287622305141
same_reduced_four_feature_subset,/kaggle/working/aml-quantum-pipeline/reports/supervisor_fixes/score_level_predictions_reduced_subset.csv,VQC Statevector,289,1,0.2811117895832221,0,0.3100287622305141
same_reduced_four_feature_subset,/kaggle/working/aml-quantum-pipeline/reports/supervisor_fixes/score_level_predictions_reduced_subset.csv,VQC Statevector,290,1,0.2849465155505322,0,0.3100287622305141
same_reduced_four_feature_subset,/kaggle/working/aml-quantum-pipeline/reports/supervisor_fixes/score_level_predictions_reduced_subset.csv,VQC Statevector,291,1,0.3094293254844281,0,0.3100287622305141
same_reduced_four_feature_subset,/kaggle/working/aml-quantum-pipeline/reports/supervisor_fixes/score_level_predictions_reduced_subset.csv,VQC Statevector,292,1,0.3080329059981986,0,0.3100287622305141
same_reduced_four_feature_subset,/kaggle/working/aml-quantum-pipeline/reports/supervisor_fixes/score_level_predictions_reduced_subset.csv,VQC Statevector,293,0,0.2916392255667838,0,0.3100287622305141
same_reduced_four_feature_subset,/kaggle/working/aml-quantum-pipeline/reports/supervisor_fixes/score_level_predictions_reduced_subset.csv,VQC Statevector,294,0,0.2786446853948378,0,0.3100287622305141
same_reduced_four_feature_subset,/kaggle/working/aml-quantum-pipeline/reports/supervisor_fixes/score_level_predictions_reduced_subset.csv,VQC Statevector,295,0,0.3005400892164037,0,0.3100287622305141
same_reduced_four_feature_subset,/kaggle/working/aml-quantum-pipeline/reports/supervisor_fixes/score_level_predictions_reduced_subset.csv,VQC Statevector,296,1,0.3155052991041766,1,0.3100287622305141
same_reduced_four_feature_subset,/kaggle/working/aml-quantum-pipeline/reports/supervisor_fixes/score_level_predictions_reduced_subset.csv,VQC Statevector,297,0,0.2804899642218728,0,0.3100287622305141
same_reduced_four_feature_subset,/kaggle/working/aml-quantum-pipeline/reports/supervisor_fixes/score_level_predictions_reduced_subset.csv,VQC Statevector,298,1,0.2913749521408064,0,0.3100287622305141
same_reduced_four_feature_subset,/kaggle/working/aml-quantum-pipeline/reports/supervisor_fixes/score_level_predictions_reduced_subset.csv,VQC Statevector,299,1,0.2804715870045459,0,0.3100287622305141
ibm_hardware_300_sample_feasibility,/kaggle/working/aml-quantum-pipeline/reports/final_hardware_300_split/isolation_forest_quantum_hybrid_hardware_300_split_scores.csv,"Isolation Forest + Quantum Kernel SVC IBM Hardware, 300-sample split test",0,0,-1.070216049382716,0,0.3501080246913581
ibm_hardware_300_sample_feasibility,/kaggle/working/aml-quantum-pipeline/reports/final_hardware_300_split/isolation_forest_quantum_hybrid_hardware_300_split_scores.csv,"Isolation Forest + Quantum Kernel SVC IBM Hardware, 300-sample split test",1,1,0.9296875,1,0.3501080246913581
ibm_hardware_300_sample_feasibility,/kaggle/working/aml-quantum-pipeline/reports/final_hardware_300_split/isolation_forest_quantum_hybrid_hardware_300_split_scores.csv,"Isolation Forest + Quantum Kernel SVC IBM Hardware, 300-sample split test",2,0,0.863184799382716,1,0.3501080246913581
ibm_hardware_300_sample_feasibility,/kaggle/working/aml-quantum-pipeline/reports/final_hardware_300_split/isolation_forest_quantum_hybrid_hardware_300_split_scores.csv,"Isolation Forest + Quantum Kernel SVC IBM Hardware, 300-sample split test",3,0,-1.0886863425925928,0,0.3501080246913581
ibm_hardware_300_sample_feasibility,/kaggle/working/aml-quantum-pipeline/reports/final_hardware_300_split/isolation_forest_quantum_hybrid_hardware_300_split_scores.csv,"Isolation Forest + Quantum Kernel SVC IBM Hardware, 300-sample split test",4,0,-1.1317033179012346,0,0.3501080246913581
ibm_hardware_300_sample_feasibility,/kaggle/working/aml-quantum-pipeline/reports/final_hardware_300_split/isolation_forest_quantum_hybrid_hardware_300_split_scores.csv,"Isolation Forest + Quantum Kernel SVC IBM Hardware, 300-sample split test",5,1,0.836082175925926,1,0.3501080246913581
ibm_hardware_300_sample_feasibility,/kaggle/working/aml-quantum-pipeline/reports/final_hardware_300_split/isolation_forest_quantum_hybrid_hardware_300_split_scores.csv,"Isolation Forest + Quantum Kernel SVC IBM Hardware, 300-sample split test",6,1,0.876880787037037,1,0.3501080246913581
ibm_hardware_300_sample_feasibility,/kaggle/working/aml-quantum-pipeline/reports/final_hardware_300_split/isolation_forest_quantum_hybrid_hardware_300_split_scores.csv,"Isolation Forest + Quantum Kernel SVC IBM Hardware, 300-sample split test",7,0,-1.119116512345679,0,0.3501080246913581
ibm_hardware_300_sample_feasibility,/kaggle/working/aml-quantum-pipeline/reports/final_hardware_300_split/isolation_forest_quantum_hybrid_hardware_300_split_scores.csv,"Isolation Forest + Quantum Kernel SVC IBM Hardware, 300-sample split test",8,1,0.8250385802469136,1,0.3501080246913581
ibm_hardware_300_sample_feasibility,/kaggle/working/aml-quantum-pipeline/reports/final_hardware_300_split/isolation_forest_quantum_hybrid_hardware_300_split_scores.csv,"Isolation Forest + Quantum Kernel SVC IBM Hardware, 300-sample split test",9,1,0.9442515432098766,1,0.3501080246913581
ibm_hardware_300_sample_feasibility,/kaggle/working/aml-quantum-pipeline/reports/final_hardware_300_split/isolation_forest_quantum_hybrid_hardware_300_split_scores.csv,"Isolation Forest + Quantum Kernel SVC IBM Hardware, 300-sample split test",10,0,-1.0526138117283952,0,0.3501080246913581
ibm_hardware_300_sample_feasibility,/kaggle/working/aml-quantum-pipeline/reports/final_hardware_300_split/isolation_forest_quantum_hybrid_hardware_300_split_scores.csv,"Isolation Forest + Quantum Kernel SVC IBM Hardware, 300-sample split test",11,0,-1.1062885802469136,0,0.3501080246913581
ibm_hardware_300_sample_feasibility,/kaggle/working/aml-quantum-pipeline/reports/final_hardware_300_split/isolation_forest_quantum_hybrid_hardware_300_split_scores.csv,"Isolation Forest + Quantum Kernel SVC IBM Hardware, 300-sample split test",12,1,0.820216049382716,1,0.3501080246913581
ibm_hardware_300_sample_feasibility,/kaggle/working/aml-quantum-pipeline/reports/final_hardware_300_split/isolation_forest_quantum_hybrid_hardware_300_split_scores.csv,"Isolation Forest + Quantum Kernel SVC IBM Hardware, 300-sample split test",13,0,-1.1267843364197532,0,0.3501080246913581
ibm_hardware_300_sample_feasibility,/kaggle/working/aml-quantum-pipeline/reports/final_hardware_300_split/isolation_forest_quantum_hybrid_hardware_300_split_scores.csv,"Isolation Forest + Quantum Kernel SVC IBM Hardware, 300-sample split test",14,0,0.87890625,1,0.3501080246913581
ibm_hardware_300_sample_feasibility,/kaggle/working/aml-quantum-pipeline/reports/final_hardware_300_split/isolation_forest_quantum_hybrid_hardware_300_split_scores.csv,"Isolation Forest + Quantum Kernel SVC IBM Hardware, 300-sample split test",15,1,0.9669174382716048,1,0.3501080246913581
ibm_hardware_300_sample_feasibility,/kaggle/working/aml-quantum-pipeline/reports/final_hardware_300_split/isolation_forest_quantum_hybrid_hardware_300_split_scores.csv,"Isolation Forest + Quantum Kernel SVC IBM Hardware, 300-sample split test",16,0,-1.0907600308641976,0,0.3501080246913581
ibm_hardware_300_sample_feasibility,/kaggle/working/aml-quantum-pipeline/reports/final_hardware_300_split/isolation_forest_quantum_hybrid_hardware_300_split_scores.csv,"Isolation Forest + Quantum Kernel SVC IBM Hardware, 300-sample split test",17,0,-1.1532118055555556,0,0.3501080246913581
ibm_hardware_300_sample_feasibility,/kaggle/working/aml-quantum-pipeline/reports/final_hardware_300_split/isolation_forest_quantum_hybrid_hardware_300_split_scores.csv,"Isolation Forest + Quantum Kernel SVC IBM Hardware, 300-sample split test",18,0,-1.0573881172839508,0,0.3501080246913581
ibm_hardware_300_sample_feasibility,/kaggle/working/aml-quantum-pipeline/reports/final_hardware_300_split/isolation_forest_quantum_hybrid_hardware_300_split_scores.csv,"Isolation Forest + Quantum Kernel SVC IBM Hardware, 300-sample split test",19,1,0.9344135802469136,1,0.3501080246913581
ibm_hardware_300_sample_feasibility,/kaggle/working/aml-quantum-pipeline/reports/final_hardware_300_split/isolation_forest_quantum_hybrid_hardware_300_split_scores.csv,"Isolation Forest + Quantum Kernel SVC IBM Hardware, 300-sample split test",20,0,0.8428337191358024,1,0.3501080246913581
ibm_hardware_300_sample_feasibility,/kaggle/working/aml-quantum-pipeline/reports/final_hardware_300_split/isolation_forest_quantum_hybrid_hardware_300_split_scores.csv,"Isolation Forest + Quantum Kernel SVC IBM Hardware, 300-sample split test",21,1,0.8181905864197532,1,0.3501080246913581
ibm_hardware_300_sample_feasibility,/kaggle/working/aml-quantum-pipeline/reports/final_hardware_300_split/isolation_forest_quantum_hybrid_hardware_300_split_scores.csv,"Isolation Forest + Quantum Kernel SVC IBM Hardware, 300-sample split test",22,0,0.826147762345679,1,0.3501080246913581
ibm_hardware_300_sample_feasibility,/kaggle/working/aml-quantum-pipeline/reports/final_hardware_300_split/isolation_forest_quantum_hybrid_hardware_300_split_scores.csv,"Isolation Forest + Quantum Kernel SVC IBM Hardware, 300-sample split test",23,1,0.7566550925925926,1,0.3501080246913581
ibm_hardware_300_sample_feasibility,/kaggle/working/aml-quantum-pipeline/reports/final_hardware_300_split/isolation_forest_quantum_hybrid_hardware_300_split_scores.csv,"Isolation Forest + Quantum Kernel SVC IBM Hardware, 300-sample split test",24,0,-1.1591917438271606,0,0.3501080246913581
ibm_hardware_300_sample_feasibility,/kaggle/working/aml-quantum-pipeline/reports/final_hardware_300_split/isolation_forest_quantum_hybrid_hardware_300_split_scores.csv,"Isolation Forest + Quantum Kernel SVC IBM Hardware, 300-sample split test",25,0,0.8838252314814814,1,0.3501080246913581
ibm_hardware_300_sample_feasibility,/kaggle/working/aml-quantum-pipeline/reports/final_hardware_300_split/isolation_forest_quantum_hybrid_hardware_300_split_scores.csv,"Isolation Forest + Quantum Kernel SVC IBM Hardware, 300-sample split test",26,1,0.921826774691358,1,0.3501080246913581
ibm_hardware_300_sample_feasibility,/kaggle/working/aml-quantum-pipeline/reports/final_hardware_300_split/isolation_forest_quantum_hybrid_hardware_300_split_scores.csv,"Isolation Forest + Quantum Kernel SVC IBM Hardware, 300-sample split test",27,0,0.9470968364197532,1,0.3501080246913581
ibm_hardware_300_sample_feasibility,/kaggle/working/aml-quantum-pipeline/reports/final_hardware_300_split/isolation_forest_quantum_hybrid_hardware_300_split_scores.csv,"Isolation Forest + Quantum Kernel SVC IBM Hardware, 300-sample split test",28,1,0.8651138117283952,1,0.3501080246913581
ibm_hardware_300_sample_feasibility,/kaggle/working/aml-quantum-pipeline/reports/final_hardware_300_split/isolation_forest_quantum_hybrid_hardware_300_split_scores.csv,"Isolation Forest + Quantum Kernel SVC IBM Hardware, 300-sample split test",29,1,0.874855324074074,1,0.3501080246913581
ibm_hardware_300_sample_feasibility,/kaggle/working/aml-quantum-pipeline/reports/final_hardware_300_split/isolation_forest_quantum_hybrid_hardware_300_split_scores.csv,"Isolation Forest + Quantum Kernel SVC IBM Hardware, 300-sample split test",30,0,-1.1161747685185184,0,0.3501080246913581
ibm_hardware_300_sample_feasibility,/kaggle/working/aml-quantum-pipeline/reports/final_hardware_300_split/isolation_forest_quantum_hybrid_hardware_300_split_scores.csv,"Isolation Forest + Quantum Kernel SVC IBM Hardware, 300-sample split test",31,0,0.7908468364197532,1,0.3501080246913581
ibm_hardware_300_sample_feasibility,/kaggle/working/aml-quantum-pipeline/reports/final_hardware_300_split/isolation_forest_quantum_hybrid_hardware_300_split_scores.csv,"Isolation Forest + Quantum Kernel SVC IBM Hardware, 300-sample split test",32,0,0.8700327932098766,1,0.3501080246913581
ibm_hardware_300_sample_feasibility,/kaggle/working/aml-quantum-pipeline/reports/final_hardware_300_split/isolation_forest_quantum_hybrid_hardware_300_split_scores.csv,"Isolation Forest + Quantum Kernel SVC IBM Hardware, 300-sample split test",33,1,0.8848861882716048,1,0.3501080246913581
ibm_hardware_300_sample_feasibility,/kaggle/working/aml-quantum-pipeline/reports/final_hardware_300_split/isolation_forest_quantum_hybrid_hardware_300_split_scores.csv,"Isolation Forest + Quantum Kernel SVC IBM Hardware, 300-sample split test",34,0,0.8465952932098766,1,0.3501080246913581
ibm_hardware_300_sample_feasibility,/kaggle/working/aml-quantum-pipeline/reports/final_hardware_300_split/isolation_forest_quantum_hybrid_hardware_300_split_scores.csv,"Isolation Forest + Quantum Kernel SVC IBM Hardware, 300-sample split test",35,1,0.8953510802469136,1,0.3501080246913581
ibm_hardware_300_sample_feasibility,/kaggle/working/aml-quantum-pipeline/reports/final_hardware_300_split/isolation_forest_quantum_hybrid_hardware_300_split_scores.csv,"Isolation Forest + Quantum Kernel SVC IBM Hardware, 300-sample split test",36,0,-1.1063368055555556,0,0.3501080246913581
ibm_hardware_300_sample_feasibility,/kaggle/working/aml-quantum-pipeline/reports/final_hardware_300_split/isolation_forest_quantum_hybrid_hardware_300_split_scores.csv,"Isolation Forest + Quantum Kernel SVC IBM Hardware, 300-sample split test",37,0,-1.1297743055555558,0,0.3501080246913581
ibm_hardware_300_sample_feasibility,/kaggle/working/aml-quantum-pipeline/reports/final_hardware_300_split/isolation_forest_quantum_hybrid_hardware_300_split_scores.csv,"Isolation Forest + Quantum Kernel SVC IBM Hardware, 300-sample split test",38,0,0.816358024691358,1,0.3501080246913581
ibm_hardware_300_sample_feasibility,/kaggle/working/aml-quantum-pipeline/reports/final_hardware_300_split/isolation_forest_quantum_hybrid_hardware_300_split_scores.csv,"Isolation Forest + Quantum Kernel SVC IBM Hardware, 300-sample split test",39,1,0.8679591049382716,1,0.3501080246913581
ibm_hardware_300_sample_feasibility,/kaggle/working/aml-quantum-pipeline/reports/final_hardware_300_split/isolation_forest_quantum_hybrid_hardware_300_split_scores.csv,"Isolation Forest + Quantum Kernel SVC IBM Hardware, 300-sample split test",40,1,0.9129050925925926,1,0.3501080246913581
ibm_hardware_300_sample_feasibility,/kaggle/working/aml-quantum-pipeline/reports/final_hardware_300_split/isolation_forest_quantum_hybrid_hardware_300_split_scores.csv,"Isolation Forest + Quantum Kernel SVC IBM Hardware, 300-sample split test",41,0,0.9072627314814814,1,0.3501080246913581
ibm_hardware_300_sample_feasibility,/kaggle/working/aml-quantum-pipeline/reports/final_hardware_300_split/isolation_forest_quantum_hybrid_hardware_300_split_scores.csv,"Isolation Forest + Quantum Kernel SVC IBM Hardware, 300-sample split test",42,1,0.904272762345679,1,0.3501080246913581
ibm_hardware_300_sample_feasibility,/kaggle/working/aml-quantum-pipeline/reports/final_hardware_300_split/isolation_forest_quantum_hybrid_hardware_300_split_scores.csv,"Isolation Forest + Quantum Kernel SVC IBM Hardware, 300-sample split test",43,1,0.8680555555555556,1,0.3501080246913581
ibm_hardware_300_sample_feasibility,/kaggle/working/aml-quantum-pipeline/reports/final_hardware_300_split/isolation_forest_quantum_hybrid_hardware_300_split_scores.csv,"Isolation Forest + Quantum Kernel SVC IBM Hardware, 300-sample split test",44,0,-1.1092785493827162,0,0.3501080246913581
ibm_hardware_300_sample_feasibility,/kaggle/working/aml-quantum-pipeline/reports/final_hardware_300_split/isolation_forest_quantum_hybrid_hardware_300_split_scores.csv,"Isolation Forest + Quantum Kernel SVC IBM Hardware, 300-sample split test",45,1,0.894579475308642,1,0.3501080246913581
ibm_hardware_300_sample_feasibility,/kaggle/working/aml-quantum-pipeline/reports/final_hardware_300_split/isolation_forest_quantum_hybrid_hardware_300_split_scores.csv,"Isolation Forest + Quantum Kernel SVC IBM Hardware, 300-sample split test",46,0,-1.089747299382716,0,0.3501080246913581
ibm_hardware_300_sample_feasibility,/kaggle/working/aml-quantum-pipeline/reports/final_hardware_300_split/isolation_forest_quantum_hybrid_hardware_300_split_scores.csv,"Isolation Forest + Quantum Kernel SVC IBM Hardware, 300-sample split test",47,0,-1.0924961419753088,0,0.3501080246913581
ibm_hardware_300_sample_feasibility,/kaggle/working/aml-quantum-pipeline/reports/final_hardware_300_split/isolation_forest_quantum_hybrid_hardware_300_split_scores.csv,"Isolation Forest + Quantum Kernel SVC IBM Hardware, 300-sample split test",48,0,-1.1288097993827162,0,0.3501080246913581
ibm_hardware_300_sample_feasibility,/kaggle/working/aml-quantum-pipeline/reports/final_hardware_300_split/isolation_forest_quantum_hybrid_hardware_300_split_scores.csv,"Isolation Forest + Quantum Kernel SVC IBM Hardware, 300-sample split test",49,1,0.916039737654321,1,0.3501080246913581
ibm_hardware_300_sample_feasibility,/kaggle/working/aml-quantum-pipeline/reports/final_hardware_300_split/isolation_forest_quantum_hybrid_hardware_300_split_scores.csv,"Isolation Forest + Quantum Kernel SVC IBM Hardware, 300-sample split test",50,1,0.8837287808641976,1,0.3501080246913581
ibm_hardware_300_sample_feasibility,/kaggle/working/aml-quantum-pipeline/reports/final_hardware_300_split/isolation_forest_quantum_hybrid_hardware_300_split_scores.csv,"Isolation Forest + Quantum Kernel SVC IBM Hardware, 300-sample split test",51,0,-1.1209490740740742,0,0.3501080246913581
ibm_hardware_300_sample_feasibility,/kaggle/working/aml-quantum-pipeline/reports/final_hardware_300_split/isolation_forest_quantum_hybrid_hardware_300_split_scores.csv,"Isolation Forest + Quantum Kernel SVC IBM Hardware, 300-sample split test",52,1,0.9561149691358024,1,0.3501080246913581
ibm_hardware_300_sample_feasibility,/kaggle/working/aml-quantum-pipeline/reports/final_hardware_300_split/isolation_forest_quantum_hybrid_hardware_300_split_scores.csv,"Isolation Forest + Quantum Kernel SVC IBM Hardware, 300-sample split test",53,0,0.8444733796296298,1,0.3501080246913581
ibm_hardware_300_sample_feasibility,/kaggle/working/aml-quantum-pipeline/reports/final_hardware_300_split/isolation_forest_quantum_hybrid_hardware_300_split_scores.csv,"Isolation Forest + Quantum Kernel SVC IBM Hardware, 300-sample split test",54,1,0.8268711419753085,1,0.3501080246913581
ibm_hardware_300_sample_feasibility,/kaggle/working/aml-quantum-pipeline/reports/final_hardware_300_split/isolation_forest_quantum_hybrid_hardware_300_split_scores.csv,"Isolation Forest + Quantum Kernel SVC IBM Hardware, 300-sample split test",55,0,-1.1091820987654322,0,0.3501080246913581
ibm_hardware_300_sample_feasibility,/kaggle/working/aml-quantum-pipeline/reports/final_hardware_300_split/isolation_forest_quantum_hybrid_hardware_300_split_scores.csv,"Isolation Forest + Quantum Kernel SVC IBM Hardware, 300-sample split test",56,1,0.8025173611111112,1,0.3501080246913581
ibm_hardware_300_sample_feasibility,/kaggle/working/aml-quantum-pipeline/reports/final_hardware_300_split/isolation_forest_quantum_hybrid_hardware_300_split_scores.csv,"Isolation Forest + Quantum Kernel SVC IBM Hardware, 300-sample split test",57,1,0.958960262345679,1,0.3501080246913581
ibm_hardware_300_sample_feasibility,/kaggle/working/aml-quantum-pipeline/reports/final_hardware_300_split/isolation_forest_quantum_hybrid_hardware_300_split_scores.csv,"Isolation Forest + Quantum Kernel SVC IBM Hardware, 300-sample split test",58,1,0.9110725308641976,1,0.3501080246913581
ibm_hardware_300_sample_feasibility,/kaggle/working/aml-quantum-pipeline/reports/final_hardware_300_split/isolation_forest_quantum_hybrid_hardware_300_split_scores.csv,"Isolation Forest + Quantum Kernel SVC IBM Hardware, 300-sample split test",59,0,-1.1513310185185186,0,0.3501080246913581
ibm_hardware_300_sample_feasibility,/kaggle/working/aml-quantum-pipeline/reports/final_hardware_300_split/isolation_forest_quantum_hybrid_hardware_300_split_scores.csv,"Isolation Forest + Quantum Kernel SVC IBM Hardware, 300-sample split test",60,0,-1.1443865740740742,0,0.3501080246913581
ibm_hardware_300_sample_feasibility,/kaggle/working/aml-quantum-pipeline/reports/final_hardware_300_split/isolation_forest_quantum_hybrid_hardware_300_split_scores.csv,"Isolation Forest + Quantum Kernel SVC IBM Hardware, 300-sample split test",61,1,0.9072145061728394,1,0.3501080246913581
ibm_hardware_300_sample_feasibility,/kaggle/working/aml-quantum-pipeline/reports/final_hardware_300_split/isolation_forest_quantum_hybrid_hardware_300_split_scores.csv,"Isolation Forest + Quantum Kernel SVC IBM Hardware, 300-sample split test",62,1,0.892554012345679,1,0.3501080246913581
ibm_hardware_300_sample_feasibility,/kaggle/working/aml-quantum-pipeline/reports/final_hardware_300_split/isolation_forest_quantum_hybrid_hardware_300_split_scores.csv,"Isolation Forest + Quantum Kernel SVC IBM Hardware, 300-sample split test",63,1,0.8924093364197532,1,0.3501080246913581
ibm_hardware_300_sample_feasibility,/kaggle/working/aml-quantum-pipeline/reports/final_hardware_300_split/isolation_forest_quantum_hybrid_hardware_300_split_scores.csv,"Isolation Forest + Quantum Kernel SVC IBM Hardware, 300-sample split test",64,1,0.8972800925925926,1,0.3501080246913581
ibm_hardware_300_sample_feasibility,/kaggle/working/aml-quantum-pipeline/reports/final_hardware_300_split/isolation_forest_quantum_hybrid_hardware_300_split_scores.csv,"Isolation Forest + Quantum Kernel SVC IBM Hardware, 300-sample split test",65,1,1.0020736882716048,1,0.3501080246913581
ibm_hardware_300_sample_feasibility,/kaggle/working/aml-quantum-pipeline/reports/final_hardware_300_split/isolation_forest_quantum_hybrid_hardware_300_split_scores.csv,"Isolation Forest + Quantum Kernel SVC IBM Hardware, 300-sample split test",66,1,0.8641975308641976,1,0.3501080246913581
ibm_hardware_300_sample_feasibility,/kaggle/working/aml-quantum-pipeline/reports/final_hardware_300_split/isolation_forest_quantum_hybrid_hardware_300_split_scores.csv,"Isolation Forest + Quantum Kernel SVC IBM Hardware, 300-sample split test",67,0,-1.1493055555555558,0,0.3501080246913581
ibm_hardware_300_sample_feasibility,/kaggle/working/aml-quantum-pipeline/reports/final_hardware_300_split/isolation_forest_quantum_hybrid_hardware_300_split_scores.csv,"Isolation Forest + Quantum Kernel SVC IBM Hardware, 300-sample split test",68,1,-1.1170428240740742,0,0.3501080246913581
ibm_hardware_300_sample_feasibility,/kaggle/working/aml-quantum-pipeline/reports/final_hardware_300_split/isolation_forest_quantum_hybrid_hardware_300_split_scores.csv,"Isolation Forest + Quantum Kernel SVC IBM Hardware, 300-sample split test",69,0,-1.1004050925925926,0,0.3501080246913581
ibm_hardware_300_sample_feasibility,/kaggle/working/aml-quantum-pipeline/reports/final_hardware_300_split/isolation_forest_quantum_hybrid_hardware_300_split_scores.csv,"Isolation Forest + Quantum Kernel SVC IBM Hardware, 300-sample split test",70,1,0.9188850308641976,1,0.3501080246913581
ibm_hardware_300_sample_feasibility,/kaggle/working/aml-quantum-pipeline/reports/final_hardware_300_split/isolation_forest_quantum_hybrid_hardware_300_split_scores.csv,"Isolation Forest + Quantum Kernel SVC IBM Hardware, 300-sample split test",71,0,0.9265528549382716,1,0.3501080246913581
ibm_hardware_300_sample_feasibility,/kaggle/working/aml-quantum-pipeline/reports/final_hardware_300_split/isolation_forest_quantum_hybrid_hardware_300_split_scores.csv,"Isolation Forest + Quantum Kernel SVC IBM Hardware, 300-sample split test",72,1,0.9580922067901234,1,0.3501080246913581
ibm_hardware_300_sample_feasibility,/kaggle/working/aml-quantum-pipeline/reports/final_hardware_300_split/isolation_forest_quantum_hybrid_hardware_300_split_scores.csv,"Isolation Forest + Quantum Kernel SVC IBM Hardware, 300-sample split test",73,1,0.8435570987654322,1,0.3501080246913581
ibm_hardware_300_sample_feasibility,/kaggle/working/aml-quantum-pipeline/reports/final_hardware_300_split/isolation_forest_quantum_hybrid_hardware_300_split_scores.csv,"Isolation Forest + Quantum Kernel SVC IBM Hardware, 300-sample split test",74,1,0.9365837191358024,1,0.3501080246913581
ibm_hardware_300_sample_feasibility,/kaggle/working/aml-quantum-pipeline/reports/final_hardware_300_split/isolation_forest_quantum_hybrid_hardware_300_split_scores.csv,"Isolation Forest + Quantum Kernel SVC IBM Hardware, 300-sample split test",75,1,0.8366608796296298,1,0.3501080246913581
ibm_hardware_300_sample_feasibility,/kaggle/working/aml-quantum-pipeline/reports/final_hardware_300_split/isolation_forest_quantum_hybrid_hardware_300_split_scores.csv,"Isolation Forest + Quantum Kernel SVC IBM Hardware, 300-sample split test",76,1,0.8943383487654322,1,0.3501080246913581
ibm_hardware_300_sample_feasibility,/kaggle/working/aml-quantum-pipeline/reports/final_hardware_300_split/isolation_forest_quantum_hybrid_hardware_300_split_scores.csv,"Isolation Forest + Quantum Kernel SVC IBM Hardware, 300-sample split test",77,0,0.8337673611111112,1,0.3501080246913581
ibm_hardware_300_sample_feasibility,/kaggle/working/aml-quantum-pipeline/reports/final_hardware_300_split/isolation_forest_quantum_hybrid_hardware_300_split_scores.csv,"Isolation Forest + Quantum Kernel SVC IBM Hardware, 300-sample split test",78,1,0.8651138117283952,1,0.3501080246913581
ibm_hardware_300_sample_feasibility,/kaggle/working/aml-quantum-pipeline/reports/final_hardware_300_split/isolation_forest_quantum_hybrid_hardware_300_split_scores.csv,"Isolation Forest + Quantum Kernel SVC IBM Hardware, 300-sample split test",79,1,0.8934220679012346,1,0.3501080246913581
ibm_hardware_300_sample_feasibility,/kaggle/working/aml-quantum-pipeline/reports/final_hardware_300_split/isolation_forest_quantum_hybrid_hardware_300_split_scores.csv,"Isolation Forest + Quantum Kernel SVC IBM Hardware, 300-sample split test",80,0,-1.1385995370370372,0,0.3501080246913581
ibm_hardware_300_sample_feasibility,/kaggle/working/aml-quantum-pipeline/reports/final_hardware_300_split/isolation_forest_quantum_hybrid_hardware_300_split_scores.csv,"Isolation Forest + Quantum Kernel SVC IBM Hardware, 300-sample split test",81,1,0.8153452932098766,1,0.3501080246913581
ibm_hardware_300_sample_feasibility,/kaggle/working/aml-quantum-pipeline/reports/final_hardware_300_split/isolation_forest_quantum_hybrid_hardware_300_split_scores.csv,"Isolation Forest + Quantum Kernel SVC IBM Hardware, 300-sample split test",82,1,0.7978877314814814,1,0.3501080246913581
ibm_hardware_300_sample_feasibility,/kaggle/working/aml-quantum-pipeline/reports/final_hardware_300_split/isolation_forest_quantum_hybrid_hardware_300_split_scores.csv,"Isolation Forest + Quantum Kernel SVC IBM Hardware, 300-sample split test",83,0,-1.105420524691358,0,0.3501080246913581
ibm_hardware_300_sample_feasibility,/kaggle/working/aml-quantum-pipeline/reports/final_hardware_300_split/isolation_forest_quantum_hybrid_hardware_300_split_scores.csv,"Isolation Forest + Quantum Kernel SVC IBM Hardware, 300-sample split test",84,1,0.8835358796296298,1,0.3501080246913581
ibm_hardware_300_sample_feasibility,/kaggle/working/aml-quantum-pipeline/reports/final_hardware_300_split/isolation_forest_quantum_hybrid_hardware_300_split_scores.csv,"Isolation Forest + Quantum Kernel SVC IBM Hardware, 300-sample split test",85,0,-1.0720486111111112,0,0.3501080246913581
ibm_hardware_300_sample_feasibility,/kaggle/working/aml-quantum-pipeline/reports/final_hardware_300_split/isolation_forest_quantum_hybrid_hardware_300_split_scores.csv,"Isolation Forest + Quantum Kernel SVC IBM Hardware, 300-sample split test",86,1,0.8533468364197532,1,0.3501080246913581
ibm_hardware_300_sample_feasibility,/kaggle/working/aml-quantum-pipeline/reports/final_hardware_300_split/isolation_forest_quantum_hybrid_hardware_300_split_scores.csv,"Isolation Forest + Quantum Kernel SVC IBM Hardware, 300-sample split test",87,0,-1.1122202932098766,0,0.3501080246913581
ibm_hardware_300_sample_feasibility,/kaggle/working/aml-quantum-pipeline/reports/final_hardware_300_split/isolation_forest_quantum_hybrid_hardware_300_split_scores.csv,"Isolation Forest + Quantum Kernel SVC IBM Hardware, 300-sample split test",88,1,0.904272762345679,1,0.3501080246913581
ibm_hardware_300_sample_feasibility,/kaggle/working/aml-quantum-pipeline/reports/final_hardware_300_split/isolation_forest_quantum_hybrid_hardware_300_split_scores.csv,"Isolation Forest + Quantum Kernel SVC IBM Hardware, 300-sample split test",89,1,0.863136574074074,1,0.3501080246913581
ibm_hardware_300_sample_feasibility,/kaggle/working/aml-quantum-pipeline/reports/final_hardware_300_split/isolation_forest_quantum_hybrid_hardware_300_split_scores.csv,"Isolation Forest + Quantum Kernel SVC IBM Hardware, 300-sample split test",90,0,-1.1288097993827162,0,0.3501080246913581
ibm_hardware_300_sample_feasibility,/kaggle/working/aml-quantum-pipeline/reports/final_hardware_300_split/isolation_forest_quantum_hybrid_hardware_300_split_scores.csv,"Isolation Forest + Quantum Kernel SVC IBM Hardware, 300-sample split test",91,0,-1.0819347993827162,0,0.3501080246913581
ibm_hardware_300_sample_feasibility,/kaggle/working/aml-quantum-pipeline/reports/final_hardware_300_split/isolation_forest_quantum_hybrid_hardware_300_split_scores.csv,"Isolation Forest + Quantum Kernel SVC IBM Hardware, 300-sample split test",92,0,-1.1062403549382718,0,0.3501080246913581
ibm_hardware_300_sample_feasibility,/kaggle/working/aml-quantum-pipeline/reports/final_hardware_300_split/isolation_forest_quantum_hybrid_hardware_300_split_scores.csv,"Isolation Forest + Quantum Kernel SVC IBM Hardware, 300-sample split test",93,1,0.923755787037037,1,0.3501080246913581
ibm_hardware_300_sample_feasibility,/kaggle/working/aml-quantum-pipeline/reports/final_hardware_300_split/isolation_forest_quantum_hybrid_hardware_300_split_scores.csv,"Isolation Forest + Quantum Kernel SVC IBM Hardware, 300-sample split test",94,1,0.9169560185185186,1,0.3501080246913581
ibm_hardware_300_sample_feasibility,/kaggle/working/aml-quantum-pipeline/reports/final_hardware_300_split/isolation_forest_quantum_hybrid_hardware_300_split_scores.csv,"Isolation Forest + Quantum Kernel SVC IBM Hardware, 300-sample split test",95,1,0.916039737654321,1,0.3501080246913581
ibm_hardware_300_sample_feasibility,/kaggle/working/aml-quantum-pipeline/reports/final_hardware_300_split/isolation_forest_quantum_hybrid_hardware_300_split_scores.csv,"Isolation Forest + Quantum Kernel SVC IBM Hardware, 300-sample split test",96,0,0.9216820987654322,1,0.3501080246913581
ibm_hardware_300_sample_feasibility,/kaggle/working/aml-quantum-pipeline/reports/final_hardware_300_split/isolation_forest_quantum_hybrid_hardware_300_split_scores.csv,"Isolation Forest + Quantum Kernel SVC IBM Hardware, 300-sample split test",97,1,0.812355324074074,1,0.3501080246913581
ibm_hardware_300_sample_feasibility,/kaggle/working/aml-quantum-pipeline/reports/final_hardware_300_split/isolation_forest_quantum_hybrid_hardware_300_split_scores.csv,"Isolation Forest + Quantum Kernel SVC IBM Hardware, 300-sample split test",98,1,0.9216338734567902,1,0.3501080246913581
ibm_hardware_300_sample_feasibility,/kaggle/working/aml-quantum-pipeline/reports/final_hardware_300_split/isolation_forest_quantum_hybrid_hardware_300_split_scores.csv,"Isolation Forest + Quantum Kernel SVC IBM Hardware, 300-sample split test",99,1,0.8544560185185186,1,0.3501080246913581
ibm_hardware_300_sample_feasibility,/kaggle/working/aml-quantum-pipeline/reports/final_hardware_300_split/isolation_forest_quantum_hybrid_hardware_300_split_scores.csv,"Isolation Forest + Quantum Kernel SVC IBM Hardware, 300-sample split test",100,1,-1.1277006172839503,0,0.3501080246913581
ibm_hardware_300_sample_feasibility,/kaggle/working/aml-quantum-pipeline/reports/final_hardware_300_split/isolation_forest_quantum_hybrid_hardware_300_split_scores.csv,"Isolation Forest + Quantum Kernel SVC IBM Hardware, 300-sample split test",101,0,-1.0232445987654322,0,0.3501080246913581
ibm_hardware_300_sample_feasibility,/kaggle/working/aml-quantum-pipeline/reports/final_hardware_300_split/isolation_forest_quantum_hybrid_hardware_300_split_scores.csv,"Isolation Forest + Quantum Kernel SVC IBM Hardware, 300-sample split test",102,0,0.8005401234567902,1,0.3501080246913581
ibm_hardware_300_sample_feasibility,/kaggle/working/aml-quantum-pipeline/reports/final_hardware_300_split/isolation_forest_quantum_hybrid_hardware_300_split_scores.csv,"Isolation Forest + Quantum Kernel SVC IBM Hardware, 300-sample split test",103,0,0.8212770061728394,1,0.3501080246913581
ibm_hardware_300_sample_feasibility,/kaggle/working/aml-quantum-pipeline/reports/final_hardware_300_split/isolation_forest_quantum_hybrid_hardware_300_split_scores.csv,"Isolation Forest + Quantum Kernel SVC IBM Hardware, 300-sample split test",104,1,0.890625,1,0.3501080246913581
ibm_hardware_300_sample_feasibility,/kaggle/working/aml-quantum-pipeline/reports/final_hardware_300_split/isolation_forest_quantum_hybrid_hardware_300_split_scores.csv,"Isolation Forest + Quantum Kernel SVC IBM Hardware, 300-sample split test",105,1,0.8611111111111112,1,0.3501080246913581
ibm_hardware_300_sample_feasibility,/kaggle/working/aml-quantum-pipeline/reports/final_hardware_300_split/isolation_forest_quantum_hybrid_hardware_300_split_scores.csv,"Isolation Forest + Quantum Kernel SVC IBM Hardware, 300-sample split test",106,1,0.8288001543209877,1,0.3501080246913581
ibm_hardware_300_sample_feasibility,/kaggle/working/aml-quantum-pipeline/reports/final_hardware_300_split/isolation_forest_quantum_hybrid_hardware_300_split_scores.csv,"Isolation Forest + Quantum Kernel SVC IBM Hardware, 300-sample split test",107,1,0.831983024691358,1,0.3501080246913581
ibm_hardware_300_sample_feasibility,/kaggle/working/aml-quantum-pipeline/reports/final_hardware_300_split/isolation_forest_quantum_hybrid_hardware_300_split_scores.csv,"Isolation Forest + Quantum Kernel SVC IBM Hardware, 300-sample split test",108,0,-1.1160783179012346,0,0.3501080246913581
ibm_hardware_300_sample_feasibility,/kaggle/working/aml-quantum-pipeline/reports/final_hardware_300_split/isolation_forest_quantum_hybrid_hardware_300_split_scores.csv,"Isolation Forest + Quantum Kernel SVC IBM Hardware, 300-sample split test",109,1,0.874951774691358,1,0.3501080246913581
ibm_hardware_300_sample_feasibility,/kaggle/working/aml-quantum-pipeline/reports/final_hardware_300_split/isolation_forest_quantum_hybrid_hardware_300_split_scores.csv,"Isolation Forest + Quantum Kernel SVC IBM Hardware, 300-sample split test",110,0,0.8564814814814814,1,0.3501080246913581
ibm_hardware_300_sample_feasibility,/kaggle/working/aml-quantum-pipeline/reports/final_hardware_300_split/isolation_forest_quantum_hybrid_hardware_300_split_scores.csv,"Isolation Forest + Quantum Kernel SVC IBM Hardware, 300-sample split test",111,0,-1.136670524691358,0,0.3501080246913581
ibm_hardware_300_sample_feasibility,/kaggle/working/aml-quantum-pipeline/reports/final_hardware_300_split/isolation_forest_quantum_hybrid_hardware_300_split_scores.csv,"Isolation Forest + Quantum Kernel SVC IBM Hardware, 300-sample split test",112,1,0.8387827932098766,1,0.3501080246913581
ibm_hardware_300_sample_feasibility,/kaggle/working/aml-quantum-pipeline/reports/final_hardware_300_split/isolation_forest_quantum_hybrid_hardware_300_split_scores.csv,"Isolation Forest + Quantum Kernel SVC IBM Hardware, 300-sample split test",113,0,0.8486207561728394,1,0.3501080246913581
ibm_hardware_300_sample_feasibility,/kaggle/working/aml-quantum-pipeline/reports/final_hardware_300_split/isolation_forest_quantum_hybrid_hardware_300_split_scores.csv,"Isolation Forest + Quantum Kernel SVC IBM Hardware, 300-sample split test",114,1,0.9288676697530864,1,0.3501080246913581
ibm_hardware_300_sample_feasibility,/kaggle/working/aml-quantum-pipeline/reports/final_hardware_300_split/isolation_forest_quantum_hybrid_hardware_300_split_scores.csv,"Isolation Forest + Quantum Kernel SVC IBM Hardware, 300-sample split test",115,1,0.8602430555555556,1,0.3501080246913581
ibm_hardware_300_sample_feasibility,/kaggle/working/aml-quantum-pipeline/reports/final_hardware_300_split/isolation_forest_quantum_hybrid_hardware_300_split_scores.csv,"Isolation Forest + Quantum Kernel SVC IBM Hardware, 300-sample split test",116,1,0.8700327932098766,1,0.3501080246913581
ibm_hardware_300_sample_feasibility,/kaggle/working/aml-quantum-pipeline/reports/final_hardware_300_split/isolation_forest_quantum_hybrid_hardware_300_split_scores.csv,"Isolation Forest + Quantum Kernel SVC IBM Hardware, 300-sample split test",117,0,-1.1013213734567902,0,0.3501080246913581
ibm_hardware_300_sample_feasibility,/kaggle/working/aml-quantum-pipeline/reports/final_hardware_300_split/isolation_forest_quantum_hybrid_hardware_300_split_scores.csv,"Isolation Forest + Quantum Kernel SVC IBM Hardware, 300-sample split test",118,0,0.876880787037037,1,0.3501080246913581
ibm_hardware_300_sample_feasibility,/kaggle/working/aml-quantum-pipeline/reports/final_hardware_300_split/isolation_forest_quantum_hybrid_hardware_300_split_scores.csv,"Isolation Forest + Quantum Kernel SVC IBM Hardware, 300-sample split test",119,1,0.9041280864197532,1,0.3501080246913581
ibm_hardware_300_sample_feasibility,/kaggle/working/aml-quantum-pipeline/reports/final_hardware_300_split/isolation_forest_quantum_hybrid_hardware_300_split_scores.csv,"Isolation Forest + Quantum Kernel SVC IBM Hardware, 300-sample split test",120,1,-1.0916763117283952,0,0.3501080246913581
ibm_hardware_300_sample_feasibility,/kaggle/working/aml-quantum-pipeline/reports/final_hardware_300_split/isolation_forest_quantum_hybrid_hardware_300_split_scores.csv,"Isolation Forest + Quantum Kernel SVC IBM Hardware, 300-sample split test",121,0,-1.1209972993827162,0,0.3501080246913581
ibm_hardware_300_sample_feasibility,/kaggle/working/aml-quantum-pipeline/reports/final_hardware_300_split/isolation_forest_quantum_hybrid_hardware_300_split_scores.csv,"Isolation Forest + Quantum Kernel SVC IBM Hardware, 300-sample split test",122,1,0.9582851080246916,1,0.3501080246913581
ibm_hardware_300_sample_feasibility,/kaggle/working/aml-quantum-pipeline/reports/final_hardware_300_split/isolation_forest_quantum_hybrid_hardware_300_split_scores.csv,"Isolation Forest + Quantum Kernel SVC IBM Hardware, 300-sample split test",123,1,0.888647762345679,1,0.3501080246913581
ibm_hardware_300_sample_feasibility,/kaggle/working/aml-quantum-pipeline/reports/final_hardware_300_split/isolation_forest_quantum_hybrid_hardware_300_split_scores.csv,"Isolation Forest + Quantum Kernel SVC IBM Hardware, 300-sample split test",124,1,0.85546875,1,0.3501080246913581
ibm_hardware_300_sample_feasibility,/kaggle/working/aml-quantum-pipeline/reports/final_hardware_300_split/isolation_forest_quantum_hybrid_hardware_300_split_scores.csv,"Isolation Forest + Quantum Kernel SVC IBM Hardware, 300-sample split test",125,0,0.922019675925926,1,0.3501080246913581
ibm_hardware_300_sample_feasibility,/kaggle/working/aml-quantum-pipeline/reports/final_hardware_300_split/isolation_forest_quantum_hybrid_hardware_300_split_scores.csv,"Isolation Forest + Quantum Kernel SVC IBM Hardware, 300-sample split test",126,1,0.8720100308641976,1,0.3501080246913581
ibm_hardware_300_sample_feasibility,/kaggle/working/aml-quantum-pipeline/reports/final_hardware_300_split/isolation_forest_quantum_hybrid_hardware_300_split_scores.csv,"Isolation Forest + Quantum Kernel SVC IBM Hardware, 300-sample split test",127,0,0.872974537037037,1,0.3501080246913581
ibm_hardware_300_sample_feasibility,/kaggle/working/aml-quantum-pipeline/reports/final_hardware_300_split/isolation_forest_quantum_hybrid_hardware_300_split_scores.csv,"Isolation Forest + Quantum Kernel SVC IBM Hardware, 300-sample split test",128,1,0.8545042438271606,1,0.3501080246913581
ibm_hardware_300_sample_feasibility,/kaggle/working/aml-quantum-pipeline/reports/final_hardware_300_split/isolation_forest_quantum_hybrid_hardware_300_split_scores.csv,"Isolation Forest + Quantum Kernel SVC IBM Hardware, 300-sample split test",129,1,0.8229648919753085,1,0.3501080246913581
ibm_hardware_300_sample_feasibility,/kaggle/working/aml-quantum-pipeline/reports/final_hardware_300_split/isolation_forest_quantum_hybrid_hardware_300_split_scores.csv,"Isolation Forest + Quantum Kernel SVC IBM Hardware, 300-sample split test",130,0,-1.0876736111111112,0,0.3501080246913581
ibm_hardware_300_sample_feasibility,/kaggle/working/aml-quantum-pipeline/reports/final_hardware_300_split/isolation_forest_quantum_hybrid_hardware_300_split_scores.csv,"Isolation Forest + Quantum Kernel SVC IBM Hardware, 300-sample split test",131,1,0.804542824074074,1,0.3501080246913581
ibm_hardware_300_sample_feasibility,/kaggle/working/aml-quantum-pipeline/reports/final_hardware_300_split/isolation_forest_quantum_hybrid_hardware_300_split_scores.csv,"Isolation Forest + Quantum Kernel SVC IBM Hardware, 300-sample split test",132,1,0.8896122685185186,1,0.3501080246913581
ibm_hardware_300_sample_feasibility,/kaggle/working/aml-quantum-pipeline/reports/final_hardware_300_split/isolation_forest_quantum_hybrid_hardware_300_split_scores.csv,"Isolation Forest + Quantum Kernel SVC IBM Hardware, 300-sample split test",133,0,0.9404417438271606,1,0.3501080246913581
ibm_hardware_300_sample_feasibility,/kaggle/working/aml-quantum-pipeline/reports/final_hardware_300_split/isolation_forest_quantum_hybrid_hardware_300_split_scores.csv,"Isolation Forest + Quantum Kernel SVC IBM Hardware, 300-sample split test",134,1,0.9306520061728394,1,0.3501080246913581
ibm_hardware_300_sample_feasibility,/kaggle/working/aml-quantum-pipeline/reports/final_hardware_300_split/isolation_forest_quantum_hybrid_hardware_300_split_scores.csv,"Isolation Forest + Quantum Kernel SVC IBM Hardware, 300-sample split test",135,1,0.921875,1,0.3501080246913581
ibm_hardware_300_sample_feasibility,/kaggle/working/aml-quantum-pipeline/reports/final_hardware_300_split/isolation_forest_quantum_hybrid_hardware_300_split_scores.csv,"Isolation Forest + Quantum Kernel SVC IBM Hardware, 300-sample split test",136,0,-1.1112075617283952,0,0.3501080246913581
ibm_hardware_300_sample_feasibility,/kaggle/working/aml-quantum-pipeline/reports/final_hardware_300_split/isolation_forest_quantum_hybrid_hardware_300_split_scores.csv,"Isolation Forest + Quantum Kernel SVC IBM Hardware, 300-sample split test",137,0,0.9636863425925926,1,0.3501080246913581
ibm_hardware_300_sample_feasibility,/kaggle/working/aml-quantum-pipeline/reports/final_hardware_300_split/isolation_forest_quantum_hybrid_hardware_300_split_scores.csv,"Isolation Forest + Quantum Kernel SVC IBM Hardware, 300-sample split test",138,1,0.865210262345679,1,0.3501080246913581
ibm_hardware_300_sample_feasibility,/kaggle/working/aml-quantum-pipeline/reports/final_hardware_300_split/isolation_forest_quantum_hybrid_hardware_300_split_scores.csv,"Isolation Forest + Quantum Kernel SVC IBM Hardware, 300-sample split test",139,1,0.941261574074074,1,0.3501080246913581
ibm_hardware_300_sample_feasibility,/kaggle/working/aml-quantum-pipeline/reports/final_hardware_300_split/isolation_forest_quantum_hybrid_hardware_300_split_scores.csv,"Isolation Forest + Quantum Kernel SVC IBM Hardware, 300-sample split test",140,1,0.8836805555555556,1,0.3501080246913581
ibm_hardware_300_sample_feasibility,/kaggle/working/aml-quantum-pipeline/reports/final_hardware_300_split/isolation_forest_quantum_hybrid_hardware_300_split_scores.csv,"Isolation Forest + Quantum Kernel SVC IBM Hardware, 300-sample split test",141,1,0.914014274691358,1,0.3501080246913581
ibm_hardware_300_sample_feasibility,/kaggle/working/aml-quantum-pipeline/reports/final_hardware_300_split/isolation_forest_quantum_hybrid_hardware_300_split_scores.csv,"Isolation Forest + Quantum Kernel SVC IBM Hardware, 300-sample split test",142,0,-1.095582561728395,0,0.3501080246913581
ibm_hardware_300_sample_feasibility,/kaggle/working/aml-quantum-pipeline/reports/final_hardware_300_split/isolation_forest_quantum_hybrid_hardware_300_split_scores.csv,"Isolation Forest + Quantum Kernel SVC IBM Hardware, 300-sample split test",143,1,0.828028549382716,1,0.3501080246913581
ibm_hardware_300_sample_feasibility,/kaggle/working/aml-quantum-pipeline/reports/final_hardware_300_split/isolation_forest_quantum_hybrid_hardware_300_split_scores.csv,"Isolation Forest + Quantum Kernel SVC IBM Hardware, 300-sample split test",144,0,0.8512731481481481,1,0.3501080246913581
ibm_hardware_300_sample_feasibility,/kaggle/working/aml-quantum-pipeline/reports/final_hardware_300_split/isolation_forest_quantum_hybrid_hardware_300_split_scores.csv,"Isolation Forest + Quantum Kernel SVC IBM Hardware, 300-sample split test",145,1,0.896460262345679,1,0.3501080246913581
ibm_hardware_300_sample_feasibility,/kaggle/working/aml-quantum-pipeline/reports/final_hardware_300_split/isolation_forest_quantum_hybrid_hardware_300_split_scores.csv,"Isolation Forest + Quantum Kernel SVC IBM Hardware, 300-sample split test",146,1,0.8590374228395061,1,0.3501080246913581
ibm_hardware_300_sample_feasibility,/kaggle/working/aml-quantum-pipeline/reports/final_hardware_300_split/isolation_forest_quantum_hybrid_hardware_300_split_scores.csv,"Isolation Forest + Quantum Kernel SVC IBM Hardware, 300-sample split test",147,0,0.9111207561728394,1,0.3501080246913581
ibm_hardware_300_sample_feasibility,/kaggle/working/aml-quantum-pipeline/reports/final_hardware_300_split/isolation_forest_quantum_hybrid_hardware_300_split_scores.csv,"Isolation Forest + Quantum Kernel SVC IBM Hardware, 300-sample split test",148,1,0.8572530864197532,1,0.3501080246913581
ibm_hardware_300_sample_feasibility,/kaggle/working/aml-quantum-pipeline/reports/final_hardware_300_split/isolation_forest_quantum_hybrid_hardware_300_split_scores.csv,"Isolation Forest + Quantum Kernel SVC IBM Hardware, 300-sample split test",149,1,0.849585262345679,1,0.3501080246913581
ibm_hardware_300_sample_feasibility,/kaggle/working/aml-quantum-pipeline/reports/final_hardware_300_split/isolation_forest_quantum_hybrid_hardware_300_split_scores.csv,"Isolation Forest + Quantum Kernel SVC IBM Hardware, 300-sample split test",150,0,0.9140625,1,0.3501080246913581
ibm_hardware_300_sample_feasibility,/kaggle/working/aml-quantum-pipeline/reports/final_hardware_300_split/isolation_forest_quantum_hybrid_hardware_300_split_scores.csv,"Isolation Forest + Quantum Kernel SVC IBM Hardware, 300-sample split test",151,0,-1.1394675925925926,0,0.3501080246913581
ibm_hardware_300_sample_feasibility,/kaggle/working/aml-quantum-pipeline/reports/final_hardware_300_split/isolation_forest_quantum_hybrid_hardware_300_split_scores.csv,"Isolation Forest + Quantum Kernel SVC IBM Hardware, 300-sample split test",152,1,0.826195987654321,1,0.3501080246913581
ibm_hardware_300_sample_feasibility,/kaggle/working/aml-quantum-pipeline/reports/final_hardware_300_split/isolation_forest_quantum_hybrid_hardware_300_split_scores.csv,"Isolation Forest + Quantum Kernel SVC IBM Hardware, 300-sample split test",153,1,0.9090470679012346,1,0.3501080246913581
ibm_hardware_300_sample_feasibility,/kaggle/working/aml-quantum-pipeline/reports/final_hardware_300_split/isolation_forest_quantum_hybrid_hardware_300_split_scores.csv,"Isolation Forest + Quantum Kernel SVC IBM Hardware, 300-sample split test",154,1,0.86328125,1,0.3501080246913581
ibm_hardware_300_sample_feasibility,/kaggle/working/aml-quantum-pipeline/reports/final_hardware_300_split/isolation_forest_quantum_hybrid_hardware_300_split_scores.csv,"Isolation Forest + Quantum Kernel SVC IBM Hardware, 300-sample split test",155,1,0.8622202932098766,1,0.3501080246913581
ibm_hardware_300_sample_feasibility,/kaggle/working/aml-quantum-pipeline/reports/final_hardware_300_split/isolation_forest_quantum_hybrid_hardware_300_split_scores.csv,"Isolation Forest + Quantum Kernel SVC IBM Hardware, 300-sample split test",156,1,0.8914930555555556,1,0.3501080246913581
ibm_hardware_300_sample_feasibility,/kaggle/working/aml-quantum-pipeline/reports/final_hardware_300_split/isolation_forest_quantum_hybrid_hardware_300_split_scores.csv,"Isolation Forest + Quantum Kernel SVC IBM Hardware, 300-sample split test",157,1,0.8485725308641976,1,0.3501080246913581
ibm_hardware_300_sample_feasibility,/kaggle/working/aml-quantum-pipeline/reports/final_hardware_300_split/isolation_forest_quantum_hybrid_hardware_300_split_scores.csv,"Isolation Forest + Quantum Kernel SVC IBM Hardware, 300-sample split test",158,0,-1.0749421296296298,0,0.3501080246913581
ibm_hardware_300_sample_feasibility,/kaggle/working/aml-quantum-pipeline/reports/final_hardware_300_split/isolation_forest_quantum_hybrid_hardware_300_split_scores.csv,"Isolation Forest + Quantum Kernel SVC IBM Hardware, 300-sample split test",159,0,0.9599247685185186,1,0.3501080246913581
ibm_hardware_300_sample_feasibility,/kaggle/working/aml-quantum-pipeline/reports/final_hardware_300_split/isolation_forest_quantum_hybrid_hardware_300_split_scores.csv,"Isolation Forest + Quantum Kernel SVC IBM Hardware, 300-sample split test",160,0,-1.0701195987654322,0,0.3501080246913581
ibm_hardware_300_sample_feasibility,/kaggle/working/aml-quantum-pipeline/reports/final_hardware_300_split/isolation_forest_quantum_hybrid_hardware_300_split_scores.csv,"Isolation Forest + Quantum Kernel SVC IBM Hardware, 300-sample split test",161,1,0.8668981481481481,1,0.3501080246913581
ibm_hardware_300_sample_feasibility,/kaggle/working/aml-quantum-pipeline/reports/final_hardware_300_split/isolation_forest_quantum_hybrid_hardware_300_split_scores.csv,"Isolation Forest + Quantum Kernel SVC IBM Hardware, 300-sample split test",162,1,0.8474151234567902,1,0.3501080246913581
ibm_hardware_300_sample_feasibility,/kaggle/working/aml-quantum-pipeline/reports/final_hardware_300_split/isolation_forest_quantum_hybrid_hardware_300_split_scores.csv,"Isolation Forest + Quantum Kernel SVC IBM Hardware, 300-sample split test",163,1,0.8779899691358024,1,0.3501080246913581
ibm_hardware_300_sample_feasibility,/kaggle/working/aml-quantum-pipeline/reports/final_hardware_300_split/isolation_forest_quantum_hybrid_hardware_300_split_scores.csv,"Isolation Forest + Quantum Kernel SVC IBM Hardware, 300-sample split test",164,1,0.8513695987654322,1,0.3501080246913581
ibm_hardware_300_sample_feasibility,/kaggle/working/aml-quantum-pipeline/reports/final_hardware_300_split/isolation_forest_quantum_hybrid_hardware_300_split_scores.csv,"Isolation Forest + Quantum Kernel SVC IBM Hardware, 300-sample split test",165,0,-1.1043113425925926,0,0.3501080246913581
ibm_hardware_300_sample_feasibility,/kaggle/working/aml-quantum-pipeline/reports/final_hardware_300_split/isolation_forest_quantum_hybrid_hardware_300_split_scores.csv,"Isolation Forest + Quantum Kernel SVC IBM Hardware, 300-sample split test",166,0,-1.1630015432098766,0,0.3501080246913581
ibm_hardware_300_sample_feasibility,/kaggle/working/aml-quantum-pipeline/reports/final_hardware_300_split/isolation_forest_quantum_hybrid_hardware_300_split_scores.csv,"Isolation Forest + Quantum Kernel SVC IBM Hardware, 300-sample split test",167,0,0.8386381172839505,1,0.3501080246913581
ibm_hardware_300_sample_feasibility,/kaggle/working/aml-quantum-pipeline/reports/final_hardware_300_split/isolation_forest_quantum_hybrid_hardware_300_split_scores.csv,"Isolation Forest + Quantum Kernel SVC IBM Hardware, 300-sample split test",168,1,0.8064718364197532,1,0.3501080246913581
ibm_hardware_300_sample_feasibility,/kaggle/working/aml-quantum-pipeline/reports/final_hardware_300_split/isolation_forest_quantum_hybrid_hardware_300_split_scores.csv,"Isolation Forest + Quantum Kernel SVC IBM Hardware, 300-sample split test",169,0,0.898533950617284,1,0.3501080246913581
ibm_hardware_300_sample_feasibility,/kaggle/working/aml-quantum-pipeline/reports/final_hardware_300_split/isolation_forest_quantum_hybrid_hardware_300_split_scores.csv,"Isolation Forest + Quantum Kernel SVC IBM Hardware, 300-sample split test",170,0,0.9422743055555556,1,0.3501080246913581
ibm_hardware_300_sample_feasibility,/kaggle/working/aml-quantum-pipeline/reports/final_hardware_300_split/isolation_forest_quantum_hybrid_hardware_300_split_scores.csv,"Isolation Forest + Quantum Kernel SVC IBM Hardware, 300-sample split test",171,0,0.9228395061728394,1,0.3501080246913581
ibm_hardware_300_sample_feasibility,/kaggle/working/aml-quantum-pipeline/reports/final_hardware_300_split/isolation_forest_quantum_hybrid_hardware_300_split_scores.csv,"Isolation Forest + Quantum Kernel SVC IBM Hardware, 300-sample split test",172,0,-1.0994888117283952,0,0.3501080246913581
ibm_hardware_300_sample_feasibility,/kaggle/working/aml-quantum-pipeline/reports/final_hardware_300_split/isolation_forest_quantum_hybrid_hardware_300_split_scores.csv,"Isolation Forest + Quantum Kernel SVC IBM Hardware, 300-sample split test",173,0,0.7572337962962963,1,0.3501080246913581
ibm_hardware_300_sample_feasibility,/kaggle/working/aml-quantum-pipeline/reports/final_hardware_300_split/isolation_forest_quantum_hybrid_hardware_300_split_scores.csv,"Isolation Forest + Quantum Kernel SVC IBM Hardware, 300-sample split test",174,0,0.865162037037037,1,0.3501080246913581
ibm_hardware_300_sample_feasibility,/kaggle/working/aml-quantum-pipeline/reports/final_hardware_300_split/isolation_forest_quantum_hybrid_hardware_300_split_scores.csv,"Isolation Forest + Quantum Kernel SVC IBM Hardware, 300-sample split test",175,0,-1.1698013117283952,0,0.3501080246913581
ibm_hardware_300_sample_feasibility,/kaggle/working/aml-quantum-pipeline/reports/final_hardware_300_split/isolation_forest_quantum_hybrid_hardware_300_split_scores.csv,"Isolation Forest + Quantum Kernel SVC IBM Hardware, 300-sample split test",176,0,-1.1444347993827162,0,0.3501080246913581
ibm_hardware_300_sample_feasibility,/kaggle/working/aml-quantum-pipeline/reports/final_hardware_300_split/isolation_forest_quantum_hybrid_hardware_300_split_scores.csv,"Isolation Forest + Quantum Kernel SVC IBM Hardware, 300-sample split test",177,1,0.9090952932098766,1,0.3501080246913581
ibm_hardware_300_sample_feasibility,/kaggle/working/aml-quantum-pipeline/reports/final_hardware_300_split/isolation_forest_quantum_hybrid_hardware_300_split_scores.csv,"Isolation Forest + Quantum Kernel SVC IBM Hardware, 300-sample split test",178,0,0.820264274691358,1,0.3501080246913581
ibm_hardware_300_sample_feasibility,/kaggle/working/aml-quantum-pipeline/reports/final_hardware_300_split/isolation_forest_quantum_hybrid_hardware_300_split_scores.csv,"Isolation Forest + Quantum Kernel SVC IBM Hardware, 300-sample split test",179,0,-1.1756365740740742,0,0.3501080246913581
ibm_hardware_300_sample_feasibility,/kaggle/working/aml-quantum-pipeline/reports/final_hardware_300_split/isolation_forest_quantum_hybrid_hardware_300_split_scores.csv,"Isolation Forest + Quantum Kernel SVC IBM Hardware, 300-sample split test",180,0,0.837914737654321,1,0.3501080246913581
ibm_hardware_300_sample_feasibility,/kaggle/working/aml-quantum-pipeline/reports/final_hardware_300_split/isolation_forest_quantum_hybrid_hardware_300_split_scores.csv,"Isolation Forest + Quantum Kernel SVC IBM Hardware, 300-sample split test",181,1,0.8064718364197532,1,0.3501080246913581
ibm_hardware_300_sample_feasibility,/kaggle/working/aml-quantum-pipeline/reports/final_hardware_300_split/isolation_forest_quantum_hybrid_hardware_300_split_scores.csv,"Isolation Forest + Quantum Kernel SVC IBM Hardware, 300-sample split test",182,1,0.8856095679012346,1,0.3501080246913581
ibm_hardware_300_sample_feasibility,/kaggle/working/aml-quantum-pipeline/reports/final_hardware_300_split/isolation_forest_quantum_hybrid_hardware_300_split_scores.csv,"Isolation Forest + Quantum Kernel SVC IBM Hardware, 300-sample split test",183,0,-1.0819347993827162,0,0.3501080246913581
ibm_hardware_300_sample_feasibility,/kaggle/working/aml-quantum-pipeline/reports/final_hardware_300_split/isolation_forest_quantum_hybrid_hardware_300_split_scores.csv,"Isolation Forest + Quantum Kernel SVC IBM Hardware, 300-sample split test",184,0,-1.1189718364197532,0,0.3501080246913581
ibm_hardware_300_sample_feasibility,/kaggle/working/aml-quantum-pipeline/reports/final_hardware_300_split/isolation_forest_quantum_hybrid_hardware_300_split_scores.csv,"Isolation Forest + Quantum Kernel SVC IBM Hardware, 300-sample split test",185,0,-1.054494598765432,0,0.3501080246913581
ibm_hardware_300_sample_feasibility,/kaggle/working/aml-quantum-pipeline/reports/final_hardware_300_split/isolation_forest_quantum_hybrid_hardware_300_split_scores.csv,"Isolation Forest + Quantum Kernel SVC IBM Hardware, 300-sample split test",186,0,-1.1473765432098766,0,0.3501080246913581
ibm_hardware_300_sample_feasibility,/kaggle/working/aml-quantum-pipeline/reports/final_hardware_300_split/isolation_forest_quantum_hybrid_hardware_300_split_scores.csv,"Isolation Forest + Quantum Kernel SVC IBM Hardware, 300-sample split test",187,1,0.9443479938271606,1,0.3501080246913581
ibm_hardware_300_sample_feasibility,/kaggle/working/aml-quantum-pipeline/reports/final_hardware_300_split/isolation_forest_quantum_hybrid_hardware_300_split_scores.csv,"Isolation Forest + Quantum Kernel SVC IBM Hardware, 300-sample split test",188,1,0.917824074074074,1,0.3501080246913581
ibm_hardware_300_sample_feasibility,/kaggle/working/aml-quantum-pipeline/reports/final_hardware_300_split/isolation_forest_quantum_hybrid_hardware_300_split_scores.csv,"Isolation Forest + Quantum Kernel SVC IBM Hardware, 300-sample split test",189,1,0.863233024691358,1,0.3501080246913581
ibm_hardware_300_sample_feasibility,/kaggle/working/aml-quantum-pipeline/reports/final_hardware_300_split/isolation_forest_quantum_hybrid_hardware_300_split_scores.csv,"Isolation Forest + Quantum Kernel SVC IBM Hardware, 300-sample split test",190,0,0.8583622685185186,1,0.3501080246913581
ibm_hardware_300_sample_feasibility,/kaggle/working/aml-quantum-pipeline/reports/final_hardware_300_split/isolation_forest_quantum_hybrid_hardware_300_split_scores.csv,"Isolation Forest + Quantum Kernel SVC IBM Hardware, 300-sample split test",191,0,0.884837962962963,1,0.3501080246913581
ibm_hardware_300_sample_feasibility,/kaggle/working/aml-quantum-pipeline/reports/final_hardware_300_split/isolation_forest_quantum_hybrid_hardware_300_split_scores.csv,"Isolation Forest + Quantum Kernel SVC IBM Hardware, 300-sample split test",192,1,0.7789834104938271,1,0.3501080246913581
ibm_hardware_300_sample_feasibility,/kaggle/working/aml-quantum-pipeline/reports/final_hardware_300_split/isolation_forest_quantum_hybrid_hardware_300_split_scores.csv,"Isolation Forest + Quantum Kernel SVC IBM Hardware, 300-sample split test",193,0,0.8454861111111112,1,0.3501080246913581
ibm_hardware_300_sample_feasibility,/kaggle/working/aml-quantum-pipeline/reports/final_hardware_300_split/isolation_forest_quantum_hybrid_hardware_300_split_scores.csv,"Isolation Forest + Quantum Kernel SVC IBM Hardware, 300-sample split test",194,0,0.8934220679012346,1,0.3501080246913581
ibm_hardware_300_sample_feasibility,/kaggle/working/aml-quantum-pipeline/reports/final_hardware_300_split/isolation_forest_quantum_hybrid_hardware_300_split_scores.csv,"Isolation Forest + Quantum Kernel SVC IBM Hardware, 300-sample split test",195,1,0.9248167438271606,1,0.3501080246913581
ibm_hardware_300_sample_feasibility,/kaggle/working/aml-quantum-pipeline/reports/final_hardware_300_split/isolation_forest_quantum_hybrid_hardware_300_split_scores.csv,"Isolation Forest + Quantum Kernel SVC IBM Hardware, 300-sample split test",196,0,0.9031635802469136,1,0.3501080246913581
ibm_hardware_300_sample_feasibility,/kaggle/working/aml-quantum-pipeline/reports/final_hardware_300_split/isolation_forest_quantum_hybrid_hardware_300_split_scores.csv,"Isolation Forest + Quantum Kernel SVC IBM Hardware, 300-sample split test",197,0,0.8455343364197532,1,0.3501080246913581
ibm_hardware_300_sample_feasibility,/kaggle/working/aml-quantum-pipeline/reports/final_hardware_300_split/isolation_forest_quantum_hybrid_hardware_300_split_scores.csv,"Isolation Forest + Quantum Kernel SVC IBM Hardware, 300-sample split test",198,1,0.9365354938271606,1,0.3501080246913581
ibm_hardware_300_sample_feasibility,/kaggle/working/aml-quantum-pipeline/reports/final_hardware_300_split/isolation_forest_quantum_hybrid_hardware_300_split_scores.csv,"Isolation Forest + Quantum Kernel SVC IBM Hardware, 300-sample split test",199,0,-1.1521508487654322,0,0.3501080246913581
ibm_hardware_300_sample_feasibility,/kaggle/working/aml-quantum-pipeline/reports/final_hardware_300_split/isolation_forest_quantum_hybrid_hardware_300_split_scores.csv,"Isolation Forest + Quantum Kernel SVC IBM Hardware, 300-sample split test",200,1,0.8036265432098766,1,0.3501080246913581
ibm_hardware_300_sample_feasibility,/kaggle/working/aml-quantum-pipeline/reports/final_hardware_300_split/isolation_forest_quantum_hybrid_hardware_300_split_scores.csv,"Isolation Forest + Quantum Kernel SVC IBM Hardware, 300-sample split test",201,0,-1.1151138117283952,0,0.3501080246913581
ibm_hardware_300_sample_feasibility,/kaggle/working/aml-quantum-pipeline/reports/final_hardware_300_split/isolation_forest_quantum_hybrid_hardware_300_split_scores.csv,"Isolation Forest + Quantum Kernel SVC IBM Hardware, 300-sample split test",202,0,0.8739390432098766,1,0.3501080246913581
ibm_hardware_300_sample_feasibility,/kaggle/working/aml-quantum-pipeline/reports/final_hardware_300_split/isolation_forest_quantum_hybrid_hardware_300_split_scores.csv,"Isolation Forest + Quantum Kernel SVC IBM Hardware, 300-sample split test",203,0,-1.0496720679012346,0,0.3501080246913581
ibm_hardware_300_sample_feasibility,/kaggle/working/aml-quantum-pipeline/reports/final_hardware_300_split/isolation_forest_quantum_hybrid_hardware_300_split_scores.csv,"Isolation Forest + Quantum Kernel SVC IBM Hardware, 300-sample split test",204,0,-1.1306905864197532,0,0.3501080246913581
ibm_hardware_300_sample_feasibility,/kaggle/working/aml-quantum-pipeline/reports/final_hardware_300_split/isolation_forest_quantum_hybrid_hardware_300_split_scores.csv,"Isolation Forest + Quantum Kernel SVC IBM Hardware, 300-sample split test",205,0,-1.1824845679012348,0,0.3501080246913581
ibm_hardware_300_sample_feasibility,/kaggle/working/aml-quantum-pipeline/reports/final_hardware_300_split/isolation_forest_quantum_hybrid_hardware_300_split_scores.csv,"Isolation Forest + Quantum Kernel SVC IBM Hardware, 300-sample split test",206,1,0.958960262345679,1,0.3501080246913581
ibm_hardware_300_sample_feasibility,/kaggle/working/aml-quantum-pipeline/reports/final_hardware_300_split/isolation_forest_quantum_hybrid_hardware_300_split_scores.csv,"Isolation Forest + Quantum Kernel SVC IBM Hardware, 300-sample split test",207,1,0.8035300925925926,1,0.3501080246913581
ibm_hardware_300_sample_feasibility,/kaggle/working/aml-quantum-pipeline/reports/final_hardware_300_split/isolation_forest_quantum_hybrid_hardware_300_split_scores.csv,"Isolation Forest + Quantum Kernel SVC IBM Hardware, 300-sample split test",208,0,0.8544077932098766,1,0.3501080246913581
ibm_hardware_300_sample_feasibility,/kaggle/working/aml-quantum-pipeline/reports/final_hardware_300_split/isolation_forest_quantum_hybrid_hardware_300_split_scores.csv,"Isolation Forest + Quantum Kernel SVC IBM Hardware, 300-sample split test",209,1,0.9201871141975309,1,0.3501080246913581
ibm_hardware_300_sample_feasibility,/kaggle/working/aml-quantum-pipeline/reports/final_hardware_300_split/isolation_forest_quantum_hybrid_hardware_300_split_scores.csv,"Isolation Forest + Quantum Kernel SVC IBM Hardware, 300-sample split test",210,0,0.7857831790123457,1,0.3501080246913581
ibm_hardware_300_sample_feasibility,/kaggle/working/aml-quantum-pipeline/reports/final_hardware_300_split/isolation_forest_quantum_hybrid_hardware_300_split_scores.csv,"Isolation Forest + Quantum Kernel SVC IBM Hardware, 300-sample split test",211,1,0.9170524691358024,1,0.3501080246913581
ibm_hardware_300_sample_feasibility,/kaggle/working/aml-quantum-pipeline/reports/final_hardware_300_split/isolation_forest_quantum_hybrid_hardware_300_split_scores.csv,"Isolation Forest + Quantum Kernel SVC IBM Hardware, 300-sample split test",212,0,-1.0799575617283952,0,0.3501080246913581
ibm_hardware_300_sample_feasibility,/kaggle/working/aml-quantum-pipeline/reports/final_hardware_300_split/isolation_forest_quantum_hybrid_hardware_300_split_scores.csv,"Isolation Forest + Quantum Kernel SVC IBM Hardware, 300-sample split test",213,0,-1.1081211419753088,0,0.3501080246913581
ibm_hardware_300_sample_feasibility,/kaggle/working/aml-quantum-pipeline/reports/final_hardware_300_split/isolation_forest_quantum_hybrid_hardware_300_split_scores.csv,"Isolation Forest + Quantum Kernel SVC IBM Hardware, 300-sample split test",214,0,-1.0594618055555558,0,0.3501080246913581
ibm_hardware_300_sample_feasibility,/kaggle/working/aml-quantum-pipeline/reports/final_hardware_300_split/isolation_forest_quantum_hybrid_hardware_300_split_scores.csv,"Isolation Forest + Quantum Kernel SVC IBM Hardware, 300-sample split test",215,1,0.8864776234567902,1,0.3501080246913581
ibm_hardware_300_sample_feasibility,/kaggle/working/aml-quantum-pipeline/reports/final_hardware_300_split/isolation_forest_quantum_hybrid_hardware_300_split_scores.csv,"Isolation Forest + Quantum Kernel SVC IBM Hardware, 300-sample split test",216,1,0.8367091049382716,1,0.3501080246913581
ibm_hardware_300_sample_feasibility,/kaggle/working/aml-quantum-pipeline/reports/final_hardware_300_split/isolation_forest_quantum_hybrid_hardware_300_split_scores.csv,"Isolation Forest + Quantum Kernel SVC IBM Hardware, 300-sample split test",217,1,0.9366319444444444,1,0.3501080246913581
ibm_hardware_300_sample_feasibility,/kaggle/working/aml-quantum-pipeline/reports/final_hardware_300_split/isolation_forest_quantum_hybrid_hardware_300_split_scores.csv,"Isolation Forest + Quantum Kernel SVC IBM Hardware, 300-sample split test",218,0,0.9678337191358024,1,0.3501080246913581
ibm_hardware_300_sample_feasibility,/kaggle/working/aml-quantum-pipeline/reports/final_hardware_300_split/isolation_forest_quantum_hybrid_hardware_300_split_scores.csv,"Isolation Forest + Quantum Kernel SVC IBM Hardware, 300-sample split test",219,0,-1.0721450617283952,0,0.3501080246913581
ibm_hardware_300_sample_feasibility,/kaggle/working/aml-quantum-pipeline/reports/final_hardware_300_split/isolation_forest_quantum_hybrid_hardware_300_split_scores.csv,"Isolation Forest + Quantum Kernel SVC IBM Hardware, 300-sample split test",220,0,0.8936149691358024,1,0.3501080246913581
ibm_hardware_300_sample_feasibility,/kaggle/working/aml-quantum-pipeline/reports/final_hardware_300_split/isolation_forest_quantum_hybrid_hardware_300_split_scores.csv,"Isolation Forest + Quantum Kernel SVC IBM Hardware, 300-sample split test",221,0,0.9991319444444444,1,0.3501080246913581
ibm_hardware_300_sample_feasibility,/kaggle/working/aml-quantum-pipeline/reports/final_hardware_300_split/isolation_forest_quantum_hybrid_hardware_300_split_scores.csv,"Isolation Forest + Quantum Kernel SVC IBM Hardware, 300-sample split test",222,1,0.8700810185185186,1,0.3501080246913581
ibm_hardware_300_sample_feasibility,/kaggle/working/aml-quantum-pipeline/reports/final_hardware_300_split/isolation_forest_quantum_hybrid_hardware_300_split_scores.csv,"Isolation Forest + Quantum Kernel SVC IBM Hardware, 300-sample split test",223,1,0.8701292438271606,1,0.3501080246913581
ibm_hardware_300_sample_feasibility,/kaggle/working/aml-quantum-pipeline/reports/final_hardware_300_split/isolation_forest_quantum_hybrid_hardware_300_split_scores.csv,"Isolation Forest + Quantum Kernel SVC IBM Hardware, 300-sample split test",224,0,0.931712962962963,1,0.3501080246913581
ibm_hardware_300_sample_feasibility,/kaggle/working/aml-quantum-pipeline/reports/final_hardware_300_split/isolation_forest_quantum_hybrid_hardware_300_split_scores.csv,"Isolation Forest + Quantum Kernel SVC IBM Hardware, 300-sample split test",225,0,0.843701774691358,1,0.3501080246913581
ibm_hardware_300_sample_feasibility,/kaggle/working/aml-quantum-pipeline/reports/final_hardware_300_split/isolation_forest_quantum_hybrid_hardware_300_split_scores.csv,"Isolation Forest + Quantum Kernel SVC IBM Hardware, 300-sample split test",226,0,-1.0750385802469136,0,0.3501080246913581
ibm_hardware_300_sample_feasibility,/kaggle/working/aml-quantum-pipeline/reports/final_hardware_300_split/isolation_forest_quantum_hybrid_hardware_300_split_scores.csv,"Isolation Forest + Quantum Kernel SVC IBM Hardware, 300-sample split test",227,1,0.87890625,1,0.3501080246913581
ibm_hardware_300_sample_feasibility,/kaggle/working/aml-quantum-pipeline/reports/final_hardware_300_split/isolation_forest_quantum_hybrid_hardware_300_split_scores.csv,"Isolation Forest + Quantum Kernel SVC IBM Hardware, 300-sample split test",228,1,0.878809799382716,1,0.3501080246913581
ibm_hardware_300_sample_feasibility,/kaggle/working/aml-quantum-pipeline/reports/final_hardware_300_split/isolation_forest_quantum_hybrid_hardware_300_split_scores.csv,"Isolation Forest + Quantum Kernel SVC IBM Hardware, 300-sample split test",229,0,0.9227430555555556,1,0.3501080246913581
ibm_hardware_300_sample_feasibility,/kaggle/working/aml-quantum-pipeline/reports/final_hardware_300_split/isolation_forest_quantum_hybrid_hardware_300_split_scores.csv,"Isolation Forest + Quantum Kernel SVC IBM Hardware, 300-sample split test",230,0,0.8426408179012346,1,0.3501080246913581
ibm_hardware_300_sample_feasibility,/kaggle/working/aml-quantum-pipeline/reports/final_hardware_300_split/isolation_forest_quantum_hybrid_hardware_300_split_scores.csv,"Isolation Forest + Quantum Kernel SVC IBM Hardware, 300-sample split test",231,0,-1.0985243055555558,0,0.3501080246913581
ibm_hardware_300_sample_feasibility,/kaggle/working/aml-quantum-pipeline/reports/final_hardware_300_split/isolation_forest_quantum_hybrid_hardware_300_split_scores.csv,"Isolation Forest + Quantum Kernel SVC IBM Hardware, 300-sample split test",232,0,0.913966049382716,1,0.3501080246913581
ibm_hardware_300_sample_feasibility,/kaggle/working/aml-quantum-pipeline/reports/final_hardware_300_split/isolation_forest_quantum_hybrid_hardware_300_split_scores.csv,"Isolation Forest + Quantum Kernel SVC IBM Hardware, 300-sample split test",233,1,0.9130015432098766,1,0.3501080246913581
ibm_hardware_300_sample_feasibility,/kaggle/working/aml-quantum-pipeline/reports/final_hardware_300_split/isolation_forest_quantum_hybrid_hardware_300_split_scores.csv,"Isolation Forest + Quantum Kernel SVC IBM Hardware, 300-sample split test",234,1,0.876977237654321,1,0.3501080246913581
ibm_hardware_300_sample_feasibility,/kaggle/working/aml-quantum-pipeline/reports/final_hardware_300_split/isolation_forest_quantum_hybrid_hardware_300_split_scores.csv,"Isolation Forest + Quantum Kernel SVC IBM Hardware, 300-sample split test",235,0,-1.0818865740740742,0,0.3501080246913581
ibm_hardware_300_sample_feasibility,/kaggle/working/aml-quantum-pipeline/reports/final_hardware_300_split/isolation_forest_quantum_hybrid_hardware_300_split_scores.csv,"Isolation Forest + Quantum Kernel SVC IBM Hardware, 300-sample split test",236,1,0.8994502314814814,1,0.3501080246913581
ibm_hardware_300_sample_feasibility,/kaggle/working/aml-quantum-pipeline/reports/final_hardware_300_split/isolation_forest_quantum_hybrid_hardware_300_split_scores.csv,"Isolation Forest + Quantum Kernel SVC IBM Hardware, 300-sample split test",237,1,0.8584587191358024,1,0.3501080246913581
ibm_hardware_300_sample_feasibility,/kaggle/working/aml-quantum-pipeline/reports/final_hardware_300_split/isolation_forest_quantum_hybrid_hardware_300_split_scores.csv,"Isolation Forest + Quantum Kernel SVC IBM Hardware, 300-sample split test",238,0,-1.0506847993827162,0,0.3501080246913581
ibm_hardware_300_sample_feasibility,/kaggle/working/aml-quantum-pipeline/reports/final_hardware_300_split/isolation_forest_quantum_hybrid_hardware_300_split_scores.csv,"Isolation Forest + Quantum Kernel SVC IBM Hardware, 300-sample split test",239,1,0.8455343364197532,1,0.3501080246913581
ibm_hardware_300_sample_feasibility,/kaggle/working/aml-quantum-pipeline/reports/final_hardware_300_split/isolation_forest_quantum_hybrid_hardware_300_split_scores.csv,"Isolation Forest + Quantum Kernel SVC IBM Hardware, 300-sample split test",240,0,0.91796875,1,0.3501080246913581
ibm_hardware_300_sample_feasibility,/kaggle/working/aml-quantum-pipeline/reports/final_hardware_300_split/isolation_forest_quantum_hybrid_hardware_300_split_scores.csv,"Isolation Forest + Quantum Kernel SVC IBM Hardware, 300-sample split test",241,0,-1.0641878858024691,0,0.3501080246913581
ibm_hardware_300_sample_feasibility,/kaggle/working/aml-quantum-pipeline/reports/final_hardware_300_split/isolation_forest_quantum_hybrid_hardware_300_split_scores.csv,"Isolation Forest + Quantum Kernel SVC IBM Hardware, 300-sample split test",242,1,0.8552276234567902,1,0.3501080246913581
ibm_hardware_300_sample_feasibility,/kaggle/working/aml-quantum-pipeline/reports/final_hardware_300_split/isolation_forest_quantum_hybrid_hardware_300_split_scores.csv,"Isolation Forest + Quantum Kernel SVC IBM Hardware, 300-sample split test",243,1,0.8896604938271606,1,0.3501080246913581
ibm_hardware_300_sample_feasibility,/kaggle/working/aml-quantum-pipeline/reports/final_hardware_300_split/isolation_forest_quantum_hybrid_hardware_300_split_scores.csv,"Isolation Forest + Quantum Kernel SVC IBM Hardware, 300-sample split test",244,1,0.867139274691358,1,0.3501080246913581
ibm_hardware_300_sample_feasibility,/kaggle/working/aml-quantum-pipeline/reports/final_hardware_300_split/isolation_forest_quantum_hybrid_hardware_300_split_scores.csv,"Isolation Forest + Quantum Kernel SVC IBM Hardware, 300-sample split test",245,1,-1.1121238425925926,0,0.3501080246913581
ibm_hardware_300_sample_feasibility,/kaggle/working/aml-quantum-pipeline/reports/final_hardware_300_split/isolation_forest_quantum_hybrid_hardware_300_split_scores.csv,"Isolation Forest + Quantum Kernel SVC IBM Hardware, 300-sample split test",246,1,0.8101851851851851,1,0.3501080246913581
ibm_hardware_300_sample_feasibility,/kaggle/working/aml-quantum-pipeline/reports/final_hardware_300_split/isolation_forest_quantum_hybrid_hardware_300_split_scores.csv,"Isolation Forest + Quantum Kernel SVC IBM Hardware, 300-sample split test",247,1,0.912085262345679,1,0.3501080246913581
ibm_hardware_300_sample_feasibility,/kaggle/working/aml-quantum-pipeline/reports/final_hardware_300_split/isolation_forest_quantum_hybrid_hardware_300_split_scores.csv,"Isolation Forest + Quantum Kernel SVC IBM Hardware, 300-sample split test",248,1,0.9580922067901234,1,0.3501080246913581
ibm_hardware_300_sample_feasibility,/kaggle/working/aml-quantum-pipeline/reports/final_hardware_300_split/isolation_forest_quantum_hybrid_hardware_300_split_scores.csv,"Isolation Forest + Quantum Kernel SVC IBM Hardware, 300-sample split test",249,0,0.8622202932098766,1,0.3501080246913581
ibm_hardware_300_sample_feasibility,/kaggle/working/aml-quantum-pipeline/reports/final_hardware_300_split/isolation_forest_quantum_hybrid_hardware_300_split_scores.csv,"Isolation Forest + Quantum Kernel SVC IBM Hardware, 300-sample split test",250,0,-1.0583526234567902,0,0.3501080246913581
ibm_hardware_300_sample_feasibility,/kaggle/working/aml-quantum-pipeline/reports/final_hardware_300_split/isolation_forest_quantum_hybrid_hardware_300_split_scores.csv,"Isolation Forest + Quantum Kernel SVC IBM Hardware, 300-sample split test",251,0,0.8993055555555556,1,0.3501080246913581
ibm_hardware_300_sample_feasibility,/kaggle/working/aml-quantum-pipeline/reports/final_hardware_300_split/isolation_forest_quantum_hybrid_hardware_300_split_scores.csv,"Isolation Forest + Quantum Kernel SVC IBM Hardware, 300-sample split test",252,0,-1.1532600308641976,0,0.3501080246913581
ibm_hardware_300_sample_feasibility,/kaggle/working/aml-quantum-pipeline/reports/final_hardware_300_split/isolation_forest_quantum_hybrid_hardware_300_split_scores.csv,"Isolation Forest + Quantum Kernel SVC IBM Hardware, 300-sample split test",253,1,0.878954475308642,1,0.3501080246913581
ibm_hardware_300_sample_feasibility,/kaggle/working/aml-quantum-pipeline/reports/final_hardware_300_split/isolation_forest_quantum_hybrid_hardware_300_split_scores.csv,"Isolation Forest + Quantum Kernel SVC IBM Hardware, 300-sample split test",254,0,-1.122878086419753,0,0.3501080246913581
ibm_hardware_300_sample_feasibility,/kaggle/working/aml-quantum-pipeline/reports/final_hardware_300_split/isolation_forest_quantum_hybrid_hardware_300_split_scores.csv,"Isolation Forest + Quantum Kernel SVC IBM Hardware, 300-sample split test",255,0,0.8719135802469136,1,0.3501080246913581
ibm_hardware_300_sample_feasibility,/kaggle/working/aml-quantum-pipeline/reports/final_hardware_300_split/isolation_forest_quantum_hybrid_hardware_300_split_scores.csv,"Isolation Forest + Quantum Kernel SVC IBM Hardware, 300-sample split test",256,1,0.9363425925925926,1,0.3501080246913581
ibm_hardware_300_sample_feasibility,/kaggle/working/aml-quantum-pipeline/reports/final_hardware_300_split/isolation_forest_quantum_hybrid_hardware_300_split_scores.csv,"Isolation Forest + Quantum Kernel SVC IBM Hardware, 300-sample split test",257,0,-1.1317033179012346,0,0.3501080246913581
ibm_hardware_300_sample_feasibility,/kaggle/working/aml-quantum-pipeline/reports/final_hardware_300_split/isolation_forest_quantum_hybrid_hardware_300_split_scores.csv,"Isolation Forest + Quantum Kernel SVC IBM Hardware, 300-sample split test",258,0,-1.076099537037037,0,0.3501080246913581
ibm_hardware_300_sample_feasibility,/kaggle/working/aml-quantum-pipeline/reports/final_hardware_300_split/isolation_forest_quantum_hybrid_hardware_300_split_scores.csv,"Isolation Forest + Quantum Kernel SVC IBM Hardware, 300-sample split test",259,1,0.9755015432098766,1,0.3501080246913581
ibm_hardware_300_sample_feasibility,/kaggle/working/aml-quantum-pipeline/reports/final_hardware_300_split/isolation_forest_quantum_hybrid_hardware_300_split_scores.csv,"Isolation Forest + Quantum Kernel SVC IBM Hardware, 300-sample split test",260,1,0.9197530864197532,1,0.3501080246913581
ibm_hardware_300_sample_feasibility,/kaggle/working/aml-quantum-pipeline/reports/final_hardware_300_split/isolation_forest_quantum_hybrid_hardware_300_split_scores.csv,"Isolation Forest + Quantum Kernel SVC IBM Hardware, 300-sample split test",261,1,0.9083236882716048,1,0.3501080246913581
ibm_hardware_300_sample_feasibility,/kaggle/working/aml-quantum-pipeline/reports/final_hardware_300_split/isolation_forest_quantum_hybrid_hardware_300_split_scores.csv,"Isolation Forest + Quantum Kernel SVC IBM Hardware, 300-sample split test",262,1,0.915991512345679,1,0.3501080246913581
ibm_hardware_300_sample_feasibility,/kaggle/working/aml-quantum-pipeline/reports/final_hardware_300_split/isolation_forest_quantum_hybrid_hardware_300_split_scores.csv,"Isolation Forest + Quantum Kernel SVC IBM Hardware, 300-sample split test",263,0,-1.1376350308641976,0,0.3501080246913581
ibm_hardware_300_sample_feasibility,/kaggle/working/aml-quantum-pipeline/reports/final_hardware_300_split/isolation_forest_quantum_hybrid_hardware_300_split_scores.csv,"Isolation Forest + Quantum Kernel SVC IBM Hardware, 300-sample split test",264,1,0.9229841820987654,1,0.3501080246913581
ibm_hardware_300_sample_feasibility,/kaggle/working/aml-quantum-pipeline/reports/final_hardware_300_split/isolation_forest_quantum_hybrid_hardware_300_split_scores.csv,"Isolation Forest + Quantum Kernel SVC IBM Hardware, 300-sample split test",265,0,0.8817997685185186,1,0.3501080246913581
ibm_hardware_300_sample_feasibility,/kaggle/working/aml-quantum-pipeline/reports/final_hardware_300_split/isolation_forest_quantum_hybrid_hardware_300_split_scores.csv,"Isolation Forest + Quantum Kernel SVC IBM Hardware, 300-sample split test",266,0,0.785059799382716,1,0.3501080246913581
ibm_hardware_300_sample_feasibility,/kaggle/working/aml-quantum-pipeline/reports/final_hardware_300_split/isolation_forest_quantum_hybrid_hardware_300_split_scores.csv,"Isolation Forest + Quantum Kernel SVC IBM Hardware, 300-sample split test",267,0,-1.1317033179012346,0,0.3501080246913581
ibm_hardware_300_sample_feasibility,/kaggle/working/aml-quantum-pipeline/reports/final_hardware_300_split/isolation_forest_quantum_hybrid_hardware_300_split_scores.csv,"Isolation Forest + Quantum Kernel SVC IBM Hardware, 300-sample split test",268,0,-1.0779320987654322,0,0.3501080246913581
ibm_hardware_300_sample_feasibility,/kaggle/working/aml-quantum-pipeline/reports/final_hardware_300_split/isolation_forest_quantum_hybrid_hardware_300_split_scores.csv,"Isolation Forest + Quantum Kernel SVC IBM Hardware, 300-sample split test",269,0,0.972608024691358,1,0.3501080246913581
ibm_hardware_300_sample_feasibility,/kaggle/working/aml-quantum-pipeline/reports/final_hardware_300_split/isolation_forest_quantum_hybrid_hardware_300_split_scores.csv,"Isolation Forest + Quantum Kernel SVC IBM Hardware, 300-sample split test",270,1,0.925733024691358,1,0.3501080246913581
ibm_hardware_300_sample_feasibility,/kaggle/working/aml-quantum-pipeline/reports/final_hardware_300_split/isolation_forest_quantum_hybrid_hardware_300_split_scores.csv,"Isolation Forest + Quantum Kernel SVC IBM Hardware, 300-sample split test",271,1,0.9631076388888888,1,0.3501080246913581
ibm_hardware_300_sample_feasibility,/kaggle/working/aml-quantum-pipeline/reports/final_hardware_300_split/isolation_forest_quantum_hybrid_hardware_300_split_scores.csv,"Isolation Forest + Quantum Kernel SVC IBM Hardware, 300-sample split test",272,1,-1.0984278549382716,0,0.3501080246913581
ibm_hardware_300_sample_feasibility,/kaggle/working/aml-quantum-pipeline/reports/final_hardware_300_split/isolation_forest_quantum_hybrid_hardware_300_split_scores.csv,"Isolation Forest + Quantum Kernel SVC IBM Hardware, 300-sample split test",273,0,-1.0906153549382716,0,0.3501080246913581
ibm_hardware_300_sample_feasibility,/kaggle/working/aml-quantum-pipeline/reports/final_hardware_300_split/isolation_forest_quantum_hybrid_hardware_300_split_scores.csv,"Isolation Forest + Quantum Kernel SVC IBM Hardware, 300-sample split test",274,0,0.8738425925925926,1,0.3501080246913581
ibm_hardware_300_sample_feasibility,/kaggle/working/aml-quantum-pipeline/reports/final_hardware_300_split/isolation_forest_quantum_hybrid_hardware_300_split_scores.csv,"Isolation Forest + Quantum Kernel SVC IBM Hardware, 300-sample split test",275,1,0.8425925925925926,1,0.3501080246913581
ibm_hardware_300_sample_feasibility,/kaggle/working/aml-quantum-pipeline/reports/final_hardware_300_split/isolation_forest_quantum_hybrid_hardware_300_split_scores.csv,"Isolation Forest + Quantum Kernel SVC IBM Hardware, 300-sample split test",276,0,-1.1365740740740742,0,0.3501080246913581
ibm_hardware_300_sample_feasibility,/kaggle/working/aml-quantum-pipeline/reports/final_hardware_300_split/isolation_forest_quantum_hybrid_hardware_300_split_scores.csv,"Isolation Forest + Quantum Kernel SVC IBM Hardware, 300-sample split test",277,1,0.8679591049382716,1,0.3501080246913581
ibm_hardware_300_sample_feasibility,/kaggle/working/aml-quantum-pipeline/reports/final_hardware_300_split/isolation_forest_quantum_hybrid_hardware_300_split_scores.csv,"Isolation Forest + Quantum Kernel SVC IBM Hardware, 300-sample split test",278,0,0.9285300925925926,1,0.3501080246913581
ibm_hardware_300_sample_feasibility,/kaggle/working/aml-quantum-pipeline/reports/final_hardware_300_split/isolation_forest_quantum_hybrid_hardware_300_split_scores.csv,"Isolation Forest + Quantum Kernel SVC IBM Hardware, 300-sample split test",279,0,0.935522762345679,1,0.3501080246913581
ibm_hardware_300_sample_feasibility,/kaggle/working/aml-quantum-pipeline/reports/final_hardware_300_split/isolation_forest_quantum_hybrid_hardware_300_split_scores.csv,"Isolation Forest + Quantum Kernel SVC IBM Hardware, 300-sample split test",280,1,0.9308449074074074,1,0.3501080246913581
ibm_hardware_300_sample_feasibility,/kaggle/working/aml-quantum-pipeline/reports/final_hardware_300_split/isolation_forest_quantum_hybrid_hardware_300_split_scores.csv,"Isolation Forest + Quantum Kernel SVC IBM Hardware, 300-sample split test",281,1,0.865258487654321,1,0.3501080246913581
ibm_hardware_300_sample_feasibility,/kaggle/working/aml-quantum-pipeline/reports/final_hardware_300_split/isolation_forest_quantum_hybrid_hardware_300_split_scores.csv,"Isolation Forest + Quantum Kernel SVC IBM Hardware, 300-sample split test",282,0,0.896412037037037,1,0.3501080246913581
ibm_hardware_300_sample_feasibility,/kaggle/working/aml-quantum-pipeline/reports/final_hardware_300_split/isolation_forest_quantum_hybrid_hardware_300_split_scores.csv,"Isolation Forest + Quantum Kernel SVC IBM Hardware, 300-sample split test",283,0,0.931616512345679,1,0.3501080246913581
ibm_hardware_300_sample_feasibility,/kaggle/working/aml-quantum-pipeline/reports/final_hardware_300_split/isolation_forest_quantum_hybrid_hardware_300_split_scores.csv,"Isolation Forest + Quantum Kernel SVC IBM Hardware, 300-sample split test",284,1,0.855516975308642,1,0.3501080246913581
ibm_hardware_300_sample_feasibility,/kaggle/working/aml-quantum-pipeline/reports/final_hardware_300_split/isolation_forest_quantum_hybrid_hardware_300_split_scores.csv,"Isolation Forest + Quantum Kernel SVC IBM Hardware, 300-sample split test",285,1,0.8630883487654322,1,0.3501080246913581
ibm_hardware_300_sample_feasibility,/kaggle/working/aml-quantum-pipeline/reports/final_hardware_300_split/isolation_forest_quantum_hybrid_hardware_300_split_scores.csv,"Isolation Forest + Quantum Kernel SVC IBM Hardware, 300-sample split test",286,0,-1.1414448302469138,0,0.3501080246913581
ibm_hardware_300_sample_feasibility,/kaggle/working/aml-quantum-pipeline/reports/final_hardware_300_split/isolation_forest_quantum_hybrid_hardware_300_split_scores.csv,"Isolation Forest + Quantum Kernel SVC IBM Hardware, 300-sample split test",287,0,0.900318287037037,1,0.3501080246913581
ibm_hardware_300_sample_feasibility,/kaggle/working/aml-quantum-pipeline/reports/final_hardware_300_split/isolation_forest_quantum_hybrid_hardware_300_split_scores.csv,"Isolation Forest + Quantum Kernel SVC IBM Hardware, 300-sample split test",288,1,0.9109278549382716,1,0.3501080246913581
ibm_hardware_300_sample_feasibility,/kaggle/working/aml-quantum-pipeline/reports/final_hardware_300_split/isolation_forest_quantum_hybrid_hardware_300_split_scores.csv,"Isolation Forest + Quantum Kernel SVC IBM Hardware, 300-sample split test",289,1,0.867091049382716,1,0.3501080246913581
ibm_hardware_300_sample_feasibility,/kaggle/working/aml-quantum-pipeline/reports/final_hardware_300_split/isolation_forest_quantum_hybrid_hardware_300_split_scores.csv,"Isolation Forest + Quantum Kernel SVC IBM Hardware, 300-sample split test",290,0,0.839891975308642,1,0.3501080246913581
ibm_hardware_300_sample_feasibility,/kaggle/working/aml-quantum-pipeline/reports/final_hardware_300_split/isolation_forest_quantum_hybrid_hardware_300_split_scores.csv,"Isolation Forest + Quantum Kernel SVC IBM Hardware, 300-sample split test",291,0,-1.0906153549382718,0,0.3501080246913581
ibm_hardware_300_sample_feasibility,/kaggle/working/aml-quantum-pipeline/reports/final_hardware_300_split/isolation_forest_quantum_hybrid_hardware_300_split_scores.csv,"Isolation Forest + Quantum Kernel SVC IBM Hardware, 300-sample split test",292,0,-1.0956307870370372,0,0.3501080246913581
ibm_hardware_300_sample_feasibility,/kaggle/working/aml-quantum-pipeline/reports/final_hardware_300_split/isolation_forest_quantum_hybrid_hardware_300_split_scores.csv,"Isolation Forest + Quantum Kernel SVC IBM Hardware, 300-sample split test",293,0,0.7360628858024691,1,0.3501080246913581
ibm_hardware_300_sample_feasibility,/kaggle/working/aml-quantum-pipeline/reports/final_hardware_300_split/isolation_forest_quantum_hybrid_hardware_300_split_scores.csv,"Isolation Forest + Quantum Kernel SVC IBM Hardware, 300-sample split test",294,1,0.917872299382716,1,0.3501080246913581
ibm_hardware_300_sample_feasibility,/kaggle/working/aml-quantum-pipeline/reports/final_hardware_300_split/isolation_forest_quantum_hybrid_hardware_300_split_scores.csv,"Isolation Forest + Quantum Kernel SVC IBM Hardware, 300-sample split test",295,1,0.8005401234567902,1,0.3501080246913581
ibm_hardware_300_sample_feasibility,/kaggle/working/aml-quantum-pipeline/reports/final_hardware_300_split/isolation_forest_quantum_hybrid_hardware_300_split_scores.csv,"Isolation Forest + Quantum Kernel SVC IBM Hardware, 300-sample split test",296,1,0.861352237654321,1,0.3501080246913581
ibm_hardware_300_sample_feasibility,/kaggle/working/aml-quantum-pipeline/reports/final_hardware_300_split/isolation_forest_quantum_hybrid_hardware_300_split_scores.csv,"Isolation Forest + Quantum Kernel SVC IBM Hardware, 300-sample split test",297,0,-1.0838638117283952,0,0.3501080246913581
ibm_hardware_300_sample_feasibility,/kaggle/working/aml-quantum-pipeline/reports/final_hardware_300_split/isolation_forest_quantum_hybrid_hardware_300_split_scores.csv,"Isolation Forest + Quantum Kernel SVC IBM Hardware, 300-sample split test",298,0,0.8455343364197532,1,0.3501080246913581
ibm_hardware_300_sample_feasibility,/kaggle/working/aml-quantum-pipeline/reports/final_hardware_300_split/isolation_forest_quantum_hybrid_hardware_300_split_scores.csv,"Isolation Forest + Quantum Kernel SVC IBM Hardware, 300-sample split test",299,0,0.8641010802469136,1,0.3501080246913581
ibm_hardware_300_sample_feasibility,/kaggle/working/aml-quantum-pipeline/reports/final_hardware_300_split/isolation_forest_quantum_hybrid_hardware_300_split_scores.csv,"Isolation Forest + VQC IBM Hardware, 300-sample split test",0,0,0.3671875,0,0.508125
ibm_hardware_300_sample_feasibility,/kaggle/working/aml-quantum-pipeline/reports/final_hardware_300_split/isolation_forest_quantum_hybrid_hardware_300_split_scores.csv,"Isolation Forest + VQC IBM Hardware, 300-sample split test",1,1,0.6328125,1,0.508125
ibm_hardware_300_sample_feasibility,/kaggle/working/aml-quantum-pipeline/reports/final_hardware_300_split/isolation_forest_quantum_hybrid_hardware_300_split_scores.csv,"Isolation Forest + VQC IBM Hardware, 300-sample split test",2,0,0.70703125,1,0.508125
ibm_hardware_300_sample_feasibility,/kaggle/working/aml-quantum-pipeline/reports/final_hardware_300_split/isolation_forest_quantum_hybrid_hardware_300_split_scores.csv,"Isolation Forest + VQC IBM Hardware, 300-sample split test",3,0,0.3203125,0,0.508125
ibm_hardware_300_sample_feasibility,/kaggle/working/aml-quantum-pipeline/reports/final_hardware_300_split/isolation_forest_quantum_hybrid_hardware_300_split_scores.csv,"Isolation Forest + VQC IBM Hardware, 300-sample split test",4,0,0.40234375,0,0.508125
ibm_hardware_300_sample_feasibility,/kaggle/working/aml-quantum-pipeline/reports/final_hardware_300_split/isolation_forest_quantum_hybrid_hardware_300_split_scores.csv,"Isolation Forest + VQC IBM Hardware, 300-sample split test",5,1,0.6875,1,0.508125
ibm_hardware_300_sample_feasibility,/kaggle/working/aml-quantum-pipeline/reports/final_hardware_300_split/isolation_forest_quantum_hybrid_hardware_300_split_scores.csv,"Isolation Forest + VQC IBM Hardware, 300-sample split test",6,1,0.6953125,1,0.508125
ibm_hardware_300_sample_feasibility,/kaggle/working/aml-quantum-pipeline/reports/final_hardware_300_split/isolation_forest_quantum_hybrid_hardware_300_split_scores.csv,"Isolation Forest + VQC IBM Hardware, 300-sample split test",7,0,0.34375,0,0.508125
ibm_hardware_300_sample_feasibility,/kaggle/working/aml-quantum-pipeline/reports/final_hardware_300_split/isolation_forest_quantum_hybrid_hardware_300_split_scores.csv,"Isolation Forest + VQC IBM Hardware, 300-sample split test",8,1,0.69140625,1,0.508125
ibm_hardware_300_sample_feasibility,/kaggle/working/aml-quantum-pipeline/reports/final_hardware_300_split/isolation_forest_quantum_hybrid_hardware_300_split_scores.csv,"Isolation Forest + VQC IBM Hardware, 300-sample split test",9,1,0.6875,1,0.508125
ibm_hardware_300_sample_feasibility,/kaggle/working/aml-quantum-pipeline/reports/final_hardware_300_split/isolation_forest_quantum_hybrid_hardware_300_split_scores.csv,"Isolation Forest + VQC IBM Hardware, 300-sample split test",10,0,0.3671875,0,0.508125
ibm_hardware_300_sample_feasibility,/kaggle/working/aml-quantum-pipeline/reports/final_hardware_300_split/isolation_forest_quantum_hybrid_hardware_300_split_scores.csv,"Isolation Forest + VQC IBM Hardware, 300-sample split test",11,0,0.375,0,0.508125
ibm_hardware_300_sample_feasibility,/kaggle/working/aml-quantum-pipeline/reports/final_hardware_300_split/isolation_forest_quantum_hybrid_hardware_300_split_scores.csv,"Isolation Forest + VQC IBM Hardware, 300-sample split test",12,1,0.703125,1,0.508125
ibm_hardware_300_sample_feasibility,/kaggle/working/aml-quantum-pipeline/reports/final_hardware_300_split/isolation_forest_quantum_hybrid_hardware_300_split_scores.csv,"Isolation Forest + VQC IBM Hardware, 300-sample split test",13,0,0.37890625,0,0.508125
ibm_hardware_300_sample_feasibility,/kaggle/working/aml-quantum-pipeline/reports/final_hardware_300_split/isolation_forest_quantum_hybrid_hardware_300_split_scores.csv,"Isolation Forest + VQC IBM Hardware, 300-sample split test",14,0,0.703125,1,0.508125
ibm_hardware_300_sample_feasibility,/kaggle/working/aml-quantum-pipeline/reports/final_hardware_300_split/isolation_forest_quantum_hybrid_hardware_300_split_scores.csv,"Isolation Forest + VQC IBM Hardware, 300-sample split test",15,1,0.6796875,1,0.508125
ibm_hardware_300_sample_feasibility,/kaggle/working/aml-quantum-pipeline/reports/final_hardware_300_split/isolation_forest_quantum_hybrid_hardware_300_split_scores.csv,"Isolation Forest + VQC IBM Hardware, 300-sample split test",16,0,0.3359375,0,0.508125
ibm_hardware_300_sample_feasibility,/kaggle/working/aml-quantum-pipeline/reports/final_hardware_300_split/isolation_forest_quantum_hybrid_hardware_300_split_scores.csv,"Isolation Forest + VQC IBM Hardware, 300-sample split test",17,0,0.34375,0,0.508125
ibm_hardware_300_sample_feasibility,/kaggle/working/aml-quantum-pipeline/reports/final_hardware_300_split/isolation_forest_quantum_hybrid_hardware_300_split_scores.csv,"Isolation Forest + VQC IBM Hardware, 300-sample split test",18,0,0.37109375,0,0.508125
ibm_hardware_300_sample_feasibility,/kaggle/working/aml-quantum-pipeline/reports/final_hardware_300_split/isolation_forest_quantum_hybrid_hardware_300_split_scores.csv,"Isolation Forest + VQC IBM Hardware, 300-sample split test",19,1,0.67578125,1,0.508125
ibm_hardware_300_sample_feasibility,/kaggle/working/aml-quantum-pipeline/reports/final_hardware_300_split/isolation_forest_quantum_hybrid_hardware_300_split_scores.csv,"Isolation Forest + VQC IBM Hardware, 300-sample split test",20,0,0.69921875,1,0.508125
ibm_hardware_300_sample_feasibility,/kaggle/working/aml-quantum-pipeline/reports/final_hardware_300_split/isolation_forest_quantum_hybrid_hardware_300_split_scores.csv,"Isolation Forest + VQC IBM Hardware, 300-sample split test",21,1,0.7109375,1,0.508125
ibm_hardware_300_sample_feasibility,/kaggle/working/aml-quantum-pipeline/reports/final_hardware_300_split/isolation_forest_quantum_hybrid_hardware_300_split_scores.csv,"Isolation Forest + VQC IBM Hardware, 300-sample split test",22,0,0.6953125,1,0.508125
ibm_hardware_300_sample_feasibility,/kaggle/working/aml-quantum-pipeline/reports/final_hardware_300_split/isolation_forest_quantum_hybrid_hardware_300_split_scores.csv,"Isolation Forest + VQC IBM Hardware, 300-sample split test",23,1,0.703125,1,0.508125
ibm_hardware_300_sample_feasibility,/kaggle/working/aml-quantum-pipeline/reports/final_hardware_300_split/isolation_forest_quantum_hybrid_hardware_300_split_scores.csv,"Isolation Forest + VQC IBM Hardware, 300-sample split test",24,0,0.37890625,0,0.508125
ibm_hardware_300_sample_feasibility,/kaggle/working/aml-quantum-pipeline/reports/final_hardware_300_split/isolation_forest_quantum_hybrid_hardware_300_split_scores.csv,"Isolation Forest + VQC IBM Hardware, 300-sample split test",25,0,0.65234375,1,0.508125
ibm_hardware_300_sample_feasibility,/kaggle/working/aml-quantum-pipeline/reports/final_hardware_300_split/isolation_forest_quantum_hybrid_hardware_300_split_scores.csv,"Isolation Forest + VQC IBM Hardware, 300-sample split test",26,1,0.66015625,1,0.508125
ibm_hardware_300_sample_feasibility,/kaggle/working/aml-quantum-pipeline/reports/final_hardware_300_split/isolation_forest_quantum_hybrid_hardware_300_split_scores.csv,"Isolation Forest + VQC IBM Hardware, 300-sample split test",27,0,0.70703125,1,0.508125
ibm_hardware_300_sample_feasibility,/kaggle/working/aml-quantum-pipeline/reports/final_hardware_300_split/isolation_forest_quantum_hybrid_hardware_300_split_scores.csv,"Isolation Forest + VQC IBM Hardware, 300-sample split test",28,1,0.72265625,1,0.508125
ibm_hardware_300_sample_feasibility,/kaggle/working/aml-quantum-pipeline/reports/final_hardware_300_split/isolation_forest_quantum_hybrid_hardware_300_split_scores.csv,"Isolation Forest + VQC IBM Hardware, 300-sample split test",29,1,0.66015625,1,0.508125
ibm_hardware_300_sample_feasibility,/kaggle/working/aml-quantum-pipeline/reports/final_hardware_300_split/isolation_forest_quantum_hybrid_hardware_300_split_scores.csv,"Isolation Forest + VQC IBM Hardware, 300-sample split test",30,0,0.37109375,0,0.508125
ibm_hardware_300_sample_feasibility,/kaggle/working/aml-quantum-pipeline/reports/final_hardware_300_split/isolation_forest_quantum_hybrid_hardware_300_split_scores.csv,"Isolation Forest + VQC IBM Hardware, 300-sample split test",31,0,0.60546875,1,0.508125
ibm_hardware_300_sample_feasibility,/kaggle/working/aml-quantum-pipeline/reports/final_hardware_300_split/isolation_forest_quantum_hybrid_hardware_300_split_scores.csv,"Isolation Forest + VQC IBM Hardware, 300-sample split test",32,0,0.7109375,1,0.508125
ibm_hardware_300_sample_feasibility,/kaggle/working/aml-quantum-pipeline/reports/final_hardware_300_split/isolation_forest_quantum_hybrid_hardware_300_split_scores.csv,"Isolation Forest + VQC IBM Hardware, 300-sample split test",33,1,0.69921875,1,0.508125
ibm_hardware_300_sample_feasibility,/kaggle/working/aml-quantum-pipeline/reports/final_hardware_300_split/isolation_forest_quantum_hybrid_hardware_300_split_scores.csv,"Isolation Forest + VQC IBM Hardware, 300-sample split test",34,0,0.70703125,1,0.508125
ibm_hardware_300_sample_feasibility,/kaggle/working/aml-quantum-pipeline/reports/final_hardware_300_split/isolation_forest_quantum_hybrid_hardware_300_split_scores.csv,"Isolation Forest + VQC IBM Hardware, 300-sample split test",35,1,0.6875,1,0.508125
ibm_hardware_300_sample_feasibility,/kaggle/working/aml-quantum-pipeline/reports/final_hardware_300_split/isolation_forest_quantum_hybrid_hardware_300_split_scores.csv,"Isolation Forest + VQC IBM Hardware, 300-sample split test",36,0,0.38671875,0,0.508125
ibm_hardware_300_sample_feasibility,/kaggle/working/aml-quantum-pipeline/reports/final_hardware_300_split/isolation_forest_quantum_hybrid_hardware_300_split_scores.csv,"Isolation Forest + VQC IBM Hardware, 300-sample split test",37,0,0.36328125,0,0.508125
ibm_hardware_300_sample_feasibility,/kaggle/working/aml-quantum-pipeline/reports/final_hardware_300_split/isolation_forest_quantum_hybrid_hardware_300_split_scores.csv,"Isolation Forest + VQC IBM Hardware, 300-sample split test",38,0,0.7109375,1,0.508125
ibm_hardware_300_sample_feasibility,/kaggle/working/aml-quantum-pipeline/reports/final_hardware_300_split/isolation_forest_quantum_hybrid_hardware_300_split_scores.csv,"Isolation Forest + VQC IBM Hardware, 300-sample split test",39,1,0.6875,1,0.508125
ibm_hardware_300_sample_feasibility,/kaggle/working/aml-quantum-pipeline/reports/final_hardware_300_split/isolation_forest_quantum_hybrid_hardware_300_split_scores.csv,"Isolation Forest + VQC IBM Hardware, 300-sample split test",40,1,0.6796875,1,0.508125
ibm_hardware_300_sample_feasibility,/kaggle/working/aml-quantum-pipeline/reports/final_hardware_300_split/isolation_forest_quantum_hybrid_hardware_300_split_scores.csv,"Isolation Forest + VQC IBM Hardware, 300-sample split test",41,0,0.75390625,1,0.508125
ibm_hardware_300_sample_feasibility,/kaggle/working/aml-quantum-pipeline/reports/final_hardware_300_split/isolation_forest_quantum_hybrid_hardware_300_split_scores.csv,"Isolation Forest + VQC IBM Hardware, 300-sample split test",42,1,0.6953125,1,0.508125
ibm_hardware_300_sample_feasibility,/kaggle/working/aml-quantum-pipeline/reports/final_hardware_300_split/isolation_forest_quantum_hybrid_hardware_300_split_scores.csv,"Isolation Forest + VQC IBM Hardware, 300-sample split test",43,1,0.69921875,1,0.508125
ibm_hardware_300_sample_feasibility,/kaggle/working/aml-quantum-pipeline/reports/final_hardware_300_split/isolation_forest_quantum_hybrid_hardware_300_split_scores.csv,"Isolation Forest + VQC IBM Hardware, 300-sample split test",44,0,0.33203125,0,0.508125
ibm_hardware_300_sample_feasibility,/kaggle/working/aml-quantum-pipeline/reports/final_hardware_300_split/isolation_forest_quantum_hybrid_hardware_300_split_scores.csv,"Isolation Forest + VQC IBM Hardware, 300-sample split test",45,1,0.6484375,1,0.508125
ibm_hardware_300_sample_feasibility,/kaggle/working/aml-quantum-pipeline/reports/final_hardware_300_split/isolation_forest_quantum_hybrid_hardware_300_split_scores.csv,"Isolation Forest + VQC IBM Hardware, 300-sample split test",46,0,0.3671875,0,0.508125
ibm_hardware_300_sample_feasibility,/kaggle/working/aml-quantum-pipeline/reports/final_hardware_300_split/isolation_forest_quantum_hybrid_hardware_300_split_scores.csv,"Isolation Forest + VQC IBM Hardware, 300-sample split test",47,0,0.3671875,0,0.508125
ibm_hardware_300_sample_feasibility,/kaggle/working/aml-quantum-pipeline/reports/final_hardware_300_split/isolation_forest_quantum_hybrid_hardware_300_split_scores.csv,"Isolation Forest + VQC IBM Hardware, 300-sample split test",48,0,0.3515625,0,0.508125
ibm_hardware_300_sample_feasibility,/kaggle/working/aml-quantum-pipeline/reports/final_hardware_300_split/isolation_forest_quantum_hybrid_hardware_300_split_scores.csv,"Isolation Forest + VQC IBM Hardware, 300-sample split test",49,1,0.69140625,1,0.508125
ibm_hardware_300_sample_feasibility,/kaggle/working/aml-quantum-pipeline/reports/final_hardware_300_split/isolation_forest_quantum_hybrid_hardware_300_split_scores.csv,"Isolation Forest + VQC IBM Hardware, 300-sample split test",50,1,0.70703125,1,0.508125
ibm_hardware_300_sample_feasibility,/kaggle/working/aml-quantum-pipeline/reports/final_hardware_300_split/isolation_forest_quantum_hybrid_hardware_300_split_scores.csv,"Isolation Forest + VQC IBM Hardware, 300-sample split test",51,0,0.41796875,0,0.508125
ibm_hardware_300_sample_feasibility,/kaggle/working/aml-quantum-pipeline/reports/final_hardware_300_split/isolation_forest_quantum_hybrid_hardware_300_split_scores.csv,"Isolation Forest + VQC IBM Hardware, 300-sample split test",52,1,0.7265625,1,0.508125
ibm_hardware_300_sample_feasibility,/kaggle/working/aml-quantum-pipeline/reports/final_hardware_300_split/isolation_forest_quantum_hybrid_hardware_300_split_scores.csv,"Isolation Forest + VQC IBM Hardware, 300-sample split test",53,0,0.69921875,1,0.508125
ibm_hardware_300_sample_feasibility,/kaggle/working/aml-quantum-pipeline/reports/final_hardware_300_split/isolation_forest_quantum_hybrid_hardware_300_split_scores.csv,"Isolation Forest + VQC IBM Hardware, 300-sample split test",54,1,0.734375,1,0.508125
ibm_hardware_300_sample_feasibility,/kaggle/working/aml-quantum-pipeline/reports/final_hardware_300_split/isolation_forest_quantum_hybrid_hardware_300_split_scores.csv,"Isolation Forest + VQC IBM Hardware, 300-sample split test",55,0,0.41796875,0,0.508125
ibm_hardware_300_sample_feasibility,/kaggle/working/aml-quantum-pipeline/reports/final_hardware_300_split/isolation_forest_quantum_hybrid_hardware_300_split_scores.csv,"Isolation Forest + VQC IBM Hardware, 300-sample split test",56,1,0.7109375,1,0.508125
ibm_hardware_300_sample_feasibility,/kaggle/working/aml-quantum-pipeline/reports/final_hardware_300_split/isolation_forest_quantum_hybrid_hardware_300_split_scores.csv,"Isolation Forest + VQC IBM Hardware, 300-sample split test",57,1,0.71484375,1,0.508125
ibm_hardware_300_sample_feasibility,/kaggle/working/aml-quantum-pipeline/reports/final_hardware_300_split/isolation_forest_quantum_hybrid_hardware_300_split_scores.csv,"Isolation Forest + VQC IBM Hardware, 300-sample split test",58,1,0.6796875,1,0.508125
ibm_hardware_300_sample_feasibility,/kaggle/working/aml-quantum-pipeline/reports/final_hardware_300_split/isolation_forest_quantum_hybrid_hardware_300_split_scores.csv,"Isolation Forest + VQC IBM Hardware, 300-sample split test",59,0,0.44140625,0,0.508125
ibm_hardware_300_sample_feasibility,/kaggle/working/aml-quantum-pipeline/reports/final_hardware_300_split/isolation_forest_quantum_hybrid_hardware_300_split_scores.csv,"Isolation Forest + VQC IBM Hardware, 300-sample split test",60,0,0.40234375,0,0.508125
ibm_hardware_300_sample_feasibility,/kaggle/working/aml-quantum-pipeline/reports/final_hardware_300_split/isolation_forest_quantum_hybrid_hardware_300_split_scores.csv,"Isolation Forest + VQC IBM Hardware, 300-sample split test",61,1,0.671875,1,0.508125
ibm_hardware_300_sample_feasibility,/kaggle/working/aml-quantum-pipeline/reports/final_hardware_300_split/isolation_forest_quantum_hybrid_hardware_300_split_scores.csv,"Isolation Forest + VQC IBM Hardware, 300-sample split test",62,1,0.76953125,1,0.508125
ibm_hardware_300_sample_feasibility,/kaggle/working/aml-quantum-pipeline/reports/final_hardware_300_split/isolation_forest_quantum_hybrid_hardware_300_split_scores.csv,"Isolation Forest + VQC IBM Hardware, 300-sample split test",63,1,0.73046875,1,0.508125
ibm_hardware_300_sample_feasibility,/kaggle/working/aml-quantum-pipeline/reports/final_hardware_300_split/isolation_forest_quantum_hybrid_hardware_300_split_scores.csv,"Isolation Forest + VQC IBM Hardware, 300-sample split test",64,1,0.72265625,1,0.508125
ibm_hardware_300_sample_feasibility,/kaggle/working/aml-quantum-pipeline/reports/final_hardware_300_split/isolation_forest_quantum_hybrid_hardware_300_split_scores.csv,"Isolation Forest + VQC IBM Hardware, 300-sample split test",65,1,0.71875,1,0.508125
ibm_hardware_300_sample_feasibility,/kaggle/working/aml-quantum-pipeline/reports/final_hardware_300_split/isolation_forest_quantum_hybrid_hardware_300_split_scores.csv,"Isolation Forest + VQC IBM Hardware, 300-sample split test",66,1,0.6484375,1,0.508125
ibm_hardware_300_sample_feasibility,/kaggle/working/aml-quantum-pipeline/reports/final_hardware_300_split/isolation_forest_quantum_hybrid_hardware_300_split_scores.csv,"Isolation Forest + VQC IBM Hardware, 300-sample split test",67,0,0.31640625,0,0.508125
ibm_hardware_300_sample_feasibility,/kaggle/working/aml-quantum-pipeline/reports/final_hardware_300_split/isolation_forest_quantum_hybrid_hardware_300_split_scores.csv,"Isolation Forest + VQC IBM Hardware, 300-sample split test",68,1,0.33203125,0,0.508125
ibm_hardware_300_sample_feasibility,/kaggle/working/aml-quantum-pipeline/reports/final_hardware_300_split/isolation_forest_quantum_hybrid_hardware_300_split_scores.csv,"Isolation Forest + VQC IBM Hardware, 300-sample split test",69,0,0.3671875,0,0.508125
ibm_hardware_300_sample_feasibility,/kaggle/working/aml-quantum-pipeline/reports/final_hardware_300_split/isolation_forest_quantum_hybrid_hardware_300_split_scores.csv,"Isolation Forest + VQC IBM Hardware, 300-sample split test",70,1,0.69140625,1,0.508125
ibm_hardware_300_sample_feasibility,/kaggle/working/aml-quantum-pipeline/reports/final_hardware_300_split/isolation_forest_quantum_hybrid_hardware_300_split_scores.csv,"Isolation Forest + VQC IBM Hardware, 300-sample split test",71,0,0.69140625,1,0.508125
ibm_hardware_300_sample_feasibility,/kaggle/working/aml-quantum-pipeline/reports/final_hardware_300_split/isolation_forest_quantum_hybrid_hardware_300_split_scores.csv,"Isolation Forest + VQC IBM Hardware, 300-sample split test",72,1,0.64453125,1,0.508125
ibm_hardware_300_sample_feasibility,/kaggle/working/aml-quantum-pipeline/reports/final_hardware_300_split/isolation_forest_quantum_hybrid_hardware_300_split_scores.csv,"Isolation Forest + VQC IBM Hardware, 300-sample split test",73,1,0.7265625,1,0.508125
ibm_hardware_300_sample_feasibility,/kaggle/working/aml-quantum-pipeline/reports/final_hardware_300_split/isolation_forest_quantum_hybrid_hardware_300_split_scores.csv,"Isolation Forest + VQC IBM Hardware, 300-sample split test",74,1,0.6875,1,0.508125
ibm_hardware_300_sample_feasibility,/kaggle/working/aml-quantum-pipeline/reports/final_hardware_300_split/isolation_forest_quantum_hybrid_hardware_300_split_scores.csv,"Isolation Forest + VQC IBM Hardware, 300-sample split test",75,1,0.70703125,1,0.508125
ibm_hardware_300_sample_feasibility,/kaggle/working/aml-quantum-pipeline/reports/final_hardware_300_split/isolation_forest_quantum_hybrid_hardware_300_split_scores.csv,"Isolation Forest + VQC IBM Hardware, 300-sample split test",76,1,0.703125,1,0.508125
ibm_hardware_300_sample_feasibility,/kaggle/working/aml-quantum-pipeline/reports/final_hardware_300_split/isolation_forest_quantum_hybrid_hardware_300_split_scores.csv,"Isolation Forest + VQC IBM Hardware, 300-sample split test",77,0,0.73828125,1,0.508125
ibm_hardware_300_sample_feasibility,/kaggle/working/aml-quantum-pipeline/reports/final_hardware_300_split/isolation_forest_quantum_hybrid_hardware_300_split_scores.csv,"Isolation Forest + VQC IBM Hardware, 300-sample split test",78,1,0.70703125,1,0.508125
ibm_hardware_300_sample_feasibility,/kaggle/working/aml-quantum-pipeline/reports/final_hardware_300_split/isolation_forest_quantum_hybrid_hardware_300_split_scores.csv,"Isolation Forest + VQC IBM Hardware, 300-sample split test",79,1,0.71875,1,0.508125
ibm_hardware_300_sample_feasibility,/kaggle/working/aml-quantum-pipeline/reports/final_hardware_300_split/isolation_forest_quantum_hybrid_hardware_300_split_scores.csv,"Isolation Forest + VQC IBM Hardware, 300-sample split test",80,0,0.375,0,0.508125
ibm_hardware_300_sample_feasibility,/kaggle/working/aml-quantum-pipeline/reports/final_hardware_300_split/isolation_forest_quantum_hybrid_hardware_300_split_scores.csv,"Isolation Forest + VQC IBM Hardware, 300-sample split test",81,1,0.6953125,1,0.508125
ibm_hardware_300_sample_feasibility,/kaggle/working/aml-quantum-pipeline/reports/final_hardware_300_split/isolation_forest_quantum_hybrid_hardware_300_split_scores.csv,"Isolation Forest + VQC IBM Hardware, 300-sample split test",82,1,0.7109375,1,0.508125
ibm_hardware_300_sample_feasibility,/kaggle/working/aml-quantum-pipeline/reports/final_hardware_300_split/isolation_forest_quantum_hybrid_hardware_300_split_scores.csv,"Isolation Forest + VQC IBM Hardware, 300-sample split test",83,0,0.390625,0,0.508125
ibm_hardware_300_sample_feasibility,/kaggle/working/aml-quantum-pipeline/reports/final_hardware_300_split/isolation_forest_quantum_hybrid_hardware_300_split_scores.csv,"Isolation Forest + VQC IBM Hardware, 300-sample split test",84,1,0.734375,1,0.508125
ibm_hardware_300_sample_feasibility,/kaggle/working/aml-quantum-pipeline/reports/final_hardware_300_split/isolation_forest_quantum_hybrid_hardware_300_split_scores.csv,"Isolation Forest + VQC IBM Hardware, 300-sample split test",85,0,0.359375,0,0.508125
ibm_hardware_300_sample_feasibility,/kaggle/working/aml-quantum-pipeline/reports/final_hardware_300_split/isolation_forest_quantum_hybrid_hardware_300_split_scores.csv,"Isolation Forest + VQC IBM Hardware, 300-sample split test",86,1,0.6640625,1,0.508125
ibm_hardware_300_sample_feasibility,/kaggle/working/aml-quantum-pipeline/reports/final_hardware_300_split/isolation_forest_quantum_hybrid_hardware_300_split_scores.csv,"Isolation Forest + VQC IBM Hardware, 300-sample split test",87,0,0.36328125,0,0.508125
ibm_hardware_300_sample_feasibility,/kaggle/working/aml-quantum-pipeline/reports/final_hardware_300_split/isolation_forest_quantum_hybrid_hardware_300_split_scores.csv,"Isolation Forest + VQC IBM Hardware, 300-sample split test",88,1,0.69140625,1,0.508125
ibm_hardware_300_sample_feasibility,/kaggle/working/aml-quantum-pipeline/reports/final_hardware_300_split/isolation_forest_quantum_hybrid_hardware_300_split_scores.csv,"Isolation Forest + VQC IBM Hardware, 300-sample split test",89,1,0.7109375,1,0.508125
ibm_hardware_300_sample_feasibility,/kaggle/working/aml-quantum-pipeline/reports/final_hardware_300_split/isolation_forest_quantum_hybrid_hardware_300_split_scores.csv,"Isolation Forest + VQC IBM Hardware, 300-sample split test",90,0,0.37109375,0,0.508125
ibm_hardware_300_sample_feasibility,/kaggle/working/aml-quantum-pipeline/reports/final_hardware_300_split/isolation_forest_quantum_hybrid_hardware_300_split_scores.csv,"Isolation Forest + VQC IBM Hardware, 300-sample split test",91,0,0.3515625,0,0.508125
ibm_hardware_300_sample_feasibility,/kaggle/working/aml-quantum-pipeline/reports/final_hardware_300_split/isolation_forest_quantum_hybrid_hardware_300_split_scores.csv,"Isolation Forest + VQC IBM Hardware, 300-sample split test",92,0,0.34375,0,0.508125
ibm_hardware_300_sample_feasibility,/kaggle/working/aml-quantum-pipeline/reports/final_hardware_300_split/isolation_forest_quantum_hybrid_hardware_300_split_scores.csv,"Isolation Forest + VQC IBM Hardware, 300-sample split test",93,1,0.70703125,1,0.508125
ibm_hardware_300_sample_feasibility,/kaggle/working/aml-quantum-pipeline/reports/final_hardware_300_split/isolation_forest_quantum_hybrid_hardware_300_split_scores.csv,"Isolation Forest + VQC IBM Hardware, 300-sample split test",94,1,0.69140625,1,0.508125
ibm_hardware_300_sample_feasibility,/kaggle/working/aml-quantum-pipeline/reports/final_hardware_300_split/isolation_forest_quantum_hybrid_hardware_300_split_scores.csv,"Isolation Forest + VQC IBM Hardware, 300-sample split test",95,1,0.6875,1,0.508125
ibm_hardware_300_sample_feasibility,/kaggle/working/aml-quantum-pipeline/reports/final_hardware_300_split/isolation_forest_quantum_hybrid_hardware_300_split_scores.csv,"Isolation Forest + VQC IBM Hardware, 300-sample split test",96,0,0.71484375,1,0.508125
ibm_hardware_300_sample_feasibility,/kaggle/working/aml-quantum-pipeline/reports/final_hardware_300_split/isolation_forest_quantum_hybrid_hardware_300_split_scores.csv,"Isolation Forest + VQC IBM Hardware, 300-sample split test",97,1,0.7734375,1,0.508125
ibm_hardware_300_sample_feasibility,/kaggle/working/aml-quantum-pipeline/reports/final_hardware_300_split/isolation_forest_quantum_hybrid_hardware_300_split_scores.csv,"Isolation Forest + VQC IBM Hardware, 300-sample split test",98,1,0.6640625,1,0.508125
ibm_hardware_300_sample_feasibility,/kaggle/working/aml-quantum-pipeline/reports/final_hardware_300_split/isolation_forest_quantum_hybrid_hardware_300_split_scores.csv,"Isolation Forest + VQC IBM Hardware, 300-sample split test",99,1,0.67578125,1,0.508125
ibm_hardware_300_sample_feasibility,/kaggle/working/aml-quantum-pipeline/reports/final_hardware_300_split/isolation_forest_quantum_hybrid_hardware_300_split_scores.csv,"Isolation Forest + VQC IBM Hardware, 300-sample split test",100,1,0.39453125,0,0.508125
ibm_hardware_300_sample_feasibility,/kaggle/working/aml-quantum-pipeline/reports/final_hardware_300_split/isolation_forest_quantum_hybrid_hardware_300_split_scores.csv,"Isolation Forest + VQC IBM Hardware, 300-sample split test",101,0,0.36328125,0,0.508125
ibm_hardware_300_sample_feasibility,/kaggle/working/aml-quantum-pipeline/reports/final_hardware_300_split/isolation_forest_quantum_hybrid_hardware_300_split_scores.csv,"Isolation Forest + VQC IBM Hardware, 300-sample split test",102,0,0.68359375,1,0.508125
ibm_hardware_300_sample_feasibility,/kaggle/working/aml-quantum-pipeline/reports/final_hardware_300_split/isolation_forest_quantum_hybrid_hardware_300_split_scores.csv,"Isolation Forest + VQC IBM Hardware, 300-sample split test",103,0,0.76953125,1,0.508125
ibm_hardware_300_sample_feasibility,/kaggle/working/aml-quantum-pipeline/reports/final_hardware_300_split/isolation_forest_quantum_hybrid_hardware_300_split_scores.csv,"Isolation Forest + VQC IBM Hardware, 300-sample split test",104,1,0.6796875,1,0.508125
ibm_hardware_300_sample_feasibility,/kaggle/working/aml-quantum-pipeline/reports/final_hardware_300_split/isolation_forest_quantum_hybrid_hardware_300_split_scores.csv,"Isolation Forest + VQC IBM Hardware, 300-sample split test",105,1,0.671875,1,0.508125
ibm_hardware_300_sample_feasibility,/kaggle/working/aml-quantum-pipeline/reports/final_hardware_300_split/isolation_forest_quantum_hybrid_hardware_300_split_scores.csv,"Isolation Forest + VQC IBM Hardware, 300-sample split test",106,1,0.703125,1,0.508125
ibm_hardware_300_sample_feasibility,/kaggle/working/aml-quantum-pipeline/reports/final_hardware_300_split/isolation_forest_quantum_hybrid_hardware_300_split_scores.csv,"Isolation Forest + VQC IBM Hardware, 300-sample split test",107,1,0.7265625,1,0.508125
ibm_hardware_300_sample_feasibility,/kaggle/working/aml-quantum-pipeline/reports/final_hardware_300_split/isolation_forest_quantum_hybrid_hardware_300_split_scores.csv,"Isolation Forest + VQC IBM Hardware, 300-sample split test",108,0,0.34375,0,0.508125
ibm_hardware_300_sample_feasibility,/kaggle/working/aml-quantum-pipeline/reports/final_hardware_300_split/isolation_forest_quantum_hybrid_hardware_300_split_scores.csv,"Isolation Forest + VQC IBM Hardware, 300-sample split test",109,1,0.69921875,1,0.508125
ibm_hardware_300_sample_feasibility,/kaggle/working/aml-quantum-pipeline/reports/final_hardware_300_split/isolation_forest_quantum_hybrid_hardware_300_split_scores.csv,"Isolation Forest + VQC IBM Hardware, 300-sample split test",110,0,0.72265625,1,0.508125
ibm_hardware_300_sample_feasibility,/kaggle/working/aml-quantum-pipeline/reports/final_hardware_300_split/isolation_forest_quantum_hybrid_hardware_300_split_scores.csv,"Isolation Forest + VQC IBM Hardware, 300-sample split test",111,0,0.3671875,0,0.508125
ibm_hardware_300_sample_feasibility,/kaggle/working/aml-quantum-pipeline/reports/final_hardware_300_split/isolation_forest_quantum_hybrid_hardware_300_split_scores.csv,"Isolation Forest + VQC IBM Hardware, 300-sample split test",112,1,0.71484375,1,0.508125
ibm_hardware_300_sample_feasibility,/kaggle/working/aml-quantum-pipeline/reports/final_hardware_300_split/isolation_forest_quantum_hybrid_hardware_300_split_scores.csv,"Isolation Forest + VQC IBM Hardware, 300-sample split test",113,0,0.65625,1,0.508125
ibm_hardware_300_sample_feasibility,/kaggle/working/aml-quantum-pipeline/reports/final_hardware_300_split/isolation_forest_quantum_hybrid_hardware_300_split_scores.csv,"Isolation Forest + VQC IBM Hardware, 300-sample split test",114,1,0.65625,1,0.508125
ibm_hardware_300_sample_feasibility,/kaggle/working/aml-quantum-pipeline/reports/final_hardware_300_split/isolation_forest_quantum_hybrid_hardware_300_split_scores.csv,"Isolation Forest + VQC IBM Hardware, 300-sample split test",115,1,0.72265625,1,0.508125
ibm_hardware_300_sample_feasibility,/kaggle/working/aml-quantum-pipeline/reports/final_hardware_300_split/isolation_forest_quantum_hybrid_hardware_300_split_scores.csv,"Isolation Forest + VQC IBM Hardware, 300-sample split test",116,1,0.75390625,1,0.508125
ibm_hardware_300_sample_feasibility,/kaggle/working/aml-quantum-pipeline/reports/final_hardware_300_split/isolation_forest_quantum_hybrid_hardware_300_split_scores.csv,"Isolation Forest + VQC IBM Hardware, 300-sample split test",117,0,0.37890625,0,0.508125
ibm_hardware_300_sample_feasibility,/kaggle/working/aml-quantum-pipeline/reports/final_hardware_300_split/isolation_forest_quantum_hybrid_hardware_300_split_scores.csv,"Isolation Forest + VQC IBM Hardware, 300-sample split test",118,0,0.7734375,1,0.508125
ibm_hardware_300_sample_feasibility,/kaggle/working/aml-quantum-pipeline/reports/final_hardware_300_split/isolation_forest_quantum_hybrid_hardware_300_split_scores.csv,"Isolation Forest + VQC IBM Hardware, 300-sample split test",119,1,0.703125,1,0.508125
ibm_hardware_300_sample_feasibility,/kaggle/working/aml-quantum-pipeline/reports/final_hardware_300_split/isolation_forest_quantum_hybrid_hardware_300_split_scores.csv,"Isolation Forest + VQC IBM Hardware, 300-sample split test",120,1,0.3984375,0,0.508125
ibm_hardware_300_sample_feasibility,/kaggle/working/aml-quantum-pipeline/reports/final_hardware_300_split/isolation_forest_quantum_hybrid_hardware_300_split_scores.csv,"Isolation Forest + VQC IBM Hardware, 300-sample split test",121,0,0.44140625,0,0.508125
ibm_hardware_300_sample_feasibility,/kaggle/working/aml-quantum-pipeline/reports/final_hardware_300_split/isolation_forest_quantum_hybrid_hardware_300_split_scores.csv,"Isolation Forest + VQC IBM Hardware, 300-sample split test",122,1,0.70703125,1,0.508125
ibm_hardware_300_sample_feasibility,/kaggle/working/aml-quantum-pipeline/reports/final_hardware_300_split/isolation_forest_quantum_hybrid_hardware_300_split_scores.csv,"Isolation Forest + VQC IBM Hardware, 300-sample split test",123,1,0.70703125,1,0.508125
ibm_hardware_300_sample_feasibility,/kaggle/working/aml-quantum-pipeline/reports/final_hardware_300_split/isolation_forest_quantum_hybrid_hardware_300_split_scores.csv,"Isolation Forest + VQC IBM Hardware, 300-sample split test",124,1,0.69140625,1,0.508125
ibm_hardware_300_sample_feasibility,/kaggle/working/aml-quantum-pipeline/reports/final_hardware_300_split/isolation_forest_quantum_hybrid_hardware_300_split_scores.csv,"Isolation Forest + VQC IBM Hardware, 300-sample split test",125,0,0.69140625,1,0.508125
ibm_hardware_300_sample_feasibility,/kaggle/working/aml-quantum-pipeline/reports/final_hardware_300_split/isolation_forest_quantum_hybrid_hardware_300_split_scores.csv,"Isolation Forest + VQC IBM Hardware, 300-sample split test",126,1,0.765625,1,0.508125
ibm_hardware_300_sample_feasibility,/kaggle/working/aml-quantum-pipeline/reports/final_hardware_300_split/isolation_forest_quantum_hybrid_hardware_300_split_scores.csv,"Isolation Forest + VQC IBM Hardware, 300-sample split test",127,0,0.734375,1,0.508125
ibm_hardware_300_sample_feasibility,/kaggle/working/aml-quantum-pipeline/reports/final_hardware_300_split/isolation_forest_quantum_hybrid_hardware_300_split_scores.csv,"Isolation Forest + VQC IBM Hardware, 300-sample split test",128,1,0.703125,1,0.508125
ibm_hardware_300_sample_feasibility,/kaggle/working/aml-quantum-pipeline/reports/final_hardware_300_split/isolation_forest_quantum_hybrid_hardware_300_split_scores.csv,"Isolation Forest + VQC IBM Hardware, 300-sample split test",129,1,0.69140625,1,0.508125
ibm_hardware_300_sample_feasibility,/kaggle/working/aml-quantum-pipeline/reports/final_hardware_300_split/isolation_forest_quantum_hybrid_hardware_300_split_scores.csv,"Isolation Forest + VQC IBM Hardware, 300-sample split test",130,0,0.38671875,0,0.508125
ibm_hardware_300_sample_feasibility,/kaggle/working/aml-quantum-pipeline/reports/final_hardware_300_split/isolation_forest_quantum_hybrid_hardware_300_split_scores.csv,"Isolation Forest + VQC IBM Hardware, 300-sample split test",131,1,0.7109375,1,0.508125
ibm_hardware_300_sample_feasibility,/kaggle/working/aml-quantum-pipeline/reports/final_hardware_300_split/isolation_forest_quantum_hybrid_hardware_300_split_scores.csv,"Isolation Forest + VQC IBM Hardware, 300-sample split test",132,1,0.71875,1,0.508125
ibm_hardware_300_sample_feasibility,/kaggle/working/aml-quantum-pipeline/reports/final_hardware_300_split/isolation_forest_quantum_hybrid_hardware_300_split_scores.csv,"Isolation Forest + VQC IBM Hardware, 300-sample split test",133,0,0.7109375,1,0.508125
ibm_hardware_300_sample_feasibility,/kaggle/working/aml-quantum-pipeline/reports/final_hardware_300_split/isolation_forest_quantum_hybrid_hardware_300_split_scores.csv,"Isolation Forest + VQC IBM Hardware, 300-sample split test",134,1,0.69140625,1,0.508125
ibm_hardware_300_sample_feasibility,/kaggle/working/aml-quantum-pipeline/reports/final_hardware_300_split/isolation_forest_quantum_hybrid_hardware_300_split_scores.csv,"Isolation Forest + VQC IBM Hardware, 300-sample split test",135,1,0.69921875,1,0.508125
ibm_hardware_300_sample_feasibility,/kaggle/working/aml-quantum-pipeline/reports/final_hardware_300_split/isolation_forest_quantum_hybrid_hardware_300_split_scores.csv,"Isolation Forest + VQC IBM Hardware, 300-sample split test",136,0,0.38671875,0,0.508125
ibm_hardware_300_sample_feasibility,/kaggle/working/aml-quantum-pipeline/reports/final_hardware_300_split/isolation_forest_quantum_hybrid_hardware_300_split_scores.csv,"Isolation Forest + VQC IBM Hardware, 300-sample split test",137,0,0.69921875,1,0.508125
ibm_hardware_300_sample_feasibility,/kaggle/working/aml-quantum-pipeline/reports/final_hardware_300_split/isolation_forest_quantum_hybrid_hardware_300_split_scores.csv,"Isolation Forest + VQC IBM Hardware, 300-sample split test",138,1,0.703125,1,0.508125
ibm_hardware_300_sample_feasibility,/kaggle/working/aml-quantum-pipeline/reports/final_hardware_300_split/isolation_forest_quantum_hybrid_hardware_300_split_scores.csv,"Isolation Forest + VQC IBM Hardware, 300-sample split test",139,1,0.7578125,1,0.508125
ibm_hardware_300_sample_feasibility,/kaggle/working/aml-quantum-pipeline/reports/final_hardware_300_split/isolation_forest_quantum_hybrid_hardware_300_split_scores.csv,"Isolation Forest + VQC IBM Hardware, 300-sample split test",140,1,0.68359375,1,0.508125
ibm_hardware_300_sample_feasibility,/kaggle/working/aml-quantum-pipeline/reports/final_hardware_300_split/isolation_forest_quantum_hybrid_hardware_300_split_scores.csv,"Isolation Forest + VQC IBM Hardware, 300-sample split test",141,1,0.6875,1,0.508125
ibm_hardware_300_sample_feasibility,/kaggle/working/aml-quantum-pipeline/reports/final_hardware_300_split/isolation_forest_quantum_hybrid_hardware_300_split_scores.csv,"Isolation Forest + VQC IBM Hardware, 300-sample split test",142,0,0.36328125,0,0.508125
ibm_hardware_300_sample_feasibility,/kaggle/working/aml-quantum-pipeline/reports/final_hardware_300_split/isolation_forest_quantum_hybrid_hardware_300_split_scores.csv,"Isolation Forest + VQC IBM Hardware, 300-sample split test",143,1,0.73046875,1,0.508125
ibm_hardware_300_sample_feasibility,/kaggle/working/aml-quantum-pipeline/reports/final_hardware_300_split/isolation_forest_quantum_hybrid_hardware_300_split_scores.csv,"Isolation Forest + VQC IBM Hardware, 300-sample split test",144,0,0.68359375,1,0.508125
ibm_hardware_300_sample_feasibility,/kaggle/working/aml-quantum-pipeline/reports/final_hardware_300_split/isolation_forest_quantum_hybrid_hardware_300_split_scores.csv,"Isolation Forest + VQC IBM Hardware, 300-sample split test",145,1,0.77734375,1,0.508125
ibm_hardware_300_sample_feasibility,/kaggle/working/aml-quantum-pipeline/reports/final_hardware_300_split/isolation_forest_quantum_hybrid_hardware_300_split_scores.csv,"Isolation Forest + VQC IBM Hardware, 300-sample split test",146,1,0.69921875,1,0.508125
ibm_hardware_300_sample_feasibility,/kaggle/working/aml-quantum-pipeline/reports/final_hardware_300_split/isolation_forest_quantum_hybrid_hardware_300_split_scores.csv,"Isolation Forest + VQC IBM Hardware, 300-sample split test",147,0,0.671875,1,0.508125
ibm_hardware_300_sample_feasibility,/kaggle/working/aml-quantum-pipeline/reports/final_hardware_300_split/isolation_forest_quantum_hybrid_hardware_300_split_scores.csv,"Isolation Forest + VQC IBM Hardware, 300-sample split test",148,1,0.74609375,1,0.508125
ibm_hardware_300_sample_feasibility,/kaggle/working/aml-quantum-pipeline/reports/final_hardware_300_split/isolation_forest_quantum_hybrid_hardware_300_split_scores.csv,"Isolation Forest + VQC IBM Hardware, 300-sample split test",149,1,0.671875,1,0.508125
ibm_hardware_300_sample_feasibility,/kaggle/working/aml-quantum-pipeline/reports/final_hardware_300_split/isolation_forest_quantum_hybrid_hardware_300_split_scores.csv,"Isolation Forest + VQC IBM Hardware, 300-sample split test",150,0,0.72265625,1,0.508125
ibm_hardware_300_sample_feasibility,/kaggle/working/aml-quantum-pipeline/reports/final_hardware_300_split/isolation_forest_quantum_hybrid_hardware_300_split_scores.csv,"Isolation Forest + VQC IBM Hardware, 300-sample split test",151,0,0.37890625,0,0.508125
ibm_hardware_300_sample_feasibility,/kaggle/working/aml-quantum-pipeline/reports/final_hardware_300_split/isolation_forest_quantum_hybrid_hardware_300_split_scores.csv,"Isolation Forest + VQC IBM Hardware, 300-sample split test",152,1,0.67578125,1,0.508125
ibm_hardware_300_sample_feasibility,/kaggle/working/aml-quantum-pipeline/reports/final_hardware_300_split/isolation_forest_quantum_hybrid_hardware_300_split_scores.csv,"Isolation Forest + VQC IBM Hardware, 300-sample split test",153,1,0.71484375,1,0.508125
ibm_hardware_300_sample_feasibility,/kaggle/working/aml-quantum-pipeline/reports/final_hardware_300_split/isolation_forest_quantum_hybrid_hardware_300_split_scores.csv,"Isolation Forest + VQC IBM Hardware, 300-sample split test",154,1,0.70703125,1,0.508125
ibm_hardware_300_sample_feasibility,/kaggle/working/aml-quantum-pipeline/reports/final_hardware_300_split/isolation_forest_quantum_hybrid_hardware_300_split_scores.csv,"Isolation Forest + VQC IBM Hardware, 300-sample split test",155,1,0.7265625,1,0.508125
ibm_hardware_300_sample_feasibility,/kaggle/working/aml-quantum-pipeline/reports/final_hardware_300_split/isolation_forest_quantum_hybrid_hardware_300_split_scores.csv,"Isolation Forest + VQC IBM Hardware, 300-sample split test",156,1,0.74609375,1,0.508125
ibm_hardware_300_sample_feasibility,/kaggle/working/aml-quantum-pipeline/reports/final_hardware_300_split/isolation_forest_quantum_hybrid_hardware_300_split_scores.csv,"Isolation Forest + VQC IBM Hardware, 300-sample split test",157,1,0.69921875,1,0.508125
ibm_hardware_300_sample_feasibility,/kaggle/working/aml-quantum-pipeline/reports/final_hardware_300_split/isolation_forest_quantum_hybrid_hardware_300_split_scores.csv,"Isolation Forest + VQC IBM Hardware, 300-sample split test",158,0,0.38671875,0,0.508125
ibm_hardware_300_sample_feasibility,/kaggle/working/aml-quantum-pipeline/reports/final_hardware_300_split/isolation_forest_quantum_hybrid_hardware_300_split_scores.csv,"Isolation Forest + VQC IBM Hardware, 300-sample split test",159,0,0.73046875,1,0.508125
ibm_hardware_300_sample_feasibility,/kaggle/working/aml-quantum-pipeline/reports/final_hardware_300_split/isolation_forest_quantum_hybrid_hardware_300_split_scores.csv,"Isolation Forest + VQC IBM Hardware, 300-sample split test",160,0,0.328125,0,0.508125
ibm_hardware_300_sample_feasibility,/kaggle/working/aml-quantum-pipeline/reports/final_hardware_300_split/isolation_forest_quantum_hybrid_hardware_300_split_scores.csv,"Isolation Forest + VQC IBM Hardware, 300-sample split test",161,1,0.74609375,1,0.508125
ibm_hardware_300_sample_feasibility,/kaggle/working/aml-quantum-pipeline/reports/final_hardware_300_split/isolation_forest_quantum_hybrid_hardware_300_split_scores.csv,"Isolation Forest + VQC IBM Hardware, 300-sample split test",162,1,0.6796875,1,0.508125
ibm_hardware_300_sample_feasibility,/kaggle/working/aml-quantum-pipeline/reports/final_hardware_300_split/isolation_forest_quantum_hybrid_hardware_300_split_scores.csv,"Isolation Forest + VQC IBM Hardware, 300-sample split test",163,1,0.64453125,1,0.508125
ibm_hardware_300_sample_feasibility,/kaggle/working/aml-quantum-pipeline/reports/final_hardware_300_split/isolation_forest_quantum_hybrid_hardware_300_split_scores.csv,"Isolation Forest + VQC IBM Hardware, 300-sample split test",164,1,0.671875,1,0.508125
ibm_hardware_300_sample_feasibility,/kaggle/working/aml-quantum-pipeline/reports/final_hardware_300_split/isolation_forest_quantum_hybrid_hardware_300_split_scores.csv,"Isolation Forest + VQC IBM Hardware, 300-sample split test",165,0,0.3515625,0,0.508125
ibm_hardware_300_sample_feasibility,/kaggle/working/aml-quantum-pipeline/reports/final_hardware_300_split/isolation_forest_quantum_hybrid_hardware_300_split_scores.csv,"Isolation Forest + VQC IBM Hardware, 300-sample split test",166,0,0.390625,0,0.508125
ibm_hardware_300_sample_feasibility,/kaggle/working/aml-quantum-pipeline/reports/final_hardware_300_split/isolation_forest_quantum_hybrid_hardware_300_split_scores.csv,"Isolation Forest + VQC IBM Hardware, 300-sample split test",167,0,0.69140625,1,0.508125
ibm_hardware_300_sample_feasibility,/kaggle/working/aml-quantum-pipeline/reports/final_hardware_300_split/isolation_forest_quantum_hybrid_hardware_300_split_scores.csv,"Isolation Forest + VQC IBM Hardware, 300-sample split test",168,1,0.73828125,1,0.508125
ibm_hardware_300_sample_feasibility,/kaggle/working/aml-quantum-pipeline/reports/final_hardware_300_split/isolation_forest_quantum_hybrid_hardware_300_split_scores.csv,"Isolation Forest + VQC IBM Hardware, 300-sample split test",169,0,0.6640625,1,0.508125
ibm_hardware_300_sample_feasibility,/kaggle/working/aml-quantum-pipeline/reports/final_hardware_300_split/isolation_forest_quantum_hybrid_hardware_300_split_scores.csv,"Isolation Forest + VQC IBM Hardware, 300-sample split test",170,0,0.66015625,1,0.508125
ibm_hardware_300_sample_feasibility,/kaggle/working/aml-quantum-pipeline/reports/final_hardware_300_split/isolation_forest_quantum_hybrid_hardware_300_split_scores.csv,"Isolation Forest + VQC IBM Hardware, 300-sample split test",171,0,0.75,1,0.508125
ibm_hardware_300_sample_feasibility,/kaggle/working/aml-quantum-pipeline/reports/final_hardware_300_split/isolation_forest_quantum_hybrid_hardware_300_split_scores.csv,"Isolation Forest + VQC IBM Hardware, 300-sample split test",172,0,0.3671875,0,0.508125
ibm_hardware_300_sample_feasibility,/kaggle/working/aml-quantum-pipeline/reports/final_hardware_300_split/isolation_forest_quantum_hybrid_hardware_300_split_scores.csv,"Isolation Forest + VQC IBM Hardware, 300-sample split test",173,0,0.734375,1,0.508125
ibm_hardware_300_sample_feasibility,/kaggle/working/aml-quantum-pipeline/reports/final_hardware_300_split/isolation_forest_quantum_hybrid_hardware_300_split_scores.csv,"Isolation Forest + VQC IBM Hardware, 300-sample split test",174,0,0.671875,1,0.508125
ibm_hardware_300_sample_feasibility,/kaggle/working/aml-quantum-pipeline/reports/final_hardware_300_split/isolation_forest_quantum_hybrid_hardware_300_split_scores.csv,"Isolation Forest + VQC IBM Hardware, 300-sample split test",175,0,0.328125,0,0.508125
ibm_hardware_300_sample_feasibility,/kaggle/working/aml-quantum-pipeline/reports/final_hardware_300_split/isolation_forest_quantum_hybrid_hardware_300_split_scores.csv,"Isolation Forest + VQC IBM Hardware, 300-sample split test",176,0,0.359375,0,0.508125
ibm_hardware_300_sample_feasibility,/kaggle/working/aml-quantum-pipeline/reports/final_hardware_300_split/isolation_forest_quantum_hybrid_hardware_300_split_scores.csv,"Isolation Forest + VQC IBM Hardware, 300-sample split test",177,1,0.6796875,1,0.508125
ibm_hardware_300_sample_feasibility,/kaggle/working/aml-quantum-pipeline/reports/final_hardware_300_split/isolation_forest_quantum_hybrid_hardware_300_split_scores.csv,"Isolation Forest + VQC IBM Hardware, 300-sample split test",178,0,0.6953125,1,0.508125
ibm_hardware_300_sample_feasibility,/kaggle/working/aml-quantum-pipeline/reports/final_hardware_300_split/isolation_forest_quantum_hybrid_hardware_300_split_scores.csv,"Isolation Forest + VQC IBM Hardware, 300-sample split test",179,0,0.375,0,0.508125
ibm_hardware_300_sample_feasibility,/kaggle/working/aml-quantum-pipeline/reports/final_hardware_300_split/isolation_forest_quantum_hybrid_hardware_300_split_scores.csv,"Isolation Forest + VQC IBM Hardware, 300-sample split test",180,0,0.69140625,1,0.508125
ibm_hardware_300_sample_feasibility,/kaggle/working/aml-quantum-pipeline/reports/final_hardware_300_split/isolation_forest_quantum_hybrid_hardware_300_split_scores.csv,"Isolation Forest + VQC IBM Hardware, 300-sample split test",181,1,0.6953125,1,0.508125
ibm_hardware_300_sample_feasibility,/kaggle/working/aml-quantum-pipeline/reports/final_hardware_300_split/isolation_forest_quantum_hybrid_hardware_300_split_scores.csv,"Isolation Forest + VQC IBM Hardware, 300-sample split test",182,1,0.6796875,1,0.508125
ibm_hardware_300_sample_feasibility,/kaggle/working/aml-quantum-pipeline/reports/final_hardware_300_split/isolation_forest_quantum_hybrid_hardware_300_split_scores.csv,"Isolation Forest + VQC IBM Hardware, 300-sample split test",183,0,0.390625,0,0.508125
ibm_hardware_300_sample_feasibility,/kaggle/working/aml-quantum-pipeline/reports/final_hardware_300_split/isolation_forest_quantum_hybrid_hardware_300_split_scores.csv,"Isolation Forest + VQC IBM Hardware, 300-sample split test",184,0,0.33984375,0,0.508125
ibm_hardware_300_sample_feasibility,/kaggle/working/aml-quantum-pipeline/reports/final_hardware_300_split/isolation_forest_quantum_hybrid_hardware_300_split_scores.csv,"Isolation Forest + VQC IBM Hardware, 300-sample split test",185,0,0.37890625,0,0.508125
ibm_hardware_300_sample_feasibility,/kaggle/working/aml-quantum-pipeline/reports/final_hardware_300_split/isolation_forest_quantum_hybrid_hardware_300_split_scores.csv,"Isolation Forest + VQC IBM Hardware, 300-sample split test",186,0,0.34375,0,0.508125
ibm_hardware_300_sample_feasibility,/kaggle/working/aml-quantum-pipeline/reports/final_hardware_300_split/isolation_forest_quantum_hybrid_hardware_300_split_scores.csv,"Isolation Forest + VQC IBM Hardware, 300-sample split test",187,1,0.6953125,1,0.508125
ibm_hardware_300_sample_feasibility,/kaggle/working/aml-quantum-pipeline/reports/final_hardware_300_split/isolation_forest_quantum_hybrid_hardware_300_split_scores.csv,"Isolation Forest + VQC IBM Hardware, 300-sample split test",188,1,0.66015625,1,0.508125
ibm_hardware_300_sample_feasibility,/kaggle/working/aml-quantum-pipeline/reports/final_hardware_300_split/isolation_forest_quantum_hybrid_hardware_300_split_scores.csv,"Isolation Forest + VQC IBM Hardware, 300-sample split test",189,1,0.6953125,1,0.508125
ibm_hardware_300_sample_feasibility,/kaggle/working/aml-quantum-pipeline/reports/final_hardware_300_split/isolation_forest_quantum_hybrid_hardware_300_split_scores.csv,"Isolation Forest + VQC IBM Hardware, 300-sample split test",190,0,0.7109375,1,0.508125
ibm_hardware_300_sample_feasibility,/kaggle/working/aml-quantum-pipeline/reports/final_hardware_300_split/isolation_forest_quantum_hybrid_hardware_300_split_scores.csv,"Isolation Forest + VQC IBM Hardware, 300-sample split test",191,0,0.69140625,1,0.508125
ibm_hardware_300_sample_feasibility,/kaggle/working/aml-quantum-pipeline/reports/final_hardware_300_split/isolation_forest_quantum_hybrid_hardware_300_split_scores.csv,"Isolation Forest + VQC IBM Hardware, 300-sample split test",192,1,0.6875,1,0.508125
ibm_hardware_300_sample_feasibility,/kaggle/working/aml-quantum-pipeline/reports/final_hardware_300_split/isolation_forest_quantum_hybrid_hardware_300_split_scores.csv,"Isolation Forest + VQC IBM Hardware, 300-sample split test",193,0,0.69921875,1,0.508125
ibm_hardware_300_sample_feasibility,/kaggle/working/aml-quantum-pipeline/reports/final_hardware_300_split/isolation_forest_quantum_hybrid_hardware_300_split_scores.csv,"Isolation Forest + VQC IBM Hardware, 300-sample split test",194,0,0.671875,1,0.508125
ibm_hardware_300_sample_feasibility,/kaggle/working/aml-quantum-pipeline/reports/final_hardware_300_split/isolation_forest_quantum_hybrid_hardware_300_split_scores.csv,"Isolation Forest + VQC IBM Hardware, 300-sample split test",195,1,0.7109375,1,0.508125
ibm_hardware_300_sample_feasibility,/kaggle/working/aml-quantum-pipeline/reports/final_hardware_300_split/isolation_forest_quantum_hybrid_hardware_300_split_scores.csv,"Isolation Forest + VQC IBM Hardware, 300-sample split test",196,0,0.73828125,1,0.508125
ibm_hardware_300_sample_feasibility,/kaggle/working/aml-quantum-pipeline/reports/final_hardware_300_split/isolation_forest_quantum_hybrid_hardware_300_split_scores.csv,"Isolation Forest + VQC IBM Hardware, 300-sample split test",197,0,0.75390625,1,0.508125
ibm_hardware_300_sample_feasibility,/kaggle/working/aml-quantum-pipeline/reports/final_hardware_300_split/isolation_forest_quantum_hybrid_hardware_300_split_scores.csv,"Isolation Forest + VQC IBM Hardware, 300-sample split test",198,1,0.66796875,1,0.508125
ibm_hardware_300_sample_feasibility,/kaggle/working/aml-quantum-pipeline/reports/final_hardware_300_split/isolation_forest_quantum_hybrid_hardware_300_split_scores.csv,"Isolation Forest + VQC IBM Hardware, 300-sample split test",199,0,0.4296875,0,0.508125
ibm_hardware_300_sample_feasibility,/kaggle/working/aml-quantum-pipeline/reports/final_hardware_300_split/isolation_forest_quantum_hybrid_hardware_300_split_scores.csv,"Isolation Forest + VQC IBM Hardware, 300-sample split test",200,1,0.703125,1,0.508125
ibm_hardware_300_sample_feasibility,/kaggle/working/aml-quantum-pipeline/reports/final_hardware_300_split/isolation_forest_quantum_hybrid_hardware_300_split_scores.csv,"Isolation Forest + VQC IBM Hardware, 300-sample split test",201,0,0.37890625,0,0.508125
ibm_hardware_300_sample_feasibility,/kaggle/working/aml-quantum-pipeline/reports/final_hardware_300_split/isolation_forest_quantum_hybrid_hardware_300_split_scores.csv,"Isolation Forest + VQC IBM Hardware, 300-sample split test",202,0,0.66015625,1,0.508125
ibm_hardware_300_sample_feasibility,/kaggle/working/aml-quantum-pipeline/reports/final_hardware_300_split/isolation_forest_quantum_hybrid_hardware_300_split_scores.csv,"Isolation Forest + VQC IBM Hardware, 300-sample split test",203,0,0.33984375,0,0.508125
ibm_hardware_300_sample_feasibility,/kaggle/working/aml-quantum-pipeline/reports/final_hardware_300_split/isolation_forest_quantum_hybrid_hardware_300_split_scores.csv,"Isolation Forest + VQC IBM Hardware, 300-sample split test",204,0,0.39453125,0,0.508125
ibm_hardware_300_sample_feasibility,/kaggle/working/aml-quantum-pipeline/reports/final_hardware_300_split/isolation_forest_quantum_hybrid_hardware_300_split_scores.csv,"Isolation Forest + VQC IBM Hardware, 300-sample split test",205,0,0.359375,0,0.508125
ibm_hardware_300_sample_feasibility,/kaggle/working/aml-quantum-pipeline/reports/final_hardware_300_split/isolation_forest_quantum_hybrid_hardware_300_split_scores.csv,"Isolation Forest + VQC IBM Hardware, 300-sample split test",206,1,0.6640625,1,0.508125
ibm_hardware_300_sample_feasibility,/kaggle/working/aml-quantum-pipeline/reports/final_hardware_300_split/isolation_forest_quantum_hybrid_hardware_300_split_scores.csv,"Isolation Forest + VQC IBM Hardware, 300-sample split test",207,1,0.67578125,1,0.508125
ibm_hardware_300_sample_feasibility,/kaggle/working/aml-quantum-pipeline/reports/final_hardware_300_split/isolation_forest_quantum_hybrid_hardware_300_split_scores.csv,"Isolation Forest + VQC IBM Hardware, 300-sample split test",208,0,0.6875,1,0.508125
ibm_hardware_300_sample_feasibility,/kaggle/working/aml-quantum-pipeline/reports/final_hardware_300_split/isolation_forest_quantum_hybrid_hardware_300_split_scores.csv,"Isolation Forest + VQC IBM Hardware, 300-sample split test",209,1,0.70703125,1,0.508125
ibm_hardware_300_sample_feasibility,/kaggle/working/aml-quantum-pipeline/reports/final_hardware_300_split/isolation_forest_quantum_hybrid_hardware_300_split_scores.csv,"Isolation Forest + VQC IBM Hardware, 300-sample split test",210,0,0.6484375,1,0.508125
ibm_hardware_300_sample_feasibility,/kaggle/working/aml-quantum-pipeline/reports/final_hardware_300_split/isolation_forest_quantum_hybrid_hardware_300_split_scores.csv,"Isolation Forest + VQC IBM Hardware, 300-sample split test",211,1,0.6796875,1,0.508125
ibm_hardware_300_sample_feasibility,/kaggle/working/aml-quantum-pipeline/reports/final_hardware_300_split/isolation_forest_quantum_hybrid_hardware_300_split_scores.csv,"Isolation Forest + VQC IBM Hardware, 300-sample split test",212,0,0.4140625,0,0.508125
ibm_hardware_300_sample_feasibility,/kaggle/working/aml-quantum-pipeline/reports/final_hardware_300_split/isolation_forest_quantum_hybrid_hardware_300_split_scores.csv,"Isolation Forest + VQC IBM Hardware, 300-sample split test",213,0,0.34765625,0,0.508125
ibm_hardware_300_sample_feasibility,/kaggle/working/aml-quantum-pipeline/reports/final_hardware_300_split/isolation_forest_quantum_hybrid_hardware_300_split_scores.csv,"Isolation Forest + VQC IBM Hardware, 300-sample split test",214,0,0.36328125,0,0.508125
ibm_hardware_300_sample_feasibility,/kaggle/working/aml-quantum-pipeline/reports/final_hardware_300_split/isolation_forest_quantum_hybrid_hardware_300_split_scores.csv,"Isolation Forest + VQC IBM Hardware, 300-sample split test",215,1,0.66015625,1,0.508125
ibm_hardware_300_sample_feasibility,/kaggle/working/aml-quantum-pipeline/reports/final_hardware_300_split/isolation_forest_quantum_hybrid_hardware_300_split_scores.csv,"Isolation Forest + VQC IBM Hardware, 300-sample split test",216,1,0.6875,1,0.508125
ibm_hardware_300_sample_feasibility,/kaggle/working/aml-quantum-pipeline/reports/final_hardware_300_split/isolation_forest_quantum_hybrid_hardware_300_split_scores.csv,"Isolation Forest + VQC IBM Hardware, 300-sample split test",217,1,0.69921875,1,0.508125
ibm_hardware_300_sample_feasibility,/kaggle/working/aml-quantum-pipeline/reports/final_hardware_300_split/isolation_forest_quantum_hybrid_hardware_300_split_scores.csv,"Isolation Forest + VQC IBM Hardware, 300-sample split test",218,0,0.75,1,0.508125
ibm_hardware_300_sample_feasibility,/kaggle/working/aml-quantum-pipeline/reports/final_hardware_300_split/isolation_forest_quantum_hybrid_hardware_300_split_scores.csv,"Isolation Forest + VQC IBM Hardware, 300-sample split test",219,0,0.38671875,0,0.508125
ibm_hardware_300_sample_feasibility,/kaggle/working/aml-quantum-pipeline/reports/final_hardware_300_split/isolation_forest_quantum_hybrid_hardware_300_split_scores.csv,"Isolation Forest + VQC IBM Hardware, 300-sample split test",220,0,0.65625,1,0.508125
ibm_hardware_300_sample_feasibility,/kaggle/working/aml-quantum-pipeline/reports/final_hardware_300_split/isolation_forest_quantum_hybrid_hardware_300_split_scores.csv,"Isolation Forest + VQC IBM Hardware, 300-sample split test",221,0,0.69921875,1,0.508125
ibm_hardware_300_sample_feasibility,/kaggle/working/aml-quantum-pipeline/reports/final_hardware_300_split/isolation_forest_quantum_hybrid_hardware_300_split_scores.csv,"Isolation Forest + VQC IBM Hardware, 300-sample split test",222,1,0.6640625,1,0.508125
ibm_hardware_300_sample_feasibility,/kaggle/working/aml-quantum-pipeline/reports/final_hardware_300_split/isolation_forest_quantum_hybrid_hardware_300_split_scores.csv,"Isolation Forest + VQC IBM Hardware, 300-sample split test",223,1,0.640625,1,0.508125
ibm_hardware_300_sample_feasibility,/kaggle/working/aml-quantum-pipeline/reports/final_hardware_300_split/isolation_forest_quantum_hybrid_hardware_300_split_scores.csv,"Isolation Forest + VQC IBM Hardware, 300-sample split test",224,0,0.66796875,1,0.508125
ibm_hardware_300_sample_feasibility,/kaggle/working/aml-quantum-pipeline/reports/final_hardware_300_split/isolation_forest_quantum_hybrid_hardware_300_split_scores.csv,"Isolation Forest + VQC IBM Hardware, 300-sample split test",225,0,0.6640625,1,0.508125
ibm_hardware_300_sample_feasibility,/kaggle/working/aml-quantum-pipeline/reports/final_hardware_300_split/isolation_forest_quantum_hybrid_hardware_300_split_scores.csv,"Isolation Forest + VQC IBM Hardware, 300-sample split test",226,0,0.375,0,0.508125
ibm_hardware_300_sample_feasibility,/kaggle/working/aml-quantum-pipeline/reports/final_hardware_300_split/isolation_forest_quantum_hybrid_hardware_300_split_scores.csv,"Isolation Forest + VQC IBM Hardware, 300-sample split test",227,1,0.69921875,1,0.508125
ibm_hardware_300_sample_feasibility,/kaggle/working/aml-quantum-pipeline/reports/final_hardware_300_split/isolation_forest_quantum_hybrid_hardware_300_split_scores.csv,"Isolation Forest + VQC IBM Hardware, 300-sample split test",228,1,0.734375,1,0.508125
ibm_hardware_300_sample_feasibility,/kaggle/working/aml-quantum-pipeline/reports/final_hardware_300_split/isolation_forest_quantum_hybrid_hardware_300_split_scores.csv,"Isolation Forest + VQC IBM Hardware, 300-sample split test",229,0,0.71875,1,0.508125
ibm_hardware_300_sample_feasibility,/kaggle/working/aml-quantum-pipeline/reports/final_hardware_300_split/isolation_forest_quantum_hybrid_hardware_300_split_scores.csv,"Isolation Forest + VQC IBM Hardware, 300-sample split test",230,0,0.65625,1,0.508125
ibm_hardware_300_sample_feasibility,/kaggle/working/aml-quantum-pipeline/reports/final_hardware_300_split/isolation_forest_quantum_hybrid_hardware_300_split_scores.csv,"Isolation Forest + VQC IBM Hardware, 300-sample split test",231,0,0.40234375,0,0.508125
ibm_hardware_300_sample_feasibility,/kaggle/working/aml-quantum-pipeline/reports/final_hardware_300_split/isolation_forest_quantum_hybrid_hardware_300_split_scores.csv,"Isolation Forest + VQC IBM Hardware, 300-sample split test",232,0,0.70703125,1,0.508125
ibm_hardware_300_sample_feasibility,/kaggle/working/aml-quantum-pipeline/reports/final_hardware_300_split/isolation_forest_quantum_hybrid_hardware_300_split_scores.csv,"Isolation Forest + VQC IBM Hardware, 300-sample split test",233,1,0.671875,1,0.508125
ibm_hardware_300_sample_feasibility,/kaggle/working/aml-quantum-pipeline/reports/final_hardware_300_split/isolation_forest_quantum_hybrid_hardware_300_split_scores.csv,"Isolation Forest + VQC IBM Hardware, 300-sample split test",234,1,0.64453125,1,0.508125
ibm_hardware_300_sample_feasibility,/kaggle/working/aml-quantum-pipeline/reports/final_hardware_300_split/isolation_forest_quantum_hybrid_hardware_300_split_scores.csv,"Isolation Forest + VQC IBM Hardware, 300-sample split test",235,0,0.359375,0,0.508125
ibm_hardware_300_sample_feasibility,/kaggle/working/aml-quantum-pipeline/reports/final_hardware_300_split/isolation_forest_quantum_hybrid_hardware_300_split_scores.csv,"Isolation Forest + VQC IBM Hardware, 300-sample split test",236,1,0.69140625,1,0.508125
ibm_hardware_300_sample_feasibility,/kaggle/working/aml-quantum-pipeline/reports/final_hardware_300_split/isolation_forest_quantum_hybrid_hardware_300_split_scores.csv,"Isolation Forest + VQC IBM Hardware, 300-sample split test",237,1,0.640625,1,0.508125
ibm_hardware_300_sample_feasibility,/kaggle/working/aml-quantum-pipeline/reports/final_hardware_300_split/isolation_forest_quantum_hybrid_hardware_300_split_scores.csv,"Isolation Forest + VQC IBM Hardware, 300-sample split test",238,0,0.4140625,0,0.508125
ibm_hardware_300_sample_feasibility,/kaggle/working/aml-quantum-pipeline/reports/final_hardware_300_split/isolation_forest_quantum_hybrid_hardware_300_split_scores.csv,"Isolation Forest + VQC IBM Hardware, 300-sample split test",239,1,0.73828125,1,0.508125
ibm_hardware_300_sample_feasibility,/kaggle/working/aml-quantum-pipeline/reports/final_hardware_300_split/isolation_forest_quantum_hybrid_hardware_300_split_scores.csv,"Isolation Forest + VQC IBM Hardware, 300-sample split test",240,0,0.69140625,1,0.508125
ibm_hardware_300_sample_feasibility,/kaggle/working/aml-quantum-pipeline/reports/final_hardware_300_split/isolation_forest_quantum_hybrid_hardware_300_split_scores.csv,"Isolation Forest + VQC IBM Hardware, 300-sample split test",241,0,0.37890625,0,0.508125
ibm_hardware_300_sample_feasibility,/kaggle/working/aml-quantum-pipeline/reports/final_hardware_300_split/isolation_forest_quantum_hybrid_hardware_300_split_scores.csv,"Isolation Forest + VQC IBM Hardware, 300-sample split test",242,1,0.77734375,1,0.508125
ibm_hardware_300_sample_feasibility,/kaggle/working/aml-quantum-pipeline/reports/final_hardware_300_split/isolation_forest_quantum_hybrid_hardware_300_split_scores.csv,"Isolation Forest + VQC IBM Hardware, 300-sample split test",243,1,0.65625,1,0.508125
ibm_hardware_300_sample_feasibility,/kaggle/working/aml-quantum-pipeline/reports/final_hardware_300_split/isolation_forest_quantum_hybrid_hardware_300_split_scores.csv,"Isolation Forest + VQC IBM Hardware, 300-sample split test",244,1,0.71875,1,0.508125
ibm_hardware_300_sample_feasibility,/kaggle/working/aml-quantum-pipeline/reports/final_hardware_300_split/isolation_forest_quantum_hybrid_hardware_300_split_scores.csv,"Isolation Forest + VQC IBM Hardware, 300-sample split test",245,1,0.4140625,0,0.508125
ibm_hardware_300_sample_feasibility,/kaggle/working/aml-quantum-pipeline/reports/final_hardware_300_split/isolation_forest_quantum_hybrid_hardware_300_split_scores.csv,"Isolation Forest + VQC IBM Hardware, 300-sample split test",246,1,0.70703125,1,0.508125
ibm_hardware_300_sample_feasibility,/kaggle/working/aml-quantum-pipeline/reports/final_hardware_300_split/isolation_forest_quantum_hybrid_hardware_300_split_scores.csv,"Isolation Forest + VQC IBM Hardware, 300-sample split test",247,1,0.69921875,1,0.508125
ibm_hardware_300_sample_feasibility,/kaggle/working/aml-quantum-pipeline/reports/final_hardware_300_split/isolation_forest_quantum_hybrid_hardware_300_split_scores.csv,"Isolation Forest + VQC IBM Hardware, 300-sample split test",248,1,0.6875,1,0.508125
ibm_hardware_300_sample_feasibility,/kaggle/working/aml-quantum-pipeline/reports/final_hardware_300_split/isolation_forest_quantum_hybrid_hardware_300_split_scores.csv,"Isolation Forest + VQC IBM Hardware, 300-sample split test",249,0,0.72265625,1,0.508125
ibm_hardware_300_sample_feasibility,/kaggle/working/aml-quantum-pipeline/reports/final_hardware_300_split/isolation_forest_quantum_hybrid_hardware_300_split_scores.csv,"Isolation Forest + VQC IBM Hardware, 300-sample split test",250,0,0.4140625,0,0.508125
ibm_hardware_300_sample_feasibility,/kaggle/working/aml-quantum-pipeline/reports/final_hardware_300_split/isolation_forest_quantum_hybrid_hardware_300_split_scores.csv,"Isolation Forest + VQC IBM Hardware, 300-sample split test",251,0,0.73046875,1,0.508125
ibm_hardware_300_sample_feasibility,/kaggle/working/aml-quantum-pipeline/reports/final_hardware_300_split/isolation_forest_quantum_hybrid_hardware_300_split_scores.csv,"Isolation Forest + VQC IBM Hardware, 300-sample split test",252,0,0.328125,0,0.508125
ibm_hardware_300_sample_feasibility,/kaggle/working/aml-quantum-pipeline/reports/final_hardware_300_split/isolation_forest_quantum_hybrid_hardware_300_split_scores.csv,"Isolation Forest + VQC IBM Hardware, 300-sample split test",253,1,0.65625,1,0.508125
ibm_hardware_300_sample_feasibility,/kaggle/working/aml-quantum-pipeline/reports/final_hardware_300_split/isolation_forest_quantum_hybrid_hardware_300_split_scores.csv,"Isolation Forest + VQC IBM Hardware, 300-sample split test",254,0,0.40234375,0,0.508125
ibm_hardware_300_sample_feasibility,/kaggle/working/aml-quantum-pipeline/reports/final_hardware_300_split/isolation_forest_quantum_hybrid_hardware_300_split_scores.csv,"Isolation Forest + VQC IBM Hardware, 300-sample split test",255,0,0.73046875,1,0.508125
ibm_hardware_300_sample_feasibility,/kaggle/working/aml-quantum-pipeline/reports/final_hardware_300_split/isolation_forest_quantum_hybrid_hardware_300_split_scores.csv,"Isolation Forest + VQC IBM Hardware, 300-sample split test",256,1,0.72265625,1,0.508125
ibm_hardware_300_sample_feasibility,/kaggle/working/aml-quantum-pipeline/reports/final_hardware_300_split/isolation_forest_quantum_hybrid_hardware_300_split_scores.csv,"Isolation Forest + VQC IBM Hardware, 300-sample split test",257,0,0.37109375,0,0.508125
ibm_hardware_300_sample_feasibility,/kaggle/working/aml-quantum-pipeline/reports/final_hardware_300_split/isolation_forest_quantum_hybrid_hardware_300_split_scores.csv,"Isolation Forest + VQC IBM Hardware, 300-sample split test",258,0,0.359375,0,0.508125
ibm_hardware_300_sample_feasibility,/kaggle/working/aml-quantum-pipeline/reports/final_hardware_300_split/isolation_forest_quantum_hybrid_hardware_300_split_scores.csv,"Isolation Forest + VQC IBM Hardware, 300-sample split test",259,1,0.71875,1,0.508125
ibm_hardware_300_sample_feasibility,/kaggle/working/aml-quantum-pipeline/reports/final_hardware_300_split/isolation_forest_quantum_hybrid_hardware_300_split_scores.csv,"Isolation Forest + VQC IBM Hardware, 300-sample split test",260,1,0.66796875,1,0.508125
ibm_hardware_300_sample_feasibility,/kaggle/working/aml-quantum-pipeline/reports/final_hardware_300_split/isolation_forest_quantum_hybrid_hardware_300_split_scores.csv,"Isolation Forest + VQC IBM Hardware, 300-sample split test",261,1,0.6640625,1,0.508125
ibm_hardware_300_sample_feasibility,/kaggle/working/aml-quantum-pipeline/reports/final_hardware_300_split/isolation_forest_quantum_hybrid_hardware_300_split_scores.csv,"Isolation Forest + VQC IBM Hardware, 300-sample split test",262,1,0.66796875,1,0.508125
ibm_hardware_300_sample_feasibility,/kaggle/working/aml-quantum-pipeline/reports/final_hardware_300_split/isolation_forest_quantum_hybrid_hardware_300_split_scores.csv,"Isolation Forest + VQC IBM Hardware, 300-sample split test",263,0,0.40234375,0,0.508125
ibm_hardware_300_sample_feasibility,/kaggle/working/aml-quantum-pipeline/reports/final_hardware_300_split/isolation_forest_quantum_hybrid_hardware_300_split_scores.csv,"Isolation Forest + VQC IBM Hardware, 300-sample split test",264,1,0.67578125,1,0.508125
ibm_hardware_300_sample_feasibility,/kaggle/working/aml-quantum-pipeline/reports/final_hardware_300_split/isolation_forest_quantum_hybrid_hardware_300_split_scores.csv,"Isolation Forest + VQC IBM Hardware, 300-sample split test",265,0,0.67578125,1,0.508125
ibm_hardware_300_sample_feasibility,/kaggle/working/aml-quantum-pipeline/reports/final_hardware_300_split/isolation_forest_quantum_hybrid_hardware_300_split_scores.csv,"Isolation Forest + VQC IBM Hardware, 300-sample split test",266,0,0.71484375,1,0.508125
ibm_hardware_300_sample_feasibility,/kaggle/working/aml-quantum-pipeline/reports/final_hardware_300_split/isolation_forest_quantum_hybrid_hardware_300_split_scores.csv,"Isolation Forest + VQC IBM Hardware, 300-sample split test",267,0,0.375,0,0.508125
ibm_hardware_300_sample_feasibility,/kaggle/working/aml-quantum-pipeline/reports/final_hardware_300_split/isolation_forest_quantum_hybrid_hardware_300_split_scores.csv,"Isolation Forest + VQC IBM Hardware, 300-sample split test",268,0,0.40234375,0,0.508125
ibm_hardware_300_sample_feasibility,/kaggle/working/aml-quantum-pipeline/reports/final_hardware_300_split/isolation_forest_quantum_hybrid_hardware_300_split_scores.csv,"Isolation Forest + VQC IBM Hardware, 300-sample split test",269,0,0.7421875,1,0.508125
ibm_hardware_300_sample_feasibility,/kaggle/working/aml-quantum-pipeline/reports/final_hardware_300_split/isolation_forest_quantum_hybrid_hardware_300_split_scores.csv,"Isolation Forest + VQC IBM Hardware, 300-sample split test",270,1,0.67578125,1,0.508125
ibm_hardware_300_sample_feasibility,/kaggle/working/aml-quantum-pipeline/reports/final_hardware_300_split/isolation_forest_quantum_hybrid_hardware_300_split_scores.csv,"Isolation Forest + VQC IBM Hardware, 300-sample split test",271,1,0.6640625,1,0.508125
ibm_hardware_300_sample_feasibility,/kaggle/working/aml-quantum-pipeline/reports/final_hardware_300_split/isolation_forest_quantum_hybrid_hardware_300_split_scores.csv,"Isolation Forest + VQC IBM Hardware, 300-sample split test",272,1,0.36328125,0,0.508125
ibm_hardware_300_sample_feasibility,/kaggle/working/aml-quantum-pipeline/reports/final_hardware_300_split/isolation_forest_quantum_hybrid_hardware_300_split_scores.csv,"Isolation Forest + VQC IBM Hardware, 300-sample split test",273,0,0.38671875,0,0.508125
ibm_hardware_300_sample_feasibility,/kaggle/working/aml-quantum-pipeline/reports/final_hardware_300_split/isolation_forest_quantum_hybrid_hardware_300_split_scores.csv,"Isolation Forest + VQC IBM Hardware, 300-sample split test",274,0,0.6953125,1,0.508125
ibm_hardware_300_sample_feasibility,/kaggle/working/aml-quantum-pipeline/reports/final_hardware_300_split/isolation_forest_quantum_hybrid_hardware_300_split_scores.csv,"Isolation Forest + VQC IBM Hardware, 300-sample split test",275,1,0.71484375,1,0.508125
ibm_hardware_300_sample_feasibility,/kaggle/working/aml-quantum-pipeline/reports/final_hardware_300_split/isolation_forest_quantum_hybrid_hardware_300_split_scores.csv,"Isolation Forest + VQC IBM Hardware, 300-sample split test",276,0,0.42578125,0,0.508125
ibm_hardware_300_sample_feasibility,/kaggle/working/aml-quantum-pipeline/reports/final_hardware_300_split/isolation_forest_quantum_hybrid_hardware_300_split_scores.csv,"Isolation Forest + VQC IBM Hardware, 300-sample split test",277,1,0.71484375,1,0.508125
ibm_hardware_300_sample_feasibility,/kaggle/working/aml-quantum-pipeline/reports/final_hardware_300_split/isolation_forest_quantum_hybrid_hardware_300_split_scores.csv,"Isolation Forest + VQC IBM Hardware, 300-sample split test",278,0,0.6875,1,0.508125
ibm_hardware_300_sample_feasibility,/kaggle/working/aml-quantum-pipeline/reports/final_hardware_300_split/isolation_forest_quantum_hybrid_hardware_300_split_scores.csv,"Isolation Forest + VQC IBM Hardware, 300-sample split test",279,0,0.68359375,1,0.508125
ibm_hardware_300_sample_feasibility,/kaggle/working/aml-quantum-pipeline/reports/final_hardware_300_split/isolation_forest_quantum_hybrid_hardware_300_split_scores.csv,"Isolation Forest + VQC IBM Hardware, 300-sample split test",280,1,0.6640625,1,0.508125
ibm_hardware_300_sample_feasibility,/kaggle/working/aml-quantum-pipeline/reports/final_hardware_300_split/isolation_forest_quantum_hybrid_hardware_300_split_scores.csv,"Isolation Forest + VQC IBM Hardware, 300-sample split test",281,1,0.67578125,1,0.508125
ibm_hardware_300_sample_feasibility,/kaggle/working/aml-quantum-pipeline/reports/final_hardware_300_split/isolation_forest_quantum_hybrid_hardware_300_split_scores.csv,"Isolation Forest + VQC IBM Hardware, 300-sample split test",282,0,0.69140625,1,0.508125
ibm_hardware_300_sample_feasibility,/kaggle/working/aml-quantum-pipeline/reports/final_hardware_300_split/isolation_forest_quantum_hybrid_hardware_300_split_scores.csv,"Isolation Forest + VQC IBM Hardware, 300-sample split test",283,0,0.73046875,1,0.508125
ibm_hardware_300_sample_feasibility,/kaggle/working/aml-quantum-pipeline/reports/final_hardware_300_split/isolation_forest_quantum_hybrid_hardware_300_split_scores.csv,"Isolation Forest + VQC IBM Hardware, 300-sample split test",284,1,0.71484375,1,0.508125
ibm_hardware_300_sample_feasibility,/kaggle/working/aml-quantum-pipeline/reports/final_hardware_300_split/isolation_forest_quantum_hybrid_hardware_300_split_scores.csv,"Isolation Forest + VQC IBM Hardware, 300-sample split test",285,1,0.703125,1,0.508125
ibm_hardware_300_sample_feasibility,/kaggle/working/aml-quantum-pipeline/reports/final_hardware_300_split/isolation_forest_quantum_hybrid_hardware_300_split_scores.csv,"Isolation Forest + VQC IBM Hardware, 300-sample split test",286,0,0.42578125,0,0.508125
ibm_hardware_300_sample_feasibility,/kaggle/working/aml-quantum-pipeline/reports/final_hardware_300_split/isolation_forest_quantum_hybrid_hardware_300_split_scores.csv,"Isolation Forest + VQC IBM Hardware, 300-sample split test",287,0,0.7109375,1,0.508125
ibm_hardware_300_sample_feasibility,/kaggle/working/aml-quantum-pipeline/reports/final_hardware_300_split/isolation_forest_quantum_hybrid_hardware_300_split_scores.csv,"Isolation Forest + VQC IBM Hardware, 300-sample split test",288,1,0.72265625,1,0.508125
ibm_hardware_300_sample_feasibility,/kaggle/working/aml-quantum-pipeline/reports/final_hardware_300_split/isolation_forest_quantum_hybrid_hardware_300_split_scores.csv,"Isolation Forest + VQC IBM Hardware, 300-sample split test",289,1,0.6796875,1,0.508125
ibm_hardware_300_sample_feasibility,/kaggle/working/aml-quantum-pipeline/reports/final_hardware_300_split/isolation_forest_quantum_hybrid_hardware_300_split_scores.csv,"Isolation Forest + VQC IBM Hardware, 300-sample split test",290,0,0.69921875,1,0.508125
ibm_hardware_300_sample_feasibility,/kaggle/working/aml-quantum-pipeline/reports/final_hardware_300_split/isolation_forest_quantum_hybrid_hardware_300_split_scores.csv,"Isolation Forest + VQC IBM Hardware, 300-sample split test",291,0,0.33984375,0,0.508125
ibm_hardware_300_sample_feasibility,/kaggle/working/aml-quantum-pipeline/reports/final_hardware_300_split/isolation_forest_quantum_hybrid_hardware_300_split_scores.csv,"Isolation Forest + VQC IBM Hardware, 300-sample split test",292,0,0.3828125,0,0.508125
ibm_hardware_300_sample_feasibility,/kaggle/working/aml-quantum-pipeline/reports/final_hardware_300_split/isolation_forest_quantum_hybrid_hardware_300_split_scores.csv,"Isolation Forest + VQC IBM Hardware, 300-sample split test",293,0,0.703125,1,0.508125
ibm_hardware_300_sample_feasibility,/kaggle/working/aml-quantum-pipeline/reports/final_hardware_300_split/isolation_forest_quantum_hybrid_hardware_300_split_scores.csv,"Isolation Forest + VQC IBM Hardware, 300-sample split test",294,1,0.75,1,0.508125
ibm_hardware_300_sample_feasibility,/kaggle/working/aml-quantum-pipeline/reports/final_hardware_300_split/isolation_forest_quantum_hybrid_hardware_300_split_scores.csv,"Isolation Forest + VQC IBM Hardware, 300-sample split test",295,1,0.65625,1,0.508125
ibm_hardware_300_sample_feasibility,/kaggle/working/aml-quantum-pipeline/reports/final_hardware_300_split/isolation_forest_quantum_hybrid_hardware_300_split_scores.csv,"Isolation Forest + VQC IBM Hardware, 300-sample split test",296,1,0.703125,1,0.508125
ibm_hardware_300_sample_feasibility,/kaggle/working/aml-quantum-pipeline/reports/final_hardware_300_split/isolation_forest_quantum_hybrid_hardware_300_split_scores.csv,"Isolation Forest + VQC IBM Hardware, 300-sample split test",297,0,0.3515625,0,0.508125
ibm_hardware_300_sample_feasibility,/kaggle/working/aml-quantum-pipeline/reports/final_hardware_300_split/isolation_forest_quantum_hybrid_hardware_300_split_scores.csv,"Isolation Forest + VQC IBM Hardware, 300-sample split test",298,0,0.69921875,1,0.508125
ibm_hardware_300_sample_feasibility,/kaggle/working/aml-quantum-pipeline/reports/final_hardware_300_split/isolation_forest_quantum_hybrid_hardware_300_split_scores.csv,"Isolation Forest + VQC IBM Hardware, 300-sample split test",299,0,0.6328125,1,0.508125
same_reduced_four_feature_subset,/kaggle/working/aml-quantum-pipeline/reports/panel_revision/sota_transformer_predictions_reduced_subset.csv,AutoInt-style Attention Tabular Classifier,0,0,0.5938264727592468,1,0.5610671877861023
same_reduced_four_feature_subset,/kaggle/working/aml-quantum-pipeline/reports/panel_revision/sota_transformer_predictions_reduced_subset.csv,AutoInt-style Attention Tabular Classifier,1,1,0.6122933030128479,1,0.5610671877861023
same_reduced_four_feature_subset,/kaggle/working/aml-quantum-pipeline/reports/panel_revision/sota_transformer_predictions_reduced_subset.csv,AutoInt-style Attention Tabular Classifier,2,0,0.5954165458679199,1,0.5610671877861023
same_reduced_four_feature_subset,/kaggle/working/aml-quantum-pipeline/reports/panel_revision/sota_transformer_predictions_reduced_subset.csv,AutoInt-style Attention Tabular Classifier,3,0,0.6085837483406067,1,0.5610671877861023
same_reduced_four_feature_subset,/kaggle/working/aml-quantum-pipeline/reports/panel_revision/sota_transformer_predictions_reduced_subset.csv,AutoInt-style Attention Tabular Classifier,4,0,0.569825291633606,1,0.5610671877861023
same_reduced_four_feature_subset,/kaggle/working/aml-quantum-pipeline/reports/panel_revision/sota_transformer_predictions_reduced_subset.csv,AutoInt-style Attention Tabular Classifier,5,0,0.0343878753483295,0,0.5610671877861023
same_reduced_four_feature_subset,/kaggle/working/aml-quantum-pipeline/reports/panel_revision/sota_transformer_predictions_reduced_subset.csv,AutoInt-style Attention Tabular Classifier,6,0,0.0668886229395866,0,0.5610671877861023
same_reduced_four_feature_subset,/kaggle/working/aml-quantum-pipeline/reports/panel_revision/sota_transformer_predictions_reduced_subset.csv,AutoInt-style Attention Tabular Classifier,7,1,0.6002544164657593,1,0.5610671877861023
same_reduced_four_feature_subset,/kaggle/working/aml-quantum-pipeline/reports/panel_revision/sota_transformer_predictions_reduced_subset.csv,AutoInt-style Attention Tabular Classifier,8,1,0.592560887336731,1,0.5610671877861023
same_reduced_four_feature_subset,/kaggle/working/aml-quantum-pipeline/reports/panel_revision/sota_transformer_predictions_reduced_subset.csv,AutoInt-style Attention Tabular Classifier,9,0,0.0181923676282167,0,0.5610671877861023
same_reduced_four_feature_subset,/kaggle/working/aml-quantum-pipeline/reports/panel_revision/sota_transformer_predictions_reduced_subset.csv,AutoInt-style Attention Tabular Classifier,10,1,0.6635891199111938,1,0.5610671877861023
same_reduced_four_feature_subset,/kaggle/working/aml-quantum-pipeline/reports/panel_revision/sota_transformer_predictions_reduced_subset.csv,AutoInt-style Attention Tabular Classifier,11,0,0.5867829322814941,1,0.5610671877861023
same_reduced_four_feature_subset,/kaggle/working/aml-quantum-pipeline/reports/panel_revision/sota_transformer_predictions_reduced_subset.csv,AutoInt-style Attention Tabular Classifier,12,0,0.6050137877464294,1,0.5610671877861023
same_reduced_four_feature_subset,/kaggle/working/aml-quantum-pipeline/reports/panel_revision/sota_transformer_predictions_reduced_subset.csv,AutoInt-style Attention Tabular Classifier,13,1,0.6664019823074341,1,0.5610671877861023
same_reduced_four_feature_subset,/kaggle/working/aml-quantum-pipeline/reports/panel_revision/sota_transformer_predictions_reduced_subset.csv,AutoInt-style Attention Tabular Classifier,14,0,0.0189903900027275,0,0.5610671877861023
same_reduced_four_feature_subset,/kaggle/working/aml-quantum-pipeline/reports/panel_revision/sota_transformer_predictions_reduced_subset.csv,AutoInt-style Attention Tabular Classifier,15,1,0.5619825124740601,1,0.5610671877861023
same_reduced_four_feature_subset,/kaggle/working/aml-quantum-pipeline/reports/panel_revision/sota_transformer_predictions_reduced_subset.csv,AutoInt-style Attention Tabular Classifier,16,1,0.5927745699882507,1,0.5610671877861023
same_reduced_four_feature_subset,/kaggle/working/aml-quantum-pipeline/reports/panel_revision/sota_transformer_predictions_reduced_subset.csv,AutoInt-style Attention Tabular Classifier,17,1,0.6286700963973999,1,0.5610671877861023
same_reduced_four_feature_subset,/kaggle/working/aml-quantum-pipeline/reports/panel_revision/sota_transformer_predictions_reduced_subset.csv,AutoInt-style Attention Tabular Classifier,18,0,0.5712354183197021,1,0.5610671877861023
same_reduced_four_feature_subset,/kaggle/working/aml-quantum-pipeline/reports/panel_revision/sota_transformer_predictions_reduced_subset.csv,AutoInt-style Attention Tabular Classifier,19,0,0.583269476890564,1,0.5610671877861023
same_reduced_four_feature_subset,/kaggle/working/aml-quantum-pipeline/reports/panel_revision/sota_transformer_predictions_reduced_subset.csv,AutoInt-style Attention Tabular Classifier,20,0,0.6819078326225281,1,0.5610671877861023
same_reduced_four_feature_subset,/kaggle/working/aml-quantum-pipeline/reports/panel_revision/sota_transformer_predictions_reduced_subset.csv,AutoInt-style Attention Tabular Classifier,21,1,0.6112956404685974,1,0.5610671877861023
same_reduced_four_feature_subset,/kaggle/working/aml-quantum-pipeline/reports/panel_revision/sota_transformer_predictions_reduced_subset.csv,AutoInt-style Attention Tabular Classifier,22,0,0.6050393581390381,1,0.5610671877861023
same_reduced_four_feature_subset,/kaggle/working/aml-quantum-pipeline/reports/panel_revision/sota_transformer_predictions_reduced_subset.csv,AutoInt-style Attention Tabular Classifier,23,1,0.6307617425918579,1,0.5610671877861023
same_reduced_four_feature_subset,/kaggle/working/aml-quantum-pipeline/reports/panel_revision/sota_transformer_predictions_reduced_subset.csv,AutoInt-style Attention Tabular Classifier,24,0,0.6040170192718506,1,0.5610671877861023
same_reduced_four_feature_subset,/kaggle/working/aml-quantum-pipeline/reports/panel_revision/sota_transformer_predictions_reduced_subset.csv,AutoInt-style Attention Tabular Classifier,25,0,0.5921855568885803,1,0.5610671877861023
same_reduced_four_feature_subset,/kaggle/working/aml-quantum-pipeline/reports/panel_revision/sota_transformer_predictions_reduced_subset.csv,AutoInt-style Attention Tabular Classifier,26,1,0.6377075910568237,1,0.5610671877861023
same_reduced_four_feature_subset,/kaggle/working/aml-quantum-pipeline/reports/panel_revision/sota_transformer_predictions_reduced_subset.csv,AutoInt-style Attention Tabular Classifier,27,0,0.6300807595252991,1,0.5610671877861023
same_reduced_four_feature_subset,/kaggle/working/aml-quantum-pipeline/reports/panel_revision/sota_transformer_predictions_reduced_subset.csv,AutoInt-style Attention Tabular Classifier,28,0,0.0187017228454351,0,0.5610671877861023
same_reduced_four_feature_subset,/kaggle/working/aml-quantum-pipeline/reports/panel_revision/sota_transformer_predictions_reduced_subset.csv,AutoInt-style Attention Tabular Classifier,29,1,0.6088659763336182,1,0.5610671877861023
same_reduced_four_feature_subset,/kaggle/working/aml-quantum-pipeline/reports/panel_revision/sota_transformer_predictions_reduced_subset.csv,AutoInt-style Attention Tabular Classifier,30,1,0.5675697922706604,1,0.5610671877861023
same_reduced_four_feature_subset,/kaggle/working/aml-quantum-pipeline/reports/panel_revision/sota_transformer_predictions_reduced_subset.csv,AutoInt-style Attention Tabular Classifier,31,0,0.5756426453590393,1,0.5610671877861023
same_reduced_four_feature_subset,/kaggle/working/aml-quantum-pipeline/reports/panel_revision/sota_transformer_predictions_reduced_subset.csv,AutoInt-style Attention Tabular Classifier,32,0,0.5832661986351013,1,0.5610671877861023
same_reduced_four_feature_subset,/kaggle/working/aml-quantum-pipeline/reports/panel_revision/sota_transformer_predictions_reduced_subset.csv,AutoInt-style Attention Tabular Classifier,33,1,0.5912594199180603,1,0.5610671877861023
same_reduced_four_feature_subset,/kaggle/working/aml-quantum-pipeline/reports/panel_revision/sota_transformer_predictions_reduced_subset.csv,AutoInt-style Attention Tabular Classifier,34,0,0.6204874515533447,1,0.5610671877861023
same_reduced_four_feature_subset,/kaggle/working/aml-quantum-pipeline/reports/panel_revision/sota_transformer_predictions_reduced_subset.csv,AutoInt-style Attention Tabular Classifier,35,1,0.5931032299995422,1,0.5610671877861023
same_reduced_four_feature_subset,/kaggle/working/aml-quantum-pipeline/reports/panel_revision/sota_transformer_predictions_reduced_subset.csv,AutoInt-style Attention Tabular Classifier,36,0,0.6718931794166565,1,0.5610671877861023
same_reduced_four_feature_subset,/kaggle/working/aml-quantum-pipeline/reports/panel_revision/sota_transformer_predictions_reduced_subset.csv,AutoInt-style Attention Tabular Classifier,37,0,0.612770676612854,1,0.5610671877861023
same_reduced_four_feature_subset,/kaggle/working/aml-quantum-pipeline/reports/panel_revision/sota_transformer_predictions_reduced_subset.csv,AutoInt-style Attention Tabular Classifier,38,0,0.688553512096405,1,0.5610671877861023
same_reduced_four_feature_subset,/kaggle/working/aml-quantum-pipeline/reports/panel_revision/sota_transformer_predictions_reduced_subset.csv,AutoInt-style Attention Tabular Classifier,39,0,0.5729804039001465,1,0.5610671877861023
same_reduced_four_feature_subset,/kaggle/working/aml-quantum-pipeline/reports/panel_revision/sota_transformer_predictions_reduced_subset.csv,AutoInt-style Attention Tabular Classifier,40,1,0.5969020128250122,1,0.5610671877861023
same_reduced_four_feature_subset,/kaggle/working/aml-quantum-pipeline/reports/panel_revision/sota_transformer_predictions_reduced_subset.csv,AutoInt-style Attention Tabular Classifier,41,1,0.5841019153594971,1,0.5610671877861023
same_reduced_four_feature_subset,/kaggle/working/aml-quantum-pipeline/reports/panel_revision/sota_transformer_predictions_reduced_subset.csv,AutoInt-style Attention Tabular Classifier,42,0,0.5677799582481384,1,0.5610671877861023
same_reduced_four_feature_subset,/kaggle/working/aml-quantum-pipeline/reports/panel_revision/sota_transformer_predictions_reduced_subset.csv,AutoInt-style Attention Tabular Classifier,43,0,0.6220811605453491,1,0.5610671877861023
same_reduced_four_feature_subset,/kaggle/working/aml-quantum-pipeline/reports/panel_revision/sota_transformer_predictions_reduced_subset.csv,AutoInt-style Attention Tabular Classifier,44,1,0.6331597566604614,1,0.5610671877861023
same_reduced_four_feature_subset,/kaggle/working/aml-quantum-pipeline/reports/panel_revision/sota_transformer_predictions_reduced_subset.csv,AutoInt-style Attention Tabular Classifier,45,0,0.0264907944947481,0,0.5610671877861023
same_reduced_four_feature_subset,/kaggle/working/aml-quantum-pipeline/reports/panel_revision/sota_transformer_predictions_reduced_subset.csv,AutoInt-style Attention Tabular Classifier,46,0,0.0166511293500661,0,0.5610671877861023
same_reduced_four_feature_subset,/kaggle/working/aml-quantum-pipeline/reports/panel_revision/sota_transformer_predictions_reduced_subset.csv,AutoInt-style Attention Tabular Classifier,47,1,0.6118839979171753,1,0.5610671877861023
same_reduced_four_feature_subset,/kaggle/working/aml-quantum-pipeline/reports/panel_revision/sota_transformer_predictions_reduced_subset.csv,AutoInt-style Attention Tabular Classifier,48,1,0.6359438896179199,1,0.5610671877861023
same_reduced_four_feature_subset,/kaggle/working/aml-quantum-pipeline/reports/panel_revision/sota_transformer_predictions_reduced_subset.csv,AutoInt-style Attention Tabular Classifier,49,1,0.6102472543716431,1,0.5610671877861023
same_reduced_four_feature_subset,/kaggle/working/aml-quantum-pipeline/reports/panel_revision/sota_transformer_predictions_reduced_subset.csv,AutoInt-style Attention Tabular Classifier,50,1,0.6302379965782166,1,0.5610671877861023
same_reduced_four_feature_subset,/kaggle/working/aml-quantum-pipeline/reports/panel_revision/sota_transformer_predictions_reduced_subset.csv,AutoInt-style Attention Tabular Classifier,51,1,0.657761812210083,1,0.5610671877861023
same_reduced_four_feature_subset,/kaggle/working/aml-quantum-pipeline/reports/panel_revision/sota_transformer_predictions_reduced_subset.csv,AutoInt-style Attention Tabular Classifier,52,0,0.021343296393752,0,0.5610671877861023
same_reduced_four_feature_subset,/kaggle/working/aml-quantum-pipeline/reports/panel_revision/sota_transformer_predictions_reduced_subset.csv,AutoInt-style Attention Tabular Classifier,53,0,0.5966179370880127,1,0.5610671877861023
same_reduced_four_feature_subset,/kaggle/working/aml-quantum-pipeline/reports/panel_revision/sota_transformer_predictions_reduced_subset.csv,AutoInt-style Attention Tabular Classifier,54,0,0.6106127500534058,1,0.5610671877861023
same_reduced_four_feature_subset,/kaggle/working/aml-quantum-pipeline/reports/panel_revision/sota_transformer_predictions_reduced_subset.csv,AutoInt-style Attention Tabular Classifier,55,0,0.6819133758544922,1,0.5610671877861023
same_reduced_four_feature_subset,/kaggle/working/aml-quantum-pipeline/reports/panel_revision/sota_transformer_predictions_reduced_subset.csv,AutoInt-style Attention Tabular Classifier,56,1,0.5869344472885132,1,0.5610671877861023
same_reduced_four_feature_subset,/kaggle/working/aml-quantum-pipeline/reports/panel_revision/sota_transformer_predictions_reduced_subset.csv,AutoInt-style Attention Tabular Classifier,57,1,0.5616288185119629,1,0.5610671877861023
same_reduced_four_feature_subset,/kaggle/working/aml-quantum-pipeline/reports/panel_revision/sota_transformer_predictions_reduced_subset.csv,AutoInt-style Attention Tabular Classifier,58,1,0.5920317769050598,1,0.5610671877861023
same_reduced_four_feature_subset,/kaggle/working/aml-quantum-pipeline/reports/panel_revision/sota_transformer_predictions_reduced_subset.csv,AutoInt-style Attention Tabular Classifier,59,1,0.5977831482887268,1,0.5610671877861023
same_reduced_four_feature_subset,/kaggle/working/aml-quantum-pipeline/reports/panel_revision/sota_transformer_predictions_reduced_subset.csv,AutoInt-style Attention Tabular Classifier,60,0,0.607848584651947,1,0.5610671877861023
same_reduced_four_feature_subset,/kaggle/working/aml-quantum-pipeline/reports/panel_revision/sota_transformer_predictions_reduced_subset.csv,AutoInt-style Attention Tabular Classifier,61,0,0.0498812682926654,0,0.5610671877861023
same_reduced_four_feature_subset,/kaggle/working/aml-quantum-pipeline/reports/panel_revision/sota_transformer_predictions_reduced_subset.csv,AutoInt-style Attention Tabular Classifier,62,1,0.5902551412582397,1,0.5610671877861023
same_reduced_four_feature_subset,/kaggle/working/aml-quantum-pipeline/reports/panel_revision/sota_transformer_predictions_reduced_subset.csv,AutoInt-style Attention Tabular Classifier,63,0,0.5830644965171814,1,0.5610671877861023
same_reduced_four_feature_subset,/kaggle/working/aml-quantum-pipeline/reports/panel_revision/sota_transformer_predictions_reduced_subset.csv,AutoInt-style Attention Tabular Classifier,64,1,0.5909314155578613,1,0.5610671877861023
same_reduced_four_feature_subset,/kaggle/working/aml-quantum-pipeline/reports/panel_revision/sota_transformer_predictions_reduced_subset.csv,AutoInt-style Attention Tabular Classifier,65,0,0.5835052132606506,1,0.5610671877861023
same_reduced_four_feature_subset,/kaggle/working/aml-quantum-pipeline/reports/panel_revision/sota_transformer_predictions_reduced_subset.csv,AutoInt-style Attention Tabular Classifier,66,1,0.5646920204162598,1,0.5610671877861023
same_reduced_four_feature_subset,/kaggle/working/aml-quantum-pipeline/reports/panel_revision/sota_transformer_predictions_reduced_subset.csv,AutoInt-style Attention Tabular Classifier,67,0,0.6243414282798767,1,0.5610671877861023
same_reduced_four_feature_subset,/kaggle/working/aml-quantum-pipeline/reports/panel_revision/sota_transformer_predictions_reduced_subset.csv,AutoInt-style Attention Tabular Classifier,68,1,0.5618011951446533,1,0.5610671877861023
same_reduced_four_feature_subset,/kaggle/working/aml-quantum-pipeline/reports/panel_revision/sota_transformer_predictions_reduced_subset.csv,AutoInt-style Attention Tabular Classifier,69,0,0.5557231307029724,0,0.5610671877861023
same_reduced_four_feature_subset,/kaggle/working/aml-quantum-pipeline/reports/panel_revision/sota_transformer_predictions_reduced_subset.csv,AutoInt-style Attention Tabular Classifier,70,0,0.5934855341911316,1,0.5610671877861023
same_reduced_four_feature_subset,/kaggle/working/aml-quantum-pipeline/reports/panel_revision/sota_transformer_predictions_reduced_subset.csv,AutoInt-style Attention Tabular Classifier,71,0,0.5859237313270569,1,0.5610671877861023
same_reduced_four_feature_subset,/kaggle/working/aml-quantum-pipeline/reports/panel_revision/sota_transformer_predictions_reduced_subset.csv,AutoInt-style Attention Tabular Classifier,72,0,0.6753490567207336,1,0.5610671877861023
same_reduced_four_feature_subset,/kaggle/working/aml-quantum-pipeline/reports/panel_revision/sota_transformer_predictions_reduced_subset.csv,AutoInt-style Attention Tabular Classifier,73,1,0.6496775150299072,1,0.5610671877861023
same_reduced_four_feature_subset,/kaggle/working/aml-quantum-pipeline/reports/panel_revision/sota_transformer_predictions_reduced_subset.csv,AutoInt-style Attention Tabular Classifier,74,0,0.5873875021934509,1,0.5610671877861023
same_reduced_four_feature_subset,/kaggle/working/aml-quantum-pipeline/reports/panel_revision/sota_transformer_predictions_reduced_subset.csv,AutoInt-style Attention Tabular Classifier,75,0,0.0318102985620498,0,0.5610671877861023
same_reduced_four_feature_subset,/kaggle/working/aml-quantum-pipeline/reports/panel_revision/sota_transformer_predictions_reduced_subset.csv,AutoInt-style Attention Tabular Classifier,76,0,0.0177279934287071,0,0.5610671877861023
same_reduced_four_feature_subset,/kaggle/working/aml-quantum-pipeline/reports/panel_revision/sota_transformer_predictions_reduced_subset.csv,AutoInt-style Attention Tabular Classifier,77,0,0.6411248445510864,1,0.5610671877861023
same_reduced_four_feature_subset,/kaggle/working/aml-quantum-pipeline/reports/panel_revision/sota_transformer_predictions_reduced_subset.csv,AutoInt-style Attention Tabular Classifier,78,1,0.5510320663452148,0,0.5610671877861023
same_reduced_four_feature_subset,/kaggle/working/aml-quantum-pipeline/reports/panel_revision/sota_transformer_predictions_reduced_subset.csv,AutoInt-style Attention Tabular Classifier,79,1,0.6082085967063904,1,0.5610671877861023
same_reduced_four_feature_subset,/kaggle/working/aml-quantum-pipeline/reports/panel_revision/sota_transformer_predictions_reduced_subset.csv,AutoInt-style Attention Tabular Classifier,80,0,0.0298833418637514,0,0.5610671877861023
same_reduced_four_feature_subset,/kaggle/working/aml-quantum-pipeline/reports/panel_revision/sota_transformer_predictions_reduced_subset.csv,AutoInt-style Attention Tabular Classifier,81,0,0.5720809102058411,1,0.5610671877861023
same_reduced_four_feature_subset,/kaggle/working/aml-quantum-pipeline/reports/panel_revision/sota_transformer_predictions_reduced_subset.csv,AutoInt-style Attention Tabular Classifier,82,0,0.595524787902832,1,0.5610671877861023
same_reduced_four_feature_subset,/kaggle/working/aml-quantum-pipeline/reports/panel_revision/sota_transformer_predictions_reduced_subset.csv,AutoInt-style Attention Tabular Classifier,83,1,0.638836681842804,1,0.5610671877861023
same_reduced_four_feature_subset,/kaggle/working/aml-quantum-pipeline/reports/panel_revision/sota_transformer_predictions_reduced_subset.csv,AutoInt-style Attention Tabular Classifier,84,0,0.5824878811836243,1,0.5610671877861023
same_reduced_four_feature_subset,/kaggle/working/aml-quantum-pipeline/reports/panel_revision/sota_transformer_predictions_reduced_subset.csv,AutoInt-style Attention Tabular Classifier,85,1,0.5946380496025085,1,0.5610671877861023
same_reduced_four_feature_subset,/kaggle/working/aml-quantum-pipeline/reports/panel_revision/sota_transformer_predictions_reduced_subset.csv,AutoInt-style Attention Tabular Classifier,86,1,0.5830570459365845,1,0.5610671877861023
same_reduced_four_feature_subset,/kaggle/working/aml-quantum-pipeline/reports/panel_revision/sota_transformer_predictions_reduced_subset.csv,AutoInt-style Attention Tabular Classifier,87,1,0.6040489077568054,1,0.5610671877861023
same_reduced_four_feature_subset,/kaggle/working/aml-quantum-pipeline/reports/panel_revision/sota_transformer_predictions_reduced_subset.csv,AutoInt-style Attention Tabular Classifier,88,0,0.5903526544570923,1,0.5610671877861023
same_reduced_four_feature_subset,/kaggle/working/aml-quantum-pipeline/reports/panel_revision/sota_transformer_predictions_reduced_subset.csv,AutoInt-style Attention Tabular Classifier,89,1,0.5898527503013611,1,0.5610671877861023
same_reduced_four_feature_subset,/kaggle/working/aml-quantum-pipeline/reports/panel_revision/sota_transformer_predictions_reduced_subset.csv,AutoInt-style Attention Tabular Classifier,90,1,0.6242172122001648,1,0.5610671877861023
same_reduced_four_feature_subset,/kaggle/working/aml-quantum-pipeline/reports/panel_revision/sota_transformer_predictions_reduced_subset.csv,AutoInt-style Attention Tabular Classifier,91,0,0.6702937483787537,1,0.5610671877861023
same_reduced_four_feature_subset,/kaggle/working/aml-quantum-pipeline/reports/panel_revision/sota_transformer_predictions_reduced_subset.csv,AutoInt-style Attention Tabular Classifier,92,0,0.0819893926382064,0,0.5610671877861023
same_reduced_four_feature_subset,/kaggle/working/aml-quantum-pipeline/reports/panel_revision/sota_transformer_predictions_reduced_subset.csv,AutoInt-style Attention Tabular Classifier,93,1,0.6093944311141968,1,0.5610671877861023
same_reduced_four_feature_subset,/kaggle/working/aml-quantum-pipeline/reports/panel_revision/sota_transformer_predictions_reduced_subset.csv,AutoInt-style Attention Tabular Classifier,94,0,0.6350833773612976,1,0.5610671877861023
same_reduced_four_feature_subset,/kaggle/working/aml-quantum-pipeline/reports/panel_revision/sota_transformer_predictions_reduced_subset.csv,AutoInt-style Attention Tabular Classifier,95,1,0.5938778519630432,1,0.5610671877861023
same_reduced_four_feature_subset,/kaggle/working/aml-quantum-pipeline/reports/panel_revision/sota_transformer_predictions_reduced_subset.csv,AutoInt-style Attention Tabular Classifier,96,0,0.0165255330502986,0,0.5610671877861023
same_reduced_four_feature_subset,/kaggle/working/aml-quantum-pipeline/reports/panel_revision/sota_transformer_predictions_reduced_subset.csv,AutoInt-style Attention Tabular Classifier,97,0,0.0403406284749507,0,0.5610671877861023
same_reduced_four_feature_subset,/kaggle/working/aml-quantum-pipeline/reports/panel_revision/sota_transformer_predictions_reduced_subset.csv,AutoInt-style Attention Tabular Classifier,98,0,0.0347547344863414,0,0.5610671877861023
same_reduced_four_feature_subset,/kaggle/working/aml-quantum-pipeline/reports/panel_revision/sota_transformer_predictions_reduced_subset.csv,AutoInt-style Attention Tabular Classifier,99,0,0.5910689830780029,1,0.5610671877861023
same_reduced_four_feature_subset,/kaggle/working/aml-quantum-pipeline/reports/panel_revision/sota_transformer_predictions_reduced_subset.csv,AutoInt-style Attention Tabular Classifier,100,0,0.587182343006134,1,0.5610671877861023
same_reduced_four_feature_subset,/kaggle/working/aml-quantum-pipeline/reports/panel_revision/sota_transformer_predictions_reduced_subset.csv,AutoInt-style Attention Tabular Classifier,101,1,0.6281959414482117,1,0.5610671877861023
same_reduced_four_feature_subset,/kaggle/working/aml-quantum-pipeline/reports/panel_revision/sota_transformer_predictions_reduced_subset.csv,AutoInt-style Attention Tabular Classifier,102,0,0.0167028158903121,0,0.5610671877861023
same_reduced_four_feature_subset,/kaggle/working/aml-quantum-pipeline/reports/panel_revision/sota_transformer_predictions_reduced_subset.csv,AutoInt-style Attention Tabular Classifier,103,0,0.6610131859779358,1,0.5610671877861023
same_reduced_four_feature_subset,/kaggle/working/aml-quantum-pipeline/reports/panel_revision/sota_transformer_predictions_reduced_subset.csv,AutoInt-style Attention Tabular Classifier,104,1,0.5923969745635986,1,0.5610671877861023
same_reduced_four_feature_subset,/kaggle/working/aml-quantum-pipeline/reports/panel_revision/sota_transformer_predictions_reduced_subset.csv,AutoInt-style Attention Tabular Classifier,105,0,0.588917076587677,1,0.5610671877861023
same_reduced_four_feature_subset,/kaggle/working/aml-quantum-pipeline/reports/panel_revision/sota_transformer_predictions_reduced_subset.csv,AutoInt-style Attention Tabular Classifier,106,1,0.5757115483283997,1,0.5610671877861023
same_reduced_four_feature_subset,/kaggle/working/aml-quantum-pipeline/reports/panel_revision/sota_transformer_predictions_reduced_subset.csv,AutoInt-style Attention Tabular Classifier,107,0,0.0170133337378501,0,0.5610671877861023
same_reduced_four_feature_subset,/kaggle/working/aml-quantum-pipeline/reports/panel_revision/sota_transformer_predictions_reduced_subset.csv,AutoInt-style Attention Tabular Classifier,108,0,0.6375554800033569,1,0.5610671877861023
same_reduced_four_feature_subset,/kaggle/working/aml-quantum-pipeline/reports/panel_revision/sota_transformer_predictions_reduced_subset.csv,AutoInt-style Attention Tabular Classifier,109,1,0.579210102558136,1,0.5610671877861023
same_reduced_four_feature_subset,/kaggle/working/aml-quantum-pipeline/reports/panel_revision/sota_transformer_predictions_reduced_subset.csv,AutoInt-style Attention Tabular Classifier,110,1,0.568594217300415,1,0.5610671877861023
same_reduced_four_feature_subset,/kaggle/working/aml-quantum-pipeline/reports/panel_revision/sota_transformer_predictions_reduced_subset.csv,AutoInt-style Attention Tabular Classifier,111,1,0.6469759345054626,1,0.5610671877861023
same_reduced_four_feature_subset,/kaggle/working/aml-quantum-pipeline/reports/panel_revision/sota_transformer_predictions_reduced_subset.csv,AutoInt-style Attention Tabular Classifier,112,1,0.5692250728607178,1,0.5610671877861023
same_reduced_four_feature_subset,/kaggle/working/aml-quantum-pipeline/reports/panel_revision/sota_transformer_predictions_reduced_subset.csv,AutoInt-style Attention Tabular Classifier,113,0,0.6171677112579346,1,0.5610671877861023
same_reduced_four_feature_subset,/kaggle/working/aml-quantum-pipeline/reports/panel_revision/sota_transformer_predictions_reduced_subset.csv,AutoInt-style Attention Tabular Classifier,114,0,0.571267306804657,1,0.5610671877861023
same_reduced_four_feature_subset,/kaggle/working/aml-quantum-pipeline/reports/panel_revision/sota_transformer_predictions_reduced_subset.csv,AutoInt-style Attention Tabular Classifier,115,1,0.6002776622772217,1,0.5610671877861023
same_reduced_four_feature_subset,/kaggle/working/aml-quantum-pipeline/reports/panel_revision/sota_transformer_predictions_reduced_subset.csv,AutoInt-style Attention Tabular Classifier,116,1,0.574072003364563,1,0.5610671877861023
same_reduced_four_feature_subset,/kaggle/working/aml-quantum-pipeline/reports/panel_revision/sota_transformer_predictions_reduced_subset.csv,AutoInt-style Attention Tabular Classifier,117,1,0.0171014200896024,0,0.5610671877861023
same_reduced_four_feature_subset,/kaggle/working/aml-quantum-pipeline/reports/panel_revision/sota_transformer_predictions_reduced_subset.csv,AutoInt-style Attention Tabular Classifier,118,1,0.5081924200057983,0,0.5610671877861023
same_reduced_four_feature_subset,/kaggle/working/aml-quantum-pipeline/reports/panel_revision/sota_transformer_predictions_reduced_subset.csv,AutoInt-style Attention Tabular Classifier,119,1,0.6004481911659241,1,0.5610671877861023
same_reduced_four_feature_subset,/kaggle/working/aml-quantum-pipeline/reports/panel_revision/sota_transformer_predictions_reduced_subset.csv,AutoInt-style Attention Tabular Classifier,120,0,0.0318606942892074,0,0.5610671877861023
same_reduced_four_feature_subset,/kaggle/working/aml-quantum-pipeline/reports/panel_revision/sota_transformer_predictions_reduced_subset.csv,AutoInt-style Attention Tabular Classifier,121,0,0.6705443859100342,1,0.5610671877861023
same_reduced_four_feature_subset,/kaggle/working/aml-quantum-pipeline/reports/panel_revision/sota_transformer_predictions_reduced_subset.csv,AutoInt-style Attention Tabular Classifier,122,0,0.0538070239126682,0,0.5610671877861023
same_reduced_four_feature_subset,/kaggle/working/aml-quantum-pipeline/reports/panel_revision/sota_transformer_predictions_reduced_subset.csv,AutoInt-style Attention Tabular Classifier,123,0,0.5618383288383484,1,0.5610671877861023
same_reduced_four_feature_subset,/kaggle/working/aml-quantum-pipeline/reports/panel_revision/sota_transformer_predictions_reduced_subset.csv,AutoInt-style Attention Tabular Classifier,124,0,0.6318491697311401,1,0.5610671877861023
same_reduced_four_feature_subset,/kaggle/working/aml-quantum-pipeline/reports/panel_revision/sota_transformer_predictions_reduced_subset.csv,AutoInt-style Attention Tabular Classifier,125,1,0.6282659769058228,1,0.5610671877861023
same_reduced_four_feature_subset,/kaggle/working/aml-quantum-pipeline/reports/panel_revision/sota_transformer_predictions_reduced_subset.csv,AutoInt-style Attention Tabular Classifier,126,0,0.5988785624504089,1,0.5610671877861023
same_reduced_four_feature_subset,/kaggle/working/aml-quantum-pipeline/reports/panel_revision/sota_transformer_predictions_reduced_subset.csv,AutoInt-style Attention Tabular Classifier,127,0,0.6528173685073853,1,0.5610671877861023
same_reduced_four_feature_subset,/kaggle/working/aml-quantum-pipeline/reports/panel_revision/sota_transformer_predictions_reduced_subset.csv,AutoInt-style Attention Tabular Classifier,128,1,0.6089489459991455,1,0.5610671877861023
same_reduced_four_feature_subset,/kaggle/working/aml-quantum-pipeline/reports/panel_revision/sota_transformer_predictions_reduced_subset.csv,AutoInt-style Attention Tabular Classifier,129,0,0.042628388851881,0,0.5610671877861023
same_reduced_four_feature_subset,/kaggle/working/aml-quantum-pipeline/reports/panel_revision/sota_transformer_predictions_reduced_subset.csv,AutoInt-style Attention Tabular Classifier,130,0,0.6191818714141846,1,0.5610671877861023
same_reduced_four_feature_subset,/kaggle/working/aml-quantum-pipeline/reports/panel_revision/sota_transformer_predictions_reduced_subset.csv,AutoInt-style Attention Tabular Classifier,131,1,0.6105324029922485,1,0.5610671877861023
same_reduced_four_feature_subset,/kaggle/working/aml-quantum-pipeline/reports/panel_revision/sota_transformer_predictions_reduced_subset.csv,AutoInt-style Attention Tabular Classifier,132,1,0.6075626015663147,1,0.5610671877861023
same_reduced_four_feature_subset,/kaggle/working/aml-quantum-pipeline/reports/panel_revision/sota_transformer_predictions_reduced_subset.csv,AutoInt-style Attention Tabular Classifier,133,1,0.5812317728996277,1,0.5610671877861023
same_reduced_four_feature_subset,/kaggle/working/aml-quantum-pipeline/reports/panel_revision/sota_transformer_predictions_reduced_subset.csv,AutoInt-style Attention Tabular Classifier,134,1,0.5921828150749207,1,0.5610671877861023
same_reduced_four_feature_subset,/kaggle/working/aml-quantum-pipeline/reports/panel_revision/sota_transformer_predictions_reduced_subset.csv,AutoInt-style Attention Tabular Classifier,135,1,0.6053898930549622,1,0.5610671877861023
same_reduced_four_feature_subset,/kaggle/working/aml-quantum-pipeline/reports/panel_revision/sota_transformer_predictions_reduced_subset.csv,AutoInt-style Attention Tabular Classifier,136,0,0.6508491635322571,1,0.5610671877861023
same_reduced_four_feature_subset,/kaggle/working/aml-quantum-pipeline/reports/panel_revision/sota_transformer_predictions_reduced_subset.csv,AutoInt-style Attention Tabular Classifier,137,1,0.5918850898742676,1,0.5610671877861023
same_reduced_four_feature_subset,/kaggle/working/aml-quantum-pipeline/reports/panel_revision/sota_transformer_predictions_reduced_subset.csv,AutoInt-style Attention Tabular Classifier,138,0,0.0205607563257217,0,0.5610671877861023
same_reduced_four_feature_subset,/kaggle/working/aml-quantum-pipeline/reports/panel_revision/sota_transformer_predictions_reduced_subset.csv,AutoInt-style Attention Tabular Classifier,139,0,0.6882264614105225,1,0.5610671877861023
same_reduced_four_feature_subset,/kaggle/working/aml-quantum-pipeline/reports/panel_revision/sota_transformer_predictions_reduced_subset.csv,AutoInt-style Attention Tabular Classifier,140,1,0.587920069694519,1,0.5610671877861023
same_reduced_four_feature_subset,/kaggle/working/aml-quantum-pipeline/reports/panel_revision/sota_transformer_predictions_reduced_subset.csv,AutoInt-style Attention Tabular Classifier,141,0,0.0177810825407505,0,0.5610671877861023
same_reduced_four_feature_subset,/kaggle/working/aml-quantum-pipeline/reports/panel_revision/sota_transformer_predictions_reduced_subset.csv,AutoInt-style Attention Tabular Classifier,142,0,0.5704095959663391,1,0.5610671877861023
same_reduced_four_feature_subset,/kaggle/working/aml-quantum-pipeline/reports/panel_revision/sota_transformer_predictions_reduced_subset.csv,AutoInt-style Attention Tabular Classifier,143,1,0.6323462724685669,1,0.5610671877861023
same_reduced_four_feature_subset,/kaggle/working/aml-quantum-pipeline/reports/panel_revision/sota_transformer_predictions_reduced_subset.csv,AutoInt-style Attention Tabular Classifier,144,0,0.6765918135643005,1,0.5610671877861023
same_reduced_four_feature_subset,/kaggle/working/aml-quantum-pipeline/reports/panel_revision/sota_transformer_predictions_reduced_subset.csv,AutoInt-style Attention Tabular Classifier,145,0,0.613530695438385,1,0.5610671877861023
same_reduced_four_feature_subset,/kaggle/working/aml-quantum-pipeline/reports/panel_revision/sota_transformer_predictions_reduced_subset.csv,AutoInt-style Attention Tabular Classifier,146,0,0.0562601014971733,0,0.5610671877861023
same_reduced_four_feature_subset,/kaggle/working/aml-quantum-pipeline/reports/panel_revision/sota_transformer_predictions_reduced_subset.csv,AutoInt-style Attention Tabular Classifier,147,1,0.6108646392822266,1,0.5610671877861023
same_reduced_four_feature_subset,/kaggle/working/aml-quantum-pipeline/reports/panel_revision/sota_transformer_predictions_reduced_subset.csv,AutoInt-style Attention Tabular Classifier,148,0,0.5949480533599854,1,0.5610671877861023
same_reduced_four_feature_subset,/kaggle/working/aml-quantum-pipeline/reports/panel_revision/sota_transformer_predictions_reduced_subset.csv,AutoInt-style Attention Tabular Classifier,149,0,0.5842344164848328,1,0.5610671877861023
same_reduced_four_feature_subset,/kaggle/working/aml-quantum-pipeline/reports/panel_revision/sota_transformer_predictions_reduced_subset.csv,AutoInt-style Attention Tabular Classifier,150,1,0.6741944551467896,1,0.5610671877861023
same_reduced_four_feature_subset,/kaggle/working/aml-quantum-pipeline/reports/panel_revision/sota_transformer_predictions_reduced_subset.csv,AutoInt-style Attention Tabular Classifier,151,1,0.6309016942977905,1,0.5610671877861023
same_reduced_four_feature_subset,/kaggle/working/aml-quantum-pipeline/reports/panel_revision/sota_transformer_predictions_reduced_subset.csv,AutoInt-style Attention Tabular Classifier,152,1,0.5650437474250793,1,0.5610671877861023
same_reduced_four_feature_subset,/kaggle/working/aml-quantum-pipeline/reports/panel_revision/sota_transformer_predictions_reduced_subset.csv,AutoInt-style Attention Tabular Classifier,153,0,0.5654052495956421,1,0.5610671877861023
same_reduced_four_feature_subset,/kaggle/working/aml-quantum-pipeline/reports/panel_revision/sota_transformer_predictions_reduced_subset.csv,AutoInt-style Attention Tabular Classifier,154,1,0.6474602818489075,1,0.5610671877861023
same_reduced_four_feature_subset,/kaggle/working/aml-quantum-pipeline/reports/panel_revision/sota_transformer_predictions_reduced_subset.csv,AutoInt-style Attention Tabular Classifier,155,0,0.5688498616218567,1,0.5610671877861023
same_reduced_four_feature_subset,/kaggle/working/aml-quantum-pipeline/reports/panel_revision/sota_transformer_predictions_reduced_subset.csv,AutoInt-style Attention Tabular Classifier,156,0,0.0418240316212177,0,0.5610671877861023
same_reduced_four_feature_subset,/kaggle/working/aml-quantum-pipeline/reports/panel_revision/sota_transformer_predictions_reduced_subset.csv,AutoInt-style Attention Tabular Classifier,157,1,0.6101893186569214,1,0.5610671877861023
same_reduced_four_feature_subset,/kaggle/working/aml-quantum-pipeline/reports/panel_revision/sota_transformer_predictions_reduced_subset.csv,AutoInt-style Attention Tabular Classifier,158,0,0.5998173952102661,1,0.5610671877861023
same_reduced_four_feature_subset,/kaggle/working/aml-quantum-pipeline/reports/panel_revision/sota_transformer_predictions_reduced_subset.csv,AutoInt-style Attention Tabular Classifier,159,0,0.591205894947052,1,0.5610671877861023
same_reduced_four_feature_subset,/kaggle/working/aml-quantum-pipeline/reports/panel_revision/sota_transformer_predictions_reduced_subset.csv,AutoInt-style Attention Tabular Classifier,160,1,0.5868856906890869,1,0.5610671877861023
same_reduced_four_feature_subset,/kaggle/working/aml-quantum-pipeline/reports/panel_revision/sota_transformer_predictions_reduced_subset.csv,AutoInt-style Attention Tabular Classifier,161,0,0.6622018814086914,1,0.5610671877861023
same_reduced_four_feature_subset,/kaggle/working/aml-quantum-pipeline/reports/panel_revision/sota_transformer_predictions_reduced_subset.csv,AutoInt-style Attention Tabular Classifier,162,1,0.6220171451568604,1,0.5610671877861023
same_reduced_four_feature_subset,/kaggle/working/aml-quantum-pipeline/reports/panel_revision/sota_transformer_predictions_reduced_subset.csv,AutoInt-style Attention Tabular Classifier,163,1,0.5807488560676575,1,0.5610671877861023
same_reduced_four_feature_subset,/kaggle/working/aml-quantum-pipeline/reports/panel_revision/sota_transformer_predictions_reduced_subset.csv,AutoInt-style Attention Tabular Classifier,164,0,0.5666164755821228,1,0.5610671877861023
same_reduced_four_feature_subset,/kaggle/working/aml-quantum-pipeline/reports/panel_revision/sota_transformer_predictions_reduced_subset.csv,AutoInt-style Attention Tabular Classifier,165,0,0.6153969764709473,1,0.5610671877861023
same_reduced_four_feature_subset,/kaggle/working/aml-quantum-pipeline/reports/panel_revision/sota_transformer_predictions_reduced_subset.csv,AutoInt-style Attention Tabular Classifier,166,0,0.0713787004351615,0,0.5610671877861023
same_reduced_four_feature_subset,/kaggle/working/aml-quantum-pipeline/reports/panel_revision/sota_transformer_predictions_reduced_subset.csv,AutoInt-style Attention Tabular Classifier,167,1,0.5931849479675293,1,0.5610671877861023
same_reduced_four_feature_subset,/kaggle/working/aml-quantum-pipeline/reports/panel_revision/sota_transformer_predictions_reduced_subset.csv,AutoInt-style Attention Tabular Classifier,168,1,0.0425516553223133,0,0.5610671877861023
same_reduced_four_feature_subset,/kaggle/working/aml-quantum-pipeline/reports/panel_revision/sota_transformer_predictions_reduced_subset.csv,AutoInt-style Attention Tabular Classifier,169,0,0.6018146872520447,1,0.5610671877861023
same_reduced_four_feature_subset,/kaggle/working/aml-quantum-pipeline/reports/panel_revision/sota_transformer_predictions_reduced_subset.csv,AutoInt-style Attention Tabular Classifier,170,1,0.56001216173172,0,0.5610671877861023
same_reduced_four_feature_subset,/kaggle/working/aml-quantum-pipeline/reports/panel_revision/sota_transformer_predictions_reduced_subset.csv,AutoInt-style Attention Tabular Classifier,171,0,0.0265871323645114,0,0.5610671877861023
same_reduced_four_feature_subset,/kaggle/working/aml-quantum-pipeline/reports/panel_revision/sota_transformer_predictions_reduced_subset.csv,AutoInt-style Attention Tabular Classifier,172,1,0.6174485087394714,1,0.5610671877861023
same_reduced_four_feature_subset,/kaggle/working/aml-quantum-pipeline/reports/panel_revision/sota_transformer_predictions_reduced_subset.csv,AutoInt-style Attention Tabular Classifier,173,1,0.6465615630149841,1,0.5610671877861023
same_reduced_four_feature_subset,/kaggle/working/aml-quantum-pipeline/reports/panel_revision/sota_transformer_predictions_reduced_subset.csv,AutoInt-style Attention Tabular Classifier,174,1,0.5613189935684204,1,0.5610671877861023
same_reduced_four_feature_subset,/kaggle/working/aml-quantum-pipeline/reports/panel_revision/sota_transformer_predictions_reduced_subset.csv,AutoInt-style Attention Tabular Classifier,175,1,0.6823616027832031,1,0.5610671877861023
same_reduced_four_feature_subset,/kaggle/working/aml-quantum-pipeline/reports/panel_revision/sota_transformer_predictions_reduced_subset.csv,AutoInt-style Attention Tabular Classifier,176,0,0.074636623263359,0,0.5610671877861023
same_reduced_four_feature_subset,/kaggle/working/aml-quantum-pipeline/reports/panel_revision/sota_transformer_predictions_reduced_subset.csv,AutoInt-style Attention Tabular Classifier,177,0,0.0464101061224937,0,0.5610671877861023
same_reduced_four_feature_subset,/kaggle/working/aml-quantum-pipeline/reports/panel_revision/sota_transformer_predictions_reduced_subset.csv,AutoInt-style Attention Tabular Classifier,178,0,0.0198961105197668,0,0.5610671877861023
same_reduced_four_feature_subset,/kaggle/working/aml-quantum-pipeline/reports/panel_revision/sota_transformer_predictions_reduced_subset.csv,AutoInt-style Attention Tabular Classifier,179,1,0.593743085861206,1,0.5610671877861023
same_reduced_four_feature_subset,/kaggle/working/aml-quantum-pipeline/reports/panel_revision/sota_transformer_predictions_reduced_subset.csv,AutoInt-style Attention Tabular Classifier,180,1,0.5787791013717651,1,0.5610671877861023
same_reduced_four_feature_subset,/kaggle/working/aml-quantum-pipeline/reports/panel_revision/sota_transformer_predictions_reduced_subset.csv,AutoInt-style Attention Tabular Classifier,181,0,0.016785567626357,0,0.5610671877861023
same_reduced_four_feature_subset,/kaggle/working/aml-quantum-pipeline/reports/panel_revision/sota_transformer_predictions_reduced_subset.csv,AutoInt-style Attention Tabular Classifier,182,1,0.6494733095169067,1,0.5610671877861023
same_reduced_four_feature_subset,/kaggle/working/aml-quantum-pipeline/reports/panel_revision/sota_transformer_predictions_reduced_subset.csv,AutoInt-style Attention Tabular Classifier,183,0,0.5684041380882263,1,0.5610671877861023
same_reduced_four_feature_subset,/kaggle/working/aml-quantum-pipeline/reports/panel_revision/sota_transformer_predictions_reduced_subset.csv,AutoInt-style Attention Tabular Classifier,184,1,0.5997589826583862,1,0.5610671877861023
same_reduced_four_feature_subset,/kaggle/working/aml-quantum-pipeline/reports/panel_revision/sota_transformer_predictions_reduced_subset.csv,AutoInt-style Attention Tabular Classifier,185,1,0.5973540544509888,1,0.5610671877861023
same_reduced_four_feature_subset,/kaggle/working/aml-quantum-pipeline/reports/panel_revision/sota_transformer_predictions_reduced_subset.csv,AutoInt-style Attention Tabular Classifier,186,0,0.6167527437210083,1,0.5610671877861023
same_reduced_four_feature_subset,/kaggle/working/aml-quantum-pipeline/reports/panel_revision/sota_transformer_predictions_reduced_subset.csv,AutoInt-style Attention Tabular Classifier,187,1,0.60894376039505,1,0.5610671877861023
same_reduced_four_feature_subset,/kaggle/working/aml-quantum-pipeline/reports/panel_revision/sota_transformer_predictions_reduced_subset.csv,AutoInt-style Attention Tabular Classifier,188,1,0.5814067721366882,1,0.5610671877861023
same_reduced_four_feature_subset,/kaggle/working/aml-quantum-pipeline/reports/panel_revision/sota_transformer_predictions_reduced_subset.csv,AutoInt-style Attention Tabular Classifier,189,0,0.5594310164451599,0,0.5610671877861023
same_reduced_four_feature_subset,/kaggle/working/aml-quantum-pipeline/reports/panel_revision/sota_transformer_predictions_reduced_subset.csv,AutoInt-style Attention Tabular Classifier,190,1,0.572894811630249,1,0.5610671877861023
same_reduced_four_feature_subset,/kaggle/working/aml-quantum-pipeline/reports/panel_revision/sota_transformer_predictions_reduced_subset.csv,AutoInt-style Attention Tabular Classifier,191,1,0.6201210618019104,1,0.5610671877861023
same_reduced_four_feature_subset,/kaggle/working/aml-quantum-pipeline/reports/panel_revision/sota_transformer_predictions_reduced_subset.csv,AutoInt-style Attention Tabular Classifier,192,0,0.0167901571840047,0,0.5610671877861023
same_reduced_four_feature_subset,/kaggle/working/aml-quantum-pipeline/reports/panel_revision/sota_transformer_predictions_reduced_subset.csv,AutoInt-style Attention Tabular Classifier,193,0,0.6669012308120728,1,0.5610671877861023
same_reduced_four_feature_subset,/kaggle/working/aml-quantum-pipeline/reports/panel_revision/sota_transformer_predictions_reduced_subset.csv,AutoInt-style Attention Tabular Classifier,194,1,0.6562358140945435,1,0.5610671877861023
same_reduced_four_feature_subset,/kaggle/working/aml-quantum-pipeline/reports/panel_revision/sota_transformer_predictions_reduced_subset.csv,AutoInt-style Attention Tabular Classifier,195,1,0.5772044062614441,1,0.5610671877861023
same_reduced_four_feature_subset,/kaggle/working/aml-quantum-pipeline/reports/panel_revision/sota_transformer_predictions_reduced_subset.csv,AutoInt-style Attention Tabular Classifier,196,1,0.6275760531425476,1,0.5610671877861023
same_reduced_four_feature_subset,/kaggle/working/aml-quantum-pipeline/reports/panel_revision/sota_transformer_predictions_reduced_subset.csv,AutoInt-style Attention Tabular Classifier,197,1,0.5922691226005554,1,0.5610671877861023
same_reduced_four_feature_subset,/kaggle/working/aml-quantum-pipeline/reports/panel_revision/sota_transformer_predictions_reduced_subset.csv,AutoInt-style Attention Tabular Classifier,198,1,0.590079665184021,1,0.5610671877861023
same_reduced_four_feature_subset,/kaggle/working/aml-quantum-pipeline/reports/panel_revision/sota_transformer_predictions_reduced_subset.csv,AutoInt-style Attention Tabular Classifier,199,1,0.6451572179794312,1,0.5610671877861023
same_reduced_four_feature_subset,/kaggle/working/aml-quantum-pipeline/reports/panel_revision/sota_transformer_predictions_reduced_subset.csv,AutoInt-style Attention Tabular Classifier,200,0,0.6462228894233704,1,0.5610671877861023
same_reduced_four_feature_subset,/kaggle/working/aml-quantum-pipeline/reports/panel_revision/sota_transformer_predictions_reduced_subset.csv,AutoInt-style Attention Tabular Classifier,201,0,0.5884355902671814,1,0.5610671877861023
same_reduced_four_feature_subset,/kaggle/working/aml-quantum-pipeline/reports/panel_revision/sota_transformer_predictions_reduced_subset.csv,AutoInt-style Attention Tabular Classifier,202,0,0.0407227091491222,0,0.5610671877861023
same_reduced_four_feature_subset,/kaggle/working/aml-quantum-pipeline/reports/panel_revision/sota_transformer_predictions_reduced_subset.csv,AutoInt-style Attention Tabular Classifier,203,1,0.571195662021637,1,0.5610671877861023
same_reduced_four_feature_subset,/kaggle/working/aml-quantum-pipeline/reports/panel_revision/sota_transformer_predictions_reduced_subset.csv,AutoInt-style Attention Tabular Classifier,204,0,0.0292038582265377,0,0.5610671877861023
same_reduced_four_feature_subset,/kaggle/working/aml-quantum-pipeline/reports/panel_revision/sota_transformer_predictions_reduced_subset.csv,AutoInt-style Attention Tabular Classifier,205,0,0.6012843251228333,1,0.5610671877861023
same_reduced_four_feature_subset,/kaggle/working/aml-quantum-pipeline/reports/panel_revision/sota_transformer_predictions_reduced_subset.csv,AutoInt-style Attention Tabular Classifier,206,1,0.6030307412147522,1,0.5610671877861023
same_reduced_four_feature_subset,/kaggle/working/aml-quantum-pipeline/reports/panel_revision/sota_transformer_predictions_reduced_subset.csv,AutoInt-style Attention Tabular Classifier,207,1,0.5980541706085205,1,0.5610671877861023
same_reduced_four_feature_subset,/kaggle/working/aml-quantum-pipeline/reports/panel_revision/sota_transformer_predictions_reduced_subset.csv,AutoInt-style Attention Tabular Classifier,208,0,0.0816849246621131,0,0.5610671877861023
same_reduced_four_feature_subset,/kaggle/working/aml-quantum-pipeline/reports/panel_revision/sota_transformer_predictions_reduced_subset.csv,AutoInt-style Attention Tabular Classifier,209,1,0.5998063087463379,1,0.5610671877861023
same_reduced_four_feature_subset,/kaggle/working/aml-quantum-pipeline/reports/panel_revision/sota_transformer_predictions_reduced_subset.csv,AutoInt-style Attention Tabular Classifier,210,1,0.593873918056488,1,0.5610671877861023
same_reduced_four_feature_subset,/kaggle/working/aml-quantum-pipeline/reports/panel_revision/sota_transformer_predictions_reduced_subset.csv,AutoInt-style Attention Tabular Classifier,211,0,0.5715739727020264,1,0.5610671877861023
same_reduced_four_feature_subset,/kaggle/working/aml-quantum-pipeline/reports/panel_revision/sota_transformer_predictions_reduced_subset.csv,AutoInt-style Attention Tabular Classifier,212,1,0.644872784614563,1,0.5610671877861023
same_reduced_four_feature_subset,/kaggle/working/aml-quantum-pipeline/reports/panel_revision/sota_transformer_predictions_reduced_subset.csv,AutoInt-style Attention Tabular Classifier,213,1,0.6077669858932495,1,0.5610671877861023
same_reduced_four_feature_subset,/kaggle/working/aml-quantum-pipeline/reports/panel_revision/sota_transformer_predictions_reduced_subset.csv,AutoInt-style Attention Tabular Classifier,214,1,0.6341102123260498,1,0.5610671877861023
same_reduced_four_feature_subset,/kaggle/working/aml-quantum-pipeline/reports/panel_revision/sota_transformer_predictions_reduced_subset.csv,AutoInt-style Attention Tabular Classifier,215,1,0.6364049911499023,1,0.5610671877861023
same_reduced_four_feature_subset,/kaggle/working/aml-quantum-pipeline/reports/panel_revision/sota_transformer_predictions_reduced_subset.csv,AutoInt-style Attention Tabular Classifier,216,1,0.5684165358543396,1,0.5610671877861023
same_reduced_four_feature_subset,/kaggle/working/aml-quantum-pipeline/reports/panel_revision/sota_transformer_predictions_reduced_subset.csv,AutoInt-style Attention Tabular Classifier,217,0,0.6886631846427917,1,0.5610671877861023
same_reduced_four_feature_subset,/kaggle/working/aml-quantum-pipeline/reports/panel_revision/sota_transformer_predictions_reduced_subset.csv,AutoInt-style Attention Tabular Classifier,218,1,0.5955682992935181,1,0.5610671877861023
same_reduced_four_feature_subset,/kaggle/working/aml-quantum-pipeline/reports/panel_revision/sota_transformer_predictions_reduced_subset.csv,AutoInt-style Attention Tabular Classifier,219,1,0.5875886082649231,1,0.5610671877861023
same_reduced_four_feature_subset,/kaggle/working/aml-quantum-pipeline/reports/panel_revision/sota_transformer_predictions_reduced_subset.csv,AutoInt-style Attention Tabular Classifier,220,1,0.5927202105522156,1,0.5610671877861023
same_reduced_four_feature_subset,/kaggle/working/aml-quantum-pipeline/reports/panel_revision/sota_transformer_predictions_reduced_subset.csv,AutoInt-style Attention Tabular Classifier,221,1,0.5905609130859375,1,0.5610671877861023
same_reduced_four_feature_subset,/kaggle/working/aml-quantum-pipeline/reports/panel_revision/sota_transformer_predictions_reduced_subset.csv,AutoInt-style Attention Tabular Classifier,222,0,0.0689034759998321,0,0.5610671877861023
same_reduced_four_feature_subset,/kaggle/working/aml-quantum-pipeline/reports/panel_revision/sota_transformer_predictions_reduced_subset.csv,AutoInt-style Attention Tabular Classifier,223,0,0.0180097054690122,0,0.5610671877861023
same_reduced_four_feature_subset,/kaggle/working/aml-quantum-pipeline/reports/panel_revision/sota_transformer_predictions_reduced_subset.csv,AutoInt-style Attention Tabular Classifier,224,0,0.5802745819091797,1,0.5610671877861023
same_reduced_four_feature_subset,/kaggle/working/aml-quantum-pipeline/reports/panel_revision/sota_transformer_predictions_reduced_subset.csv,AutoInt-style Attention Tabular Classifier,225,1,0.5617417097091675,1,0.5610671877861023
same_reduced_four_feature_subset,/kaggle/working/aml-quantum-pipeline/reports/panel_revision/sota_transformer_predictions_reduced_subset.csv,AutoInt-style Attention Tabular Classifier,226,1,0.6666470766067505,1,0.5610671877861023
same_reduced_four_feature_subset,/kaggle/working/aml-quantum-pipeline/reports/panel_revision/sota_transformer_predictions_reduced_subset.csv,AutoInt-style Attention Tabular Classifier,227,1,0.6240289807319641,1,0.5610671877861023
same_reduced_four_feature_subset,/kaggle/working/aml-quantum-pipeline/reports/panel_revision/sota_transformer_predictions_reduced_subset.csv,AutoInt-style Attention Tabular Classifier,228,0,0.577552318572998,1,0.5610671877861023
same_reduced_four_feature_subset,/kaggle/working/aml-quantum-pipeline/reports/panel_revision/sota_transformer_predictions_reduced_subset.csv,AutoInt-style Attention Tabular Classifier,229,1,0.5958462953567505,1,0.5610671877861023
same_reduced_four_feature_subset,/kaggle/working/aml-quantum-pipeline/reports/panel_revision/sota_transformer_predictions_reduced_subset.csv,AutoInt-style Attention Tabular Classifier,230,0,0.5863902568817139,1,0.5610671877861023
same_reduced_four_feature_subset,/kaggle/working/aml-quantum-pipeline/reports/panel_revision/sota_transformer_predictions_reduced_subset.csv,AutoInt-style Attention Tabular Classifier,231,1,0.6048166155815125,1,0.5610671877861023
same_reduced_four_feature_subset,/kaggle/working/aml-quantum-pipeline/reports/panel_revision/sota_transformer_predictions_reduced_subset.csv,AutoInt-style Attention Tabular Classifier,232,0,0.5714950561523438,1,0.5610671877861023
same_reduced_four_feature_subset,/kaggle/working/aml-quantum-pipeline/reports/panel_revision/sota_transformer_predictions_reduced_subset.csv,AutoInt-style Attention Tabular Classifier,233,1,0.5947636961936951,1,0.5610671877861023
same_reduced_four_feature_subset,/kaggle/working/aml-quantum-pipeline/reports/panel_revision/sota_transformer_predictions_reduced_subset.csv,AutoInt-style Attention Tabular Classifier,234,0,0.5698298811912537,1,0.5610671877861023
same_reduced_four_feature_subset,/kaggle/working/aml-quantum-pipeline/reports/panel_revision/sota_transformer_predictions_reduced_subset.csv,AutoInt-style Attention Tabular Classifier,235,1,0.6801310181617737,1,0.5610671877861023
same_reduced_four_feature_subset,/kaggle/working/aml-quantum-pipeline/reports/panel_revision/sota_transformer_predictions_reduced_subset.csv,AutoInt-style Attention Tabular Classifier,236,1,0.6022957563400269,1,0.5610671877861023
same_reduced_four_feature_subset,/kaggle/working/aml-quantum-pipeline/reports/panel_revision/sota_transformer_predictions_reduced_subset.csv,AutoInt-style Attention Tabular Classifier,237,1,0.6054475903511047,1,0.5610671877861023
same_reduced_four_feature_subset,/kaggle/working/aml-quantum-pipeline/reports/panel_revision/sota_transformer_predictions_reduced_subset.csv,AutoInt-style Attention Tabular Classifier,238,0,0.6395233273506165,1,0.5610671877861023
same_reduced_four_feature_subset,/kaggle/working/aml-quantum-pipeline/reports/panel_revision/sota_transformer_predictions_reduced_subset.csv,AutoInt-style Attention Tabular Classifier,239,0,0.0170696303248405,0,0.5610671877861023
same_reduced_four_feature_subset,/kaggle/working/aml-quantum-pipeline/reports/panel_revision/sota_transformer_predictions_reduced_subset.csv,AutoInt-style Attention Tabular Classifier,240,0,0.58790123462677,1,0.5610671877861023
same_reduced_four_feature_subset,/kaggle/working/aml-quantum-pipeline/reports/panel_revision/sota_transformer_predictions_reduced_subset.csv,AutoInt-style Attention Tabular Classifier,241,1,0.5628506541252136,1,0.5610671877861023
same_reduced_four_feature_subset,/kaggle/working/aml-quantum-pipeline/reports/panel_revision/sota_transformer_predictions_reduced_subset.csv,AutoInt-style Attention Tabular Classifier,242,0,0.0164790228009223,0,0.5610671877861023
same_reduced_four_feature_subset,/kaggle/working/aml-quantum-pipeline/reports/panel_revision/sota_transformer_predictions_reduced_subset.csv,AutoInt-style Attention Tabular Classifier,243,1,0.5652807950973511,1,0.5610671877861023
same_reduced_four_feature_subset,/kaggle/working/aml-quantum-pipeline/reports/panel_revision/sota_transformer_predictions_reduced_subset.csv,AutoInt-style Attention Tabular Classifier,244,1,0.6404478549957275,1,0.5610671877861023
same_reduced_four_feature_subset,/kaggle/working/aml-quantum-pipeline/reports/panel_revision/sota_transformer_predictions_reduced_subset.csv,AutoInt-style Attention Tabular Classifier,245,1,0.5764556527137756,1,0.5610671877861023
same_reduced_four_feature_subset,/kaggle/working/aml-quantum-pipeline/reports/panel_revision/sota_transformer_predictions_reduced_subset.csv,AutoInt-style Attention Tabular Classifier,246,1,0.5958424806594849,1,0.5610671877861023
same_reduced_four_feature_subset,/kaggle/working/aml-quantum-pipeline/reports/panel_revision/sota_transformer_predictions_reduced_subset.csv,AutoInt-style Attention Tabular Classifier,247,0,0.0588935390114784,0,0.5610671877861023
same_reduced_four_feature_subset,/kaggle/working/aml-quantum-pipeline/reports/panel_revision/sota_transformer_predictions_reduced_subset.csv,AutoInt-style Attention Tabular Classifier,248,1,0.5898016691207886,1,0.5610671877861023
same_reduced_four_feature_subset,/kaggle/working/aml-quantum-pipeline/reports/panel_revision/sota_transformer_predictions_reduced_subset.csv,AutoInt-style Attention Tabular Classifier,249,0,0.0821419432759285,0,0.5610671877861023
same_reduced_four_feature_subset,/kaggle/working/aml-quantum-pipeline/reports/panel_revision/sota_transformer_predictions_reduced_subset.csv,AutoInt-style Attention Tabular Classifier,250,0,0.0203808210790157,0,0.5610671877861023
same_reduced_four_feature_subset,/kaggle/working/aml-quantum-pipeline/reports/panel_revision/sota_transformer_predictions_reduced_subset.csv,AutoInt-style Attention Tabular Classifier,251,0,0.0550931729376316,0,0.5610671877861023
same_reduced_four_feature_subset,/kaggle/working/aml-quantum-pipeline/reports/panel_revision/sota_transformer_predictions_reduced_subset.csv,AutoInt-style Attention Tabular Classifier,252,1,0.6026861667633057,1,0.5610671877861023
same_reduced_four_feature_subset,/kaggle/working/aml-quantum-pipeline/reports/panel_revision/sota_transformer_predictions_reduced_subset.csv,AutoInt-style Attention Tabular Classifier,253,0,0.5772324204444885,1,0.5610671877861023
same_reduced_four_feature_subset,/kaggle/working/aml-quantum-pipeline/reports/panel_revision/sota_transformer_predictions_reduced_subset.csv,AutoInt-style Attention Tabular Classifier,254,1,0.6006032228469849,1,0.5610671877861023
same_reduced_four_feature_subset,/kaggle/working/aml-quantum-pipeline/reports/panel_revision/sota_transformer_predictions_reduced_subset.csv,AutoInt-style Attention Tabular Classifier,255,1,0.5956959128379822,1,0.5610671877861023
same_reduced_four_feature_subset,/kaggle/working/aml-quantum-pipeline/reports/panel_revision/sota_transformer_predictions_reduced_subset.csv,AutoInt-style Attention Tabular Classifier,256,1,0.6226683259010315,1,0.5610671877861023
same_reduced_four_feature_subset,/kaggle/working/aml-quantum-pipeline/reports/panel_revision/sota_transformer_predictions_reduced_subset.csv,AutoInt-style Attention Tabular Classifier,257,0,0.5980808734893799,1,0.5610671877861023
same_reduced_four_feature_subset,/kaggle/working/aml-quantum-pipeline/reports/panel_revision/sota_transformer_predictions_reduced_subset.csv,AutoInt-style Attention Tabular Classifier,258,0,0.5563830733299255,0,0.5610671877861023
same_reduced_four_feature_subset,/kaggle/working/aml-quantum-pipeline/reports/panel_revision/sota_transformer_predictions_reduced_subset.csv,AutoInt-style Attention Tabular Classifier,259,1,0.5925524830818176,1,0.5610671877861023
same_reduced_four_feature_subset,/kaggle/working/aml-quantum-pipeline/reports/panel_revision/sota_transformer_predictions_reduced_subset.csv,AutoInt-style Attention Tabular Classifier,260,1,0.6045294404029846,1,0.5610671877861023
same_reduced_four_feature_subset,/kaggle/working/aml-quantum-pipeline/reports/panel_revision/sota_transformer_predictions_reduced_subset.csv,AutoInt-style Attention Tabular Classifier,261,1,0.569244921207428,1,0.5610671877861023
same_reduced_four_feature_subset,/kaggle/working/aml-quantum-pipeline/reports/panel_revision/sota_transformer_predictions_reduced_subset.csv,AutoInt-style Attention Tabular Classifier,262,1,0.6075257658958435,1,0.5610671877861023
same_reduced_four_feature_subset,/kaggle/working/aml-quantum-pipeline/reports/panel_revision/sota_transformer_predictions_reduced_subset.csv,AutoInt-style Attention Tabular Classifier,263,0,0.0603166371583938,0,0.5610671877861023
same_reduced_four_feature_subset,/kaggle/working/aml-quantum-pipeline/reports/panel_revision/sota_transformer_predictions_reduced_subset.csv,AutoInt-style Attention Tabular Classifier,264,0,0.0326042026281356,0,0.5610671877861023
same_reduced_four_feature_subset,/kaggle/working/aml-quantum-pipeline/reports/panel_revision/sota_transformer_predictions_reduced_subset.csv,AutoInt-style Attention Tabular Classifier,265,1,0.5898585319519043,1,0.5610671877861023
same_reduced_four_feature_subset,/kaggle/working/aml-quantum-pipeline/reports/panel_revision/sota_transformer_predictions_reduced_subset.csv,AutoInt-style Attention Tabular Classifier,266,1,0.5764638781547546,1,0.5610671877861023
same_reduced_four_feature_subset,/kaggle/working/aml-quantum-pipeline/reports/panel_revision/sota_transformer_predictions_reduced_subset.csv,AutoInt-style Attention Tabular Classifier,267,0,0.021007465198636,0,0.5610671877861023
same_reduced_four_feature_subset,/kaggle/working/aml-quantum-pipeline/reports/panel_revision/sota_transformer_predictions_reduced_subset.csv,AutoInt-style Attention Tabular Classifier,268,0,0.5933419466018677,1,0.5610671877861023
same_reduced_four_feature_subset,/kaggle/working/aml-quantum-pipeline/reports/panel_revision/sota_transformer_predictions_reduced_subset.csv,AutoInt-style Attention Tabular Classifier,269,1,0.5973067283630371,1,0.5610671877861023
same_reduced_four_feature_subset,/kaggle/working/aml-quantum-pipeline/reports/panel_revision/sota_transformer_predictions_reduced_subset.csv,AutoInt-style Attention Tabular Classifier,270,1,0.5956925749778748,1,0.5610671877861023
same_reduced_four_feature_subset,/kaggle/working/aml-quantum-pipeline/reports/panel_revision/sota_transformer_predictions_reduced_subset.csv,AutoInt-style Attention Tabular Classifier,271,0,0.6552637815475464,1,0.5610671877861023
same_reduced_four_feature_subset,/kaggle/working/aml-quantum-pipeline/reports/panel_revision/sota_transformer_predictions_reduced_subset.csv,AutoInt-style Attention Tabular Classifier,272,1,0.5958428978919983,1,0.5610671877861023
same_reduced_four_feature_subset,/kaggle/working/aml-quantum-pipeline/reports/panel_revision/sota_transformer_predictions_reduced_subset.csv,AutoInt-style Attention Tabular Classifier,273,0,0.0378541648387908,0,0.5610671877861023
same_reduced_four_feature_subset,/kaggle/working/aml-quantum-pipeline/reports/panel_revision/sota_transformer_predictions_reduced_subset.csv,AutoInt-style Attention Tabular Classifier,274,1,0.5888006091117859,1,0.5610671877861023
same_reduced_four_feature_subset,/kaggle/working/aml-quantum-pipeline/reports/panel_revision/sota_transformer_predictions_reduced_subset.csv,AutoInt-style Attention Tabular Classifier,275,1,0.6277521252632141,1,0.5610671877861023
same_reduced_four_feature_subset,/kaggle/working/aml-quantum-pipeline/reports/panel_revision/sota_transformer_predictions_reduced_subset.csv,AutoInt-style Attention Tabular Classifier,276,0,0.0422238260507583,0,0.5610671877861023
same_reduced_four_feature_subset,/kaggle/working/aml-quantum-pipeline/reports/panel_revision/sota_transformer_predictions_reduced_subset.csv,AutoInt-style Attention Tabular Classifier,277,0,0.0639232099056243,0,0.5610671877861023
same_reduced_four_feature_subset,/kaggle/working/aml-quantum-pipeline/reports/panel_revision/sota_transformer_predictions_reduced_subset.csv,AutoInt-style Attention Tabular Classifier,278,0,0.600663959980011,1,0.5610671877861023
same_reduced_four_feature_subset,/kaggle/working/aml-quantum-pipeline/reports/panel_revision/sota_transformer_predictions_reduced_subset.csv,AutoInt-style Attention Tabular Classifier,279,0,0.5628228783607483,1,0.5610671877861023
same_reduced_four_feature_subset,/kaggle/working/aml-quantum-pipeline/reports/panel_revision/sota_transformer_predictions_reduced_subset.csv,AutoInt-style Attention Tabular Classifier,280,0,0.6054128408432007,1,0.5610671877861023
same_reduced_four_feature_subset,/kaggle/working/aml-quantum-pipeline/reports/panel_revision/sota_transformer_predictions_reduced_subset.csv,AutoInt-style Attention Tabular Classifier,281,0,0.5794469118118286,1,0.5610671877861023
same_reduced_four_feature_subset,/kaggle/working/aml-quantum-pipeline/reports/panel_revision/sota_transformer_predictions_reduced_subset.csv,AutoInt-style Attention Tabular Classifier,282,1,0.634110689163208,1,0.5610671877861023
same_reduced_four_feature_subset,/kaggle/working/aml-quantum-pipeline/reports/panel_revision/sota_transformer_predictions_reduced_subset.csv,AutoInt-style Attention Tabular Classifier,283,0,0.5783024430274963,1,0.5610671877861023
same_reduced_four_feature_subset,/kaggle/working/aml-quantum-pipeline/reports/panel_revision/sota_transformer_predictions_reduced_subset.csv,AutoInt-style Attention Tabular Classifier,284,1,0.6044423580169678,1,0.5610671877861023
same_reduced_four_feature_subset,/kaggle/working/aml-quantum-pipeline/reports/panel_revision/sota_transformer_predictions_reduced_subset.csv,AutoInt-style Attention Tabular Classifier,285,0,0.6361544728279114,1,0.5610671877861023
same_reduced_four_feature_subset,/kaggle/working/aml-quantum-pipeline/reports/panel_revision/sota_transformer_predictions_reduced_subset.csv,AutoInt-style Attention Tabular Classifier,286,1,0.573279857635498,1,0.5610671877861023
same_reduced_four_feature_subset,/kaggle/working/aml-quantum-pipeline/reports/panel_revision/sota_transformer_predictions_reduced_subset.csv,AutoInt-style Attention Tabular Classifier,287,1,0.6274773478507996,1,0.5610671877861023
same_reduced_four_feature_subset,/kaggle/working/aml-quantum-pipeline/reports/panel_revision/sota_transformer_predictions_reduced_subset.csv,AutoInt-style Attention Tabular Classifier,288,0,0.6037991642951965,1,0.5610671877861023
same_reduced_four_feature_subset,/kaggle/working/aml-quantum-pipeline/reports/panel_revision/sota_transformer_predictions_reduced_subset.csv,AutoInt-style Attention Tabular Classifier,289,1,0.5621342658996582,1,0.5610671877861023
same_reduced_four_feature_subset,/kaggle/working/aml-quantum-pipeline/reports/panel_revision/sota_transformer_predictions_reduced_subset.csv,AutoInt-style Attention Tabular Classifier,290,1,0.6171672940254211,1,0.5610671877861023
same_reduced_four_feature_subset,/kaggle/working/aml-quantum-pipeline/reports/panel_revision/sota_transformer_predictions_reduced_subset.csv,AutoInt-style Attention Tabular Classifier,291,1,0.6849417090415955,1,0.5610671877861023
same_reduced_four_feature_subset,/kaggle/working/aml-quantum-pipeline/reports/panel_revision/sota_transformer_predictions_reduced_subset.csv,AutoInt-style Attention Tabular Classifier,292,1,0.6213669776916504,1,0.5610671877861023
same_reduced_four_feature_subset,/kaggle/working/aml-quantum-pipeline/reports/panel_revision/sota_transformer_predictions_reduced_subset.csv,AutoInt-style Attention Tabular Classifier,293,0,0.0258869398385286,0,0.5610671877861023
same_reduced_four_feature_subset,/kaggle/working/aml-quantum-pipeline/reports/panel_revision/sota_transformer_predictions_reduced_subset.csv,AutoInt-style Attention Tabular Classifier,294,0,0.6594928503036499,1,0.5610671877861023
same_reduced_four_feature_subset,/kaggle/working/aml-quantum-pipeline/reports/panel_revision/sota_transformer_predictions_reduced_subset.csv,AutoInt-style Attention Tabular Classifier,295,0,0.5901652574539185,1,0.5610671877861023
same_reduced_four_feature_subset,/kaggle/working/aml-quantum-pipeline/reports/panel_revision/sota_transformer_predictions_reduced_subset.csv,AutoInt-style Attention Tabular Classifier,296,1,0.6539289951324463,1,0.5610671877861023
same_reduced_four_feature_subset,/kaggle/working/aml-quantum-pipeline/reports/panel_revision/sota_transformer_predictions_reduced_subset.csv,AutoInt-style Attention Tabular Classifier,297,0,0.5588002800941467,0,0.5610671877861023
same_reduced_four_feature_subset,/kaggle/working/aml-quantum-pipeline/reports/panel_revision/sota_transformer_predictions_reduced_subset.csv,AutoInt-style Attention Tabular Classifier,298,1,0.6205340623855591,1,0.5610671877861023
same_reduced_four_feature_subset,/kaggle/working/aml-quantum-pipeline/reports/panel_revision/sota_transformer_predictions_reduced_subset.csv,AutoInt-style Attention Tabular Classifier,299,1,0.6248198747634888,1,0.5610671877861023
same_reduced_four_feature_subset,/kaggle/working/aml-quantum-pipeline/reports/panel_revision/sota_transformer_predictions_reduced_subset.csv,FT-Transformer-style Tabular Classifier,0,0,0.5966497659683228,1,0.5305690765380859
same_reduced_four_feature_subset,/kaggle/working/aml-quantum-pipeline/reports/panel_revision/sota_transformer_predictions_reduced_subset.csv,FT-Transformer-style Tabular Classifier,1,1,0.6267874240875244,1,0.5305690765380859
same_reduced_four_feature_subset,/kaggle/working/aml-quantum-pipeline/reports/panel_revision/sota_transformer_predictions_reduced_subset.csv,FT-Transformer-style Tabular Classifier,2,0,0.599568784236908,1,0.5305690765380859
same_reduced_four_feature_subset,/kaggle/working/aml-quantum-pipeline/reports/panel_revision/sota_transformer_predictions_reduced_subset.csv,FT-Transformer-style Tabular Classifier,3,0,0.6215116381645203,1,0.5305690765380859
same_reduced_four_feature_subset,/kaggle/working/aml-quantum-pipeline/reports/panel_revision/sota_transformer_predictions_reduced_subset.csv,FT-Transformer-style Tabular Classifier,4,0,0.5492619872093201,1,0.5305690765380859
same_reduced_four_feature_subset,/kaggle/working/aml-quantum-pipeline/reports/panel_revision/sota_transformer_predictions_reduced_subset.csv,FT-Transformer-style Tabular Classifier,5,0,0.0641055852174758,0,0.5305690765380859
same_reduced_four_feature_subset,/kaggle/working/aml-quantum-pipeline/reports/panel_revision/sota_transformer_predictions_reduced_subset.csv,FT-Transformer-style Tabular Classifier,6,0,0.067909188568592,0,0.5305690765380859
same_reduced_four_feature_subset,/kaggle/working/aml-quantum-pipeline/reports/panel_revision/sota_transformer_predictions_reduced_subset.csv,FT-Transformer-style Tabular Classifier,7,1,0.6081424951553345,1,0.5305690765380859
same_reduced_four_feature_subset,/kaggle/working/aml-quantum-pipeline/reports/panel_revision/sota_transformer_predictions_reduced_subset.csv,FT-Transformer-style Tabular Classifier,8,1,0.5942960977554321,1,0.5305690765380859
same_reduced_four_feature_subset,/kaggle/working/aml-quantum-pipeline/reports/panel_revision/sota_transformer_predictions_reduced_subset.csv,FT-Transformer-style Tabular Classifier,9,0,0.0635895356535911,0,0.5305690765380859
same_reduced_four_feature_subset,/kaggle/working/aml-quantum-pipeline/reports/panel_revision/sota_transformer_predictions_reduced_subset.csv,FT-Transformer-style Tabular Classifier,10,1,0.6655586957931519,1,0.5305690765380859
same_reduced_four_feature_subset,/kaggle/working/aml-quantum-pipeline/reports/panel_revision/sota_transformer_predictions_reduced_subset.csv,FT-Transformer-style Tabular Classifier,11,0,0.5832741856575012,1,0.5305690765380859
same_reduced_four_feature_subset,/kaggle/working/aml-quantum-pipeline/reports/panel_revision/sota_transformer_predictions_reduced_subset.csv,FT-Transformer-style Tabular Classifier,12,0,0.6160250902175903,1,0.5305690765380859
same_reduced_four_feature_subset,/kaggle/working/aml-quantum-pipeline/reports/panel_revision/sota_transformer_predictions_reduced_subset.csv,FT-Transformer-style Tabular Classifier,13,1,0.6668494939804077,1,0.5305690765380859
same_reduced_four_feature_subset,/kaggle/working/aml-quantum-pipeline/reports/panel_revision/sota_transformer_predictions_reduced_subset.csv,FT-Transformer-style Tabular Classifier,14,0,0.0634995698928833,0,0.5305690765380859
same_reduced_four_feature_subset,/kaggle/working/aml-quantum-pipeline/reports/panel_revision/sota_transformer_predictions_reduced_subset.csv,FT-Transformer-style Tabular Classifier,15,1,0.5325853228569031,1,0.5305690765380859
same_reduced_four_feature_subset,/kaggle/working/aml-quantum-pipeline/reports/panel_revision/sota_transformer_predictions_reduced_subset.csv,FT-Transformer-style Tabular Classifier,16,1,0.5946953296661377,1,0.5305690765380859
same_reduced_four_feature_subset,/kaggle/working/aml-quantum-pipeline/reports/panel_revision/sota_transformer_predictions_reduced_subset.csv,FT-Transformer-style Tabular Classifier,17,1,0.6448612809181213,1,0.5305690765380859
same_reduced_four_feature_subset,/kaggle/working/aml-quantum-pipeline/reports/panel_revision/sota_transformer_predictions_reduced_subset.csv,FT-Transformer-style Tabular Classifier,18,0,0.5521757006645203,1,0.5305690765380859
same_reduced_four_feature_subset,/kaggle/working/aml-quantum-pipeline/reports/panel_revision/sota_transformer_predictions_reduced_subset.csv,FT-Transformer-style Tabular Classifier,19,0,0.5764018297195435,1,0.5305690765380859
same_reduced_four_feature_subset,/kaggle/working/aml-quantum-pipeline/reports/panel_revision/sota_transformer_predictions_reduced_subset.csv,FT-Transformer-style Tabular Classifier,20,0,0.6745939254760742,1,0.5305690765380859
same_reduced_four_feature_subset,/kaggle/working/aml-quantum-pipeline/reports/panel_revision/sota_transformer_predictions_reduced_subset.csv,FT-Transformer-style Tabular Classifier,21,1,0.6254123449325562,1,0.5305690765380859
same_reduced_four_feature_subset,/kaggle/working/aml-quantum-pipeline/reports/panel_revision/sota_transformer_predictions_reduced_subset.csv,FT-Transformer-style Tabular Classifier,22,0,0.6160656809806824,1,0.5305690765380859
same_reduced_four_feature_subset,/kaggle/working/aml-quantum-pipeline/reports/panel_revision/sota_transformer_predictions_reduced_subset.csv,FT-Transformer-style Tabular Classifier,23,1,0.6466246843338013,1,0.5305690765380859
same_reduced_four_feature_subset,/kaggle/working/aml-quantum-pipeline/reports/panel_revision/sota_transformer_predictions_reduced_subset.csv,FT-Transformer-style Tabular Classifier,24,0,0.6144254803657532,1,0.5305690765380859
same_reduced_four_feature_subset,/kaggle/working/aml-quantum-pipeline/reports/panel_revision/sota_transformer_predictions_reduced_subset.csv,FT-Transformer-style Tabular Classifier,25,0,0.5935932397842407,1,0.5305690765380859
same_reduced_four_feature_subset,/kaggle/working/aml-quantum-pipeline/reports/panel_revision/sota_transformer_predictions_reduced_subset.csv,FT-Transformer-style Tabular Classifier,26,1,0.651797890663147,1,0.5305690765380859
same_reduced_four_feature_subset,/kaggle/working/aml-quantum-pipeline/reports/panel_revision/sota_transformer_predictions_reduced_subset.csv,FT-Transformer-style Tabular Classifier,27,0,0.6460620760917664,1,0.5305690765380859
same_reduced_four_feature_subset,/kaggle/working/aml-quantum-pipeline/reports/panel_revision/sota_transformer_predictions_reduced_subset.csv,FT-Transformer-style Tabular Classifier,28,0,0.0635273084044456,0,0.5305690765380859
same_reduced_four_feature_subset,/kaggle/working/aml-quantum-pipeline/reports/panel_revision/sota_transformer_predictions_reduced_subset.csv,FT-Transformer-style Tabular Classifier,29,1,0.6219284534454346,1,0.5305690765380859
same_reduced_four_feature_subset,/kaggle/working/aml-quantum-pipeline/reports/panel_revision/sota_transformer_predictions_reduced_subset.csv,FT-Transformer-style Tabular Classifier,30,1,0.5445565581321716,1,0.5305690765380859
same_reduced_four_feature_subset,/kaggle/working/aml-quantum-pipeline/reports/panel_revision/sota_transformer_predictions_reduced_subset.csv,FT-Transformer-style Tabular Classifier,31,0,0.561168909072876,1,0.5305690765380859
same_reduced_four_feature_subset,/kaggle/working/aml-quantum-pipeline/reports/panel_revision/sota_transformer_predictions_reduced_subset.csv,FT-Transformer-style Tabular Classifier,32,0,0.5763952732086182,1,0.5305690765380859
same_reduced_four_feature_subset,/kaggle/working/aml-quantum-pipeline/reports/panel_revision/sota_transformer_predictions_reduced_subset.csv,FT-Transformer-style Tabular Classifier,33,1,0.5918503999710083,1,0.5305690765380859
same_reduced_four_feature_subset,/kaggle/working/aml-quantum-pipeline/reports/panel_revision/sota_transformer_predictions_reduced_subset.csv,FT-Transformer-style Tabular Classifier,34,0,0.6368520259857178,1,0.5305690765380859
same_reduced_four_feature_subset,/kaggle/working/aml-quantum-pipeline/reports/panel_revision/sota_transformer_predictions_reduced_subset.csv,FT-Transformer-style Tabular Classifier,35,1,0.5953079462051392,1,0.5305690765380859
same_reduced_four_feature_subset,/kaggle/working/aml-quantum-pipeline/reports/panel_revision/sota_transformer_predictions_reduced_subset.csv,FT-Transformer-style Tabular Classifier,36,0,0.6774994134902954,1,0.5305690765380859
same_reduced_four_feature_subset,/kaggle/working/aml-quantum-pipeline/reports/panel_revision/sota_transformer_predictions_reduced_subset.csv,FT-Transformer-style Tabular Classifier,37,0,0.6274337768554688,1,0.5305690765380859
same_reduced_four_feature_subset,/kaggle/working/aml-quantum-pipeline/reports/panel_revision/sota_transformer_predictions_reduced_subset.csv,FT-Transformer-style Tabular Classifier,38,0,0.6808387041091919,1,0.5305690765380859
same_reduced_four_feature_subset,/kaggle/working/aml-quantum-pipeline/reports/panel_revision/sota_transformer_predictions_reduced_subset.csv,FT-Transformer-style Tabular Classifier,39,0,0.5557554364204407,1,0.5305690765380859
same_reduced_four_feature_subset,/kaggle/working/aml-quantum-pipeline/reports/panel_revision/sota_transformer_predictions_reduced_subset.csv,FT-Transformer-style Tabular Classifier,40,1,0.6022536754608154,1,0.5305690765380859
same_reduced_four_feature_subset,/kaggle/working/aml-quantum-pipeline/reports/panel_revision/sota_transformer_predictions_reduced_subset.csv,FT-Transformer-style Tabular Classifier,41,1,0.5780393481254578,1,0.5305690765380859
same_reduced_four_feature_subset,/kaggle/working/aml-quantum-pipeline/reports/panel_revision/sota_transformer_predictions_reduced_subset.csv,FT-Transformer-style Tabular Classifier,42,0,0.5449976325035095,1,0.5305690765380859
same_reduced_four_feature_subset,/kaggle/working/aml-quantum-pipeline/reports/panel_revision/sota_transformer_predictions_reduced_subset.csv,FT-Transformer-style Tabular Classifier,43,0,0.6385623216629028,1,0.5305690765380859
same_reduced_four_feature_subset,/kaggle/working/aml-quantum-pipeline/reports/panel_revision/sota_transformer_predictions_reduced_subset.csv,FT-Transformer-style Tabular Classifier,44,1,0.6485224366188049,1,0.5305690765380859
same_reduced_four_feature_subset,/kaggle/working/aml-quantum-pipeline/reports/panel_revision/sota_transformer_predictions_reduced_subset.csv,FT-Transformer-style Tabular Classifier,45,0,0.063529834151268,0,0.5305690765380859
same_reduced_four_feature_subset,/kaggle/working/aml-quantum-pipeline/reports/panel_revision/sota_transformer_predictions_reduced_subset.csv,FT-Transformer-style Tabular Classifier,46,0,0.06401988863945,0,0.5305690765380859
same_reduced_four_feature_subset,/kaggle/working/aml-quantum-pipeline/reports/panel_revision/sota_transformer_predictions_reduced_subset.csv,FT-Transformer-style Tabular Classifier,47,1,0.6262273192405701,1,0.5305690765380859
same_reduced_four_feature_subset,/kaggle/working/aml-quantum-pipeline/reports/panel_revision/sota_transformer_predictions_reduced_subset.csv,FT-Transformer-style Tabular Classifier,48,1,0.6505745649337769,1,0.5305690765380859
same_reduced_four_feature_subset,/kaggle/working/aml-quantum-pipeline/reports/panel_revision/sota_transformer_predictions_reduced_subset.csv,FT-Transformer-style Tabular Classifier,49,1,0.6239325404167175,1,0.5305690765380859
same_reduced_four_feature_subset,/kaggle/working/aml-quantum-pipeline/reports/panel_revision/sota_transformer_predictions_reduced_subset.csv,FT-Transformer-style Tabular Classifier,50,1,0.6461929678916931,1,0.5305690765380859
same_reduced_four_feature_subset,/kaggle/working/aml-quantum-pipeline/reports/panel_revision/sota_transformer_predictions_reduced_subset.csv,FT-Transformer-style Tabular Classifier,51,1,0.6628612279891968,1,0.5305690765380859
same_reduced_four_feature_subset,/kaggle/working/aml-quantum-pipeline/reports/panel_revision/sota_transformer_predictions_reduced_subset.csv,FT-Transformer-style Tabular Classifier,52,0,0.0633962675929069,0,0.5305690765380859
same_reduced_four_feature_subset,/kaggle/working/aml-quantum-pipeline/reports/panel_revision/sota_transformer_predictions_reduced_subset.csv,FT-Transformer-style Tabular Classifier,53,0,0.6017436385154724,1,0.5305690765380859
same_reduced_four_feature_subset,/kaggle/working/aml-quantum-pipeline/reports/panel_revision/sota_transformer_predictions_reduced_subset.csv,FT-Transformer-style Tabular Classifier,54,0,0.624452531337738,1,0.5305690765380859
same_reduced_four_feature_subset,/kaggle/working/aml-quantum-pipeline/reports/panel_revision/sota_transformer_predictions_reduced_subset.csv,FT-Transformer-style Tabular Classifier,55,0,0.6745972037315369,1,0.5305690765380859
same_reduced_four_feature_subset,/kaggle/working/aml-quantum-pipeline/reports/panel_revision/sota_transformer_predictions_reduced_subset.csv,FT-Transformer-style Tabular Classifier,56,1,0.5835679769515991,1,0.5305690765380859
same_reduced_four_feature_subset,/kaggle/working/aml-quantum-pipeline/reports/panel_revision/sota_transformer_predictions_reduced_subset.csv,FT-Transformer-style Tabular Classifier,57,1,0.5318084955215454,1,0.5305690765380859
same_reduced_four_feature_subset,/kaggle/working/aml-quantum-pipeline/reports/panel_revision/sota_transformer_predictions_reduced_subset.csv,FT-Transformer-style Tabular Classifier,58,1,0.5933046936988831,1,0.5305690765380859
same_reduced_four_feature_subset,/kaggle/working/aml-quantum-pipeline/reports/panel_revision/sota_transformer_predictions_reduced_subset.csv,FT-Transformer-style Tabular Classifier,59,1,0.6038254499435425,1,0.5305690765380859
same_reduced_four_feature_subset,/kaggle/working/aml-quantum-pipeline/reports/panel_revision/sota_transformer_predictions_reduced_subset.csv,FT-Transformer-style Tabular Classifier,60,0,0.6204138398170471,1,0.5305690765380859
same_reduced_four_feature_subset,/kaggle/working/aml-quantum-pipeline/reports/panel_revision/sota_transformer_predictions_reduced_subset.csv,FT-Transformer-style Tabular Classifier,61,0,0.0657307580113411,0,0.5305690765380859
same_reduced_four_feature_subset,/kaggle/working/aml-quantum-pipeline/reports/panel_revision/sota_transformer_predictions_reduced_subset.csv,FT-Transformer-style Tabular Classifier,62,1,0.5899472832679749,1,0.5305690765380859
same_reduced_four_feature_subset,/kaggle/working/aml-quantum-pipeline/reports/panel_revision/sota_transformer_predictions_reduced_subset.csv,FT-Transformer-style Tabular Classifier,63,0,0.5759976506233215,1,0.5305690765380859
same_reduced_four_feature_subset,/kaggle/working/aml-quantum-pipeline/reports/panel_revision/sota_transformer_predictions_reduced_subset.csv,FT-Transformer-style Tabular Classifier,64,1,0.5912303328514099,1,0.5305690765380859
same_reduced_four_feature_subset,/kaggle/working/aml-quantum-pipeline/reports/panel_revision/sota_transformer_predictions_reduced_subset.csv,FT-Transformer-style Tabular Classifier,65,0,0.5768659710884094,1,0.5305690765380859
same_reduced_four_feature_subset,/kaggle/working/aml-quantum-pipeline/reports/panel_revision/sota_transformer_predictions_reduced_subset.csv,FT-Transformer-style Tabular Classifier,66,1,0.5384556651115417,1,0.5305690765380859
same_reduced_four_feature_subset,/kaggle/working/aml-quantum-pipeline/reports/panel_revision/sota_transformer_predictions_reduced_subset.csv,FT-Transformer-style Tabular Classifier,67,0,0.6408586502075195,1,0.5305690765380859
same_reduced_four_feature_subset,/kaggle/working/aml-quantum-pipeline/reports/panel_revision/sota_transformer_predictions_reduced_subset.csv,FT-Transformer-style Tabular Classifier,68,1,0.5321875214576721,1,0.5305690765380859
same_reduced_four_feature_subset,/kaggle/working/aml-quantum-pipeline/reports/panel_revision/sota_transformer_predictions_reduced_subset.csv,FT-Transformer-style Tabular Classifier,69,0,0.518352746963501,0,0.5305690765380859
same_reduced_four_feature_subset,/kaggle/working/aml-quantum-pipeline/reports/panel_revision/sota_transformer_predictions_reduced_subset.csv,FT-Transformer-style Tabular Classifier,70,0,0.5960181951522827,1,0.5305690765380859
same_reduced_four_feature_subset,/kaggle/working/aml-quantum-pipeline/reports/panel_revision/sota_transformer_predictions_reduced_subset.csv,FT-Transformer-style Tabular Classifier,71,0,0.5816035270690918,1,0.5305690765380859
same_reduced_four_feature_subset,/kaggle/working/aml-quantum-pipeline/reports/panel_revision/sota_transformer_predictions_reduced_subset.csv,FT-Transformer-style Tabular Classifier,72,0,0.6710981130599976,1,0.5305690765380859
same_reduced_four_feature_subset,/kaggle/working/aml-quantum-pipeline/reports/panel_revision/sota_transformer_predictions_reduced_subset.csv,FT-Transformer-style Tabular Classifier,73,1,0.6588767766952515,1,0.5305690765380859
same_reduced_four_feature_subset,/kaggle/working/aml-quantum-pipeline/reports/panel_revision/sota_transformer_predictions_reduced_subset.csv,FT-Transformer-style Tabular Classifier,74,0,0.5844452977180481,1,0.5305690765380859
same_reduced_four_feature_subset,/kaggle/working/aml-quantum-pipeline/reports/panel_revision/sota_transformer_predictions_reduced_subset.csv,FT-Transformer-style Tabular Classifier,75,0,0.0638885349035263,0,0.5305690765380859
same_reduced_four_feature_subset,/kaggle/working/aml-quantum-pipeline/reports/panel_revision/sota_transformer_predictions_reduced_subset.csv,FT-Transformer-style Tabular Classifier,76,0,0.06366628408432,0,0.5305690765380859
same_reduced_four_feature_subset,/kaggle/working/aml-quantum-pipeline/reports/panel_revision/sota_transformer_predictions_reduced_subset.csv,FT-Transformer-style Tabular Classifier,77,0,0.6635891199111938,1,0.5305690765380859
same_reduced_four_feature_subset,/kaggle/working/aml-quantum-pipeline/reports/panel_revision/sota_transformer_predictions_reduced_subset.csv,FT-Transformer-style Tabular Classifier,78,1,0.5067654848098755,0,0.5305690765380859
same_reduced_four_feature_subset,/kaggle/working/aml-quantum-pipeline/reports/panel_revision/sota_transformer_predictions_reduced_subset.csv,FT-Transformer-style Tabular Classifier,79,1,0.6209535002708435,1,0.5305690765380859
same_reduced_four_feature_subset,/kaggle/working/aml-quantum-pipeline/reports/panel_revision/sota_transformer_predictions_reduced_subset.csv,FT-Transformer-style Tabular Classifier,80,0,0.063742309808731,0,0.5305690765380859
same_reduced_four_feature_subset,/kaggle/working/aml-quantum-pipeline/reports/panel_revision/sota_transformer_predictions_reduced_subset.csv,FT-Transformer-style Tabular Classifier,81,0,0.5539135932922363,1,0.5305690765380859
same_reduced_four_feature_subset,/kaggle/working/aml-quantum-pipeline/reports/panel_revision/sota_transformer_predictions_reduced_subset.csv,FT-Transformer-style Tabular Classifier,82,0,0.5997658967971802,1,0.5305690765380859
same_reduced_four_feature_subset,/kaggle/working/aml-quantum-pipeline/reports/panel_revision/sota_transformer_predictions_reduced_subset.csv,FT-Transformer-style Tabular Classifier,83,1,0.6525523662567139,1,0.5305690765380859
same_reduced_four_feature_subset,/kaggle/working/aml-quantum-pipeline/reports/panel_revision/sota_transformer_predictions_reduced_subset.csv,FT-Transformer-style Tabular Classifier,84,0,0.5748593211174011,1,0.5305690765380859
same_reduced_four_feature_subset,/kaggle/working/aml-quantum-pipeline/reports/panel_revision/sota_transformer_predictions_reduced_subset.csv,FT-Transformer-style Tabular Classifier,85,1,0.598145067691803,1,0.5305690765380859
same_reduced_four_feature_subset,/kaggle/working/aml-quantum-pipeline/reports/panel_revision/sota_transformer_predictions_reduced_subset.csv,FT-Transformer-style Tabular Classifier,86,1,0.5759830474853516,1,0.5305690765380859
same_reduced_four_feature_subset,/kaggle/working/aml-quantum-pipeline/reports/panel_revision/sota_transformer_predictions_reduced_subset.csv,FT-Transformer-style Tabular Classifier,87,1,0.6144769191741943,1,0.5305690765380859
same_reduced_four_feature_subset,/kaggle/working/aml-quantum-pipeline/reports/panel_revision/sota_transformer_predictions_reduced_subset.csv,FT-Transformer-style Tabular Classifier,88,0,0.5901326537132263,1,0.5305690765380859
same_reduced_four_feature_subset,/kaggle/working/aml-quantum-pipeline/reports/panel_revision/sota_transformer_predictions_reduced_subset.csv,FT-Transformer-style Tabular Classifier,89,1,0.589181125164032,1,0.5305690765380859
same_reduced_four_feature_subset,/kaggle/working/aml-quantum-pipeline/reports/panel_revision/sota_transformer_predictions_reduced_subset.csv,FT-Transformer-style Tabular Classifier,90,1,0.6407362222671509,1,0.5305690765380859
same_reduced_four_feature_subset,/kaggle/working/aml-quantum-pipeline/reports/panel_revision/sota_transformer_predictions_reduced_subset.csv,FT-Transformer-style Tabular Classifier,91,0,0.668656587600708,1,0.5305690765380859
same_reduced_four_feature_subset,/kaggle/working/aml-quantum-pipeline/reports/panel_revision/sota_transformer_predictions_reduced_subset.csv,FT-Transformer-style Tabular Classifier,92,0,0.0701238587498664,0,0.5305690765380859
same_reduced_four_feature_subset,/kaggle/working/aml-quantum-pipeline/reports/panel_revision/sota_transformer_predictions_reduced_subset.csv,FT-Transformer-style Tabular Classifier,93,1,0.6227024793624878,1,0.5305690765380859
same_reduced_four_feature_subset,/kaggle/working/aml-quantum-pipeline/reports/panel_revision/sota_transformer_predictions_reduced_subset.csv,FT-Transformer-style Tabular Classifier,94,0,0.6499567031860352,1,0.5305690765380859
same_reduced_four_feature_subset,/kaggle/working/aml-quantum-pipeline/reports/panel_revision/sota_transformer_predictions_reduced_subset.csv,FT-Transformer-style Tabular Classifier,95,1,0.5967445969581604,1,0.5305690765380859
same_reduced_four_feature_subset,/kaggle/working/aml-quantum-pipeline/reports/panel_revision/sota_transformer_predictions_reduced_subset.csv,FT-Transformer-style Tabular Classifier,96,0,0.0646350234746933,0,0.5305690765380859
same_reduced_four_feature_subset,/kaggle/working/aml-quantum-pipeline/reports/panel_revision/sota_transformer_predictions_reduced_subset.csv,FT-Transformer-style Tabular Classifier,97,0,0.064676359295845,0,0.5305690765380859
same_reduced_four_feature_subset,/kaggle/working/aml-quantum-pipeline/reports/panel_revision/sota_transformer_predictions_reduced_subset.csv,FT-Transformer-style Tabular Classifier,98,0,0.0641382113099098,0,0.5305690765380859
same_reduced_four_feature_subset,/kaggle/working/aml-quantum-pipeline/reports/panel_revision/sota_transformer_predictions_reduced_subset.csv,FT-Transformer-style Tabular Classifier,99,0,0.591490626335144,1,0.5305690765380859
same_reduced_four_feature_subset,/kaggle/working/aml-quantum-pipeline/reports/panel_revision/sota_transformer_predictions_reduced_subset.csv,FT-Transformer-style Tabular Classifier,100,0,0.5840482711791992,1,0.5305690765380859
same_reduced_four_feature_subset,/kaggle/working/aml-quantum-pipeline/reports/panel_revision/sota_transformer_predictions_reduced_subset.csv,FT-Transformer-style Tabular Classifier,101,1,0.6444466710090637,1,0.5305690765380859
same_reduced_four_feature_subset,/kaggle/working/aml-quantum-pipeline/reports/panel_revision/sota_transformer_predictions_reduced_subset.csv,FT-Transformer-style Tabular Classifier,102,0,0.063988909125328,0,0.5305690765380859
same_reduced_four_feature_subset,/kaggle/working/aml-quantum-pipeline/reports/panel_revision/sota_transformer_predictions_reduced_subset.csv,FT-Transformer-style Tabular Classifier,103,0,0.6643747091293335,1,0.5305690765380859
same_reduced_four_feature_subset,/kaggle/working/aml-quantum-pipeline/reports/panel_revision/sota_transformer_predictions_reduced_subset.csv,FT-Transformer-style Tabular Classifier,104,1,0.593989372253418,1,0.5305690765380859
same_reduced_four_feature_subset,/kaggle/working/aml-quantum-pipeline/reports/panel_revision/sota_transformer_predictions_reduced_subset.csv,FT-Transformer-style Tabular Classifier,105,0,0.58739173412323,1,0.5305690765380859
same_reduced_four_feature_subset,/kaggle/working/aml-quantum-pipeline/reports/panel_revision/sota_transformer_predictions_reduced_subset.csv,FT-Transformer-style Tabular Classifier,106,1,0.5613082051277161,1,0.5305690765380859
same_reduced_four_feature_subset,/kaggle/working/aml-quantum-pipeline/reports/panel_revision/sota_transformer_predictions_reduced_subset.csv,FT-Transformer-style Tabular Classifier,107,0,0.06385138630867,0,0.5305690765380859
same_reduced_four_feature_subset,/kaggle/working/aml-quantum-pipeline/reports/panel_revision/sota_transformer_predictions_reduced_subset.csv,FT-Transformer-style Tabular Classifier,108,0,0.6516945958137512,1,0.5305690765380859
same_reduced_four_feature_subset,/kaggle/working/aml-quantum-pipeline/reports/panel_revision/sota_transformer_predictions_reduced_subset.csv,FT-Transformer-style Tabular Classifier,109,1,0.5683435201644897,1,0.5305690765380859
same_reduced_four_feature_subset,/kaggle/working/aml-quantum-pipeline/reports/panel_revision/sota_transformer_predictions_reduced_subset.csv,FT-Transformer-style Tabular Classifier,110,1,0.5467011332511902,1,0.5305690765380859
same_reduced_four_feature_subset,/kaggle/working/aml-quantum-pipeline/reports/panel_revision/sota_transformer_predictions_reduced_subset.csv,FT-Transformer-style Tabular Classifier,111,1,0.666711688041687,1,0.5305690765380859
same_reduced_four_feature_subset,/kaggle/working/aml-quantum-pipeline/reports/panel_revision/sota_transformer_predictions_reduced_subset.csv,FT-Transformer-style Tabular Classifier,112,1,0.5480155944824219,1,0.5305690765380859
same_reduced_four_feature_subset,/kaggle/working/aml-quantum-pipeline/reports/panel_revision/sota_transformer_predictions_reduced_subset.csv,FT-Transformer-style Tabular Classifier,113,0,0.6330360770225525,1,0.5305690765380859
same_reduced_four_feature_subset,/kaggle/working/aml-quantum-pipeline/reports/panel_revision/sota_transformer_predictions_reduced_subset.csv,FT-Transformer-style Tabular Classifier,114,0,0.5522413849830627,1,0.5305690765380859
same_reduced_four_feature_subset,/kaggle/working/aml-quantum-pipeline/reports/panel_revision/sota_transformer_predictions_reduced_subset.csv,FT-Transformer-style Tabular Classifier,115,1,0.608182430267334,1,0.5305690765380859
same_reduced_four_feature_subset,/kaggle/working/aml-quantum-pipeline/reports/panel_revision/sota_transformer_predictions_reduced_subset.csv,FT-Transformer-style Tabular Classifier,116,1,0.5579816699028015,1,0.5305690765380859
same_reduced_four_feature_subset,/kaggle/working/aml-quantum-pipeline/reports/panel_revision/sota_transformer_predictions_reduced_subset.csv,FT-Transformer-style Tabular Classifier,117,1,0.0638215243816375,0,0.5305690765380859
same_reduced_four_feature_subset,/kaggle/working/aml-quantum-pipeline/reports/panel_revision/sota_transformer_predictions_reduced_subset.csv,FT-Transformer-style Tabular Classifier,118,1,0.5223563313484192,0,0.5305690765380859
same_reduced_four_feature_subset,/kaggle/working/aml-quantum-pipeline/reports/panel_revision/sota_transformer_predictions_reduced_subset.csv,FT-Transformer-style Tabular Classifier,119,1,0.6084749102592468,1,0.5305690765380859
same_reduced_four_feature_subset,/kaggle/working/aml-quantum-pipeline/reports/panel_revision/sota_transformer_predictions_reduced_subset.csv,FT-Transformer-style Tabular Classifier,120,0,0.0638925582170486,0,0.5305690765380859
same_reduced_four_feature_subset,/kaggle/working/aml-quantum-pipeline/reports/panel_revision/sota_transformer_predictions_reduced_subset.csv,FT-Transformer-style Tabular Classifier,121,0,0.6687745451927185,1,0.5305690765380859
same_reduced_four_feature_subset,/kaggle/working/aml-quantum-pipeline/reports/panel_revision/sota_transformer_predictions_reduced_subset.csv,FT-Transformer-style Tabular Classifier,122,0,0.0662026181817054,0,0.5305690765380859
same_reduced_four_feature_subset,/kaggle/working/aml-quantum-pipeline/reports/panel_revision/sota_transformer_predictions_reduced_subset.csv,FT-Transformer-style Tabular Classifier,123,0,0.5322690606117249,1,0.5305690765380859
same_reduced_four_feature_subset,/kaggle/working/aml-quantum-pipeline/reports/panel_revision/sota_transformer_predictions_reduced_subset.csv,FT-Transformer-style Tabular Classifier,124,0,0.6475010514259338,1,0.5305690765380859
same_reduced_four_feature_subset,/kaggle/working/aml-quantum-pipeline/reports/panel_revision/sota_transformer_predictions_reduced_subset.csv,FT-Transformer-style Tabular Classifier,125,1,0.6445083618164062,1,0.5305690765380859
same_reduced_four_feature_subset,/kaggle/working/aml-quantum-pipeline/reports/panel_revision/sota_transformer_predictions_reduced_subset.csv,FT-Transformer-style Tabular Classifier,126,0,0.6057562232017517,1,0.5305690765380859
same_reduced_four_feature_subset,/kaggle/working/aml-quantum-pipeline/reports/panel_revision/sota_transformer_predictions_reduced_subset.csv,FT-Transformer-style Tabular Classifier,127,0,0.6696102619171143,1,0.5305690765380859
same_reduced_four_feature_subset,/kaggle/working/aml-quantum-pipeline/reports/panel_revision/sota_transformer_predictions_reduced_subset.csv,FT-Transformer-style Tabular Classifier,128,1,0.6220506429672241,1,0.5305690765380859
same_reduced_four_feature_subset,/kaggle/working/aml-quantum-pipeline/reports/panel_revision/sota_transformer_predictions_reduced_subset.csv,FT-Transformer-style Tabular Classifier,129,0,0.0649156793951988,0,0.5305690765380859
same_reduced_four_feature_subset,/kaggle/working/aml-quantum-pipeline/reports/panel_revision/sota_transformer_predictions_reduced_subset.csv,FT-Transformer-style Tabular Classifier,130,0,0.6353928446769714,1,0.5305690765380859
same_reduced_four_feature_subset,/kaggle/working/aml-quantum-pipeline/reports/panel_revision/sota_transformer_predictions_reduced_subset.csv,FT-Transformer-style Tabular Classifier,131,1,0.624338686466217,1,0.5305690765380859
same_reduced_four_feature_subset,/kaggle/working/aml-quantum-pipeline/reports/panel_revision/sota_transformer_predictions_reduced_subset.csv,FT-Transformer-style Tabular Classifier,132,1,0.6199821829795837,1,0.5305690765380859
same_reduced_four_feature_subset,/kaggle/working/aml-quantum-pipeline/reports/panel_revision/sota_transformer_predictions_reduced_subset.csv,FT-Transformer-style Tabular Classifier,133,1,0.5723711252212524,1,0.5305690765380859
same_reduced_four_feature_subset,/kaggle/working/aml-quantum-pipeline/reports/panel_revision/sota_transformer_predictions_reduced_subset.csv,FT-Transformer-style Tabular Classifier,134,1,0.5935882329940796,1,0.5305690765380859
same_reduced_four_feature_subset,/kaggle/working/aml-quantum-pipeline/reports/panel_revision/sota_transformer_predictions_reduced_subset.csv,FT-Transformer-style Tabular Classifier,135,1,0.6166211366653442,1,0.5305690765380859
same_reduced_four_feature_subset,/kaggle/working/aml-quantum-pipeline/reports/panel_revision/sota_transformer_predictions_reduced_subset.csv,FT-Transformer-style Tabular Classifier,136,0,0.6686579585075378,1,0.5305690765380859
same_reduced_four_feature_subset,/kaggle/working/aml-quantum-pipeline/reports/panel_revision/sota_transformer_predictions_reduced_subset.csv,FT-Transformer-style Tabular Classifier,137,1,0.5930292010307312,1,0.5305690765380859
same_reduced_four_feature_subset,/kaggle/working/aml-quantum-pipeline/reports/panel_revision/sota_transformer_predictions_reduced_subset.csv,FT-Transformer-style Tabular Classifier,138,0,0.0634119808673858,0,0.5305690765380859
same_reduced_four_feature_subset,/kaggle/working/aml-quantum-pipeline/reports/panel_revision/sota_transformer_predictions_reduced_subset.csv,FT-Transformer-style Tabular Classifier,139,0,0.680979311466217,1,0.5305690765380859
same_reduced_four_feature_subset,/kaggle/working/aml-quantum-pipeline/reports/panel_revision/sota_transformer_predictions_reduced_subset.csv,FT-Transformer-style Tabular Classifier,140,1,0.5854740738868713,1,0.5305690765380859
same_reduced_four_feature_subset,/kaggle/working/aml-quantum-pipeline/reports/panel_revision/sota_transformer_predictions_reduced_subset.csv,FT-Transformer-style Tabular Classifier,141,0,0.0636562928557396,0,0.5305690765380859
same_reduced_four_feature_subset,/kaggle/working/aml-quantum-pipeline/reports/panel_revision/sota_transformer_predictions_reduced_subset.csv,FT-Transformer-style Tabular Classifier,142,0,0.5504717826843262,1,0.5305690765380859
same_reduced_four_feature_subset,/kaggle/working/aml-quantum-pipeline/reports/panel_revision/sota_transformer_predictions_reduced_subset.csv,FT-Transformer-style Tabular Classifier,143,1,0.6478928327560425,1,0.5305690765380859
same_reduced_four_feature_subset,/kaggle/working/aml-quantum-pipeline/reports/panel_revision/sota_transformer_predictions_reduced_subset.csv,FT-Transformer-style Tabular Classifier,144,0,0.6717244386672974,1,0.5305690765380859
same_reduced_four_feature_subset,/kaggle/working/aml-quantum-pipeline/reports/panel_revision/sota_transformer_predictions_reduced_subset.csv,FT-Transformer-style Tabular Classifier,145,0,0.6284475326538086,1,0.5305690765380859
same_reduced_four_feature_subset,/kaggle/working/aml-quantum-pipeline/reports/panel_revision/sota_transformer_predictions_reduced_subset.csv,FT-Transformer-style Tabular Classifier,146,0,0.0665072798728942,0,0.5305690765380859
same_reduced_four_feature_subset,/kaggle/working/aml-quantum-pipeline/reports/panel_revision/sota_transformer_predictions_reduced_subset.csv,FT-Transformer-style Tabular Classifier,147,1,0.6248082518577576,1,0.5305690765380859
same_reduced_four_feature_subset,/kaggle/working/aml-quantum-pipeline/reports/panel_revision/sota_transformer_predictions_reduced_subset.csv,FT-Transformer-style Tabular Classifier,148,0,0.5987133979797363,1,0.5305690765380859
same_reduced_four_feature_subset,/kaggle/working/aml-quantum-pipeline/reports/panel_revision/sota_transformer_predictions_reduced_subset.csv,FT-Transformer-style Tabular Classifier,149,0,0.5782995223999023,1,0.5305690765380859
same_reduced_four_feature_subset,/kaggle/working/aml-quantum-pipeline/reports/panel_revision/sota_transformer_predictions_reduced_subset.csv,FT-Transformer-style Tabular Classifier,150,1,0.6705269813537598,1,0.5305690765380859
same_reduced_four_feature_subset,/kaggle/working/aml-quantum-pipeline/reports/panel_revision/sota_transformer_predictions_reduced_subset.csv,FT-Transformer-style Tabular Classifier,151,1,0.6467389464378357,1,0.5305690765380859
same_reduced_four_feature_subset,/kaggle/working/aml-quantum-pipeline/reports/panel_revision/sota_transformer_predictions_reduced_subset.csv,FT-Transformer-style Tabular Classifier,152,1,0.5392079949378967,1,0.5305690765380859
same_reduced_four_feature_subset,/kaggle/working/aml-quantum-pipeline/reports/panel_revision/sota_transformer_predictions_reduced_subset.csv,FT-Transformer-style Tabular Classifier,153,0,0.5399792790412903,1,0.5305690765380859
same_reduced_four_feature_subset,/kaggle/working/aml-quantum-pipeline/reports/panel_revision/sota_transformer_predictions_reduced_subset.csv,FT-Transformer-style Tabular Classifier,154,1,0.657696545124054,1,0.5305690765380859
same_reduced_four_feature_subset,/kaggle/working/aml-quantum-pipeline/reports/panel_revision/sota_transformer_predictions_reduced_subset.csv,FT-Transformer-style Tabular Classifier,155,0,0.547234296798706,1,0.5305690765380859
same_reduced_four_feature_subset,/kaggle/working/aml-quantum-pipeline/reports/panel_revision/sota_transformer_predictions_reduced_subset.csv,FT-Transformer-style Tabular Classifier,156,0,0.0648304373025894,0,0.5305690765380859
same_reduced_four_feature_subset,/kaggle/working/aml-quantum-pipeline/reports/panel_revision/sota_transformer_predictions_reduced_subset.csv,FT-Transformer-style Tabular Classifier,157,1,0.623849630355835,1,0.5305690765380859
same_reduced_four_feature_subset,/kaggle/working/aml-quantum-pipeline/reports/panel_revision/sota_transformer_predictions_reduced_subset.csv,FT-Transformer-style Tabular Classifier,158,0,0.6073892712593079,1,0.5305690765380859
same_reduced_four_feature_subset,/kaggle/working/aml-quantum-pipeline/reports/panel_revision/sota_transformer_predictions_reduced_subset.csv,FT-Transformer-style Tabular Classifier,159,0,0.591749370098114,1,0.5305690765380859
same_reduced_four_feature_subset,/kaggle/working/aml-quantum-pipeline/reports/panel_revision/sota_transformer_predictions_reduced_subset.csv,FT-Transformer-style Tabular Classifier,160,1,0.5834733247756958,1,0.5305690765380859
same_reduced_four_feature_subset,/kaggle/working/aml-quantum-pipeline/reports/panel_revision/sota_transformer_predictions_reduced_subset.csv,FT-Transformer-style Tabular Classifier,161,0,0.6649219989776611,1,0.5305690765380859
same_reduced_four_feature_subset,/kaggle/working/aml-quantum-pipeline/reports/panel_revision/sota_transformer_predictions_reduced_subset.csv,FT-Transformer-style Tabular Classifier,162,1,0.6384950876235962,1,0.5305690765380859
same_reduced_four_feature_subset,/kaggle/working/aml-quantum-pipeline/reports/panel_revision/sota_transformer_predictions_reduced_subset.csv,FT-Transformer-style Tabular Classifier,163,1,0.5714116096496582,1,0.5305690765380859
same_reduced_four_feature_subset,/kaggle/working/aml-quantum-pipeline/reports/panel_revision/sota_transformer_predictions_reduced_subset.csv,FT-Transformer-style Tabular Classifier,164,0,0.5425487756729126,1,0.5305690765380859
same_reduced_four_feature_subset,/kaggle/working/aml-quantum-pipeline/reports/panel_revision/sota_transformer_predictions_reduced_subset.csv,FT-Transformer-style Tabular Classifier,165,0,0.6308560967445374,1,0.5305690765380859
same_reduced_four_feature_subset,/kaggle/working/aml-quantum-pipeline/reports/panel_revision/sota_transformer_predictions_reduced_subset.csv,FT-Transformer-style Tabular Classifier,166,0,0.0685402452945709,0,0.5305690765380859
same_reduced_four_feature_subset,/kaggle/working/aml-quantum-pipeline/reports/panel_revision/sota_transformer_predictions_reduced_subset.csv,FT-Transformer-style Tabular Classifier,167,1,0.5954598188400269,1,0.5305690765380859
same_reduced_four_feature_subset,/kaggle/working/aml-quantum-pipeline/reports/panel_revision/sota_transformer_predictions_reduced_subset.csv,FT-Transformer-style Tabular Classifier,168,1,0.0657138898968696,0,0.5305690765380859
same_reduced_four_feature_subset,/kaggle/working/aml-quantum-pipeline/reports/panel_revision/sota_transformer_predictions_reduced_subset.csv,FT-Transformer-style Tabular Classifier,169,0,0.6107928156852722,1,0.5305690765380859
same_reduced_four_feature_subset,/kaggle/working/aml-quantum-pipeline/reports/panel_revision/sota_transformer_predictions_reduced_subset.csv,FT-Transformer-style Tabular Classifier,170,1,0.5282207727432251,0,0.5305690765380859
same_reduced_four_feature_subset,/kaggle/working/aml-quantum-pipeline/reports/panel_revision/sota_transformer_predictions_reduced_subset.csv,FT-Transformer-style Tabular Classifier,171,0,0.0635349154472351,0,0.5305690765380859
same_reduced_four_feature_subset,/kaggle/working/aml-quantum-pipeline/reports/panel_revision/sota_transformer_predictions_reduced_subset.csv,FT-Transformer-style Tabular Classifier,172,1,0.6333723664283752,1,0.5305690765380859
same_reduced_four_feature_subset,/kaggle/working/aml-quantum-pipeline/reports/panel_revision/sota_transformer_predictions_reduced_subset.csv,FT-Transformer-style Tabular Classifier,173,1,0.6572040915489197,1,0.5305690765380859
same_reduced_four_feature_subset,/kaggle/working/aml-quantum-pipeline/reports/panel_revision/sota_transformer_predictions_reduced_subset.csv,FT-Transformer-style Tabular Classifier,174,1,0.5311256647109985,1,0.5305690765380859
same_reduced_four_feature_subset,/kaggle/working/aml-quantum-pipeline/reports/panel_revision/sota_transformer_predictions_reduced_subset.csv,FT-Transformer-style Tabular Classifier,175,1,0.674858808517456,1,0.5305690765380859
same_reduced_four_feature_subset,/kaggle/working/aml-quantum-pipeline/reports/panel_revision/sota_transformer_predictions_reduced_subset.csv,FT-Transformer-style Tabular Classifier,176,0,0.0690125375986099,0,0.5305690765380859
same_reduced_four_feature_subset,/kaggle/working/aml-quantum-pipeline/reports/panel_revision/sota_transformer_predictions_reduced_subset.csv,FT-Transformer-style Tabular Classifier,177,0,0.0653308108448982,0,0.5305690765380859
same_reduced_four_feature_subset,/kaggle/working/aml-quantum-pipeline/reports/panel_revision/sota_transformer_predictions_reduced_subset.csv,FT-Transformer-style Tabular Classifier,178,0,0.0634381920099258,0,0.5305690765380859
same_reduced_four_feature_subset,/kaggle/working/aml-quantum-pipeline/reports/panel_revision/sota_transformer_predictions_reduced_subset.csv,FT-Transformer-style Tabular Classifier,179,1,0.5964953899383545,1,0.5305690765380859
same_reduced_four_feature_subset,/kaggle/working/aml-quantum-pipeline/reports/panel_revision/sota_transformer_predictions_reduced_subset.csv,FT-Transformer-style Tabular Classifier,180,1,0.5674811005592346,1,0.5305690765380859
same_reduced_four_feature_subset,/kaggle/working/aml-quantum-pipeline/reports/panel_revision/sota_transformer_predictions_reduced_subset.csv,FT-Transformer-style Tabular Classifier,181,0,0.0639455690979957,0,0.5305690765380859
same_reduced_four_feature_subset,/kaggle/working/aml-quantum-pipeline/reports/panel_revision/sota_transformer_predictions_reduced_subset.csv,FT-Transformer-style Tabular Classifier,182,1,0.6587700843811035,1,0.5305690765380859
same_reduced_four_feature_subset,/kaggle/working/aml-quantum-pipeline/reports/panel_revision/sota_transformer_predictions_reduced_subset.csv,FT-Transformer-style Tabular Classifier,183,0,0.5463041663169861,1,0.5305690765380859
same_reduced_four_feature_subset,/kaggle/working/aml-quantum-pipeline/reports/panel_revision/sota_transformer_predictions_reduced_subset.csv,FT-Transformer-style Tabular Classifier,184,1,0.6072883009910583,1,0.5305690765380859
same_reduced_four_feature_subset,/kaggle/working/aml-quantum-pipeline/reports/panel_revision/sota_transformer_predictions_reduced_subset.csv,FT-Transformer-style Tabular Classifier,185,1,0.603062093257904,1,0.5305690765380859
same_reduced_four_feature_subset,/kaggle/working/aml-quantum-pipeline/reports/panel_revision/sota_transformer_predictions_reduced_subset.csv,FT-Transformer-style Tabular Classifier,186,0,0.6325343251228333,1,0.5305690765380859
same_reduced_four_feature_subset,/kaggle/working/aml-quantum-pipeline/reports/panel_revision/sota_transformer_predictions_reduced_subset.csv,FT-Transformer-style Tabular Classifier,187,1,0.6220430731773376,1,0.5305690765380859
same_reduced_four_feature_subset,/kaggle/working/aml-quantum-pipeline/reports/panel_revision/sota_transformer_predictions_reduced_subset.csv,FT-Transformer-style Tabular Classifier,188,1,0.5727185010910034,1,0.5305690765380859
same_reduced_four_feature_subset,/kaggle/working/aml-quantum-pipeline/reports/panel_revision/sota_transformer_predictions_reduced_subset.csv,FT-Transformer-style Tabular Classifier,189,0,0.5269153118133545,0,0.5305690765380859
same_reduced_four_feature_subset,/kaggle/working/aml-quantum-pipeline/reports/panel_revision/sota_transformer_predictions_reduced_subset.csv,FT-Transformer-style Tabular Classifier,190,1,0.5555803775787354,1,0.5305690765380859
same_reduced_four_feature_subset,/kaggle/working/aml-quantum-pipeline/reports/panel_revision/sota_transformer_predictions_reduced_subset.csv,FT-Transformer-style Tabular Classifier,191,1,0.6364479064941406,1,0.5305690765380859
same_reduced_four_feature_subset,/kaggle/working/aml-quantum-pipeline/reports/panel_revision/sota_transformer_predictions_reduced_subset.csv,FT-Transformer-style Tabular Classifier,192,0,0.0639433413743972,0,0.5305690765380859
same_reduced_four_feature_subset,/kaggle/working/aml-quantum-pipeline/reports/panel_revision/sota_transformer_predictions_reduced_subset.csv,FT-Transformer-style Tabular Classifier,193,0,0.6670793890953064,1,0.5305690765380859
same_reduced_four_feature_subset,/kaggle/working/aml-quantum-pipeline/reports/panel_revision/sota_transformer_predictions_reduced_subset.csv,FT-Transformer-style Tabular Classifier,194,1,0.6621382236480713,1,0.5305690765380859
same_reduced_four_feature_subset,/kaggle/working/aml-quantum-pipeline/reports/panel_revision/sota_transformer_predictions_reduced_subset.csv,FT-Transformer-style Tabular Classifier,195,1,0.5643205046653748,1,0.5305690765380859
same_reduced_four_feature_subset,/kaggle/working/aml-quantum-pipeline/reports/panel_revision/sota_transformer_predictions_reduced_subset.csv,FT-Transformer-style Tabular Classifier,196,1,0.6438961625099182,1,0.5305690765380859
same_reduced_four_feature_subset,/kaggle/working/aml-quantum-pipeline/reports/panel_revision/sota_transformer_predictions_reduced_subset.csv,FT-Transformer-style Tabular Classifier,197,1,0.5937499403953552,1,0.5305690765380859
same_reduced_four_feature_subset,/kaggle/working/aml-quantum-pipeline/reports/panel_revision/sota_transformer_predictions_reduced_subset.csv,FT-Transformer-style Tabular Classifier,198,1,0.5896134376525879,1,0.5305690765380859
same_reduced_four_feature_subset,/kaggle/working/aml-quantum-pipeline/reports/panel_revision/sota_transformer_predictions_reduced_subset.csv,FT-Transformer-style Tabular Classifier,199,1,0.6564165949821472,1,0.5305690765380859
same_reduced_four_feature_subset,/kaggle/working/aml-quantum-pipeline/reports/panel_revision/sota_transformer_predictions_reduced_subset.csv,FT-Transformer-style Tabular Classifier,200,0,0.6570162177085876,1,0.5305690765380859
same_reduced_four_feature_subset,/kaggle/working/aml-quantum-pipeline/reports/panel_revision/sota_transformer_predictions_reduced_subset.csv,FT-Transformer-style Tabular Classifier,201,0,0.5864669680595398,1,0.5305690765380859
same_reduced_four_feature_subset,/kaggle/working/aml-quantum-pipeline/reports/panel_revision/sota_transformer_predictions_reduced_subset.csv,FT-Transformer-style Tabular Classifier,202,0,0.0647156313061714,0,0.5305690765380859
same_reduced_four_feature_subset,/kaggle/working/aml-quantum-pipeline/reports/panel_revision/sota_transformer_predictions_reduced_subset.csv,FT-Transformer-style Tabular Classifier,203,1,0.5520937442779541,1,0.5305690765380859
same_reduced_four_feature_subset,/kaggle/working/aml-quantum-pipeline/reports/panel_revision/sota_transformer_predictions_reduced_subset.csv,FT-Transformer-style Tabular Classifier,204,0,0.0636946782469749,0,0.5305690765380859
same_reduced_four_feature_subset,/kaggle/working/aml-quantum-pipeline/reports/panel_revision/sota_transformer_predictions_reduced_subset.csv,FT-Transformer-style Tabular Classifier,205,0,0.6098988056182861,1,0.5305690765380859
same_reduced_four_feature_subset,/kaggle/working/aml-quantum-pipeline/reports/panel_revision/sota_transformer_predictions_reduced_subset.csv,FT-Transformer-style Tabular Classifier,206,1,0.6128149628639221,1,0.5305690765380859
same_reduced_four_feature_subset,/kaggle/working/aml-quantum-pipeline/reports/panel_revision/sota_transformer_predictions_reduced_subset.csv,FT-Transformer-style Tabular Classifier,207,1,0.6043055057525635,1,0.5305690765380859
same_reduced_four_feature_subset,/kaggle/working/aml-quantum-pipeline/reports/panel_revision/sota_transformer_predictions_reduced_subset.csv,FT-Transformer-style Tabular Classifier,208,0,0.0700765624642372,0,0.5305690765380859
same_reduced_four_feature_subset,/kaggle/working/aml-quantum-pipeline/reports/panel_revision/sota_transformer_predictions_reduced_subset.csv,FT-Transformer-style Tabular Classifier,209,1,0.607370138168335,1,0.5305690765380859
same_reduced_four_feature_subset,/kaggle/working/aml-quantum-pipeline/reports/panel_revision/sota_transformer_predictions_reduced_subset.csv,FT-Transformer-style Tabular Classifier,210,1,0.5967374444007874,1,0.5305690765380859
same_reduced_four_feature_subset,/kaggle/working/aml-quantum-pipeline/reports/panel_revision/sota_transformer_predictions_reduced_subset.csv,FT-Transformer-style Tabular Classifier,211,0,0.5528724193572998,1,0.5305690765380859
same_reduced_four_feature_subset,/kaggle/working/aml-quantum-pipeline/reports/panel_revision/sota_transformer_predictions_reduced_subset.csv,FT-Transformer-style Tabular Classifier,212,1,0.656254231929779,1,0.5305690765380859
same_reduced_four_feature_subset,/kaggle/working/aml-quantum-pipeline/reports/panel_revision/sota_transformer_predictions_reduced_subset.csv,FT-Transformer-style Tabular Classifier,213,1,0.6202908158302307,1,0.5305690765380859
same_reduced_four_feature_subset,/kaggle/working/aml-quantum-pipeline/reports/panel_revision/sota_transformer_predictions_reduced_subset.csv,FT-Transformer-style Tabular Classifier,214,1,0.6492405533790588,1,0.5305690765380859
same_reduced_four_feature_subset,/kaggle/working/aml-quantum-pipeline/reports/panel_revision/sota_transformer_predictions_reduced_subset.csv,FT-Transformer-style Tabular Classifier,215,1,0.6508998274803162,1,0.5305690765380859
same_reduced_four_feature_subset,/kaggle/working/aml-quantum-pipeline/reports/panel_revision/sota_transformer_predictions_reduced_subset.csv,FT-Transformer-style Tabular Classifier,216,1,0.5463300943374634,1,0.5305690765380859
same_reduced_four_feature_subset,/kaggle/working/aml-quantum-pipeline/reports/panel_revision/sota_transformer_predictions_reduced_subset.csv,FT-Transformer-style Tabular Classifier,217,0,0.6796392798423767,1,0.5305690765380859
same_reduced_four_feature_subset,/kaggle/working/aml-quantum-pipeline/reports/panel_revision/sota_transformer_predictions_reduced_subset.csv,FT-Transformer-style Tabular Classifier,218,1,0.5998449921607971,1,0.5305690765380859
same_reduced_four_feature_subset,/kaggle/working/aml-quantum-pipeline/reports/panel_revision/sota_transformer_predictions_reduced_subset.csv,FT-Transformer-style Tabular Classifier,219,1,0.5848342180252075,1,0.5305690765380859
same_reduced_four_feature_subset,/kaggle/working/aml-quantum-pipeline/reports/panel_revision/sota_transformer_predictions_reduced_subset.csv,FT-Transformer-style Tabular Classifier,220,1,0.5945937633514404,1,0.5305690765380859
same_reduced_four_feature_subset,/kaggle/working/aml-quantum-pipeline/reports/panel_revision/sota_transformer_predictions_reduced_subset.csv,FT-Transformer-style Tabular Classifier,221,1,0.590528130531311,1,0.5305690765380859
same_reduced_four_feature_subset,/kaggle/working/aml-quantum-pipeline/reports/panel_revision/sota_transformer_predictions_reduced_subset.csv,FT-Transformer-style Tabular Classifier,222,0,0.0681895017623901,0,0.5305690765380859
same_reduced_four_feature_subset,/kaggle/working/aml-quantum-pipeline/reports/panel_revision/sota_transformer_predictions_reduced_subset.csv,FT-Transformer-style Tabular Classifier,223,0,0.0636169984936714,0,0.5305690765380859
same_reduced_four_feature_subset,/kaggle/working/aml-quantum-pipeline/reports/panel_revision/sota_transformer_predictions_reduced_subset.csv,FT-Transformer-style Tabular Classifier,224,0,0.5704675316810608,1,0.5305690765380859
same_reduced_four_feature_subset,/kaggle/working/aml-quantum-pipeline/reports/panel_revision/sota_transformer_predictions_reduced_subset.csv,FT-Transformer-style Tabular Classifier,225,1,0.5320568084716797,1,0.5305690765380859
same_reduced_four_feature_subset,/kaggle/working/aml-quantum-pipeline/reports/panel_revision/sota_transformer_predictions_reduced_subset.csv,FT-Transformer-style Tabular Classifier,226,1,0.6669623255729675,1,0.5305690765380859
same_reduced_four_feature_subset,/kaggle/working/aml-quantum-pipeline/reports/panel_revision/sota_transformer_predictions_reduced_subset.csv,FT-Transformer-style Tabular Classifier,227,1,0.6405499577522278,1,0.5305690765380859
same_reduced_four_feature_subset,/kaggle/working/aml-quantum-pipeline/reports/panel_revision/sota_transformer_predictions_reduced_subset.csv,FT-Transformer-style Tabular Classifier,228,0,0.5650202631950378,1,0.5305690765380859
same_reduced_four_feature_subset,/kaggle/working/aml-quantum-pipeline/reports/panel_revision/sota_transformer_predictions_reduced_subset.csv,FT-Transformer-style Tabular Classifier,229,1,0.6003499031066895,1,0.5305690765380859
same_reduced_four_feature_subset,/kaggle/working/aml-quantum-pipeline/reports/panel_revision/sota_transformer_predictions_reduced_subset.csv,FT-Transformer-style Tabular Classifier,230,0,0.5825114250183105,1,0.5305690765380859
same_reduced_four_feature_subset,/kaggle/working/aml-quantum-pipeline/reports/panel_revision/sota_transformer_predictions_reduced_subset.csv,FT-Transformer-style Tabular Classifier,231,1,0.6157107949256897,1,0.5305690765380859
same_reduced_four_feature_subset,/kaggle/working/aml-quantum-pipeline/reports/panel_revision/sota_transformer_predictions_reduced_subset.csv,FT-Transformer-style Tabular Classifier,232,0,0.5527100563049316,1,0.5305690765380859
same_reduced_four_feature_subset,/kaggle/working/aml-quantum-pipeline/reports/panel_revision/sota_transformer_predictions_reduced_subset.csv,FT-Transformer-style Tabular Classifier,233,1,0.598375678062439,1,0.5305690765380859
same_reduced_four_feature_subset,/kaggle/working/aml-quantum-pipeline/reports/panel_revision/sota_transformer_predictions_reduced_subset.csv,FT-Transformer-style Tabular Classifier,234,0,0.5492715239524841,1,0.5305690765380859
same_reduced_four_feature_subset,/kaggle/working/aml-quantum-pipeline/reports/panel_revision/sota_transformer_predictions_reduced_subset.csv,FT-Transformer-style Tabular Classifier,235,1,0.6799936890602112,1,0.5305690765380859
same_reduced_four_feature_subset,/kaggle/working/aml-quantum-pipeline/reports/panel_revision/sota_transformer_predictions_reduced_subset.csv,FT-Transformer-style Tabular Classifier,236,1,0.6115975379943848,1,0.5305690765380859
same_reduced_four_feature_subset,/kaggle/working/aml-quantum-pipeline/reports/panel_revision/sota_transformer_predictions_reduced_subset.csv,FT-Transformer-style Tabular Classifier,237,1,0.616712212562561,1,0.5305690765380859
same_reduced_four_feature_subset,/kaggle/working/aml-quantum-pipeline/reports/panel_revision/sota_transformer_predictions_reduced_subset.csv,FT-Transformer-style Tabular Classifier,238,0,0.6530008316040039,1,0.5305690765380859
same_reduced_four_feature_subset,/kaggle/working/aml-quantum-pipeline/reports/panel_revision/sota_transformer_predictions_reduced_subset.csv,FT-Transformer-style Tabular Classifier,239,0,0.0638319477438926,0,0.5305690765380859
same_reduced_four_feature_subset,/kaggle/working/aml-quantum-pipeline/reports/panel_revision/sota_transformer_predictions_reduced_subset.csv,FT-Transformer-style Tabular Classifier,240,0,0.5854377150535583,1,0.5305690765380859
same_reduced_four_feature_subset,/kaggle/working/aml-quantum-pipeline/reports/panel_revision/sota_transformer_predictions_reduced_subset.csv,FT-Transformer-style Tabular Classifier,241,1,0.5344816446304321,1,0.5305690765380859
same_reduced_four_feature_subset,/kaggle/working/aml-quantum-pipeline/reports/panel_revision/sota_transformer_predictions_reduced_subset.csv,FT-Transformer-style Tabular Classifier,242,0,0.0641666799783706,0,0.5305690765380859
same_reduced_four_feature_subset,/kaggle/working/aml-quantum-pipeline/reports/panel_revision/sota_transformer_predictions_reduced_subset.csv,FT-Transformer-style Tabular Classifier,243,1,0.5397139191627502,1,0.5305690765380859
same_reduced_four_feature_subset,/kaggle/working/aml-quantum-pipeline/reports/panel_revision/sota_transformer_predictions_reduced_subset.csv,FT-Transformer-style Tabular Classifier,244,1,0.6535926461219788,1,0.5305690765380859
same_reduced_four_feature_subset,/kaggle/working/aml-quantum-pipeline/reports/panel_revision/sota_transformer_predictions_reduced_subset.csv,FT-Transformer-style Tabular Classifier,245,1,0.562811553478241,1,0.5305690765380859
same_reduced_four_feature_subset,/kaggle/working/aml-quantum-pipeline/reports/panel_revision/sota_transformer_predictions_reduced_subset.csv,FT-Transformer-style Tabular Classifier,246,1,0.6003430485725403,1,0.5305690765380859
same_reduced_four_feature_subset,/kaggle/working/aml-quantum-pipeline/reports/panel_revision/sota_transformer_predictions_reduced_subset.csv,FT-Transformer-style Tabular Classifier,247,0,0.0668423995375633,0,0.5305690765380859
same_reduced_four_feature_subset,/kaggle/working/aml-quantum-pipeline/reports/panel_revision/sota_transformer_predictions_reduced_subset.csv,FT-Transformer-style Tabular Classifier,248,1,0.5890836715698242,1,0.5305690765380859
same_reduced_four_feature_subset,/kaggle/working/aml-quantum-pipeline/reports/panel_revision/sota_transformer_predictions_reduced_subset.csv,FT-Transformer-style Tabular Classifier,249,0,0.0701475888490676,0,0.5305690765380859
same_reduced_four_feature_subset,/kaggle/working/aml-quantum-pipeline/reports/panel_revision/sota_transformer_predictions_reduced_subset.csv,FT-Transformer-style Tabular Classifier,250,0,0.0634177848696708,0,0.5305690765380859
same_reduced_four_feature_subset,/kaggle/working/aml-quantum-pipeline/reports/panel_revision/sota_transformer_predictions_reduced_subset.csv,FT-Transformer-style Tabular Classifier,251,0,0.0663614347577095,0,0.5305690765380859
same_reduced_four_feature_subset,/kaggle/working/aml-quantum-pipeline/reports/panel_revision/sota_transformer_predictions_reduced_subset.csv,FT-Transformer-style Tabular Classifier,252,1,0.612246036529541,1,0.5305690765380859
same_reduced_four_feature_subset,/kaggle/working/aml-quantum-pipeline/reports/panel_revision/sota_transformer_predictions_reduced_subset.csv,FT-Transformer-style Tabular Classifier,253,0,0.5643767714500427,1,0.5305690765380859
same_reduced_four_feature_subset,/kaggle/working/aml-quantum-pipeline/reports/panel_revision/sota_transformer_predictions_reduced_subset.csv,FT-Transformer-style Tabular Classifier,254,1,0.6087402701377869,1,0.5305690765380859
same_reduced_four_feature_subset,/kaggle/working/aml-quantum-pipeline/reports/panel_revision/sota_transformer_predictions_reduced_subset.csv,FT-Transformer-style Tabular Classifier,255,1,0.6000769734382629,1,0.5305690765380859
same_reduced_four_feature_subset,/kaggle/working/aml-quantum-pipeline/reports/panel_revision/sota_transformer_predictions_reduced_subset.csv,FT-Transformer-style Tabular Classifier,256,1,0.6391732096672058,1,0.5305690765380859
same_reduced_four_feature_subset,/kaggle/working/aml-quantum-pipeline/reports/panel_revision/sota_transformer_predictions_reduced_subset.csv,FT-Transformer-style Tabular Classifier,257,0,0.6043527722358704,1,0.5305690765380859
same_reduced_four_feature_subset,/kaggle/working/aml-quantum-pipeline/reports/panel_revision/sota_transformer_predictions_reduced_subset.csv,FT-Transformer-style Tabular Classifier,258,0,0.5199095606803894,0,0.5305690765380859
same_reduced_four_feature_subset,/kaggle/working/aml-quantum-pipeline/reports/panel_revision/sota_transformer_predictions_reduced_subset.csv,FT-Transformer-style Tabular Classifier,259,1,0.5942803621292114,1,0.5305690765380859
same_reduced_four_feature_subset,/kaggle/working/aml-quantum-pipeline/reports/panel_revision/sota_transformer_predictions_reduced_subset.csv,FT-Transformer-style Tabular Classifier,260,1,0.6152513027191162,1,0.5305690765380859
same_reduced_four_feature_subset,/kaggle/working/aml-quantum-pipeline/reports/panel_revision/sota_transformer_predictions_reduced_subset.csv,FT-Transformer-style Tabular Classifier,261,1,0.5480568408966064,1,0.5305690765380859
same_reduced_four_feature_subset,/kaggle/working/aml-quantum-pipeline/reports/panel_revision/sota_transformer_predictions_reduced_subset.csv,FT-Transformer-style Tabular Classifier,262,1,0.6199263334274292,1,0.5305690765380859
same_reduced_four_feature_subset,/kaggle/working/aml-quantum-pipeline/reports/panel_revision/sota_transformer_predictions_reduced_subset.csv,FT-Transformer-style Tabular Classifier,263,0,0.0670269206166267,0,0.5305690765380859
same_reduced_four_feature_subset,/kaggle/working/aml-quantum-pipeline/reports/panel_revision/sota_transformer_predictions_reduced_subset.csv,FT-Transformer-style Tabular Classifier,264,0,0.063953012228012,0,0.5305690765380859
same_reduced_four_feature_subset,/kaggle/working/aml-quantum-pipeline/reports/panel_revision/sota_transformer_predictions_reduced_subset.csv,FT-Transformer-style Tabular Classifier,265,1,0.5891920328140259,1,0.5305690765380859
same_reduced_four_feature_subset,/kaggle/working/aml-quantum-pipeline/reports/panel_revision/sota_transformer_predictions_reduced_subset.csv,FT-Transformer-style Tabular Classifier,266,1,0.5628281235694885,1,0.5305690765380859
same_reduced_four_feature_subset,/kaggle/working/aml-quantum-pipeline/reports/panel_revision/sota_transformer_predictions_reduced_subset.csv,FT-Transformer-style Tabular Classifier,267,0,0.0634012445807457,0,0.5305690765380859
same_reduced_four_feature_subset,/kaggle/working/aml-quantum-pipeline/reports/panel_revision/sota_transformer_predictions_reduced_subset.csv,FT-Transformer-style Tabular Classifier,268,0,0.5957517027854919,1,0.5305690765380859
same_reduced_four_feature_subset,/kaggle/working/aml-quantum-pipeline/reports/panel_revision/sota_transformer_predictions_reduced_subset.csv,FT-Transformer-style Tabular Classifier,269,1,0.6029775738716125,1,0.5305690765380859
same_reduced_four_feature_subset,/kaggle/working/aml-quantum-pipeline/reports/panel_revision/sota_transformer_predictions_reduced_subset.csv,FT-Transformer-style Tabular Classifier,270,1,0.6000708341598511,1,0.5305690765380859
same_reduced_four_feature_subset,/kaggle/working/aml-quantum-pipeline/reports/panel_revision/sota_transformer_predictions_reduced_subset.csv,FT-Transformer-style Tabular Classifier,271,0,0.6616719365119934,1,0.5305690765380859
same_reduced_four_feature_subset,/kaggle/working/aml-quantum-pipeline/reports/panel_revision/sota_transformer_predictions_reduced_subset.csv,FT-Transformer-style Tabular Classifier,272,1,0.6003437638282776,1,0.5305690765380859
same_reduced_four_feature_subset,/kaggle/working/aml-quantum-pipeline/reports/panel_revision/sota_transformer_predictions_reduced_subset.csv,FT-Transformer-style Tabular Classifier,273,0,0.0644278973340988,0,0.5305690765380859
same_reduced_four_feature_subset,/kaggle/working/aml-quantum-pipeline/reports/panel_revision/sota_transformer_predictions_reduced_subset.csv,FT-Transformer-style Tabular Classifier,274,1,0.5871682167053223,1,0.5305690765380859
same_reduced_four_feature_subset,/kaggle/working/aml-quantum-pipeline/reports/panel_revision/sota_transformer_predictions_reduced_subset.csv,FT-Transformer-style Tabular Classifier,275,1,0.6440535187721252,1,0.5305690765380859
same_reduced_four_feature_subset,/kaggle/working/aml-quantum-pipeline/reports/panel_revision/sota_transformer_predictions_reduced_subset.csv,FT-Transformer-style Tabular Classifier,276,0,0.0648726671934127,0,0.5305690765380859
same_reduced_four_feature_subset,/kaggle/working/aml-quantum-pipeline/reports/panel_revision/sota_transformer_predictions_reduced_subset.csv,FT-Transformer-style Tabular Classifier,277,0,0.0675049871206283,0,0.5305690765380859
same_reduced_four_feature_subset,/kaggle/working/aml-quantum-pipeline/reports/panel_revision/sota_transformer_predictions_reduced_subset.csv,FT-Transformer-style Tabular Classifier,278,0,0.6088440418243408,1,0.5305690765380859
same_reduced_four_feature_subset,/kaggle/working/aml-quantum-pipeline/reports/panel_revision/sota_transformer_predictions_reduced_subset.csv,FT-Transformer-style Tabular Classifier,279,0,0.5344212055206299,1,0.5305690765380859
same_reduced_four_feature_subset,/kaggle/working/aml-quantum-pipeline/reports/panel_revision/sota_transformer_predictions_reduced_subset.csv,FT-Transformer-style Tabular Classifier,280,0,0.6166574358940125,1,0.5305690765380859
same_reduced_four_feature_subset,/kaggle/working/aml-quantum-pipeline/reports/panel_revision/sota_transformer_predictions_reduced_subset.csv,FT-Transformer-style Tabular Classifier,281,0,0.5688167810440063,1,0.5305690765380859
same_reduced_four_feature_subset,/kaggle/working/aml-quantum-pipeline/reports/panel_revision/sota_transformer_predictions_reduced_subset.csv,FT-Transformer-style Tabular Classifier,282,1,0.6492409110069275,1,0.5305690765380859
same_reduced_four_feature_subset,/kaggle/working/aml-quantum-pipeline/reports/panel_revision/sota_transformer_predictions_reduced_subset.csv,FT-Transformer-style Tabular Classifier,283,0,0.5665261149406433,1,0.5305690765380859
same_reduced_four_feature_subset,/kaggle/working/aml-quantum-pipeline/reports/panel_revision/sota_transformer_predictions_reduced_subset.csv,FT-Transformer-style Tabular Classifier,284,1,0.6151114106178284,1,0.5305690765380859
same_reduced_four_feature_subset,/kaggle/working/aml-quantum-pipeline/reports/panel_revision/sota_transformer_predictions_reduced_subset.csv,FT-Transformer-style Tabular Classifier,285,0,0.6507235765457153,1,0.5305690765380859
same_reduced_four_feature_subset,/kaggle/working/aml-quantum-pipeline/reports/panel_revision/sota_transformer_predictions_reduced_subset.csv,FT-Transformer-style Tabular Classifier,286,1,0.556367039680481,1,0.5305690765380859
same_reduced_four_feature_subset,/kaggle/working/aml-quantum-pipeline/reports/panel_revision/sota_transformer_predictions_reduced_subset.csv,FT-Transformer-style Tabular Classifier,287,1,0.6438076496124268,1,0.5305690765380859
same_reduced_four_feature_subset,/kaggle/working/aml-quantum-pipeline/reports/panel_revision/sota_transformer_predictions_reduced_subset.csv,FT-Transformer-style Tabular Classifier,288,0,0.6140720248222351,1,0.5305690765380859
same_reduced_four_feature_subset,/kaggle/working/aml-quantum-pipeline/reports/panel_revision/sota_transformer_predictions_reduced_subset.csv,FT-Transformer-style Tabular Classifier,289,1,0.5329180955886841,1,0.5305690765380859
same_reduced_four_feature_subset,/kaggle/working/aml-quantum-pipeline/reports/panel_revision/sota_transformer_predictions_reduced_subset.csv,FT-Transformer-style Tabular Classifier,290,1,0.6330354809761047,1,0.5305690765380859
same_reduced_four_feature_subset,/kaggle/working/aml-quantum-pipeline/reports/panel_revision/sota_transformer_predictions_reduced_subset.csv,FT-Transformer-style Tabular Classifier,291,1,0.6809717416763306,1,0.5305690765380859
same_reduced_four_feature_subset,/kaggle/working/aml-quantum-pipeline/reports/panel_revision/sota_transformer_predictions_reduced_subset.csv,FT-Transformer-style Tabular Classifier,292,1,0.6378054022789001,1,0.5305690765380859
same_reduced_four_feature_subset,/kaggle/working/aml-quantum-pipeline/reports/panel_revision/sota_transformer_predictions_reduced_subset.csv,FT-Transformer-style Tabular Classifier,293,0,0.063499815762043,0,0.5305690765380859
same_reduced_four_feature_subset,/kaggle/working/aml-quantum-pipeline/reports/panel_revision/sota_transformer_predictions_reduced_subset.csv,FT-Transformer-style Tabular Classifier,294,0,0.6636707782745361,1,0.5305690765380859
same_reduced_four_feature_subset,/kaggle/working/aml-quantum-pipeline/reports/panel_revision/sota_transformer_predictions_reduced_subset.csv,FT-Transformer-style Tabular Classifier,295,0,0.589776337146759,1,0.5305690765380859
same_reduced_four_feature_subset,/kaggle/working/aml-quantum-pipeline/reports/panel_revision/sota_transformer_predictions_reduced_subset.csv,FT-Transformer-style Tabular Classifier,296,1,0.6701369881629944,1,0.5305690765380859
same_reduced_four_feature_subset,/kaggle/working/aml-quantum-pipeline/reports/panel_revision/sota_transformer_predictions_reduced_subset.csv,FT-Transformer-style Tabular Classifier,297,0,0.5254883170127869,0,0.5305690765380859
same_reduced_four_feature_subset,/kaggle/working/aml-quantum-pipeline/reports/panel_revision/sota_transformer_predictions_reduced_subset.csv,FT-Transformer-style Tabular Classifier,298,1,0.6369031667709351,1,0.5305690765380859
same_reduced_four_feature_subset,/kaggle/working/aml-quantum-pipeline/reports/panel_revision/sota_transformer_predictions_reduced_subset.csv,FT-Transformer-style Tabular Classifier,299,1,0.6413259506225586,1,0.5305690765380859
