purpose,i,j,model_requested,circuit_index,counts_json,shots_observed
train_kernel,0,0,qksvc,0,"{""0000"": 251, ""0010"": 3, ""1000"": 2}",256
train_kernel,0,1,qksvc,1,"{""0000"": 250, ""0010"": 3, ""1000"": 1, ""0100"": 2}",256
train_kernel,0,2,qksvc,2,"{""0000"": 251, ""0100"": 3, ""1000"": 2}",256
train_kernel,0,3,qksvc,3,"{""0011"": 242, ""1011"": 3, ""0010"": 7, ""0001"": 4}",256
train_kernel,0,4,qksvc,4,"{""0000"": 241, ""1000"": 1, ""0010"": 10, ""0011"": 1, ""0001"": 3}",256
train_kernel,0,5,qksvc,5,"{""0011"": 105, ""0001"": 55, ""0010"": 59, ""0000"": 33, ""0111"": 1, ""1011"": 2, ""1010"": 1}",256
train_kernel,0,6,qksvc,6,"{""0011"": 238, ""0000"": 1, ""0001"": 5, ""0010"": 6, ""1011"": 6}",256
train_kernel,0,7,qksvc,7,"{""0000"": 193, ""0001"": 31, ""0010"": 20, ""1010"": 1, ""0101"": 1, ""0011"": 5, ""0100"": 3, ""1000"": 2}",256
train_kernel,0,8,qksvc,8,"{""0000"": 245, ""0010"": 5, ""0100"": 1, ""1000"": 5}",256
train_kernel,0,9,qksvc,9,"{""0000"": 245, ""0010"": 8, ""0100"": 2, ""1000"": 1}",256
train_kernel,1,1,qksvc,10,"{""0000"": 248, ""0100"": 2, ""1000"": 2, ""0001"": 1, ""0010"": 3}",256
train_kernel,1,2,qksvc,11,"{""0000"": 251, ""0010"": 4, ""1000"": 1}",256
train_kernel,1,3,qksvc,12,"{""0011"": 237, ""0001"": 13, ""0010"": 5, ""1011"": 1}",256
train_kernel,1,4,qksvc,13,"{""0000"": 243, ""1000"": 3, ""0001"": 5, ""0010"": 5}",256
train_kernel,1,5,qksvc,14,"{""0011"": 91, ""0001"": 56, ""0010"": 58, ""0000"": 49, ""1011"": 2}",256
train_kernel,1,6,qksvc,15,"{""0011"": 242, ""0001"": 7, ""0010"": 6, ""1111"": 1}",256
train_kernel,1,7,qksvc,16,"{""0000"": 190, ""0001"": 29, ""1000"": 6, ""0010"": 25, ""0100"": 4, ""0011"": 2}",256
train_kernel,1,8,qksvc,17,"{""0000"": 252, ""1000"": 2, ""0010"": 1, ""0001"": 1}",256
train_kernel,1,9,qksvc,18,"{""0000"": 252, ""1000"": 2, ""0010"": 2}",256
train_kernel,2,2,qksvc,19,"{""0000"": 252, ""1000"": 1, ""0010"": 1, ""1100"": 1, ""0100"": 1}",256
train_kernel,2,3,qksvc,20,"{""0011"": 242, ""0010"": 6, ""0001"": 6, ""1011"": 1, ""0111"": 1}",256
train_kernel,2,4,qksvc,21,"{""0000"": 247, ""1000"": 2, ""0100"": 1, ""0010"": 4, ""0001"": 2}",256
train_kernel,2,5,qksvc,22,"{""0011"": 88, ""0000"": 40, ""0010"": 75, ""0001"": 51, ""1001"": 1, ""0100"": 1}",256
train_kernel,2,6,qksvc,23,"{""0011"": 232, ""0010"": 9, ""0001"": 12, ""0111"": 2, ""1011"": 1}",256
train_kernel,2,7,qksvc,24,"{""0000"": 210, ""0011"": 5, ""0001"": 14, ""0010"": 26, ""0100"": 1}",256
train_kernel,2,8,qksvc,25,"{""0000"": 239, ""0001"": 6, ""0010"": 8, ""0100"": 2, ""0110"": 1}",256
train_kernel,2,9,qksvc,26,"{""0000"": 246, ""0001"": 3, ""0010"": 4, ""0100"": 2, ""1000"": 1}",256
train_kernel,3,3,qksvc,27,"{""0000"": 249, ""0100"": 3, ""1000"": 3, ""0010"": 1}",256
train_kernel,3,4,qksvc,28,"{""0011"": 218, ""0001"": 24, ""0010"": 10, ""1011"": 1, ""1001"": 1, ""1010"": 1, ""0000"": 1}",256
train_kernel,3,5,qksvc,29,"{""0010"": 55, ""0011"": 12, ""0000"": 135, ""0001"": 46, ""0100"": 2, ""1000"": 4, ""0101"": 1, ""1010"": 1}",256
train_kernel,3,6,qksvc,30,"{""0000"": 249, ""0010"": 5, ""1000"": 2}",256
train_kernel,3,7,qksvc,31,"{""0011"": 151, ""0010"": 44, ""0000"": 13, ""0001"": 46, ""1011"": 2}",256
train_kernel,3,8,qksvc,32,"{""0111"": 2, ""0011"": 244, ""0010"": 3, ""1011"": 3, ""0001"": 4}",256
train_kernel,3,9,qksvc,33,"{""0011"": 248, ""0001"": 5, ""1011"": 1, ""0010"": 2}",256
train_kernel,4,4,qksvc,34,"{""0000"": 252, ""0010"": 1, ""0100"": 2, ""1000"": 1}",256
train_kernel,4,5,qksvc,35,"{""0000"": 65, ""0010"": 71, ""0011"": 56, ""0001"": 62, ""1010"": 1, ""0101"": 1}",256
train_kernel,4,6,qksvc,36,"{""0011"": 220, ""0001"": 17, ""0010"": 15, ""0111"": 1, ""0000"": 1, ""0110"": 1, ""1111"": 1}",256
train_kernel,4,7,qksvc,37,"{""0000"": 228, ""0001"": 10, ""0010"": 15, ""1000"": 2, ""0100"": 1}",256
train_kernel,4,8,qksvc,38,"{""0000"": 227, ""0001"": 12, ""0100"": 1, ""0010"": 12, ""1000"": 2, ""0101"": 1, ""1100"": 1}",256
train_kernel,4,9,qksvc,39,"{""0000"": 235, ""0010"": 13, ""0001"": 7, ""0011"": 1}",256
train_kernel,5,5,qksvc,40,"{""0000"": 255, ""1000"": 1}",256
train_kernel,5,6,qksvc,41,"{""0000"": 137, ""0001"": 41, ""0010"": 60, ""0011"": 17, ""1000"": 1}",256
train_kernel,5,7,qksvc,42,"{""0000"": 134, ""0010"": 52, ""0011"": 21, ""0001"": 44, ""0111"": 1, ""1010"": 1, ""1001"": 1, ""0101"": 1, ""0100"": 1}",256
train_kernel,5,8,qksvc,43,"{""0011"": 117, ""0010"": 58, ""0001"": 53, ""0000"": 25, ""0110"": 2, ""1001"": 1}",256
train_kernel,5,9,qksvc,44,"{""0011"": 117, ""0000"": 27, ""0001"": 56, ""0010"": 53, ""1011"": 2, ""0111"": 1}",256
train_kernel,6,6,qksvc,45,"{""0000"": 252, ""1000"": 1, ""0010"": 2, ""0100"": 1}",256
train_kernel,6,7,qksvc,46,"{""0010"": 42, ""0000"": 16, ""0011"": 144, ""0001"": 52, ""0111"": 1, ""1011"": 1}",256
train_kernel,6,8,qksvc,47,"{""0011"": 245, ""0001"": 5, ""0111"": 2, ""1001"": 1, ""0010"": 1, ""1011"": 2}",256
train_kernel,6,9,qksvc,48,"{""0011"": 247, ""0001"": 4, ""0010"": 2, ""1011"": 3}",256
train_kernel,7,7,qksvc,49,"{""0000"": 246, ""0010"": 6, ""1000"": 4}",256
train_kernel,7,8,qksvc,50,"{""0010"": 37, ""0001"": 39, ""0000"": 170, ""0011"": 7, ""0100"": 1, ""1001"": 1, ""1000"": 1}",256
train_kernel,7,9,qksvc,51,"{""0000"": 178, ""0001"": 33, ""0010"": 40, ""1000"": 3, ""0011"": 2}",256
train_kernel,8,8,qksvc,52,"{""0000"": 248, ""0010"": 2, ""1000"": 4, ""1010"": 1, ""0100"": 1}",256
train_kernel,8,9,qksvc,53,"{""0000"": 250, ""0010"": 5, ""1000"": 1}",256
train_kernel,9,9,qksvc,54,"{""0000"": 253, ""0010"": 2, ""0100"": 1}",256
valid_kernel,0,0,qksvc,55,"{""0000"": 242, ""0001"": 3, ""0010"": 4, ""1000"": 3, ""0100"": 3, ""1001"": 1}",256
valid_kernel,0,1,qksvc,56,"{""0000"": 251, ""0010"": 3, ""1000"": 2}",256
valid_kernel,0,2,qksvc,57,"{""0000"": 247, ""0010"": 6, ""0001"": 3}",256
valid_kernel,0,3,qksvc,58,"{""0011"": 244, ""1011"": 3, ""0010"": 4, ""0001"": 4, ""0111"": 1}",256
valid_kernel,0,4,qksvc,59,"{""0000"": 227, ""0001"": 12, ""0010"": 13, ""1000"": 3, ""1100"": 1}",256
valid_kernel,0,5,qksvc,60,"{""0000"": 32, ""0011"": 118, ""0001"": 59, ""0010"": 44, ""1011"": 2, ""1010"": 1}",256
valid_kernel,0,6,qksvc,61,"{""0011"": 246, ""0001"": 3, ""1011"": 3, ""0010"": 3, ""0111"": 1}",256
valid_kernel,0,7,qksvc,62,"{""0001"": 30, ""0000"": 167, ""0010"": 49, ""1000"": 1, ""0011"": 9}",256
valid_kernel,0,8,qksvc,63,"{""0000"": 246, ""0010"": 5, ""1000"": 3, ""0100"": 2}",256
valid_kernel,0,9,qksvc,64,"{""0000"": 251, ""1000"": 2, ""0010"": 3}",256
valid_kernel,1,0,qksvc,65,"{""0011"": 248, ""0000"": 1, ""0010"": 2, ""1011"": 2, ""0111"": 1, ""1001"": 1, ""0001"": 1}",256
valid_kernel,1,1,qksvc,66,"{""0011"": 250, ""0111"": 2, ""1011"": 1, ""0001"": 3}",256
valid_kernel,1,2,qksvc,67,"{""0011"": 247, ""0001"": 5, ""1011"": 2, ""0010"": 1, ""0111"": 1}",256
valid_kernel,1,3,qksvc,68,"{""0000"": 241, ""0010"": 9, ""1000"": 3, ""0001"": 2, ""0100"": 1}",256
valid_kernel,1,4,qksvc,69,"{""0011"": 238, ""0001"": 11, ""0000"": 1, ""0111"": 3, ""0010"": 3}",256
valid_kernel,1,5,qksvc,70,"{""0001"": 63, ""0010"": 60, ""1000"": 2, ""0000"": 86, ""0011"": 44, ""1010"": 1}",256
valid_kernel,1,6,qksvc,71,"{""0000"": 241, ""0010"": 11, ""1000"": 2, ""0001"": 2}",256
valid_kernel,1,7,qksvc,72,"{""0010"": 28, ""0001"": 22, ""0011"": 197, ""1011"": 4, ""0000"": 3, ""0111"": 2}",256
valid_kernel,1,8,qksvc,73,"{""0011"": 250, ""0010"": 4, ""1011"": 2}",256
valid_kernel,1,9,qksvc,74,"{""0111"": 1, ""0011"": 247, ""1011"": 3, ""0010"": 3, ""0001"": 2}",256
valid_kernel,2,0,qksvc,75,"{""0000"": 238, ""0010"": 6, ""1000"": 2, ""1010"": 1, ""0100"": 5, ""0001"": 4}",256
valid_kernel,2,1,qksvc,76,"{""0000"": 238, ""0010"": 9, ""0001"": 3, ""1000"": 3, ""0100"": 3}",256
valid_kernel,2,2,qksvc,77,"{""0000"": 237, ""0010"": 11, ""0001"": 8}",256
valid_kernel,2,3,qksvc,78,"{""0011"": 247, ""0010"": 4, ""0001"": 3, ""1011"": 2}",256
valid_kernel,2,4,qksvc,79,"{""0100"": 2, ""1000"": 3, ""0000"": 209, ""0010"": 23, ""0001"": 18, ""0011"": 1}",256
valid_kernel,2,5,qksvc,80,"{""0010"": 48, ""0011"": 141, ""0001"": 54, ""0000"": 12, ""1001"": 1}",256
valid_kernel,2,6,qksvc,81,"{""0011"": 249, ""0111"": 2, ""1011"": 2, ""0010"": 1, ""0001"": 1, ""1010"": 1}",256
valid_kernel,2,7,qksvc,82,"{""0000"": 179, ""0010"": 35, ""0001"": 29, ""0011"": 10, ""0100"": 2, ""1000"": 1}",256
valid_kernel,2,8,qksvc,83,"{""0000"": 247, ""0100"": 1, ""0010"": 5, ""1000"": 2, ""0001"": 1}",256
valid_kernel,2,9,qksvc,84,"{""0000"": 253, ""0010"": 3}",256
valid_kernel,3,0,qksvc,85,"{""0000"": 242, ""0100"": 2, ""0001"": 2, ""1000"": 2, ""0010"": 8}",256
valid_kernel,3,1,qksvc,86,"{""0000"": 246, ""0010"": 7, ""0001"": 2, ""0100"": 1}",256
valid_kernel,3,2,qksvc,87,"{""0000"": 239, ""0010"": 12, ""0011"": 1, ""0001"": 4}",256
valid_kernel,3,3,qksvc,88,"{""0011"": 247, ""0010"": 4, ""1011"": 3, ""0001"": 1, ""0111"": 1}",256
valid_kernel,3,4,qksvc,89,"{""0000"": 230, ""0010"": 10, ""0001"": 15, ""0011"": 1}",256
valid_kernel,3,5,qksvc,90,"{""0011"": 127, ""0010"": 53, ""0001"": 53, ""0000"": 22, ""1001"": 1}",256
valid_kernel,3,6,qksvc,91,"{""0011"": 252, ""1011"": 2, ""0010"": 1, ""0001"": 1}",256
valid_kernel,3,7,qksvc,92,"{""0000"": 162, ""0010"": 48, ""0011"": 9, ""0001"": 34, ""1000"": 3}",256
valid_kernel,3,8,qksvc,93,"{""0000"": 252, ""1000"": 4}",256
valid_kernel,3,9,qksvc,94,"{""0000"": 249, ""0010"": 5, ""1000"": 2}",256
valid_kernel,4,0,qksvc,95,"{""0011"": 245, ""1011"": 3, ""0111"": 2, ""0001"": 6}",256
valid_kernel,4,1,qksvc,96,"{""0011"": 250, ""0010"": 3, ""1011"": 2, ""0001"": 1}",256
valid_kernel,4,2,qksvc,97,"{""0011"": 248, ""0001"": 4, ""1011"": 2, ""0111"": 1, ""0010"": 1}",256
valid_kernel,4,3,qksvc,98,"{""0000"": 242, ""1000"": 4, ""0001"": 3, ""0010"": 7}",256
valid_kernel,4,4,qksvc,99,"{""0011"": 221, ""0001"": 17, ""0010"": 12, ""1011"": 4, ""0111"": 2}",256
valid_kernel,4,5,qksvc,100,"{""0000"": 100, ""0010"": 65, ""0001"": 50, ""0011"": 38, ""1000"": 1, ""1011"": 1, ""1001"": 1}",256
valid_kernel,4,6,qksvc,101,"{""0000"": 244, ""0010"": 6, ""0001"": 4, ""1000"": 1, ""1010"": 1}",256
valid_kernel,4,7,qksvc,102,"{""0011"": 193, ""0010"": 31, ""0001"": 26, ""1011"": 3, ""0000"": 3}",256
valid_kernel,4,8,qksvc,103,"{""0011"": 250, ""0010"": 3, ""1011"": 1, ""0001"": 1, ""0111"": 1}",256
valid_kernel,4,9,qksvc,104,"{""0011"": 248, ""0010"": 3, ""0001"": 3, ""1011"": 2}",256
valid_kernel,5,0,qksvc,105,"{""0000"": 28, ""1010"": 18, ""1001"": 66, ""1000"": 88, ""0001"": 25, ""0010"": 7, ""1011"": 15, ""0011"": 8, ""1101"": 1}",256
valid_kernel,5,1,qksvc,106,"{""0000"": 27, ""1000"": 83, ""1001"": 65, ""0110"": 1, ""1010"": 23, ""0010"": 10, ""0001"": 22, ""1011"": 20, ""0011"": 5}",256
valid_kernel,5,2,qksvc,107,"{""1000"": 92, ""1001"": 62, ""1010"": 22, ""0000"": 22, ""1011"": 18, ""0001"": 21, ""0011"": 10, ""0010"": 8, ""1111"": 1}",256
valid_kernel,5,3,qksvc,108,"{""1011"": 129, ""1000"": 8, ""1010"": 37, ""0010"": 14, ""0011"": 45, ""1001"": 15, ""0001"": 5, ""0000"": 2, ""1111"": 1}",256
valid_kernel,5,4,qksvc,109,"{""1011"": 37, ""1000"": 59, ""1001"": 70, ""0001"": 23, ""0010"": 7, ""1010"": 29, ""0000"": 20, ""0011"": 10, ""0101"": 1}",256
valid_kernel,5,5,qksvc,110,"{""0011"": 49, ""1011"": 197, ""1001"": 6, ""1111"": 2, ""0001"": 2}",256
valid_kernel,5,6,qksvc,111,"{""0011"": 40, ""0010"": 18, ""1010"": 57, ""1011"": 118, ""1001"": 15, ""1101"": 1, ""0000"": 3, ""1000"": 3, ""0001"": 1}",256
valid_kernel,5,7,qksvc,112,"{""1100"": 1, ""1001"": 61, ""1010"": 34, ""0001"": 18, ""0010"": 8, ""1000"": 20, ""1011"": 77, ""0000"": 13, ""0011"": 23, ""1101"": 1}",256
valid_kernel,5,8,qksvc,113,"{""1000"": 99, ""0001"": 21, ""0000"": 37, ""1001"": 44, ""0010"": 7, ""0011"": 6, ""1011"": 16, ""1010"": 25, ""0110"": 1}",256
valid_kernel,5,9,qksvc,114,"{""0000"": 37, ""1000"": 101, ""1011"": 8, ""1001"": 61, ""0010"": 11, ""1010"": 26, ""0011"": 2, ""0001"": 10}",256
valid_kernel,6,0,qksvc,115,"{""0000"": 246, ""0001"": 2, ""1000"": 1, ""0010"": 7}",256
valid_kernel,6,1,qksvc,116,"{""0000"": 243, ""1000"": 3, ""0001"": 4, ""0010"": 4, ""0100"": 2}",256
valid_kernel,6,2,qksvc,117,"{""0000"": 242, ""0001"": 2, ""0010"": 10, ""0110"": 1, ""1010"": 1}",256
valid_kernel,6,3,qksvc,118,"{""0011"": 246, ""0010"": 4, ""1011"": 2, ""0111"": 1, ""0001"": 3}",256
valid_kernel,6,4,qksvc,119,"{""0000"": 216, ""0010"": 25, ""0100"": 2, ""0011"": 1, ""0001"": 11, ""1000"": 1}",256
valid_kernel,6,5,qksvc,120,"{""0011"": 121, ""0001"": 48, ""0010"": 46, ""0000"": 36, ""1010"": 1, ""1001"": 2, ""0111"": 1, ""0110"": 1}",256
valid_kernel,6,6,qksvc,121,"{""0011"": 246, ""0001"": 4, ""0010"": 1, ""0111"": 3, ""1011"": 2}",256
valid_kernel,6,7,qksvc,122,"{""0000"": 172, ""0010"": 41, ""0011"": 12, ""0001"": 30, ""1000"": 1}",256
valid_kernel,6,8,qksvc,123,"{""0000"": 246, ""0010"": 5, ""0100"": 2, ""1000"": 3}",256
valid_kernel,6,9,qksvc,124,"{""0000"": 251, ""0010"": 1, ""1000"": 2, ""0001"": 2}",256
valid_kernel,7,0,qksvc,125,"{""0000"": 244, ""0010"": 7, ""1000"": 2, ""0001"": 2, ""0100"": 1}",256
valid_kernel,7,1,qksvc,126,"{""0000"": 247, ""0010"": 8, ""0100"": 1}",256
valid_kernel,7,2,qksvc,127,"{""0000"": 243, ""0010"": 10, ""0001"": 1, ""0100"": 1, ""1000"": 1}",256
valid_kernel,7,3,qksvc,128,"{""0011"": 245, ""0010"": 2, ""1001"": 1, ""0001"": 7, ""1011"": 1}",256
valid_kernel,7,4,qksvc,129,"{""0000"": 233, ""0010"": 11, ""0001"": 8, ""1000"": 2, ""0100"": 1, ""1001"": 1}",256
valid_kernel,7,5,qksvc,130,"{""0011"": 117, ""0010"": 56, ""0000"": 28, ""0001"": 52, ""1010"": 1, ""0100"": 1, ""1000"": 1}",256
valid_kernel,7,6,qksvc,131,"{""0011"": 250, ""0001"": 3, ""0111"": 1, ""1011"": 1, ""0010"": 1}",256
valid_kernel,7,7,qksvc,132,"{""0001"": 30, ""0000"": 185, ""0010"": 36, ""0011"": 2, ""1010"": 1, ""1000"": 2}",256
valid_kernel,7,8,qksvc,133,"{""0000"": 254, ""0010"": 1, ""0100"": 1}",256
valid_kernel,7,9,qksvc,134,"{""0000"": 254, ""0100"": 1, ""0010"": 1}",256
valid_kernel,8,0,qksvc,135,"{""0000"": 248, ""0010"": 7, ""1000"": 1}",256
valid_kernel,8,1,qksvc,136,"{""0000"": 244, ""0010"": 7, ""1000"": 2, ""0001"": 2, ""0100"": 1}",256
valid_kernel,8,2,qksvc,137,"{""0000"": 243, ""0001"": 7, ""1000"": 2, ""0010"": 4}",256
valid_kernel,8,3,qksvc,138,"{""0011"": 248, ""0010"": 6, ""0001"": 2}",256
valid_kernel,8,4,qksvc,139,"{""0000"": 225, ""0010"": 14, ""0001"": 15, ""1000"": 2}",256
valid_kernel,8,5,qksvc,140,"{""0011"": 125, ""0000"": 25, ""0001"": 43, ""0010"": 62, ""1010"": 1}",256
valid_kernel,8,6,qksvc,141,"{""0011"": 251, ""1001"": 1, ""1011"": 2, ""0001"": 2}",256
valid_kernel,8,7,qksvc,142,"{""0010"": 36, ""0000"": 173, ""0001"": 38, ""0011"": 8, ""1010"": 1}",256
valid_kernel,8,8,qksvc,143,"{""0000"": 245, ""0010"": 8, ""0100"": 3}",256
valid_kernel,8,9,qksvc,144,"{""0000"": 254, ""1000"": 1, ""0010"": 1}",256
valid_kernel,9,0,qksvc,145,"{""0000"": 245, ""0001"": 1, ""0010"": 8, ""0100"": 2}",256
valid_kernel,9,1,qksvc,146,"{""0000"": 250, ""0010"": 3, ""1000"": 2, ""0001"": 1}",256
valid_kernel,9,2,qksvc,147,"{""0000"": 242, ""1000"": 1, ""0010"": 10, ""0001"": 3}",256
valid_kernel,9,3,qksvc,148,"{""0011"": 247, ""1011"": 3, ""0010"": 3, ""0001"": 3}",256
valid_kernel,9,4,qksvc,149,"{""0100"": 1, ""0000"": 226, ""0001"": 11, ""0010"": 15, ""1000"": 2, ""0011"": 1}",256
valid_kernel,9,5,qksvc,150,"{""0011"": 121, ""0010"": 51, ""0001"": 56, ""0000"": 26, ""1010"": 1, ""1011"": 1}",256
valid_kernel,9,6,qksvc,151,"{""0011"": 246, ""0001"": 7, ""1011"": 2, ""0000"": 1}",256
valid_kernel,9,7,qksvc,152,"{""0000"": 176, ""0001"": 32, ""0010"": 39, ""0011"": 8, ""1000"": 1}",256
valid_kernel,9,8,qksvc,153,"{""0000"": 250, ""0010"": 5, ""1000"": 1}",256
valid_kernel,9,9,qksvc,154,"{""0000"": 255, ""1000"": 1}",256
test_kernel,0,0,qksvc,155,"{""0011"": 249, ""0001"": 3, ""0010"": 3, ""0111"": 1}",256
test_kernel,0,1,qksvc,156,"{""0011"": 248, ""0001"": 3, ""1011"": 3, ""0010"": 1, ""0111"": 1}",256
test_kernel,0,2,qksvc,157,"{""0011"": 251, ""0111"": 1, ""1011"": 2, ""0010"": 1, ""0001"": 1}",256
test_kernel,0,3,qksvc,158,"{""0000"": 235, ""1000"": 2, ""0010"": 10, ""0001"": 7, ""0100"": 2}",256
test_kernel,0,4,qksvc,159,"{""0011"": 243, ""0010"": 6, ""0001"": 5, ""0111"": 1, ""1011"": 1}",256
test_kernel,0,5,qksvc,160,"{""0000"": 89, ""0011"": 44, ""0010"": 62, ""0001"": 56, ""1000"": 1, ""0100"": 2, ""0110"": 2}",256
test_kernel,0,6,qksvc,161,"{""0000"": 228, ""0010"": 14, ""0001"": 9, ""1000"": 3, ""0011"": 2}",256
test_kernel,0,7,qksvc,162,"{""0011"": 198, ""0001"": 26, ""0010"": 26, ""0111"": 1, ""1011"": 4, ""1001"": 1}",256
test_kernel,0,8,qksvc,163,"{""0011"": 237, ""1011"": 4, ""0001"": 7, ""0010"": 5, ""1010"": 1, ""0111"": 2}",256
test_kernel,0,9,qksvc,164,"{""0011"": 244, ""0001"": 5, ""1011"": 4, ""0010"": 3}",256
test_kernel,1,0,qksvc,165,"{""0000"": 243, ""0100"": 1, ""0001"": 6, ""1000"": 2, ""0010"": 4}",256
test_kernel,1,1,qksvc,166,"{""0000"": 236, ""0001"": 8, ""0010"": 9, ""1000"": 2, ""0011"": 1}",256
test_kernel,1,2,qksvc,167,"{""0000"": 234, ""0001"": 10, ""1000"": 2, ""0010"": 9, ""0100"": 1}",256
test_kernel,1,3,qksvc,168,"{""0011"": 252, ""1011"": 3, ""0001"": 1}",256
test_kernel,1,4,qksvc,169,"{""0000"": 216, ""0010"": 18, ""0001"": 16, ""1010"": 1, ""1000"": 2, ""0011"": 3}",256
test_kernel,1,5,qksvc,170,"{""0011"": 139, ""0001"": 58, ""0010"": 43, ""0000"": 14, ""1011"": 2}",256
test_kernel,1,6,qksvc,171,"{""0011"": 242, ""0001"": 6, ""0010"": 3, ""1011"": 4, ""0111"": 1}",256
test_kernel,1,7,qksvc,172,"{""0000"": 162, ""0010"": 42, ""0001"": 39, ""0101"": 1, ""1010"": 1, ""0011"": 9, ""1000"": 2}",256
test_kernel,1,8,qksvc,173,"{""0000"": 251, ""0010"": 3, ""0100"": 1, ""1000"": 1}",256
test_kernel,1,9,qksvc,174,"{""0000"": 252, ""0010"": 4}",256
test_kernel,2,0,qksvc,175,"{""0000"": 236, ""0010"": 12, ""0001"": 6, ""1000"": 1, ""1010"": 1}",256
test_kernel,2,1,qksvc,176,"{""0000"": 234, ""0010"": 13, ""0001"": 6, ""0100"": 2, ""1000"": 1}",256
test_kernel,2,2,qksvc,177,"{""0000"": 234, ""0010"": 11, ""0011"": 1, ""0110"": 1, ""1000"": 4, ""0001"": 4, ""0100"": 1}",256
test_kernel,2,3,qksvc,178,"{""0011"": 248, ""0001"": 2, ""1001"": 1, ""0010"": 3, ""1011"": 2}",256
test_kernel,2,4,qksvc,179,"{""0000"": 212, ""0010"": 21, ""0001"": 19, ""1000"": 1, ""0011"": 3}",256
test_kernel,2,5,qksvc,180,"{""0010"": 39, ""0011"": 139, ""0001"": 58, ""1011"": 3, ""0000"": 17}",256
test_kernel,2,6,qksvc,181,"{""0011"": 250, ""0010"": 2, ""0001"": 3, ""1011"": 1}",256
test_kernel,2,7,qksvc,182,"{""0001"": 39, ""0000"": 154, ""1000"": 3, ""0010"": 49, ""0011"": 10, ""0110"": 1}",256
test_kernel,2,8,qksvc,183,"{""0000"": 244, ""0100"": 2, ""0010"": 5, ""0001"": 5}",256
test_kernel,2,9,qksvc,184,"{""0000"": 246, ""0010"": 5, ""1000"": 4, ""0100"": 1}",256
test_kernel,3,0,qksvc,185,"{""0011"": 247, ""1011"": 3, ""0111"": 3, ""0001"": 3}",256
test_kernel,3,1,qksvc,186,"{""0011"": 250, ""0001"": 2, ""1011"": 2, ""0010"": 1, ""0111"": 1}",256
test_kernel,3,2,qksvc,187,"{""0011"": 247, ""1011"": 4, ""0010"": 3, ""0001"": 2}",256
test_kernel,3,3,qksvc,188,"{""0000"": 233, ""0010"": 12, ""0001"": 7, ""1000"": 2, ""1001"": 1, ""0100"": 1}",256
test_kernel,3,4,qksvc,189,"{""0011"": 244, ""0001"": 4, ""1011"": 4, ""0010"": 4}",256
test_kernel,3,5,qksvc,190,"{""0011"": 41, ""0010"": 62, ""0000"": 92, ""0001"": 59, ""1001"": 1, ""1100"": 1}",256
test_kernel,3,6,qksvc,191,"{""0000"": 241, ""0010"": 10, ""0001"": 3, ""0011"": 1, ""0101"": 1}",256
test_kernel,3,7,qksvc,192,"{""0011"": 217, ""0010"": 16, ""0001"": 16, ""1011"": 1, ""0000"": 5, ""0111"": 1}",256
test_kernel,3,8,qksvc,193,"{""0011"": 242, ""0010"": 7, ""0001"": 6, ""0111"": 1}",256
test_kernel,3,9,qksvc,194,"{""0011"": 247, ""0111"": 2, ""1011"": 2, ""0001"": 3, ""0010"": 2}",256
test_kernel,4,0,qksvc,195,"{""0011"": 253, ""0001"": 1, ""0010"": 1, ""1011"": 1}",256
test_kernel,4,1,qksvc,196,"{""0011"": 246, ""0001"": 5, ""0010"": 3, ""1011"": 2}",256
test_kernel,4,2,qksvc,197,"{""0011"": 249, ""1011"": 5, ""0001"": 2}",256
test_kernel,4,3,qksvc,198,"{""0000"": 234, ""0010"": 15, ""0001"": 4, ""0011"": 1, ""1000"": 2}",256
test_kernel,4,4,qksvc,199,"{""0011"": 238, ""0010"": 7, ""0001"": 7, ""0111"": 1, ""1010"": 1, ""1011"": 2}",256
test_kernel,4,5,qksvc,200,"{""0010"": 68, ""0001"": 55, ""0000"": 80, ""0011"": 51, ""0100"": 1, ""1000"": 1}",256
test_kernel,4,6,qksvc,201,"{""0000"": 237, ""0001"": 9, ""0010"": 7, ""0011"": 1, ""1000"": 2}",256
test_kernel,4,7,qksvc,202,"{""0011"": 205, ""0010"": 27, ""0001"": 17, ""0111"": 3, ""1011"": 1, ""1010"": 1, ""0000"": 2}",256
test_kernel,4,8,qksvc,203,"{""0011"": 244, ""1011"": 3, ""0001"": 4, ""0010"": 5}",256
test_kernel,4,9,qksvc,204,"{""0011"": 248, ""0001"": 3, ""0010"": 3, ""1001"": 1, ""1011"": 1}",256
test_kernel,5,0,qksvc,205,"{""0000"": 244, ""0100"": 4, ""0010"": 6, ""0001"": 2}",256
test_kernel,5,1,qksvc,206,"{""0000"": 244, ""0010"": 9, ""0001"": 1, ""1000"": 1, ""0100"": 1}",256
test_kernel,5,2,qksvc,207,"{""1000"": 2, ""0000"": 238, ""0100"": 2, ""0010"": 4, ""0001"": 8, ""0110"": 1, ""0011"": 1}",256
test_kernel,5,3,qksvc,208,"{""1011"": 3, ""0011"": 246, ""0111"": 1, ""0001"": 2, ""0010"": 4}",256
test_kernel,5,4,qksvc,209,"{""0000"": 231, ""0010"": 8, ""0001"": 15, ""1000"": 2}",256
test_kernel,5,5,qksvc,210,"{""0011"": 128, ""0001"": 55, ""1010"": 1, ""0010"": 54, ""0000"": 16, ""1011"": 1, ""0110"": 1}",256
test_kernel,5,6,qksvc,211,"{""0011"": 250, ""0001"": 2, ""1011"": 2, ""0010"": 2}",256
test_kernel,5,7,qksvc,212,"{""0001"": 33, ""0000"": 174, ""0011"": 12, ""0010"": 34, ""1000"": 2, ""0100"": 1}",256
test_kernel,5,8,qksvc,213,"{""0000"": 248, ""0010"": 5, ""1000"": 2, ""0100"": 1}",256
test_kernel,5,9,qksvc,214,"{""0000"": 246, ""0001"": 2, ""0010"": 4, ""1000"": 4}",256
test_kernel,6,0,qksvc,215,"{""0000"": 233, ""0010"": 12, ""0011"": 1, ""0001"": 7, ""1000"": 2, ""0100"": 1}",256
test_kernel,6,1,qksvc,216,"{""0000"": 239, ""0001"": 7, ""0010"": 8, ""0100"": 1, ""1000"": 1}",256
test_kernel,6,2,qksvc,217,"{""0000"": 231, ""0010"": 11, ""1000"": 3, ""0001"": 11}",256
test_kernel,6,3,qksvc,218,"{""0011"": 247, ""0111"": 1, ""0010"": 4, ""1011"": 2, ""0001"": 1, ""0110"": 1}",256
test_kernel,6,4,qksvc,219,"{""0000"": 212, ""0010"": 26, ""0001"": 12, ""1000"": 2, ""0011"": 2, ""1010"": 2}",256
test_kernel,6,5,qksvc,220,"{""0011"": 139, ""0001"": 44, ""0000"": 22, ""0010"": 47, ""0110"": 1, ""1001"": 1, ""1011"": 1, ""0100"": 1}",256
test_kernel,6,6,qksvc,221,"{""0011"": 250, ""1011"": 2, ""0001"": 2, ""0010"": 2}",256
test_kernel,6,7,qksvc,222,"{""0000"": 156, ""0001"": 42, ""0010"": 48, ""0011"": 8, ""1001"": 1, ""1000"": 1}",256
test_kernel,6,8,qksvc,223,"{""0000"": 245, ""0010"": 7, ""0001"": 2, ""1000"": 2}",256
test_kernel,6,9,qksvc,224,"{""0000"": 247, ""0010"": 7, ""1000"": 1, ""0100"": 1}",256
test_kernel,7,0,qksvc,225,"{""0011"": 252, ""0001"": 2, ""0111"": 2}",256
test_kernel,7,1,qksvc,226,"{""0011"": 250, ""1011"": 3, ""0010"": 3}",256
test_kernel,7,2,qksvc,227,"{""0011"": 248, ""0010"": 2, ""0001"": 4, ""0111"": 1, ""1011"": 1}",256
test_kernel,7,3,qksvc,228,"{""0000"": 242, ""0010"": 7, ""0100"": 1, ""1000"": 2, ""0001"": 4}",256
test_kernel,7,4,qksvc,229,"{""0011"": 241, ""0001"": 7, ""0010"": 5, ""0111"": 1, ""1011"": 2}",256
test_kernel,7,5,qksvc,230,"{""0001"": 61, ""0000"": 85, ""0011"": 51, ""0010"": 57, ""1001"": 1, ""1000"": 1}",256
test_kernel,7,6,qksvc,231,"{""0000"": 233, ""0001"": 8, ""0011"": 2, ""0010"": 10, ""0100"": 2, ""1000"": 1}",256
test_kernel,7,7,qksvc,232,"{""0001"": 21, ""0011"": 198, ""0010"": 32, ""0000"": 1, ""1011"": 2, ""1001"": 1, ""0110"": 1}",256
test_kernel,7,8,qksvc,233,"{""0011"": 244, ""0010"": 7, ""0110"": 1, ""0001"": 2, ""1011"": 1, ""0000"": 1}",256
test_kernel,7,9,qksvc,234,"{""0011"": 244, ""0010"": 1, ""0111"": 1, ""0001"": 6, ""1011"": 3, ""1010"": 1}",256
test_kernel,8,0,qksvc,235,"{""0000"": 245, ""0001"": 3, ""0010"": 4, ""1010"": 1, ""0100"": 1, ""1000"": 2}",256
test_kernel,8,1,qksvc,236,"{""0000"": 239, ""0010"": 10, ""0001"": 4, ""1000"": 2, ""0100"": 1}",256
test_kernel,8,2,qksvc,237,"{""0000"": 238, ""0001"": 6, ""0010"": 10, ""1000"": 1, ""1010"": 1}",256
test_kernel,8,3,qksvc,238,"{""0011"": 249, ""0001"": 4, ""0010"": 2, ""1011"": 1}",256
test_kernel,8,4,qksvc,239,"{""0000"": 218, ""0010"": 18, ""0001"": 20}",256
test_kernel,8,5,qksvc,240,"{""0011"": 139, ""0001"": 44, ""0010"": 55, ""0000"": 13, ""1001"": 2, ""1010"": 1, ""1000"": 1, ""1011"": 1}",256
test_kernel,8,6,qksvc,241,"{""0011"": 243, ""0001"": 3, ""0111"": 2, ""1011"": 4, ""0010"": 3, ""1001"": 1}",256
test_kernel,8,7,qksvc,242,"{""0000"": 149, ""0010"": 46, ""0001"": 47, ""0011"": 13, ""0111"": 1}",256
test_kernel,8,8,qksvc,243,"{""0000"": 249, ""1000"": 1, ""0010"": 5, ""0100"": 1}",256
test_kernel,8,9,qksvc,244,"{""0000"": 245, ""0010"": 6, ""0001"": 2, ""1000"": 3}",256
test_kernel,9,0,qksvc,245,"{""0000"": 242, ""0010"": 5, ""0001"": 4, ""1000"": 3, ""0100"": 1, ""1010"": 1}",256
test_kernel,9,1,qksvc,246,"{""0000"": 235, ""0010"": 10, ""0001"": 5, ""1000"": 5, ""1010"": 1}",256
test_kernel,9,2,qksvc,247,"{""0000"": 240, ""0010"": 7, ""1000"": 2, ""0001"": 6, ""1001"": 1}",256
test_kernel,9,3,qksvc,248,"{""0011"": 244, ""0111"": 3, ""0001"": 7, ""1011"": 1, ""0010"": 1}",256
test_kernel,9,4,qksvc,249,"{""0000"": 201, ""0010"": 30, ""0001"": 21, ""1000"": 4}",256
test_kernel,9,5,qksvc,250,"{""0011"": 141, ""0001"": 34, ""0000"": 22, ""0010"": 54, ""1011"": 2, ""1001"": 2, ""1000"": 1}",256
test_kernel,9,6,qksvc,251,"{""0011"": 249, ""0001"": 3, ""1011"": 3, ""0010"": 1}",256
test_kernel,9,7,qksvc,252,"{""0001"": 45, ""0000"": 155, ""0010"": 45, ""0011"": 10, ""1010"": 1}",256
test_kernel,9,8,qksvc,253,"{""0000"": 244, ""1000"": 4, ""0100"": 3, ""0010"": 4, ""1010"": 1}",256
test_kernel,9,9,qksvc,254,"{""0000"": 251, ""0010"": 2, ""1000"": 2, ""0001"": 1}",256
test_kernel,10,0,qksvc,255,"{""0011"": 247, ""1011"": 2, ""0001"": 3, ""0010"": 4}",256
test_kernel,10,1,qksvc,256,"{""0011"": 250, ""1011"": 3, ""0111"": 1, ""0001"": 2}",256
test_kernel,10,2,qksvc,257,"{""0011"": 249, ""0001"": 2, ""1011"": 4, ""0010"": 1}",256
test_kernel,10,3,qksvc,258,"{""0000"": 236, ""1000"": 3, ""0010"": 9, ""0001"": 6, ""0100"": 1, ""0011"": 1}",256
test_kernel,10,4,qksvc,259,"{""0011"": 238, ""0001"": 6, ""0010"": 6, ""1011"": 3, ""0111"": 2, ""0101"": 1}",256
test_kernel,10,5,qksvc,260,"{""0010"": 70, ""0011"": 42, ""0001"": 51, ""0000"": 89, ""1001"": 1, ""1010"": 1, ""1000"": 1, ""0111"": 1}",256
test_kernel,10,6,qksvc,261,"{""0000"": 225, ""0010"": 16, ""0001"": 14, ""1000"": 1}",256
test_kernel,10,7,qksvc,262,"{""0011"": 215, ""0001"": 19, ""0000"": 3, ""0010"": 18, ""1010"": 1}",256
test_kernel,10,8,qksvc,263,"{""0011"": 242, ""1011"": 4, ""0010"": 7, ""0001"": 3}",256
test_kernel,10,9,qksvc,264,"{""0011"": 249, ""0001"": 4, ""0010"": 1, ""1011"": 2}",256
test_kernel,11,0,qksvc,265,"{""0011"": 246, ""0010"": 1, ""1011"": 4, ""0001"": 2, ""0111"": 3}",256
test_kernel,11,1,qksvc,266,"{""0011"": 246, ""1011"": 4, ""0111"": 2, ""0001"": 3, ""0010"": 1}",256
test_kernel,11,2,qksvc,267,"{""0011"": 254, ""0010"": 1, ""0001"": 1}",256
test_kernel,11,3,qksvc,268,"{""0000"": 231, ""0001"": 12, ""0010"": 10, ""1000"": 3}",256
test_kernel,11,4,qksvc,269,"{""0011"": 246, ""0001"": 4, ""1011"": 1, ""1001"": 1, ""0010"": 3, ""0111"": 1}",256
test_kernel,11,5,qksvc,270,"{""0001"": 63, ""0000"": 80, ""0010"": 64, ""0011"": 44, ""1000"": 2, ""1010"": 2, ""1001"": 1}",256
test_kernel,11,6,qksvc,271,"{""0000"": 232, ""0010"": 13, ""0001"": 8, ""1000"": 2, ""0100"": 1}",256
test_kernel,11,7,qksvc,272,"{""0001"": 21, ""0011"": 209, ""0010"": 21, ""0000"": 1, ""1011"": 2, ""0111"": 2}",256
test_kernel,11,8,qksvc,273,"{""0011"": 247, ""0010"": 4, ""0001"": 1, ""0111"": 2, ""1011"": 2}",256
test_kernel,11,9,qksvc,274,"{""0011"": 248, ""0001"": 4, ""1010"": 1, ""0010"": 1, ""1011"": 2}",256
test_kernel,12,0,qksvc,275,"{""0000"": 245, ""0010"": 7, ""1000"": 1, ""0001"": 3}",256
test_kernel,12,1,qksvc,276,"{""0000"": 245, ""0001"": 2, ""0010"": 8, ""1000"": 1}",256
test_kernel,12,2,qksvc,277,"{""0000"": 247, ""0100"": 1, ""0010"": 6, ""0001"": 2}",256
test_kernel,12,3,qksvc,278,"{""0011"": 248, ""0010"": 3, ""1011"": 3, ""0001"": 2}",256
test_kernel,12,4,qksvc,279,"{""0000"": 212, ""0011"": 2, ""0001"": 17, ""0010"": 22, ""1000"": 2, ""1010"": 1}",256
test_kernel,12,5,qksvc,280,"{""0001"": 45, ""0011"": 146, ""0010"": 44, ""0000"": 16, ""1001"": 2, ""0110"": 2, ""1011"": 1}",256
test_kernel,12,6,qksvc,281,"{""0011"": 248, ""0001"": 1, ""0010"": 3, ""1011"": 2, ""0111"": 2}",256
test_kernel,12,7,qksvc,282,"{""0001"": 35, ""0000"": 154, ""0010"": 51, ""0011"": 13, ""1010"": 1, ""1001"": 1, ""1000"": 1}",256
test_kernel,12,8,qksvc,283,"{""0000"": 245, ""1000"": 6, ""0010"": 4, ""0100"": 1}",256
test_kernel,12,9,qksvc,284,"{""0000"": 250, ""1000"": 2, ""0010"": 3, ""0100"": 1}",256
test_kernel,13,0,qksvc,285,"{""0011"": 252, ""1011"": 1, ""0001"": 2, ""0010"": 1}",256
test_kernel,13,1,qksvc,286,"{""0011"": 248, ""0001"": 6, ""1011"": 2}",256
test_kernel,13,2,qksvc,287,"{""0011"": 248, ""0001"": 3, ""1011"": 3, ""0111"": 2}",256
test_kernel,13,3,qksvc,288,"{""0000"": 234, ""0010"": 14, ""1010"": 1, ""0001"": 5, ""0100"": 1, ""1000"": 1}",256
test_kernel,13,4,qksvc,289,"{""0011"": 241, ""0010"": 5, ""1011"": 1, ""0001"": 8, ""0111"": 1}",256
test_kernel,13,5,qksvc,290,"{""0010"": 77, ""0001"": 52, ""0000"": 79, ""0011"": 44, ""0100"": 1, ""1000"": 2, ""1010"": 1}",256
test_kernel,13,6,qksvc,291,"{""0000"": 237, ""0001"": 5, ""0010"": 10, ""0011"": 1, ""1000"": 3}",256
test_kernel,13,7,qksvc,292,"{""0011"": 207, ""0000"": 5, ""0010"": 19, ""0001"": 23, ""1011"": 1, ""0111"": 1}",256
test_kernel,13,8,qksvc,293,"{""0011"": 245, ""1011"": 4, ""0001"": 3, ""1010"": 1, ""0111"": 2, ""0010"": 1}",256
test_kernel,13,9,qksvc,294,"{""0011"": 246, ""1011"": 4, ""0010"": 1, ""0001"": 4, ""0110"": 1}",256
test_kernel,14,0,qksvc,295,"{""0000"": 242, ""0010"": 7, ""0001"": 5, ""0011"": 1, ""0100"": 1}",256
test_kernel,14,1,qksvc,296,"{""0000"": 245, ""0001"": 3, ""0010"": 6, ""1000"": 2}",256
test_kernel,14,2,qksvc,297,"{""0000"": 234, ""0010"": 16, ""0001"": 4, ""0100"": 1, ""0011"": 1}",256
test_kernel,14,3,qksvc,298,"{""0011"": 250, ""1011"": 3, ""0001"": 2, ""0010"": 1}",256
test_kernel,14,4,qksvc,299,"{""0000"": 217, ""1010"": 2, ""0001"": 21, ""0010"": 14, ""1000"": 1, ""0011"": 1}",256
test_kernel,14,5,qksvc,300,"{""0010"": 65, ""0011"": 120, ""0000"": 24, ""0001"": 43, ""0111"": 1, ""0110"": 1, ""1011"": 2}",256
test_kernel,14,6,qksvc,301,"{""0011"": 246, ""1011"": 2, ""0001"": 4, ""0010"": 3, ""0111"": 1}",256
test_kernel,14,7,qksvc,302,"{""0000"": 162, ""0001"": 41, ""0011"": 11, ""0010"": 40, ""1000"": 2}",256
test_kernel,14,8,qksvc,303,"{""0000"": 242, ""0010"": 6, ""0001"": 6, ""1000"": 2}",256
test_kernel,14,9,qksvc,304,"{""0000"": 249, ""0001"": 1, ""0100"": 1, ""0010"": 4, ""1010"": 1}",256
test_kernel,15,0,qksvc,305,"{""0000"": 249, ""0010"": 4, ""0001"": 2, ""1000"": 1}",256
test_kernel,15,1,qksvc,306,"{""0000"": 238, ""0100"": 3, ""0010"": 9, ""0001"": 6}",256
test_kernel,15,2,qksvc,307,"{""0000"": 237, ""0010"": 8, ""0001"": 7, ""1000"": 3, ""0011"": 1}",256
test_kernel,15,3,qksvc,308,"{""0011"": 247, ""0010"": 1, ""0111"": 1, ""1011"": 4, ""0001"": 3}",256
test_kernel,15,4,qksvc,309,"{""0000"": 214, ""0001"": 16, ""0010"": 21, ""1000"": 2, ""0011"": 2, ""0100"": 1}",256
test_kernel,15,5,qksvc,310,"{""0001"": 51, ""0010"": 58, ""0011"": 121, ""0000"": 21, ""1011"": 3, ""1001"": 1, ""1010"": 1}",256
test_kernel,15,6,qksvc,311,"{""0011"": 248, ""0001"": 3, ""0111"": 2, ""1011"": 2, ""0010"": 1}",256
test_kernel,15,7,qksvc,312,"{""0010"": 35, ""0000"": 172, ""0001"": 34, ""0011"": 11, ""1000"": 2, ""1010"": 2}",256
test_kernel,15,8,qksvc,313,"{""0000"": 249, ""0010"": 3, ""0001"": 1, ""0100"": 2, ""1000"": 1}",256
test_kernel,15,9,qksvc,314,"{""0000"": 246, ""1000"": 3, ""0010"": 5, ""0001"": 1, ""0110"": 1}",256
test_kernel,16,0,qksvc,315,"{""0011"": 250, ""0001"": 4, ""0111"": 1, ""0010"": 1}",256
test_kernel,16,1,qksvc,316,"{""0011"": 247, ""0001"": 5, ""1010"": 1, ""0010"": 3}",256
test_kernel,16,2,qksvc,317,"{""0011"": 251, ""0001"": 4, ""1011"": 1}",256
test_kernel,16,3,qksvc,318,"{""0000"": 240, ""0010"": 4, ""0001"": 6, ""0100"": 1, ""1000"": 3, ""0011"": 2}",256
test_kernel,16,4,qksvc,319,"{""0011"": 243, ""0010"": 7, ""0001"": 2, ""1011"": 2, ""0111"": 2}",256
test_kernel,16,5,qksvc,320,"{""0010"": 71, ""0000"": 91, ""0001"": 47, ""0011"": 46, ""1011"": 1}",256
test_kernel,16,6,qksvc,321,"{""0000"": 233, ""0010"": 10, ""0001"": 10, ""1000"": 2, ""0100"": 1}",256
test_kernel,16,7,qksvc,322,"{""0011"": 199, ""0110"": 1, ""0010"": 25, ""1011"": 3, ""0001"": 23, ""1010"": 1, ""0111"": 2, ""0000"": 2}",256
test_kernel,16,8,qksvc,323,"{""0011"": 247, ""0001"": 3, ""0010"": 3, ""1011"": 2, ""0111"": 1}",256
test_kernel,16,9,qksvc,324,"{""0011"": 249, ""1011"": 4, ""0001"": 2, ""0010"": 1}",256
test_kernel,17,0,qksvc,325,"{""0011"": 247, ""0001"": 4, ""0010"": 1, ""1011"": 4}",256
test_kernel,17,1,qksvc,326,"{""0011"": 250, ""0001"": 2, ""0010"": 1, ""1011"": 3}",256
test_kernel,17,2,qksvc,327,"{""0011"": 249, ""0001"": 2, ""1011"": 3, ""0010"": 1, ""0111"": 1}",256
test_kernel,17,3,qksvc,328,"{""0000"": 235, ""0001"": 8, ""0010"": 12, ""1000"": 1}",256
test_kernel,17,4,qksvc,329,"{""0011"": 252, ""1010"": 1, ""0001"": 3}",256
test_kernel,17,5,qksvc,330,"{""0000"": 77, ""0001"": 56, ""0010"": 73, ""0011"": 47, ""1001"": 1, ""1010"": 2}",256
test_kernel,17,6,qksvc,331,"{""0000"": 238, ""0001"": 6, ""0100"": 2, ""0010"": 8, ""1000"": 2}",256
test_kernel,17,7,qksvc,332,"{""0011"": 206, ""0010"": 21, ""0001"": 24, ""1011"": 3, ""0110"": 1, ""0000"": 1}",256
test_kernel,17,8,qksvc,333,"{""0011"": 241, ""1011"": 3, ""0001"": 7, ""0010"": 5}",256
test_kernel,17,9,qksvc,334,"{""0001"": 8, ""0011"": 246, ""0010"": 1, ""1011"": 1}",256
test_kernel,18,0,qksvc,335,"{""0011"": 250, ""0010"": 3, ""0111"": 1, ""0001"": 1, ""1011"": 1}",256
test_kernel,18,1,qksvc,336,"{""0011"": 249, ""0001"": 6, ""0111"": 1}",256
test_kernel,18,2,qksvc,337,"{""0011"": 244, ""0001"": 5, ""0010"": 3, ""1011"": 2, ""0111"": 2}",256
test_kernel,18,3,qksvc,338,"{""0000"": 229, ""0001"": 7, ""1000"": 3, ""0010"": 14, ""1001"": 1, ""1010"": 1, ""0100"": 1}",256
test_kernel,18,4,qksvc,339,"{""0011"": 245, ""1011"": 5, ""0010"": 2, ""0001"": 3, ""0111"": 1}",256
test_kernel,18,5,qksvc,340,"{""0000"": 85, ""0011"": 58, ""0001"": 58, ""0010"": 52, ""1001"": 2, ""1000"": 1}",256
test_kernel,18,6,qksvc,341,"{""0000"": 229, ""0001"": 8, ""1000"": 3, ""0010"": 16}",256
test_kernel,18,7,qksvc,342,"{""0001"": 20, ""0011"": 205, ""0010"": 23, ""0000"": 5, ""1011"": 3}",256
test_kernel,18,8,qksvc,343,"{""0011"": 240, ""0010"": 4, ""1011"": 5, ""0001"": 5, ""0111"": 1, ""1010"": 1}",256
test_kernel,18,9,qksvc,344,"{""0011"": 248, ""1011"": 1, ""0010"": 4, ""0001"": 2, ""1001"": 1}",256
test_kernel,19,0,qksvc,345,"{""0000"": 242, ""0010"": 6, ""1000"": 4, ""0001"": 4}",256
test_kernel,19,1,qksvc,346,"{""0000"": 237, ""0010"": 9, ""0100"": 1, ""1000"": 3, ""0001"": 6}",256
test_kernel,19,2,qksvc,347,"{""0000"": 227, ""0001"": 7, ""0010"": 13, ""1000"": 5, ""0011"": 1, ""0100"": 2, ""1010"": 1}",256
test_kernel,19,3,qksvc,348,"{""0011"": 249, ""0010"": 2, ""1011"": 3, ""0001"": 2}",256
test_kernel,19,4,qksvc,349,"{""0000"": 212, ""0010"": 26, ""0001"": 10, ""1001"": 2, ""0011"": 2, ""1000"": 3, ""0100"": 1}",256
test_kernel,19,5,qksvc,350,"{""0011"": 148, ""0010"": 44, ""0001"": 44, ""0000"": 18, ""1011"": 2}",256
test_kernel,19,6,qksvc,351,"{""0011"": 246, ""0001"": 4, ""1011"": 3, ""0111"": 3}",256
test_kernel,19,7,qksvc,352,"{""0001"": 43, ""0000"": 149, ""0011"": 9, ""0010"": 53, ""1001"": 1, ""0100"": 1}",256
test_kernel,19,8,qksvc,353,"{""0000"": 252, ""0001"": 1, ""1000"": 1, ""0010"": 2}",256
test_kernel,19,9,qksvc,354,"{""0000"": 249, ""0010"": 5, ""1000"": 1, ""0100"": 1}",256
test_kernel,20,0,qksvc,355,"{""0000"": 243, ""0010"": 8, ""0001"": 4, ""1000"": 1}",256
test_kernel,20,1,qksvc,356,"{""0000"": 245, ""0001"": 6, ""0010"": 4, ""1000"": 1}",256
test_kernel,20,2,qksvc,357,"{""0000"": 235, ""0001"": 10, ""0010"": 10, ""0100"": 1}",256
test_kernel,20,3,qksvc,358,"{""0011"": 251, ""0111"": 1, ""1011"": 3, ""0010"": 1}",256
test_kernel,20,4,qksvc,359,"{""0000"": 231, ""0010"": 14, ""0001"": 8, ""0011"": 2, ""1010"": 1}",256
test_kernel,20,5,qksvc,360,"{""0010"": 60, ""0011"": 122, ""0001"": 47, ""0000"": 23, ""1010"": 1, ""1001"": 1, ""1011"": 1, ""0100"": 1}",256
test_kernel,20,6,qksvc,361,"{""0011"": 250, ""1011"": 4, ""0111"": 2}",256
test_kernel,20,7,qksvc,362,"{""0001"": 36, ""0000"": 167, ""0010"": 44, ""0011"": 8, ""1001"": 1}",256
test_kernel,20,8,qksvc,363,"{""0000"": 248, ""0010"": 4, ""0001"": 1, ""1000"": 3}",256
test_kernel,20,9,qksvc,364,"{""0000"": 245, ""1000"": 4, ""0010"": 5, ""1010"": 1, ""0001"": 1}",256
test_kernel,21,0,qksvc,365,"{""0000"": 236, ""0010"": 10, ""0001"": 7, ""1000"": 1, ""0100"": 2}",256
test_kernel,21,1,qksvc,366,"{""0000"": 242, ""0010"": 4, ""1000"": 4, ""0001"": 5, ""0011"": 1}",256
test_kernel,21,2,qksvc,367,"{""0000"": 236, ""0001"": 9, ""0010"": 10, ""1000"": 1}",256
test_kernel,21,3,qksvc,368,"{""0011"": 251, ""0001"": 1, ""0111"": 1, ""1011"": 2, ""0010"": 1}",256
test_kernel,21,4,qksvc,369,"{""0000"": 213, ""0100"": 2, ""0001"": 17, ""0011"": 2, ""0010"": 20, ""1010"": 1, ""1000"": 1}",256
test_kernel,21,5,qksvc,370,"{""0011"": 151, ""0010"": 38, ""0001"": 48, ""0000"": 18, ""1011"": 1}",256
test_kernel,21,6,qksvc,371,"{""1011"": 4, ""0011"": 243, ""0001"": 3, ""0111"": 2, ""0010"": 4}",256
test_kernel,21,7,qksvc,372,"{""0000"": 148, ""0001"": 38, ""0011"": 9, ""0010"": 59, ""1010"": 1, ""1001"": 1}",256
test_kernel,21,8,qksvc,373,"{""0000"": 247, ""0010"": 6, ""1001"": 1, ""1000"": 2}",256
test_kernel,21,9,qksvc,374,"{""0000"": 246, ""1000"": 2, ""0010"": 4, ""0001"": 4}",256
test_kernel,22,0,qksvc,375,"{""0000"": 237, ""0100"": 2, ""0001"": 6, ""0010"": 9, ""1000"": 1, ""1010"": 1}",256
test_kernel,22,1,qksvc,376,"{""0000"": 243, ""1000"": 1, ""0001"": 6, ""0010"": 6}",256
test_kernel,22,2,qksvc,377,"{""0000"": 237, ""0001"": 4, ""0100"": 2, ""0010"": 12, ""1000"": 1}",256
test_kernel,22,3,qksvc,378,"{""0011"": 248, ""1011"": 2, ""0001"": 3, ""0010"": 2, ""0111"": 1}",256
test_kernel,22,4,qksvc,379,"{""0000"": 215, ""1000"": 2, ""0010"": 17, ""0001"": 21, ""0011"": 1}",256
test_kernel,22,5,qksvc,380,"{""0001"": 41, ""0010"": 52, ""0011"": 144, ""0000"": 15, ""1000"": 1, ""1001"": 1, ""1010"": 1, ""1011"": 1}",256
test_kernel,22,6,qksvc,381,"{""0011"": 245, ""0010"": 2, ""0001"": 4, ""0111"": 2, ""1011"": 3}",256
test_kernel,22,7,qksvc,382,"{""0000"": 160, ""0010"": 50, ""0001"": 36, ""0011"": 7, ""1000"": 3}",256
test_kernel,22,8,qksvc,383,"{""0000"": 247, ""1000"": 3, ""0010"": 3, ""0100"": 2, ""0001"": 1}",256
test_kernel,22,9,qksvc,384,"{""0000"": 245, ""0001"": 3, ""0010"": 3, ""1000"": 5}",256
test_kernel,23,0,qksvc,385,"{""0000"": 235, ""1010"": 1, ""0100"": 1, ""0001"": 7, ""1000"": 2, ""0010"": 9, ""1001"": 1}",256
test_kernel,23,1,qksvc,386,"{""0000"": 242, ""0010"": 10, ""0001"": 3, ""1000"": 1}",256
test_kernel,23,2,qksvc,387,"{""0000"": 241, ""0001"": 6, ""0010"": 8, ""1000"": 1}",256
test_kernel,23,3,qksvc,388,"{""0011"": 248, ""0010"": 2, ""1011"": 3, ""0001"": 2, ""0111"": 1}",256
test_kernel,23,4,qksvc,389,"{""0001"": 15, ""0000"": 221, ""1000"": 1, ""0010"": 15, ""0011"": 3, ""0110"": 1}",256
test_kernel,23,5,qksvc,390,"{""0011"": 138, ""0001"": 44, ""0000"": 17, ""0010"": 55, ""0111"": 1, ""1010"": 1}",256
test_kernel,23,6,qksvc,391,"{""0011"": 249, ""1011"": 4, ""0001"": 3}",256
test_kernel,23,7,qksvc,392,"{""0000"": 147, ""0001"": 45, ""0011"": 18, ""0010"": 41, ""1000"": 4, ""0100"": 1}",256
test_kernel,23,8,qksvc,393,"{""0000"": 250, ""0010"": 3, ""0001"": 3}",256
test_kernel,23,9,qksvc,394,"{""0000"": 243, ""1000"": 1, ""0001"": 3, ""0010"": 8, ""0100"": 1}",256
test_kernel,24,0,qksvc,395,"{""0011"": 247, ""0010"": 5, ""1011"": 1, ""0001"": 2, ""0111"": 1}",256
test_kernel,24,1,qksvc,396,"{""0011"": 244, ""1011"": 4, ""0001"": 6, ""0010"": 1, ""0111"": 1}",256
test_kernel,24,2,qksvc,397,"{""0011"": 245, ""1011"": 5, ""0001"": 6}",256
test_kernel,24,3,qksvc,398,"{""0000"": 248, ""0010"": 6, ""1000"": 2}",256
test_kernel,24,4,qksvc,399,"{""0011"": 240, ""0001"": 6, ""0010"": 5, ""1011"": 4, ""0111"": 1}",256
test_kernel,24,5,qksvc,400,"{""0010"": 73, ""0011"": 35, ""0000"": 82, ""0001"": 62, ""1000"": 1, ""1011"": 2, ""1010"": 1}",256
test_kernel,24,6,qksvc,401,"{""0000"": 237, ""0010"": 10, ""0100"": 1, ""0001"": 5, ""1000"": 3}",256
test_kernel,24,7,qksvc,402,"{""0011"": 211, ""0001"": 20, ""0000"": 4, ""0010"": 18, ""1011"": 2, ""0111"": 1}",256
test_kernel,24,8,qksvc,403,"{""0011"": 245, ""0001"": 5, ""0010"": 3, ""1011"": 3}",256
test_kernel,24,9,qksvc,404,"{""0011"": 251, ""0111"": 1, ""0001"": 2, ""1011"": 1, ""0010"": 1}",256
test_kernel,25,0,qksvc,405,"{""0000"": 234, ""0001"": 7, ""0010"": 11, ""1000"": 3, ""0100"": 1}",256
test_kernel,25,1,qksvc,406,"{""0010"": 8, ""0000"": 241, ""0001"": 5, ""1000"": 2}",256
test_kernel,25,2,qksvc,407,"{""0000"": 235, ""0010"": 10, ""0100"": 2, ""1000"": 4, ""0001"": 5}",256
test_kernel,25,3,qksvc,408,"{""0011"": 246, ""0111"": 2, ""0010"": 1, ""0001"": 7}",256
test_kernel,25,4,qksvc,409,"{""0000"": 215, ""0010"": 23, ""0001"": 13, ""1000"": 3, ""0011"": 1, ""0100"": 1}",256
test_kernel,25,5,qksvc,410,"{""0011"": 142, ""0010"": 46, ""0001"": 52, ""0000"": 14, ""0111"": 1, ""1001"": 1}",256
test_kernel,25,6,qksvc,411,"{""0011"": 246, ""1011"": 2, ""0010"": 2, ""0001"": 5, ""0111"": 1}",256
test_kernel,25,7,qksvc,412,"{""0000"": 165, ""0001"": 36, ""0010"": 44, ""0011"": 10, ""1000"": 1}",256
test_kernel,25,8,qksvc,413,"{""0000"": 250, ""0010"": 3, ""0001"": 2, ""1000"": 1}",256
test_kernel,25,9,qksvc,414,"{""0000"": 253, ""0010"": 3}",256
test_kernel,26,0,qksvc,415,"{""0000"": 242, ""0001"": 2, ""0010"": 10, ""1000"": 1, ""1001"": 1}",256
test_kernel,26,1,qksvc,416,"{""0000"": 245, ""0001"": 3, ""1000"": 2, ""0010"": 6}",256
test_kernel,26,2,qksvc,417,"{""0000"": 238, ""0110"": 1, ""0010"": 9, ""0001"": 6, ""1000"": 1, ""0100"": 1}",256
test_kernel,26,3,qksvc,418,"{""0011"": 245, ""0001"": 3, ""0010"": 4, ""0111"": 2, ""1011"": 2}",256
test_kernel,26,4,qksvc,419,"{""0000"": 208, ""0001"": 18, ""0010"": 23, ""1000"": 3, ""0011"": 2, ""0100"": 2}",256
test_kernel,26,5,qksvc,420,"{""0011"": 123, ""0010"": 47, ""0000"": 25, ""0001"": 60, ""0111"": 1}",256
test_kernel,26,6,qksvc,421,"{""0011"": 245, ""0111"": 1, ""1011"": 3, ""0001"": 4, ""0010"": 2, ""1001"": 1}",256
test_kernel,26,7,qksvc,422,"{""0000"": 158, ""0001"": 40, ""0010"": 50, ""0011"": 7, ""1000"": 1}",256
test_kernel,26,8,qksvc,423,"{""0000"": 249, ""0100"": 3, ""0010"": 4}",256
test_kernel,26,9,qksvc,424,"{""0000"": 250, ""0010"": 3, ""1000"": 2, ""0001"": 1}",256
test_kernel,27,0,qksvc,425,"{""0000"": 247, ""0010"": 4, ""0001"": 4, ""1000"": 1}",256
test_kernel,27,1,qksvc,426,"{""0000"": 238, ""0001"": 7, ""0010"": 9, ""0100"": 1, ""1000"": 1}",256
test_kernel,27,2,qksvc,427,"{""0010"": 12, ""0000"": 228, ""0001"": 12, ""0011"": 1, ""1000"": 3}",256
test_kernel,27,3,qksvc,428,"{""0011"": 247, ""0001"": 6, ""1011"": 2, ""0111"": 1}",256
test_kernel,27,4,qksvc,429,"{""0000"": 204, ""0001"": 20, ""0010"": 26, ""1010"": 1, ""1000"": 2, ""0100"": 1, ""1001"": 1, ""0011"": 1}",256
test_kernel,27,5,qksvc,430,"{""0011"": 158, ""0010"": 43, ""0001"": 36, ""1001"": 1, ""0000"": 17, ""1010"": 1}",256
test_kernel,27,6,qksvc,431,"{""0011"": 246, ""0001"": 3, ""0010"": 3, ""1011"": 3, ""0111"": 1}",256
test_kernel,27,7,qksvc,432,"{""0001"": 41, ""0000"": 148, ""0010"": 48, ""0011"": 14, ""0100"": 3, ""1000"": 1, ""0110"": 1}",256
test_kernel,27,8,qksvc,433,"{""0000"": 250, ""0010"": 5, ""0001"": 1}",256
test_kernel,27,9,qksvc,434,"{""0000"": 245, ""0001"": 4, ""0010"": 4, ""1000"": 2, ""0100"": 1}",256
test_kernel,28,0,qksvc,435,"{""0000"": 249, ""0100"": 2, ""0001"": 1, ""0010"": 3, ""0011"": 1}",256
test_kernel,28,1,qksvc,436,"{""0000"": 238, ""0010"": 11, ""0001"": 7}",256
test_kernel,28,2,qksvc,437,"{""0000"": 238, ""0010"": 16, ""0001"": 2}",256
test_kernel,28,3,qksvc,438,"{""0011"": 246, ""0111"": 1, ""0001"": 4, ""0010"": 2, ""1011"": 3}",256
test_kernel,28,4,qksvc,439,"{""0100"": 1, ""0000"": 214, ""0010"": 20, ""0001"": 17, ""0011"": 2, ""1000"": 2}",256
test_kernel,28,5,qksvc,440,"{""0001"": 42, ""0011"": 161, ""0010"": 45, ""0000"": 7, ""1010"": 1}",256
test_kernel,28,6,qksvc,441,"{""0011"": 243, ""0010"": 3, ""0111"": 2, ""0001"": 3, ""1011"": 5}",256
test_kernel,28,7,qksvc,442,"{""0000"": 152, ""0011"": 16, ""0010"": 47, ""0001"": 37, ""1010"": 2, ""1000"": 1, ""1001"": 1}",256
test_kernel,28,8,qksvc,443,"{""0000"": 251, ""0010"": 4, ""1000"": 1}",256
test_kernel,28,9,qksvc,444,"{""0000"": 248, ""0100"": 2, ""1000"": 2, ""0001"": 1, ""0010"": 3}",256
test_kernel,29,0,qksvc,445,"{""0010"": 12, ""0000"": 239, ""0001"": 3, ""0100"": 1, ""0011"": 1}",256
test_kernel,29,1,qksvc,446,"{""0000"": 236, ""0010"": 12, ""1001"": 1, ""0001"": 6, ""0011"": 1}",256
test_kernel,29,2,qksvc,447,"{""0001"": 9, ""0000"": 237, ""0010"": 8, ""0100"": 1, ""1000"": 1}",256
test_kernel,29,3,qksvc,448,"{""0011"": 248, ""0111"": 1, ""1001"": 1, ""0001"": 4, ""0010"": 1, ""1011"": 1}",256
test_kernel,29,4,qksvc,449,"{""0000"": 209, ""0001"": 24, ""0010"": 19, ""0011"": 1, ""0100"": 1, ""1010"": 1, ""1000"": 1}",256
test_kernel,29,5,qksvc,450,"{""0011"": 142, ""0000"": 16, ""0001"": 43, ""0010"": 51, ""1010"": 3, ""1011"": 1}",256
test_kernel,29,6,qksvc,451,"{""0011"": 246, ""0001"": 5, ""1011"": 3, ""0010"": 2}",256
test_kernel,29,7,qksvc,452,"{""0000"": 150, ""0010"": 47, ""0001"": 45, ""0011"": 13, ""1000"": 1}",256
test_kernel,29,8,qksvc,453,"{""0000"": 248, ""0010"": 5, ""1000"": 1, ""0001"": 2}",256
test_kernel,29,9,qksvc,454,"{""0000"": 248, ""0010"": 8}",256
test_kernel,30,0,qksvc,455,"{""0011"": 249, ""1011"": 1, ""0001"": 5, ""0010"": 1}",256
test_kernel,30,1,qksvc,456,"{""0011"": 246, ""0001"": 4, ""1011"": 4, ""0010"": 2}",256
test_kernel,30,2,qksvc,457,"{""0011"": 246, ""0001"": 8, ""1011"": 2}",256
test_kernel,30,3,qksvc,458,"{""0000"": 242, ""0010"": 8, ""0001"": 4, ""0100"": 1, ""1000"": 1}",256
test_kernel,30,4,qksvc,459,"{""0011"": 236, ""0001"": 9, ""0010"": 6, ""1011"": 5}",256
test_kernel,30,5,qksvc,460,"{""0011"": 47, ""0010"": 56, ""0000"": 83, ""0001"": 63, ""0101"": 1, ""1000"": 4, ""1010"": 2}",256
test_kernel,30,6,qksvc,461,"{""0000"": 230, ""0001"": 10, ""0010"": 9, ""0100"": 3, ""1000"": 2, ""1010"": 2}",256
test_kernel,30,7,qksvc,462,"{""0011"": 209, ""0010"": 23, ""0000"": 2, ""0001"": 22}",256
test_kernel,30,8,qksvc,463,"{""0011"": 244, ""0010"": 7, ""0111"": 1, ""0001"": 3, ""1011"": 1}",256
test_kernel,30,9,qksvc,464,"{""0011"": 244, ""0010"": 5, ""0001"": 5, ""1011"": 2}",256
test_kernel,31,0,qksvc,465,"{""0000"": 235, ""1000"": 4, ""0010"": 10, ""0001"": 7}",256
test_kernel,31,1,qksvc,466,"{""0000"": 238, ""0010"": 7, ""0001"": 6, ""1000"": 3, ""0100"": 1, ""1010"": 1}",256
test_kernel,31,2,qksvc,467,"{""0000"": 238, ""0010"": 16, ""0001"": 1, ""1000"": 1}",256
test_kernel,31,3,qksvc,468,"{""0011"": 248, ""1011"": 2, ""0001"": 3, ""0010"": 3}",256
test_kernel,31,4,qksvc,469,"{""0000"": 215, ""0010"": 18, ""0001"": 16, ""0011"": 2, ""0100"": 2, ""1000"": 3}",256
test_kernel,31,5,qksvc,470,"{""0011"": 143, ""0000"": 15, ""0010"": 49, ""0001"": 44, ""0101"": 1, ""1010"": 1, ""1011"": 3}",256
test_kernel,31,6,qksvc,471,"{""0011"": 246, ""0001"": 4, ""1011"": 5, ""0111"": 1}",256
test_kernel,31,7,qksvc,472,"{""0000"": 148, ""0001"": 43, ""0010"": 54, ""0011"": 8, ""1000"": 3}",256
test_kernel,31,8,qksvc,473,"{""0000"": 248, ""0010"": 5, ""0001"": 1, ""1000"": 2}",256
test_kernel,31,9,qksvc,474,"{""0000"": 242, ""0010"": 8, ""1000"": 3, ""0001"": 3}",256
test_kernel,32,0,qksvc,475,"{""0000"": 241, ""1000"": 2, ""0010"": 7, ""0011"": 1, ""0001"": 5}",256
test_kernel,32,1,qksvc,476,"{""0000"": 239, ""0001"": 3, ""0010"": 10, ""0100"": 3, ""1000"": 1}",256
test_kernel,32,2,qksvc,477,"{""0000"": 234, ""0001"": 7, ""0100"": 1, ""0010"": 12, ""1010"": 1, ""1000"": 1}",256
test_kernel,32,3,qksvc,478,"{""0001"": 6, ""0011"": 245, ""1011"": 2, ""0010"": 2, ""0111"": 1}",256
test_kernel,32,4,qksvc,479,"{""0000"": 213, ""0001"": 14, ""0010"": 24, ""0011"": 2, ""1000"": 2, ""1001"": 1}",256
test_kernel,32,5,qksvc,480,"{""0011"": 128, ""0010"": 44, ""0000"": 23, ""0001"": 60, ""1000"": 1}",256
test_kernel,32,6,qksvc,481,"{""0011"": 246, ""0010"": 2, ""0001"": 4, ""1011"": 4}",256
test_kernel,32,7,qksvc,482,"{""0000"": 155, ""0010"": 47, ""0011"": 16, ""0001"": 38}",256
test_kernel,32,8,qksvc,483,"{""0000"": 244, ""0010"": 11, ""0100"": 1}",256
test_kernel,32,9,qksvc,484,"{""0000"": 242, ""1000"": 1, ""0010"": 11, ""0001"": 2}",256
test_kernel,33,0,qksvc,485,"{""0000"": 250, ""0010"": 4, ""1000"": 1, ""0001"": 1}",256
test_kernel,33,1,qksvc,486,"{""0000"": 247, ""0010"": 7, ""0100"": 1, ""0001"": 1}",256
test_kernel,33,2,qksvc,487,"{""0000"": 241, ""0010"": 5, ""0001"": 7, ""1000"": 2, ""0011"": 1}",256
test_kernel,33,3,qksvc,488,"{""0011"": 249, ""0010"": 4, ""0111"": 1, ""1011"": 1, ""0001"": 1}",256
test_kernel,33,4,qksvc,489,"{""0000"": 219, ""0010"": 14, ""0001"": 17, ""0011"": 2, ""1000"": 4}",256
test_kernel,33,5,qksvc,490,"{""0001"": 68, ""0011"": 116, ""0010"": 54, ""0000"": 14, ""1011"": 4}",256
test_kernel,33,6,qksvc,491,"{""0011"": 251, ""0001"": 3, ""0010"": 1, ""0111"": 1}",256
test_kernel,33,7,qksvc,492,"{""0001"": 28, ""0000"": 172, ""0010"": 39, ""0011"": 14, ""1000"": 2, ""0100"": 1}",256
test_kernel,33,8,qksvc,493,"{""0000"": 250, ""0010"": 4, ""0001"": 2}",256
test_kernel,33,9,qksvc,494,"{""0000"": 248, ""0001"": 1, ""0010"": 4, ""1000"": 2, ""0100"": 1}",256
test_kernel,34,0,qksvc,495,"{""0000"": 239, ""0010"": 6, ""1000"": 5, ""0001"": 5, ""0100"": 1}",256
test_kernel,34,1,qksvc,496,"{""0010"": 8, ""0000"": 235, ""0100"": 2, ""0001"": 10, ""1000"": 1}",256
test_kernel,34,2,qksvc,497,"{""0000"": 229, ""0010"": 10, ""0001"": 13, ""1000"": 3, ""0100"": 1}",256
test_kernel,34,3,qksvc,498,"{""0011"": 247, ""0001"": 3, ""1011"": 3, ""0010"": 3}",256
test_kernel,34,4,qksvc,499,"{""0000"": 216, ""0001"": 17, ""0010"": 21, ""0011"": 2}",256
test_kernel,34,5,qksvc,500,"{""0011"": 120, ""0000"": 15, ""0001"": 62, ""0010"": 52, ""0101"": 1, ""1011"": 5, ""1010"": 1}",256
test_kernel,34,6,qksvc,501,"{""0011"": 249, ""1011"": 2, ""0001"": 4, ""0010"": 1}",256
test_kernel,34,7,qksvc,502,"{""0010"": 45, ""0011"": 15, ""0000"": 155, ""0001"": 40, ""1000"": 1}",256
test_kernel,34,8,qksvc,503,"{""0000"": 239, ""1000"": 3, ""0001"": 5, ""0010"": 9}",256
test_kernel,34,9,qksvc,504,"{""0001"": 6, ""0000"": 245, ""0010"": 3, ""1000"": 1, ""0100"": 1}",256
test_kernel,35,0,qksvc,505,"{""0000"": 243, ""0100"": 1, ""0010"": 9, ""0001"": 1, ""1000"": 1, ""1010"": 1}",256
test_kernel,35,1,qksvc,506,"{""0000"": 243, ""0001"": 7, ""0010"": 5, ""1000"": 1}",256
test_kernel,35,2,qksvc,507,"{""0010"": 17, ""1000"": 1, ""0000"": 224, ""0001"": 13, ""0011"": 1}",256
test_kernel,35,3,qksvc,508,"{""0011"": 250, ""1011"": 1, ""0010"": 2, ""0111"": 1, ""0001"": 2}",256
test_kernel,35,4,qksvc,509,"{""0000"": 207, ""0010"": 24, ""0001"": 22, ""0011"": 2, ""1100"": 1}",256
test_kernel,35,5,qksvc,510,"{""0011"": 135, ""0001"": 57, ""0010"": 56, ""0000"": 7, ""0101"": 1}",256
test_kernel,35,6,qksvc,511,"{""0011"": 247, ""1011"": 2, ""0010"": 4, ""0001"": 3}",256
test_kernel,35,7,qksvc,512,"{""0000"": 149, ""0010"": 42, ""0001"": 51, ""0011"": 12, ""0110"": 1, ""1011"": 1}",256
test_kernel,35,8,qksvc,513,"{""0000"": 247, ""0010"": 5, ""1001"": 1, ""1000"": 2, ""0001"": 1}",256
test_kernel,35,9,qksvc,514,"{""0000"": 252, ""0001"": 3, ""0010"": 1}",256
test_kernel,36,0,qksvc,515,"{""0011"": 249, ""0010"": 3, ""0001"": 1, ""1011"": 2, ""0111"": 1}",256
test_kernel,36,1,qksvc,516,"{""0011"": 248, ""1011"": 7, ""0010"": 1}",256
test_kernel,36,2,qksvc,517,"{""0011"": 248, ""0001"": 2, ""1011"": 6}",256
test_kernel,36,3,qksvc,518,"{""0000"": 236, ""0010"": 14, ""1000"": 2, ""0100"": 1, ""0001"": 3}",256
test_kernel,36,4,qksvc,519,"{""0011"": 243, ""0001"": 2, ""0010"": 7, ""1011"": 3, ""0111"": 1}",256
test_kernel,36,5,qksvc,520,"{""0011"": 50, ""0010"": 58, ""0001"": 63, ""0000"": 82, ""0111"": 1, ""0100"": 2}",256
test_kernel,36,6,qksvc,521,"{""0000"": 231, ""0010"": 12, ""0001"": 8, ""1000"": 5}",256
test_kernel,36,7,qksvc,522,"{""0011"": 199, ""0001"": 22, ""0010"": 31, ""0000"": 2, ""1011"": 2}",256
test_kernel,36,8,qksvc,523,"{""0011"": 240, ""0010"": 4, ""1011"": 5, ""0001"": 6, ""0111"": 1}",256
test_kernel,36,9,qksvc,524,"{""0011"": 245, ""0010"": 4, ""1011"": 2, ""0001"": 4, ""0111"": 1}",256
test_kernel,37,0,qksvc,525,"{""0011"": 250, ""1011"": 2, ""0111"": 1, ""0010"": 3}",256
test_kernel,37,1,qksvc,526,"{""0011"": 246, ""0001"": 2, ""1011"": 5, ""0010"": 3}",256
test_kernel,37,2,qksvc,527,"{""0011"": 248, ""0001"": 2, ""1011"": 4, ""0111"": 2}",256
test_kernel,37,3,qksvc,528,"{""0000"": 237, ""0010"": 7, ""0001"": 8, ""1000"": 2, ""1010"": 1, ""0100"": 1}",256
test_kernel,37,4,qksvc,529,"{""0011"": 246, ""0001"": 6, ""1011"": 2, ""0000"": 1, ""0010"": 1}",256
test_kernel,37,5,qksvc,530,"{""0000"": 81, ""0010"": 74, ""0001"": 59, ""0011"": 41, ""0111"": 1}",256
test_kernel,37,6,qksvc,531,"{""0000"": 235, ""0001"": 8, ""0010"": 5, ""1000"": 5, ""0011"": 1, ""1100"": 1, ""0100"": 1}",256
test_kernel,37,7,qksvc,532,"{""0011"": 196, ""0001"": 34, ""0010"": 22, ""0000"": 3, ""1011"": 1}",256
test_kernel,37,8,qksvc,533,"{""0011"": 246, ""0010"": 4, ""0001"": 3, ""1011"": 3}",256
test_kernel,37,9,qksvc,534,"{""0011"": 246, ""0001"": 6, ""0010"": 1, ""1011"": 3}",256
test_kernel,38,0,qksvc,535,"{""0000"": 244, ""0010"": 9, ""1000"": 1, ""0100"": 1, ""0001"": 1}",256
test_kernel,38,1,qksvc,536,"{""0000"": 237, ""0001"": 8, ""1000"": 1, ""0010"": 9, ""0100"": 1}",256
test_kernel,38,2,qksvc,537,"{""0000"": 246, ""1000"": 1, ""0001"": 5, ""0010"": 4}",256
test_kernel,38,3,qksvc,538,"{""0011"": 246, ""1011"": 4, ""0010"": 1, ""0001"": 5}",256
test_kernel,38,4,qksvc,539,"{""0000"": 222, ""0010"": 20, ""1000"": 2, ""0001"": 12}",256
test_kernel,38,5,qksvc,540,"{""0011"": 136, ""0010"": 58, ""0000"": 14, ""0001"": 47, ""1001"": 1}",256
test_kernel,38,6,qksvc,541,"{""0011"": 247, ""0010"": 3, ""1001"": 1, ""0111"": 1, ""0001"": 2, ""1011"": 2}",256
test_kernel,38,7,qksvc,542,"{""0000"": 158, ""0001"": 46, ""0010"": 44, ""0011"": 8}",256
test_kernel,38,8,qksvc,543,"{""0000"": 248, ""0010"": 4, ""0100"": 2, ""1000"": 2}",256
test_kernel,38,9,qksvc,544,"{""0000"": 247, ""0010"": 4, ""0100"": 2, ""1000"": 1, ""1100"": 1, ""0001"": 1}",256
test_kernel,39,0,qksvc,545,"{""0000"": 243, ""0100"": 2, ""0010"": 9, ""0001"": 2}",256
test_kernel,39,1,qksvc,546,"{""0000"": 234, ""0010"": 12, ""0001"": 8, ""1000"": 1, ""0011"": 1}",256
test_kernel,39,2,qksvc,547,"{""0000"": 235, ""0001"": 7, ""0010"": 9, ""0011"": 2, ""1000"": 3}",256
test_kernel,39,3,qksvc,548,"{""0011"": 245, ""0010"": 4, ""1011"": 3, ""0001"": 4}",256
test_kernel,39,4,qksvc,549,"{""0010"": 22, ""0001"": 17, ""0000"": 212, ""0011"": 4, ""1000"": 1}",256
test_kernel,39,5,qksvc,550,"{""0010"": 52, ""0011"": 134, ""0000"": 21, ""0001"": 45, ""1010"": 1, ""1011"": 2, ""0111"": 1}",256
test_kernel,39,6,qksvc,551,"{""0011"": 243, ""1011"": 6, ""0001"": 3, ""0010"": 3, ""0111"": 1}",256
test_kernel,39,7,qksvc,552,"{""0001"": 47, ""0000"": 145, ""0010"": 51, ""0011"": 9, ""1000"": 2, ""0100"": 1, ""1001"": 1}",256
test_kernel,39,8,qksvc,553,"{""0000"": 245, ""0010"": 8, ""0100"": 1, ""1000"": 1, ""0001"": 1}",256
test_kernel,39,9,qksvc,554,"{""0000"": 243, ""0001"": 3, ""0010"": 7, ""1000"": 2, ""0100"": 1}",256
test_kernel,40,0,qksvc,555,"{""0000"": 247, ""1000"": 3, ""0010"": 3, ""0001"": 3}",256
test_kernel,40,1,qksvc,556,"{""0000"": 242, ""1000"": 4, ""0110"": 1, ""0001"": 4, ""0010"": 5}",256
test_kernel,40,2,qksvc,557,"{""0010"": 7, ""0000"": 236, ""0100"": 1, ""0001"": 9, ""1000"": 2, ""0011"": 1}",256
test_kernel,40,3,qksvc,558,"{""0011"": 247, ""0111"": 1, ""1011"": 4, ""0001"": 4}",256
test_kernel,40,4,qksvc,559,"{""0001"": 18, ""0000"": 211, ""0010"": 23, ""0100"": 1, ""0011"": 2, ""1000"": 1}",256
test_kernel,40,5,qksvc,560,"{""0011"": 159, ""0010"": 33, ""0001"": 43, ""0000"": 21}",256
test_kernel,40,6,qksvc,561,"{""0011"": 242, ""1011"": 6, ""0010"": 5, ""0111"": 1, ""0001"": 2}",256
test_kernel,40,7,qksvc,562,"{""0001"": 42, ""0000"": 147, ""0010"": 51, ""0011"": 15, ""1000"": 1}",256
test_kernel,40,8,qksvc,563,"{""0000"": 252, ""0100"": 1, ""0010"": 3}",256
test_kernel,40,9,qksvc,564,"{""0000"": 250, ""0010"": 3, ""1000"": 3}",256
test_kernel,41,0,qksvc,565,"{""0000"": 235, ""0010"": 16, ""0001"": 3, ""1000"": 1, ""0011"": 1}",256
test_kernel,41,1,qksvc,566,"{""0000"": 238, ""0010"": 8, ""0001"": 6, ""0110"": 1, ""1000"": 3}",256
test_kernel,41,2,qksvc,567,"{""0000"": 227, ""0010"": 14, ""0001"": 12, ""0011"": 1, ""1010"": 1, ""1000"": 1}",256
test_kernel,41,3,qksvc,568,"{""0011"": 252, ""0010"": 2, ""0111"": 1, ""0001"": 1}",256
test_kernel,41,4,qksvc,569,"{""0000"": 213, ""0001"": 16, ""0011"": 5, ""0010"": 20, ""0100"": 1, ""1000"": 1}",256
test_kernel,41,5,qksvc,570,"{""0010"": 50, ""0001"": 49, ""0011"": 136, ""0000"": 17, ""1001"": 1, ""0111"": 1, ""1010"": 1, ""1011"": 1}",256
test_kernel,41,6,qksvc,571,"{""0011"": 251, ""1011"": 4, ""0111"": 1}",256
test_kernel,41,7,qksvc,572,"{""0010"": 40, ""0001"": 38, ""0000"": 165, ""0011"": 7, ""1010"": 2, ""1000"": 3, ""1011"": 1}",256
test_kernel,41,8,qksvc,573,"{""0000"": 246, ""0010"": 5, ""0001"": 4, ""0100"": 1}",256
test_kernel,41,9,qksvc,574,"{""0000"": 246, ""0010"": 7, ""1000"": 2, ""0001"": 1}",256
test_kernel,42,0,qksvc,575,"{""0000"": 249, ""0001"": 4, ""0010"": 3}",256
test_kernel,42,1,qksvc,576,"{""0000"": 244, ""0001"": 4, ""1000"": 2, ""0010"": 5, ""0100"": 1}",256
test_kernel,42,2,qksvc,577,"{""0000"": 242, ""0010"": 8, ""1000"": 1, ""0001"": 2, ""0011"": 2, ""0100"": 1}",256
test_kernel,42,3,qksvc,578,"{""0011"": 247, ""0001"": 4, ""1011"": 3, ""0010"": 2}",256
test_kernel,42,4,qksvc,579,"{""0000"": 213, ""0001"": 17, ""0100"": 1, ""0010"": 21, ""0011"": 3, ""1000"": 1}",256
test_kernel,42,5,qksvc,580,"{""0000"": 23, ""0010"": 38, ""0011"": 127, ""0001"": 67, ""0111"": 1}",256
test_kernel,42,6,qksvc,581,"{""0011"": 251, ""0001"": 4, ""1011"": 1}",256
test_kernel,42,7,qksvc,582,"{""0000"": 160, ""0010"": 41, ""0001"": 41, ""0011"": 9, ""1000"": 5}",256
test_kernel,42,8,qksvc,583,"{""0000"": 248, ""0010"": 5, ""0001"": 1, ""1000"": 2}",256
test_kernel,42,9,qksvc,584,"{""0000"": 248, ""0001"": 2, ""1000"": 2, ""0010"": 3, ""0100"": 1}",256
test_kernel,43,0,qksvc,585,"{""0000"": 245, ""0010"": 5, ""0001"": 5, ""1000"": 1}",256
test_kernel,43,1,qksvc,586,"{""0000"": 241, ""0001"": 7, ""0010"": 4, ""0100"": 1, ""1000"": 3}",256
test_kernel,43,2,qksvc,587,"{""0010"": 7, ""0000"": 238, ""0001"": 8, ""0100"": 3}",256
test_kernel,43,3,qksvc,588,"{""0111"": 1, ""0011"": 247, ""0001"": 3, ""1011"": 2, ""0010"": 3}",256
test_kernel,43,4,qksvc,589,"{""0001"": 20, ""0000"": 214, ""1000"": 2, ""0010"": 17, ""1010"": 1, ""0100"": 2}",256
test_kernel,43,5,qksvc,590,"{""0011"": 135, ""0001"": 46, ""0000"": 18, ""0010"": 57}",256
test_kernel,43,6,qksvc,591,"{""0011"": 246, ""0000"": 1, ""0010"": 2, ""0111"": 1, ""1011"": 3, ""1001"": 1, ""0001"": 2}",256
test_kernel,43,7,qksvc,592,"{""0000"": 153, ""0001"": 33, ""0010"": 52, ""0011"": 14, ""1001"": 1, ""0100"": 1, ""1010"": 1, ""1000"": 1}",256
test_kernel,43,8,qksvc,593,"{""0010"": 6, ""0000"": 247, ""1000"": 1, ""0001"": 1, ""0100"": 1}",256
test_kernel,43,9,qksvc,594,"{""0000"": 249, ""0010"": 3, ""1000"": 2, ""0001"": 1, ""0100"": 1}",256
test_kernel,44,0,qksvc,595,"{""0011"": 250, ""0001"": 1, ""0010"": 2, ""1011"": 2, ""0111"": 1}",256
test_kernel,44,1,qksvc,596,"{""0011"": 252, ""1011"": 3, ""1010"": 1}",256
test_kernel,44,2,qksvc,597,"{""0011"": 250, ""0001"": 3, ""0111"": 1, ""1011"": 2}",256
test_kernel,44,3,qksvc,598,"{""0001"": 12, ""0000"": 236, ""0010"": 7, ""1000"": 1}",256
test_kernel,44,4,qksvc,599,"{""0011"": 246, ""0001"": 3, ""0010"": 4, ""1011"": 3}",256
test_kernel,44,5,qksvc,600,"{""0001"": 69, ""0010"": 64, ""0000"": 87, ""0011"": 35, ""1011"": 1}",256
test_kernel,44,6,qksvc,601,"{""0000"": 236, ""0010"": 11, ""1000"": 3, ""0100"": 1, ""0001"": 4, ""0110"": 1}",256
test_kernel,44,7,qksvc,602,"{""0011"": 209, ""0010"": 21, ""0001"": 21, ""1011"": 2, ""0111"": 1, ""0000"": 1, ""1001"": 1}",256
test_kernel,44,8,qksvc,603,"{""0011"": 243, ""0001"": 6, ""1011"": 3, ""0010"": 3, ""0111"": 1}",256
test_kernel,44,9,qksvc,604,"{""0011"": 242, ""0001"": 4, ""0010"": 8, ""1011"": 2}",256
test_kernel,45,0,qksvc,605,"{""0000"": 239, ""0010"": 9, ""0001"": 5, ""1000"": 1, ""0100"": 2}",256
test_kernel,45,1,qksvc,606,"{""0000"": 244, ""1000"": 3, ""0010"": 5, ""0011"": 1, ""0001"": 3}",256
test_kernel,45,2,qksvc,607,"{""0000"": 240, ""1000"": 3, ""0100"": 1, ""0010"": 6, ""0001"": 6}",256
test_kernel,45,3,qksvc,608,"{""0011"": 250, ""0001"": 3, ""1011"": 3}",256
test_kernel,45,4,qksvc,609,"{""0000"": 217, ""0001"": 16, ""0010"": 20, ""1000"": 1, ""0100"": 1, ""0011"": 1}",256
test_kernel,45,5,qksvc,610,"{""0010"": 57, ""0011"": 112, ""0001"": 61, ""0000"": 24, ""1011"": 2}",256
test_kernel,45,6,qksvc,611,"{""0011"": 250, ""0001"": 3, ""1011"": 3}",256
test_kernel,45,7,qksvc,612,"{""0001"": 37, ""0000"": 166, ""0010"": 43, ""0110"": 1, ""0011"": 6, ""0100"": 1, ""1000"": 2}",256
test_kernel,45,8,qksvc,613,"{""0000"": 250, ""1000"": 3, ""0010"": 3}",256
test_kernel,45,9,qksvc,614,"{""0000"": 250, ""1000"": 1, ""0010"": 4, ""0001"": 1}",256
test_kernel,46,0,qksvc,615,"{""0011"": 248, ""1011"": 3, ""0001"": 4, ""0010"": 1}",256
test_kernel,46,1,qksvc,616,"{""0011"": 248, ""0001"": 2, ""1011"": 4, ""0111"": 2}",256
test_kernel,46,2,qksvc,617,"{""0011"": 252, ""1011"": 2, ""0001"": 2}",256
test_kernel,46,3,qksvc,618,"{""0000"": 235, ""0001"": 3, ""1010"": 1, ""0010"": 15, ""1000"": 2}",256
test_kernel,46,4,qksvc,619,"{""0011"": 239, ""0010"": 8, ""1011"": 3, ""0001"": 4, ""1010"": 1, ""1111"": 1}",256
test_kernel,46,5,qksvc,620,"{""0001"": 67, ""0011"": 41, ""0000"": 90, ""0010"": 54, ""1011"": 2, ""1001"": 1, ""1000"": 1}",256
test_kernel,46,6,qksvc,621,"{""0000"": 234, ""0010"": 9, ""0001"": 9, ""0100"": 1, ""1010"": 1, ""1000"": 1, ""0011"": 1}",256
test_kernel,46,7,qksvc,622,"{""0001"": 19, ""0011"": 214, ""0010"": 21, ""1011"": 2}",256
test_kernel,46,8,qksvc,623,"{""0011"": 243, ""1011"": 3, ""0010"": 5, ""0001"": 4, ""0111"": 1}",256
test_kernel,46,9,qksvc,624,"{""0011"": 244, ""0001"": 6, ""1011"": 3, ""0111"": 1, ""0010"": 2}",256
test_kernel,47,0,qksvc,625,"{""0011"": 249, ""1001"": 1, ""0010"": 2, ""1011"": 2, ""0001"": 2}",256
test_kernel,47,1,qksvc,626,"{""0011"": 242, ""1011"": 3, ""0001"": 8, ""0010"": 2, ""0111"": 1}",256
test_kernel,47,2,qksvc,627,"{""0011"": 248, ""0111"": 1, ""0001"": 2, ""1011"": 4, ""0010"": 1}",256
test_kernel,47,3,qksvc,628,"{""0000"": 222, ""0010"": 19, ""0001"": 12, ""1000"": 3}",256
test_kernel,47,4,qksvc,629,"{""0011"": 241, ""0001"": 8, ""0010"": 4, ""0000"": 1, ""1011"": 2}",256
test_kernel,47,5,qksvc,630,"{""0000"": 84, ""0010"": 67, ""0001"": 70, ""0011"": 33, ""1011"": 1, ""1001"": 1}",256
test_kernel,47,6,qksvc,631,"{""0000"": 239, ""0001"": 9, ""0010"": 7, ""1000"": 1}",256
test_kernel,47,7,qksvc,632,"{""0001"": 28, ""0011"": 204, ""0010"": 19, ""1011"": 2, ""0000"": 2, ""1001"": 1}",256
test_kernel,47,8,qksvc,633,"{""0011"": 244, ""0001"": 8, ""0010"": 3, ""1011"": 1}",256
test_kernel,47,9,qksvc,634,"{""0011"": 249, ""0001"": 2, ""0010"": 3, ""1011"": 2}",256
test_kernel,48,0,qksvc,635,"{""0011"": 254, ""0010"": 1, ""1011"": 1}",256
test_kernel,48,1,qksvc,636,"{""0011"": 250, ""0001"": 3, ""1011"": 2, ""0010"": 1}",256
test_kernel,48,2,qksvc,637,"{""0011"": 249, ""1011"": 1, ""0111"": 2, ""0010"": 1, ""0001"": 3}",256
test_kernel,48,3,qksvc,638,"{""0000"": 237, ""0001"": 8, ""0010"": 9, ""1000"": 2}",256
test_kernel,48,4,qksvc,639,"{""0011"": 239, ""0001"": 6, ""0010"": 8, ""1011"": 2, ""0111"": 1}",256
test_kernel,48,5,qksvc,640,"{""0010"": 62, ""0000"": 83, ""0011"": 50, ""0001"": 53, ""0101"": 2, ""1000"": 2, ""1001"": 1, ""1011"": 2, ""0100"": 1}",256
test_kernel,48,6,qksvc,641,"{""0010"": 9, ""0000"": 237, ""0001"": 10}",256
test_kernel,48,7,qksvc,642,"{""0011"": 201, ""0010"": 20, ""0001"": 28, ""0111"": 1, ""0000"": 2, ""1011"": 4}",256
test_kernel,48,8,qksvc,643,"{""0011"": 245, ""0001"": 6, ""0010"": 3, ""1011"": 2}",256
test_kernel,48,9,qksvc,644,"{""0011"": 242, ""0001"": 6, ""1011"": 3, ""0010"": 4, ""0111"": 1}",256
test_kernel,49,0,qksvc,645,"{""0000"": 249, ""0001"": 4, ""0010"": 3}",256
test_kernel,49,1,qksvc,646,"{""0000"": 243, ""0100"": 3, ""0001"": 2, ""0010"": 7, ""1000"": 1}",256
test_kernel,49,2,qksvc,647,"{""0001"": 7, ""0000"": 233, ""0010"": 14, ""1000"": 1, ""0100"": 1}",256
test_kernel,49,3,qksvc,648,"{""0011"": 245, ""0010"": 4, ""0001"": 4, ""1011"": 2, ""0111"": 1}",256
test_kernel,49,4,qksvc,649,"{""0000"": 218, ""0001"": 15, ""0010"": 17, ""0011"": 4, ""1001"": 2}",256
test_kernel,49,5,qksvc,650,"{""0011"": 128, ""0010"": 56, ""0001"": 48, ""0000"": 21, ""1001"": 2, ""1011"": 1}",256
test_kernel,49,6,qksvc,651,"{""0011"": 248, ""1011"": 2, ""0111"": 3, ""0010"": 2, ""0000"": 1}",256
test_kernel,49,7,qksvc,652,"{""0000"": 164, ""0001"": 36, ""0010"": 46, ""0011"": 10}",256
test_kernel,49,8,qksvc,653,"{""0000"": 243, ""0010"": 9, ""1000"": 3, ""0001"": 1}",256
test_kernel,49,9,qksvc,654,"{""0000"": 251, ""1000"": 1, ""0010"": 2, ""0001"": 2}",256
test_kernel,50,0,qksvc,655,"{""0000"": 245, ""0010"": 5, ""0001"": 6}",256
test_kernel,50,1,qksvc,656,"{""0000"": 234, ""0001"": 10, ""0010"": 11, ""0100"": 1}",256
test_kernel,50,2,qksvc,657,"{""0000"": 237, ""0010"": 13, ""0001"": 5, ""1000"": 1}",256
test_kernel,50,3,qksvc,658,"{""0011"": 249, ""0010"": 1, ""1011"": 2, ""0111"": 1, ""0001"": 3}",256
test_kernel,50,4,qksvc,659,"{""0000"": 205, ""0001"": 24, ""0010"": 22, ""1010"": 1, ""0011"": 3, ""1000"": 1}",256
test_kernel,50,5,qksvc,660,"{""0011"": 139, ""0001"": 51, ""0010"": 51, ""1011"": 2, ""0000"": 11, ""0111"": 1, ""0110"": 1}",256
test_kernel,50,6,qksvc,661,"{""0011"": 244, ""0001"": 6, ""0010"": 4, ""1011"": 1, ""0111"": 1}",256
test_kernel,50,7,qksvc,662,"{""0001"": 42, ""0000"": 157, ""0010"": 44, ""0011"": 11, ""1000"": 2}",256
test_kernel,50,8,qksvc,663,"{""0000"": 239, ""1000"": 4, ""0010"": 9, ""0100"": 2, ""0001"": 2}",256
test_kernel,50,9,qksvc,664,"{""0000"": 247, ""1000"": 4, ""0010"": 4, ""0011"": 1}",256
test_kernel,51,0,qksvc,665,"{""0011"": 249, ""1011"": 3, ""0001"": 2, ""0010"": 2}",256
test_kernel,51,1,qksvc,666,"{""0011"": 247, ""1011"": 5, ""0001"": 1, ""0010"": 2, ""0111"": 1}",256
test_kernel,51,2,qksvc,667,"{""0011"": 243, ""0111"": 1, ""0001"": 8, ""1011"": 2, ""0010"": 2}",256
test_kernel,51,3,qksvc,668,"{""0000"": 233, ""0010"": 7, ""0001"": 12, ""0100"": 1, ""1000"": 2, ""0011"": 1}",256
test_kernel,51,4,qksvc,669,"{""0011"": 241, ""0010"": 9, ""0001"": 4, ""1011"": 2}",256
test_kernel,51,5,qksvc,670,"{""0000"": 83, ""0011"": 53, ""0001"": 49, ""0010"": 65, ""1000"": 3, ""1010"": 1, ""0100"": 1, ""1011"": 1}",256
test_kernel,51,6,qksvc,671,"{""0000"": 238, ""0010"": 9, ""0001"": 4, ""1000"": 3, ""0011"": 2}",256
test_kernel,51,7,qksvc,672,"{""0011"": 206, ""0001"": 17, ""0000"": 2, ""0010"": 24, ""1011"": 2, ""0111"": 3, ""0101"": 1, ""1010"": 1}",256
test_kernel,51,8,qksvc,673,"{""0011"": 245, ""0010"": 5, ""0001"": 4, ""1011"": 2}",256
test_kernel,51,9,qksvc,674,"{""0011"": 253, ""0001"": 3}",256
test_kernel,52,0,qksvc,675,"{""0000"": 249, ""0010"": 6, ""1000"": 1}",256
test_kernel,52,1,qksvc,676,"{""0000"": 238, ""0001"": 5, ""0010"": 9, ""1000"": 2, ""0100"": 1, ""0011"": 1}",256
test_kernel,52,2,qksvc,677,"{""0000"": 239, ""0001"": 6, ""0010"": 8, ""1000"": 3}",256
test_kernel,52,3,qksvc,678,"{""0011"": 248, ""0010"": 2, ""1011"": 2, ""0001"": 4}",256
test_kernel,52,4,qksvc,679,"{""0010"": 19, ""0000"": 214, ""0011"": 1, ""0001"": 19, ""1000"": 3}",256
test_kernel,52,5,qksvc,680,"{""0011"": 142, ""0001"": 43, ""0010"": 52, ""0000"": 16, ""1000"": 1, ""0101"": 1, ""1010"": 1}",256
test_kernel,52,6,qksvc,681,"{""0011"": 250, ""0010"": 3, ""1011"": 1, ""0001"": 2}",256
test_kernel,52,7,qksvc,682,"{""0000"": 167, ""0001"": 38, ""0010"": 41, ""0011"": 10}",256
test_kernel,52,8,qksvc,683,"{""0000"": 252, ""1000"": 2, ""0010"": 1, ""0100"": 1}",256
test_kernel,52,9,qksvc,684,"{""0000"": 251, ""1000"": 2, ""0001"": 2, ""0010"": 1}",256
test_kernel,53,0,qksvc,685,"{""0000"": 239, ""0001"": 8, ""0010"": 6, ""1000"": 2, ""0100"": 1}",256
test_kernel,53,1,qksvc,686,"{""0000"": 238, ""0010"": 10, ""1000"": 2, ""0001"": 6}",256
test_kernel,53,2,qksvc,687,"{""0000"": 236, ""0010"": 13, ""0001"": 6, ""1010"": 1}",256
test_kernel,53,3,qksvc,688,"{""0011"": 244, ""0010"": 2, ""0001"": 6, ""1010"": 1, ""0111"": 2, ""1011"": 1}",256
test_kernel,53,4,qksvc,689,"{""0000"": 208, ""0010"": 27, ""0001"": 16, ""0011"": 3, ""1000"": 1, ""0100"": 1}",256
test_kernel,53,5,qksvc,690,"{""0010"": 59, ""0011"": 129, ""0000"": 13, ""0001"": 49, ""1011"": 4, ""1001"": 2}",256
test_kernel,53,6,qksvc,691,"{""0011"": 243, ""1011"": 4, ""0010"": 3, ""0111"": 1, ""0001"": 5}",256
test_kernel,53,7,qksvc,692,"{""0001"": 45, ""0000"": 141, ""0010"": 59, ""1000"": 1, ""0011"": 8, ""1001"": 1, ""1010"": 1}",256
test_kernel,53,8,qksvc,693,"{""0000"": 248, ""0001"": 3, ""1000"": 2, ""0010"": 2, ""0011"": 1}",256
test_kernel,53,9,qksvc,694,"{""0000"": 250, ""0001"": 2, ""0010"": 3, ""0100"": 1}",256
test_kernel,54,0,qksvc,695,"{""0010"": 6, ""0000"": 238, ""0001"": 7, ""1000"": 2, ""0100"": 2, ""1001"": 1}",256
test_kernel,54,1,qksvc,696,"{""0000"": 239, ""0001"": 4, ""0010"": 10, ""1000"": 2, ""0100"": 1}",256
test_kernel,54,2,qksvc,697,"{""0000"": 231, ""0010"": 12, ""0100"": 3, ""1000"": 2, ""0001"": 7, ""0011"": 1}",256
test_kernel,54,3,qksvc,698,"{""0011"": 247, ""0010"": 4, ""0001"": 3, ""1011"": 2}",256
test_kernel,54,4,qksvc,699,"{""0000"": 213, ""0110"": 1, ""0001"": 16, ""0010"": 23, ""0100"": 1, ""0011"": 2}",256
test_kernel,54,5,qksvc,700,"{""0001"": 38, ""0011"": 157, ""0010"": 46, ""0000"": 14, ""0111"": 1}",256
test_kernel,54,6,qksvc,701,"{""0001"": 6, ""0011"": 242, ""1001"": 1, ""0010"": 5, ""1011"": 2}",256
test_kernel,54,7,qksvc,702,"{""0000"": 139, ""0001"": 44, ""0011"": 12, ""0010"": 58, ""1001"": 1, ""1000"": 1, ""1010"": 1}",256
test_kernel,54,8,qksvc,703,"{""0000"": 249, ""1000"": 2, ""0010"": 4, ""0001"": 1}",256
test_kernel,54,9,qksvc,704,"{""0000"": 247, ""0010"": 7, ""0001"": 2}",256
test_kernel,55,0,qksvc,705,"{""0011"": 248, ""1011"": 3, ""0010"": 2, ""0001"": 3}",256
test_kernel,55,1,qksvc,706,"{""0011"": 246, ""0010"": 4, ""0001"": 4, ""1011"": 2}",256
test_kernel,55,2,qksvc,707,"{""0011"": 250, ""0001"": 3, ""1011"": 1, ""0010"": 1, ""0111"": 1}",256
test_kernel,55,3,qksvc,708,"{""0010"": 14, ""0000"": 229, ""0011"": 1, ""0001"": 10, ""1000"": 2}",256
test_kernel,55,4,qksvc,709,"{""0011"": 240, ""0010"": 7, ""0001"": 6, ""0111"": 1, ""1011"": 2}",256
test_kernel,55,5,qksvc,710,"{""0000"": 80, ""0001"": 64, ""0010"": 70, ""0011"": 39, ""1010"": 1, ""1011"": 1, ""1001"": 1}",256
test_kernel,55,6,qksvc,711,"{""0000"": 235, ""0010"": 13, ""1000"": 3, ""0001"": 3, ""0011"": 1, ""0100"": 1}",256
test_kernel,55,7,qksvc,712,"{""0011"": 215, ""0010"": 18, ""0001"": 20, ""1011"": 1, ""0000"": 2}",256
test_kernel,55,8,qksvc,713,"{""0011"": 244, ""1011"": 2, ""0010"": 6, ""0001"": 4}",256
test_kernel,55,9,qksvc,714,"{""0011"": 246, ""0001"": 2, ""0010"": 4, ""1011"": 4}",256
test_kernel,56,0,qksvc,715,"{""0000"": 232, ""0010"": 9, ""0001"": 11, ""1000"": 3, ""0100"": 1}",256
test_kernel,56,1,qksvc,716,"{""0000"": 244, ""0001"": 5, ""0010"": 5, ""0100"": 2}",256
test_kernel,56,2,qksvc,717,"{""0000"": 231, ""0001"": 8, ""0010"": 14, ""0100"": 1, ""1000"": 2}",256
test_kernel,56,3,qksvc,718,"{""0011"": 252, ""0010"": 2, ""1011"": 1, ""0111"": 1}",256
test_kernel,56,4,qksvc,719,"{""0000"": 219, ""0001"": 17, ""0010"": 16, ""1000"": 2, ""0011"": 2}",256
test_kernel,56,5,qksvc,720,"{""0011"": 154, ""0010"": 47, ""0001"": 36, ""0000"": 18, ""1011"": 1}",256
test_kernel,56,6,qksvc,721,"{""0011"": 251, ""0010"": 1, ""0001"": 2, ""0111"": 1, ""1011"": 1}",256
test_kernel,56,7,qksvc,722,"{""0000"": 144, ""0010"": 45, ""0001"": 47, ""0011"": 17, ""1000"": 2, ""0100"": 1}",256
test_kernel,56,8,qksvc,723,"{""0000"": 249, ""0010"": 4, ""0100"": 1, ""1000"": 1, ""0001"": 1}",256
test_kernel,56,9,qksvc,724,"{""0000"": 250, ""0001"": 2, ""0010"": 2, ""0011"": 1, ""0100"": 1}",256
test_kernel,57,0,qksvc,725,"{""0000"": 245, ""0010"": 5, ""0001"": 5, ""0100"": 1}",256
test_kernel,57,1,qksvc,726,"{""0000"": 237, ""0010"": 7, ""0001"": 7, ""1000"": 3, ""0100"": 2}",256
test_kernel,57,2,qksvc,727,"{""0000"": 230, ""0010"": 10, ""0001"": 11, ""0100"": 1, ""1001"": 1, ""1000"": 3}",256
test_kernel,57,3,qksvc,728,"{""0011"": 244, ""1011"": 7, ""1001"": 1, ""0001"": 3, ""0010"": 1}",256
test_kernel,57,4,qksvc,729,"{""0000"": 209, ""0100"": 1, ""0001"": 14, ""0010"": 30, ""0011"": 2}",256
test_kernel,57,5,qksvc,730,"{""0011"": 138, ""0001"": 39, ""0010"": 57, ""1011"": 2, ""0000"": 19, ""0111"": 1}",256
test_kernel,57,6,qksvc,731,"{""0011"": 251, ""1010"": 1, ""1011"": 1, ""0010"": 1, ""1001"": 1, ""0001"": 1}",256
test_kernel,57,7,qksvc,732,"{""0000"": 160, ""0001"": 41, ""0010"": 48, ""0011"": 7}",256
test_kernel,57,8,qksvc,733,"{""0000"": 247, ""1000"": 2, ""0010"": 4, ""0001"": 3}",256
test_kernel,57,9,qksvc,734,"{""0000"": 248, ""0100"": 1, ""0001"": 3, ""1000"": 1, ""0010"": 2, ""1010"": 1}",256
test_kernel,58,0,qksvc,735,"{""0000"": 245, ""0010"": 6, ""0011"": 1, ""0001"": 3, ""1000"": 1}",256
test_kernel,58,1,qksvc,736,"{""0000"": 241, ""0010"": 11, ""0001"": 3, ""0110"": 1}",256
test_kernel,58,2,qksvc,737,"{""0000"": 232, ""0010"": 12, ""1000"": 3, ""0011"": 2, ""1001"": 1, ""0001"": 6}",256
test_kernel,58,3,qksvc,738,"{""0011"": 247, ""0001"": 2, ""1011"": 4, ""0010"": 2, ""0111"": 1}",256
test_kernel,58,4,qksvc,739,"{""0000"": 212, ""0010"": 22, ""0100"": 3, ""0001"": 17, ""0011"": 2}",256
test_kernel,58,5,qksvc,740,"{""0011"": 150, ""0010"": 38, ""0001"": 46, ""0000"": 20, ""1010"": 1, ""0111"": 1}",256
test_kernel,58,6,qksvc,741,"{""0011"": 249, ""0001"": 3, ""0010"": 1, ""1011"": 3}",256
test_kernel,58,7,qksvc,742,"{""0000"": 157, ""0011"": 14, ""0010"": 43, ""0001"": 37, ""1010"": 1, ""0101"": 2, ""1001"": 1, ""1000"": 1}",256
test_kernel,58,8,qksvc,743,"{""0000"": 248, ""0010"": 7, ""0100"": 1}",256
test_kernel,58,9,qksvc,744,"{""0000"": 245, ""0001"": 1, ""0010"": 6, ""1000"": 3, ""0100"": 1}",256
test_kernel,59,0,qksvc,745,"{""0011"": 248, ""0001"": 6, ""0010"": 2}",256
test_kernel,59,1,qksvc,746,"{""0011"": 244, ""0001"": 6, ""0111"": 2, ""0010"": 2, ""1011"": 2}",256
test_kernel,59,2,qksvc,747,"{""0011"": 251, ""0111"": 1, ""0001"": 3, ""0010"": 1}",256
test_kernel,59,3,qksvc,748,"{""0000"": 241, ""1000"": 1, ""0001"": 5, ""0010"": 8, ""0011"": 1}",256
test_kernel,59,4,qksvc,749,"{""0011"": 244, ""0001"": 3, ""1011"": 2, ""0010"": 6, ""0111"": 1}",256
test_kernel,59,5,qksvc,750,"{""0010"": 62, ""0000"": 87, ""0011"": 48, ""0001"": 56, ""1010"": 1, ""1011"": 1, ""1000"": 1}",256
test_kernel,59,6,qksvc,751,"{""0000"": 243, ""0001"": 5, ""0010"": 8}",256
test_kernel,59,7,qksvc,752,"{""0011"": 210, ""0001"": 19, ""0010"": 23, ""0000"": 1, ""1011"": 2, ""1010"": 1}",256
test_kernel,59,8,qksvc,753,"{""0011"": 245, ""0001"": 3, ""0010"": 2, ""1011"": 5, ""0111"": 1}",256
test_kernel,59,9,qksvc,754,"{""0011"": 241, ""0010"": 8, ""0001"": 6, ""0111"": 1}",256
test_kernel,60,0,qksvc,755,"{""0011"": 253, ""0111"": 1, ""0001"": 1, ""0000"": 1}",256
test_kernel,60,1,qksvc,756,"{""0011"": 248, ""1011"": 3, ""0001"": 2, ""0010"": 3}",256
test_kernel,60,2,qksvc,757,"{""0011"": 242, ""0111"": 2, ""0010"": 3, ""1011"": 5, ""0001"": 4}",256
test_kernel,60,3,qksvc,758,"{""0010"": 14, ""0000"": 233, ""0001"": 6, ""0011"": 1, ""1000"": 2}",256
test_kernel,60,4,qksvc,759,"{""0011"": 244, ""0001"": 4, ""0010"": 5, ""0000"": 3}",256
test_kernel,60,5,qksvc,760,"{""0010"": 68, ""0011"": 48, ""0000"": 80, ""0001"": 57, ""0111"": 1, ""1010"": 2}",256
test_kernel,60,6,qksvc,761,"{""0001"": 7, ""0010"": 8, ""0000"": 239, ""0100"": 1, ""1000"": 1}",256
test_kernel,60,7,qksvc,762,"{""0011"": 197, ""0001"": 22, ""0010"": 33, ""1011"": 2, ""0000"": 2}",256
test_kernel,60,8,qksvc,763,"{""0011"": 247, ""0001"": 4, ""0010"": 2, ""0111"": 1, ""1001"": 1, ""1011"": 1}",256
test_kernel,60,9,qksvc,764,"{""0011"": 247, ""0001"": 6, ""1011"": 3}",256
test_kernel,61,0,qksvc,765,"{""0000"": 245, ""0010"": 10, ""0001"": 1}",256
test_kernel,61,1,qksvc,766,"{""0000"": 243, ""0001"": 3, ""0010"": 7, ""0011"": 1, ""0100"": 2}",256
test_kernel,61,2,qksvc,767,"{""0000"": 230, ""1000"": 4, ""0001"": 12, ""0010"": 8, ""0110"": 1, ""0100"": 1}",256
test_kernel,61,3,qksvc,768,"{""0011"": 249, ""1011"": 3, ""0001"": 2, ""0010"": 2}",256
test_kernel,61,4,qksvc,769,"{""0000"": 221, ""0010"": 20, ""0001"": 11, ""1000"": 3, ""0100"": 1}",256
test_kernel,61,5,qksvc,770,"{""0001"": 52, ""0010"": 62, ""0011"": 119, ""0000"": 22, ""1010"": 1}",256
test_kernel,61,6,qksvc,771,"{""0011"": 244, ""0010"": 2, ""1011"": 4, ""0111"": 2, ""0001"": 4}",256
test_kernel,61,7,qksvc,772,"{""0000"": 161, ""0010"": 43, ""0001"": 39, ""1000"": 3, ""0011"": 10}",256
test_kernel,61,8,qksvc,773,"{""0000"": 250, ""0010"": 3, ""1000"": 2, ""0001"": 1}",256
test_kernel,61,9,qksvc,774,"{""0000"": 246, ""0010"": 8, ""0001"": 2}",256
test_kernel,62,0,qksvc,775,"{""0000"": 249, ""0001"": 2, ""0010"": 4, ""1000"": 1}",256
test_kernel,62,1,qksvc,776,"{""0000"": 244, ""0010"": 7, ""0001"": 4, ""0100"": 1}",256
test_kernel,62,2,qksvc,777,"{""0000"": 247, ""1000"": 2, ""0001"": 5, ""0100"": 1, ""0010"": 1}",256
test_kernel,62,3,qksvc,778,"{""0011"": 248, ""0001"": 2, ""1011"": 2, ""0010"": 4}",256
test_kernel,62,4,qksvc,779,"{""0000"": 213, ""0010"": 23, ""1000"": 3, ""0001"": 13, ""1001"": 1, ""0011"": 1, ""0100"": 2}",256
test_kernel,62,5,qksvc,780,"{""0011"": 109, ""0000"": 22, ""0001"": 57, ""0010"": 65, ""1011"": 1, ""1000"": 1, ""1001"": 1}",256
test_kernel,62,6,qksvc,781,"{""0011"": 247, ""1011"": 3, ""0000"": 1, ""0001"": 2, ""0111"": 2, ""0010"": 1}",256
test_kernel,62,7,qksvc,782,"{""0001"": 42, ""0000"": 160, ""0010"": 42, ""0011"": 10, ""1000"": 1, ""0100"": 1}",256
test_kernel,62,8,qksvc,783,"{""0000"": 252, ""0010"": 3, ""1100"": 1}",256
test_kernel,62,9,qksvc,784,"{""0000"": 248, ""0010"": 6, ""0100"": 1, ""0001"": 1}",256
test_kernel,63,0,qksvc,785,"{""0000"": 236, ""0001"": 5, ""0010"": 14, ""0100"": 1}",256
test_kernel,63,1,qksvc,786,"{""0000"": 243, ""0010"": 7, ""0001"": 6}",256
test_kernel,63,2,qksvc,787,"{""0000"": 222, ""0010"": 25, ""0001"": 7, ""1000"": 2}",256
test_kernel,63,3,qksvc,788,"{""0011"": 250, ""0111"": 3, ""0001"": 2, ""0010"": 1}",256
test_kernel,63,4,qksvc,789,"{""0000"": 205, ""0001"": 24, ""0010"": 23, ""1000"": 1, ""1111"": 1, ""0011"": 2}",256
test_kernel,63,5,qksvc,790,"{""0011"": 153, ""0000"": 20, ""0001"": 47, ""0010"": 34, ""1011"": 2}",256
test_kernel,63,6,qksvc,791,"{""0011"": 246, ""0001"": 3, ""1011"": 2, ""0010"": 5}",256
test_kernel,63,7,qksvc,792,"{""0000"": 148, ""0001"": 41, ""0011"": 12, ""0010"": 51, ""0100"": 2, ""1001"": 1, ""1000"": 1}",256
test_kernel,63,8,qksvc,793,"{""0000"": 242, ""1000"": 1, ""0010"": 11, ""0001"": 2}",256
test_kernel,63,9,qksvc,794,"{""0000"": 247, ""0010"": 6, ""1001"": 1, ""1000"": 1, ""0100"": 1}",256
test_kernel,64,0,qksvc,795,"{""0000"": 236, ""0010"": 14, ""0001"": 4, ""1000"": 2}",256
test_kernel,64,1,qksvc,796,"{""0000"": 235, ""0010"": 9, ""0001"": 9, ""1000"": 1, ""0110"": 1, ""0011"": 1}",256
test_kernel,64,2,qksvc,797,"{""1000"": 1, ""0000"": 223, ""0010"": 18, ""0011"": 2, ""0001"": 12}",256
test_kernel,64,3,qksvc,798,"{""0011"": 248, ""0001"": 5, ""1011"": 2, ""0010"": 1}",256
test_kernel,64,4,qksvc,799,"{""0000"": 208, ""0010"": 20, ""0001"": 19, ""0011"": 3, ""0100"": 3, ""1000"": 2, ""0110"": 1}",256
test_kernel,64,5,qksvc,800,"{""0011"": 147, ""0001"": 44, ""0010"": 49, ""0000"": 15, ""0101"": 1}",256
test_kernel,64,6,qksvc,801,"{""0011"": 245, ""0001"": 5, ""0010"": 1, ""1011"": 4, ""0111"": 1}",256
test_kernel,64,7,qksvc,802,"{""0001"": 44, ""0000"": 147, ""1000"": 4, ""0010"": 47, ""0011"": 13, ""1010"": 1}",256
test_kernel,64,8,qksvc,803,"{""0000"": 246, ""0010"": 5, ""0001"": 4, ""0011"": 1}",256
test_kernel,64,9,qksvc,804,"{""0000"": 246, ""0001"": 3, ""0010"": 4, ""1000"": 3}",256
test_kernel,65,0,qksvc,805,"{""0000"": 244, ""0001"": 5, ""0010"": 4, ""1000"": 1, ""0100"": 2}",256
test_kernel,65,1,qksvc,806,"{""0000"": 238, ""0010"": 13, ""0001"": 5}",256
test_kernel,65,2,qksvc,807,"{""0000"": 228, ""0010"": 14, ""1000"": 4, ""0100"": 2, ""0001"": 7, ""0011"": 1}",256
test_kernel,65,3,qksvc,808,"{""1001"": 1, ""0011"": 249, ""0001"": 3, ""1011"": 1, ""0010"": 2}",256
test_kernel,65,4,qksvc,809,"{""0000"": 211, ""0010"": 23, ""1000"": 2, ""0001"": 19, ""0011"": 1}",256
test_kernel,65,5,qksvc,810,"{""0000"": 24, ""0001"": 46, ""0011"": 133, ""0010"": 53}",256
test_kernel,65,6,qksvc,811,"{""0011"": 250, ""0010"": 5, ""0001"": 1}",256
test_kernel,65,7,qksvc,812,"{""0000"": 172, ""0001"": 36, ""0010"": 38, ""0011"": 8, ""1000"": 2}",256
test_kernel,65,8,qksvc,813,"{""0000"": 247, ""0010"": 6, ""1000"": 2, ""0100"": 1}",256
test_kernel,65,9,qksvc,814,"{""0000"": 247, ""1000"": 2, ""0010"": 5, ""0001"": 1, ""0100"": 1}",256
test_kernel,66,0,qksvc,815,"{""0000"": 243, ""1000"": 1, ""0010"": 7, ""0001"": 4, ""0100"": 1}",256
test_kernel,66,1,qksvc,816,"{""0000"": 236, ""0001"": 6, ""0010"": 11, ""0100"": 1, ""1000"": 2}",256
test_kernel,66,2,qksvc,817,"{""0000"": 244, ""0001"": 8, ""0010"": 4}",256
test_kernel,66,3,qksvc,818,"{""0011"": 248, ""0001"": 4, ""0010"": 2, ""1011"": 2}",256
test_kernel,66,4,qksvc,819,"{""0010"": 19, ""0100"": 3, ""0000"": 208, ""0001"": 22, ""0011"": 2, ""1000"": 2}",256
test_kernel,66,5,qksvc,820,"{""0001"": 51, ""0011"": 152, ""0010"": 38, ""0000"": 14, ""1001"": 1}",256
test_kernel,66,6,qksvc,821,"{""0011"": 251, ""1011"": 2, ""0010"": 3}",256
test_kernel,66,7,qksvc,822,"{""0010"": 49, ""0001"": 34, ""0000"": 157, ""0011"": 13, ""1000"": 3}",256
test_kernel,66,8,qksvc,823,"{""0000"": 249, ""0100"": 2, ""0010"": 3, ""0001"": 2}",256
test_kernel,66,9,qksvc,824,"{""0000"": 243, ""0001"": 3, ""0010"": 8, ""1000"": 1, ""0100"": 1}",256
test_kernel,67,0,qksvc,825,"{""0011"": 250, ""0010"": 1, ""0001"": 2, ""0111"": 2, ""1011"": 1}",256
test_kernel,67,1,qksvc,826,"{""0011"": 247, ""0010"": 2, ""1011"": 5, ""0001"": 1, ""0111"": 1}",256
test_kernel,67,2,qksvc,827,"{""0011"": 249, ""0001"": 2, ""1011"": 3, ""0111"": 2}",256
test_kernel,67,3,qksvc,828,"{""0001"": 9, ""0000"": 237, ""0010"": 8, ""1000"": 2}",256
test_kernel,67,4,qksvc,829,"{""0011"": 243, ""0010"": 5, ""0001"": 6, ""1011"": 2}",256
test_kernel,67,5,qksvc,830,"{""0010"": 66, ""0000"": 75, ""0011"": 49, ""0001"": 61, ""1000"": 1, ""1001"": 1, ""0101"": 1, ""1011"": 2}",256
test_kernel,67,6,qksvc,831,"{""0000"": 236, ""0001"": 3, ""0010"": 12, ""1000"": 4, ""0100"": 1}",256
test_kernel,67,7,qksvc,832,"{""0011"": 201, ""0001"": 26, ""1011"": 1, ""1010"": 1, ""0000"": 3, ""0010"": 24}",256
test_kernel,67,8,qksvc,833,"{""0011"": 246, ""1011"": 3, ""0001"": 5, ""0010"": 1, ""0000"": 1}",256
test_kernel,67,9,qksvc,834,"{""0011"": 243, ""1011"": 3, ""0010"": 6, ""0001"": 3, ""1010"": 1}",256
test_kernel,68,0,qksvc,835,"{""0011"": 247, ""0001"": 6, ""0010"": 2, ""1011"": 1}",256
test_kernel,68,1,qksvc,836,"{""0011"": 246, ""1011"": 3, ""0111"": 1, ""0001"": 3, ""0010"": 3}",256
test_kernel,68,2,qksvc,837,"{""0001"": 3, ""0011"": 248, ""0010"": 2, ""1011"": 2, ""0111"": 1}",256
test_kernel,68,3,qksvc,838,"{""0000"": 234, ""0100"": 1, ""0010"": 10, ""0001"": 9, ""1010"": 1, ""1000"": 1}",256
test_kernel,68,4,qksvc,839,"{""0011"": 252, ""0010"": 2, ""0111"": 1, ""0001"": 1}",256
test_kernel,68,5,qksvc,840,"{""0011"": 46, ""0010"": 71, ""0001"": 59, ""0000"": 78, ""1010"": 1, ""0110"": 1}",256
test_kernel,68,6,qksvc,841,"{""0000"": 232, ""0010"": 11, ""1000"": 2, ""0001"": 9, ""0100"": 2}",256
test_kernel,68,7,qksvc,842,"{""0011"": 205, ""0001"": 20, ""0010"": 25, ""1011"": 1, ""0000"": 3, ""1001"": 1, ""0111"": 1}",256
test_kernel,68,8,qksvc,843,"{""0011"": 245, ""1011"": 5, ""0010"": 4, ""1010"": 1, ""0001"": 1}",256
test_kernel,68,9,qksvc,844,"{""0011"": 247, ""1011"": 3, ""0001"": 4, ""0010"": 2}",256
test_kernel,69,0,qksvc,845,"{""0011"": 251, ""0001"": 3, ""1011"": 2}",256
test_kernel,69,1,qksvc,846,"{""0011"": 249, ""0001"": 3, ""0010"": 2, ""1011"": 2}",256
test_kernel,69,2,qksvc,847,"{""0011"": 248, ""0001"": 1, ""1011"": 1, ""0010"": 5, ""0111"": 1}",256
test_kernel,69,3,qksvc,848,"{""0000"": 230, ""0001"": 7, ""0010"": 13, ""1000"": 5, ""0011"": 1}",256
test_kernel,69,4,qksvc,849,"{""0011"": 240, ""0001"": 11, ""0010"": 5}",256
test_kernel,69,5,qksvc,850,"{""0000"": 80, ""0011"": 55, ""0001"": 58, ""0010"": 61, ""1011"": 1, ""0110"": 1}",256
test_kernel,69,6,qksvc,851,"{""0000"": 232, ""0010"": 14, ""0001"": 4, ""0100"": 3, ""1000"": 3}",256
test_kernel,69,7,qksvc,852,"{""0010"": 20, ""0011"": 205, ""0111"": 1, ""0001"": 25, ""1011"": 3, ""0000"": 2}",256
test_kernel,69,8,qksvc,853,"{""0011"": 249, ""0010"": 2, ""1011"": 4, ""0001"": 1}",256
test_kernel,69,9,qksvc,854,"{""0011"": 241, ""0001"": 6, ""0010"": 6, ""1011"": 3}",256
test_kernel,70,0,qksvc,855,"{""0000"": 243, ""0001"": 7, ""0010"": 4, ""0100"": 2}",256
test_kernel,70,1,qksvc,856,"{""0000"": 232, ""0010"": 18, ""0001"": 5, ""1000"": 1}",256
test_kernel,70,2,qksvc,857,"{""0000"": 234, ""0001"": 8, ""0010"": 12, ""1000"": 2}",256
test_kernel,70,3,qksvc,858,"{""0011"": 249, ""0001"": 1, ""1011"": 5, ""0111"": 1}",256
test_kernel,70,4,qksvc,859,"{""0000"": 214, ""0010"": 23, ""0001"": 16, ""1000"": 1, ""1010"": 1, ""0011"": 1}",256
test_kernel,70,5,qksvc,860,"{""0001"": 42, ""0010"": 59, ""0011"": 140, ""0000"": 14, ""1001"": 1}",256
test_kernel,70,6,qksvc,861,"{""0011"": 243, ""0001"": 7, ""0010"": 2, ""1011"": 4}",256
test_kernel,70,7,qksvc,862,"{""0000"": 157, ""1011"": 1, ""0010"": 46, ""0001"": 45, ""0011"": 4, ""1000"": 2, ""1010"": 1}",256
test_kernel,70,8,qksvc,863,"{""0000"": 251, ""0010"": 2, ""0001"": 2, ""1000"": 1}",256
test_kernel,70,9,qksvc,864,"{""0010"": 5, ""0000"": 247, ""1000"": 1, ""0001"": 1, ""0100"": 2}",256
test_kernel,71,0,qksvc,865,"{""0000"": 244, ""0001"": 2, ""0010"": 6, ""0100"": 2, ""1000"": 2}",256
test_kernel,71,1,qksvc,866,"{""0000"": 232, ""0001"": 12, ""0010"": 11, ""1000"": 1}",256
test_kernel,71,2,qksvc,867,"{""0000"": 228, ""0010"": 13, ""0001"": 13, ""0100"": 1, ""0011"": 1}",256
test_kernel,71,3,qksvc,868,"{""0011"": 246, ""0111"": 3, ""1011"": 3, ""0001"": 4}",256
test_kernel,71,4,qksvc,869,"{""0000"": 214, ""0010"": 16, ""1000"": 6, ""0001"": 18, ""0011"": 1, ""0100"": 1}",256
test_kernel,71,5,qksvc,870,"{""0010"": 58, ""0011"": 130, ""0000"": 21, ""0001"": 46, ""1011"": 1}",256
test_kernel,71,6,qksvc,871,"{""0011"": 245, ""0010"": 3, ""0001"": 4, ""1011"": 4}",256
test_kernel,71,7,qksvc,872,"{""0000"": 145, ""0001"": 46, ""0011"": 17, ""0010"": 44, ""1001"": 1, ""0100"": 1, ""1000"": 2}",256
test_kernel,71,8,qksvc,873,"{""0000"": 244, ""1000"": 4, ""0001"": 2, ""0010"": 5, ""0100"": 1}",256
test_kernel,71,9,qksvc,874,"{""0000"": 251, ""0010"": 2, ""1010"": 1, ""1000"": 1, ""0001"": 1}",256
test_kernel,72,0,qksvc,875,"{""0000"": 241, ""0010"": 8, ""1000"": 2, ""0001"": 5}",256
test_kernel,72,1,qksvc,876,"{""0000"": 242, ""0010"": 6, ""1000"": 4, ""0001"": 2, ""0100"": 1, ""1010"": 1}",256
test_kernel,72,2,qksvc,877,"{""0000"": 237, ""0010"": 11, ""0100"": 1, ""0001"": 7}",256
test_kernel,72,3,qksvc,878,"{""0011"": 244, ""0001"": 4, ""1011"": 4, ""0010"": 4}",256
test_kernel,72,4,qksvc,879,"{""0010"": 28, ""0000"": 212, ""0001"": 11, ""1000"": 3, ""0011"": 1, ""0100"": 1}",256
test_kernel,72,5,qksvc,880,"{""0011"": 117, ""0001"": 64, ""0010"": 49, ""0000"": 25, ""1001"": 1}",256
test_kernel,72,6,qksvc,881,"{""0011"": 249, ""0010"": 3, ""0001"": 3, ""1011"": 1}",256
test_kernel,72,7,qksvc,882,"{""0000"": 169, ""0010"": 39, ""0001"": 39, ""0011"": 6, ""1000"": 2, ""1010"": 1}",256
test_kernel,72,8,qksvc,883,"{""0000"": 251, ""0010"": 3, ""1000"": 2}",256
test_kernel,72,9,qksvc,884,"{""0000"": 250, ""1000"": 3, ""0010"": 2, ""0001"": 1}",256
test_kernel,73,0,qksvc,885,"{""0000"": 238, ""1000"": 3, ""0010"": 11, ""0001"": 3, ""0100"": 1}",256
test_kernel,73,1,qksvc,886,"{""0000"": 238, ""0110"": 1, ""0001"": 4, ""0010"": 12, ""1000"": 1}",256
test_kernel,73,2,qksvc,887,"{""0000"": 230, ""0010"": 16, ""0001"": 7, ""1000"": 3}",256
test_kernel,73,3,qksvc,888,"{""0011"": 243, ""0001"": 6, ""1011"": 4, ""0010"": 3}",256
test_kernel,73,4,qksvc,889,"{""0011"": 2, ""0000"": 207, ""0010"": 22, ""0001"": 23, ""1000"": 2}",256
test_kernel,73,5,qksvc,890,"{""0001"": 33, ""0011"": 167, ""0010"": 42, ""0000"": 11, ""1011"": 1, ""0100"": 1, ""1001"": 1}",256
test_kernel,73,6,qksvc,891,"{""0011"": 250, ""1011"": 2, ""0001"": 4}",256
test_kernel,73,7,qksvc,892,"{""0000"": 146, ""0010"": 49, ""0001"": 39, ""0011"": 20, ""0100"": 1, ""1000"": 1}",256
test_kernel,73,8,qksvc,893,"{""0000"": 247, ""0001"": 4, ""0010"": 4, ""1000"": 1}",256
test_kernel,73,9,qksvc,894,"{""0000"": 243, ""0010"": 8, ""1000"": 3, ""0001"": 1, ""1001"": 1}",256
test_kernel,74,0,qksvc,895,"{""0000"": 250, ""0010"": 4, ""1000"": 2}",256
test_kernel,74,1,qksvc,896,"{""0000"": 236, ""0001"": 7, ""0100"": 1, ""0010"": 11, ""1000"": 1}",256
test_kernel,74,2,qksvc,897,"{""0000"": 244, ""0010"": 6, ""0001"": 4, ""0100"": 1, ""1000"": 1}",256
test_kernel,74,3,qksvc,898,"{""0011"": 251, ""0001"": 2, ""0010"": 1, ""0111"": 1, ""1011"": 1}",256
test_kernel,74,4,qksvc,899,"{""0000"": 215, ""0010"": 20, ""0001"": 14, ""1000"": 2, ""0011"": 3, ""1001"": 1, ""1010"": 1}",256
test_kernel,74,5,qksvc,900,"{""0011"": 144, ""0010"": 54, ""0000"": 15, ""0001"": 42, ""1001"": 1}",256
test_kernel,74,6,qksvc,901,"{""0011"": 252, ""0010"": 2, ""0001"": 2}",256
test_kernel,74,7,qksvc,902,"{""0000"": 167, ""0010"": 43, ""0001"": 36, ""0011"": 8, ""0100"": 1, ""0110"": 1}",256
test_kernel,74,8,qksvc,903,"{""0000"": 249, ""1000"": 2, ""0001"": 3, ""0010"": 2}",256
test_kernel,74,9,qksvc,904,"{""0000"": 253, ""0010"": 2, ""1000"": 1}",256
test_kernel,75,0,qksvc,905,"{""0000"": 234, ""0010"": 14, ""0001"": 6, ""1000"": 2}",256
test_kernel,75,1,qksvc,906,"{""0000"": 238, ""0001"": 9, ""1000"": 1, ""1001"": 1, ""0100"": 2, ""0010"": 5}",256
test_kernel,75,2,qksvc,907,"{""0000"": 232, ""0001"": 8, ""1000"": 2, ""0010"": 13, ""0011"": 1}",256
test_kernel,75,3,qksvc,908,"{""0011"": 249, ""0001"": 1, ""0010"": 3, ""1011"": 2, ""0111"": 1}",256
test_kernel,75,4,qksvc,909,"{""0000"": 208, ""0001"": 27, ""0010"": 20, ""0011"": 1}",256
test_kernel,75,5,qksvc,910,"{""0011"": 137, ""0000"": 13, ""0010"": 48, ""0001"": 56, ""1010"": 1, ""1011"": 1}",256
test_kernel,75,6,qksvc,911,"{""0010"": 1, ""0001"": 4, ""0011"": 250, ""1011"": 1}",256
test_kernel,75,7,qksvc,912,"{""0000"": 141, ""0010"": 43, ""0011"": 15, ""0001"": 56, ""0100"": 1}",256
test_kernel,75,8,qksvc,913,"{""0000"": 249, ""0010"": 3, ""0001"": 2, ""1000"": 1, ""0100"": 1}",256
test_kernel,75,9,qksvc,914,"{""0000"": 248, ""0010"": 6, ""0100"": 1, ""1000"": 1}",256
test_kernel,76,0,qksvc,915,"{""0001"": 5, ""0010"": 9, ""0000"": 240, ""1000"": 1, ""0100"": 1}",256
test_kernel,76,1,qksvc,916,"{""0000"": 231, ""0011"": 1, ""0010"": 15, ""0100"": 3, ""1000"": 3, ""0001"": 3}",256
test_kernel,76,2,qksvc,917,"{""0001"": 5, ""0000"": 235, ""0100"": 2, ""0110"": 1, ""0010"": 13}",256
test_kernel,76,3,qksvc,918,"{""0011"": 249, ""1011"": 2, ""0010"": 2, ""0001"": 3}",256
test_kernel,76,4,qksvc,919,"{""0000"": 216, ""0100"": 1, ""0010"": 20, ""0001"": 15, ""1000"": 1, ""0011"": 2, ""1010"": 1}",256
test_kernel,76,5,qksvc,920,"{""0011"": 139, ""0001"": 48, ""0010"": 45, ""0000"": 22, ""1010"": 1, ""1011"": 1}",256
test_kernel,76,6,qksvc,921,"{""0011"": 248, ""0001"": 3, ""1011"": 1, ""0010"": 4}",256
test_kernel,76,7,qksvc,922,"{""0000"": 146, ""0010"": 55, ""0001"": 39, ""0011"": 14, ""1001"": 2}",256
test_kernel,76,8,qksvc,923,"{""0000"": 247, ""1000"": 3, ""0010"": 5, ""0001"": 1}",256
test_kernel,76,9,qksvc,924,"{""0000"": 250, ""0010"": 5, ""1000"": 1}",256
test_kernel,77,0,qksvc,925,"{""0000"": 243, ""0010"": 5, ""0001"": 8}",256
test_kernel,77,1,qksvc,926,"{""0000"": 240, ""0001"": 9, ""0010"": 6, ""1000"": 1}",256
test_kernel,77,2,qksvc,927,"{""0000"": 238, ""0010"": 7, ""0001"": 7, ""0100"": 1, ""1010"": 1, ""1000"": 1, ""0011"": 1}",256
test_kernel,77,3,qksvc,928,"{""0011"": 245, ""0010"": 5, ""0001"": 5, ""1011"": 1}",256
test_kernel,77,4,qksvc,929,"{""0000"": 217, ""0011"": 2, ""0001"": 18, ""0010"": 18, ""1000"": 1}",256
test_kernel,77,5,qksvc,930,"{""0011"": 137, ""0001"": 54, ""0000"": 21, ""0010"": 41, ""1011"": 1, ""1010"": 1, ""1000"": 1}",256
test_kernel,77,6,qksvc,931,"{""0011"": 251, ""1011"": 2, ""0010"": 2, ""0101"": 1}",256
test_kernel,77,7,qksvc,932,"{""0010"": 46, ""0001"": 45, ""0000"": 144, ""0011"": 18, ""1000"": 1, ""0100"": 1, ""0110"": 1}",256
test_kernel,77,8,qksvc,933,"{""0000"": 252, ""1000"": 1, ""0010"": 3}",256
test_kernel,77,9,qksvc,934,"{""0000"": 242, ""0010"": 11, ""1000"": 2, ""0001"": 1}",256
test_kernel,78,0,qksvc,935,"{""0000"": 248, ""0010"": 4, ""0001"": 2, ""1000"": 1, ""0100"": 1}",256
test_kernel,78,1,qksvc,936,"{""0000"": 244, ""0010"": 7, ""0001"": 4, ""0100"": 1}",256
test_kernel,78,2,qksvc,937,"{""0000"": 237, ""0010"": 6, ""0001"": 9, ""0100"": 1, ""1000"": 3}",256
test_kernel,78,3,qksvc,938,"{""0001"": 2, ""0011"": 250, ""0111"": 1, ""0010"": 2, ""1011"": 1}",256
test_kernel,78,4,qksvc,939,"{""0000"": 215, ""0010"": 20, ""0001"": 18, ""1000"": 2, ""0011"": 1}",256
test_kernel,78,5,qksvc,940,"{""0011"": 125, ""0010"": 51, ""0000"": 18, ""0001"": 59, ""1010"": 1, ""1011"": 2}",256
test_kernel,78,6,qksvc,941,"{""0011"": 246, ""0010"": 4, ""1011"": 4, ""0001"": 2}",256
test_kernel,78,7,qksvc,942,"{""0000"": 152, ""0001"": 34, ""0010"": 54, ""0011"": 14, ""0101"": 1, ""0100"": 1}",256
test_kernel,78,8,qksvc,943,"{""0000"": 246, ""0100"": 1, ""0010"": 4, ""1000"": 4, ""0001"": 1}",256
test_kernel,78,9,qksvc,944,"{""0000"": 249, ""0100"": 3, ""0001"": 2, ""0010"": 2}",256
test_kernel,79,0,qksvc,945,"{""0000"": 234, ""0001"": 4, ""0010"": 17, ""1000"": 1}",256
test_kernel,79,1,qksvc,946,"{""0000"": 240, ""0001"": 6, ""0010"": 9, ""0100"": 1}",256
test_kernel,79,2,qksvc,947,"{""0000"": 219, ""0001"": 14, ""0010"": 21, ""0101"": 1, ""0100"": 1}",256
test_kernel,79,3,qksvc,948,"{""0011"": 246, ""0001"": 6, ""1011"": 3, ""0010"": 1}",256
test_kernel,79,4,qksvc,949,"{""0000"": 211, ""0001"": 17, ""0010"": 24, ""1000"": 2, ""0011"": 2}",256
test_kernel,79,5,qksvc,950,"{""0010"": 48, ""0011"": 143, ""0000"": 22, ""0001"": 41, ""1011"": 1, ""1000"": 1}",256
test_kernel,79,6,qksvc,951,"{""0011"": 250, ""0111"": 2, ""0001"": 2, ""1011"": 2}",256
test_kernel,79,7,qksvc,952,"{""0010"": 40, ""0000"": 151, ""0001"": 52, ""0011"": 10, ""1000"": 1, ""1001"": 1, ""1011"": 1}",256
test_kernel,79,8,qksvc,953,"{""0000"": 240, ""0010"": 7, ""1000"": 4, ""0001"": 4, ""1010"": 1}",256
test_kernel,79,9,qksvc,954,"{""0000"": 247, ""0010"": 4, ""0001"": 2, ""0100"": 1, ""1000"": 2}",256
test_kernel,80,0,qksvc,955,"{""0011"": 251, ""1011"": 3, ""0010"": 1, ""0001"": 1}",256
test_kernel,80,1,qksvc,956,"{""0011"": 246, ""0111"": 1, ""0010"": 2, ""0001"": 6, ""1011"": 1}",256
test_kernel,80,2,qksvc,957,"{""0011"": 248, ""0001"": 6, ""1011"": 2}",256
test_kernel,80,3,qksvc,958,"{""0000"": 237, ""0010"": 8, ""0001"": 9, ""1000"": 2}",256
test_kernel,80,4,qksvc,959,"{""0011"": 237, ""0010"": 12, ""0001"": 6, ""0111"": 1}",256
test_kernel,80,5,qksvc,960,"{""0010"": 56, ""0011"": 61, ""0000"": 80, ""0001"": 56, ""1010"": 1, ""1001"": 2}",256
test_kernel,80,6,qksvc,961,"{""0000"": 235, ""0001"": 10, ""0010"": 10, ""0100"": 1}",256
test_kernel,80,7,qksvc,962,"{""0011"": 205, ""0001"": 22, ""0010"": 23, ""1011"": 6}",256
test_kernel,80,8,qksvc,963,"{""0011"": 244, ""1011"": 2, ""0001"": 5, ""0010"": 4, ""0111"": 1}",256
test_kernel,80,9,qksvc,964,"{""0011"": 251, ""1011"": 1, ""0001"": 2, ""0010"": 1, ""0111"": 1}",256
test_kernel,81,0,qksvc,965,"{""0000"": 241, ""0001"": 7, ""0010"": 7, ""1000"": 1}",256
test_kernel,81,1,qksvc,966,"{""0000"": 237, ""1000"": 4, ""0010"": 10, ""0001"": 4, ""1001"": 1}",256
test_kernel,81,2,qksvc,967,"{""0000"": 237, ""1000"": 1, ""0001"": 9, ""0010"": 9}",256
test_kernel,81,3,qksvc,968,"{""0011"": 246, ""0001"": 8, ""0010"": 1, ""1011"": 1}",256
test_kernel,81,4,qksvc,969,"{""0010"": 28, ""0000"": 214, ""0001"": 11, ""1000"": 2, ""0011"": 1}",256
test_kernel,81,5,qksvc,970,"{""0011"": 141, ""0010"": 47, ""0001"": 56, ""0000"": 10, ""1011"": 2}",256
test_kernel,81,6,qksvc,971,"{""0011"": 250, ""0111"": 1, ""0001"": 3, ""1011"": 1, ""0010"": 1}",256
test_kernel,81,7,qksvc,972,"{""0000"": 155, ""0001"": 42, ""0010"": 48, ""0011"": 10, ""1001"": 1}",256
test_kernel,81,8,qksvc,973,"{""0000"": 243, ""0001"": 4, ""0010"": 8, ""1000"": 1}",256
test_kernel,81,9,qksvc,974,"{""0000"": 244, ""0001"": 5, ""0010"": 5, ""1000"": 2}",256
test_kernel,82,0,qksvc,975,"{""0000"": 241, ""0010"": 7, ""0001"": 6, ""0100"": 1, ""1000"": 1}",256
test_kernel,82,1,qksvc,976,"{""0000"": 245, ""0010"": 4, ""0001"": 3, ""1100"": 1, ""1000"": 2, ""0011"": 1}",256
test_kernel,82,2,qksvc,977,"{""0000"": 243, ""0010"": 7, ""1000"": 1, ""0001"": 4, ""0100"": 1}",256
test_kernel,82,3,qksvc,978,"{""0001"": 4, ""0011"": 249, ""1011"": 3}",256
test_kernel,82,4,qksvc,979,"{""0000"": 225, ""0001"": 11, ""0010"": 18, ""0011"": 2}",256
test_kernel,82,5,qksvc,980,"{""0011"": 131, ""0001"": 49, ""0010"": 61, ""0000"": 14, ""1011"": 1}",256
test_kernel,82,6,qksvc,981,"{""0011"": 249, ""0010"": 2, ""1011"": 1, ""0001"": 4}",256
test_kernel,82,7,qksvc,982,"{""0000"": 165, ""0011"": 11, ""0001"": 35, ""0010"": 38, ""0100"": 2, ""1000"": 1, ""1001"": 1, ""1010"": 3}",256
test_kernel,82,8,qksvc,983,"{""0000"": 249, ""0100"": 1, ""1000"": 4, ""0010"": 2}",256
test_kernel,82,9,qksvc,984,"{""0000"": 247, ""0010"": 3, ""1000"": 2, ""0100"": 2, ""0001"": 2}",256
test_kernel,83,0,qksvc,985,"{""0011"": 248, ""1011"": 1, ""0001"": 4, ""0111"": 1, ""0010"": 2}",256
test_kernel,83,1,qksvc,986,"{""0011"": 247, ""0001"": 4, ""0010"": 5}",256
test_kernel,83,2,qksvc,987,"{""1011"": 3, ""0011"": 248, ""0001"": 2, ""0010"": 2, ""0111"": 1}",256
test_kernel,83,3,qksvc,988,"{""0000"": 242, ""0001"": 7, ""0010"": 4, ""1000"": 2, ""0011"": 1}",256
test_kernel,83,4,qksvc,989,"{""0011"": 247, ""0001"": 8, ""1011"": 1}",256
test_kernel,83,5,qksvc,990,"{""0000"": 85, ""0011"": 51, ""0010"": 62, ""0001"": 55, ""0100"": 1, ""1011"": 1, ""1010"": 1}",256
test_kernel,83,6,qksvc,991,"{""1000"": 1, ""0000"": 230, ""0010"": 14, ""0001"": 9, ""0100"": 1, ""0011"": 1}",256
test_kernel,83,7,qksvc,992,"{""0011"": 205, ""0010"": 19, ""0001"": 27, ""0000"": 3, ""1011"": 1, ""0111"": 1}",256
test_kernel,83,8,qksvc,993,"{""0011"": 248, ""0001"": 3, ""0010"": 3, ""1011"": 2}",256
test_kernel,83,9,qksvc,994,"{""0011"": 242, ""0001"": 6, ""1011"": 3, ""0010"": 5}",256
test_kernel,84,0,qksvc,995,"{""0010"": 10, ""0000"": 239, ""0001"": 5, ""1000"": 2}",256
test_kernel,84,1,qksvc,996,"{""0100"": 3, ""0000"": 236, ""1000"": 1, ""0010"": 5, ""0001"": 10, ""0011"": 1}",256
test_kernel,84,2,qksvc,997,"{""0000"": 231, ""0001"": 6, ""0010"": 13, ""0011"": 2, ""1000"": 3, ""0100"": 1}",256
test_kernel,84,3,qksvc,998,"{""0011"": 251, ""0010"": 2, ""1011"": 2, ""0001"": 1}",256
test_kernel,84,4,qksvc,999,"{""0000"": 207, ""0010"": 20, ""0011"": 4, ""0001"": 21, ""0110"": 1, ""1010"": 1, ""1000"": 2}",256
test_kernel,84,5,qksvc,1000,"{""0010"": 58, ""0000"": 16, ""0011"": 142, ""0001"": 39, ""1011"": 1}",256
test_kernel,84,6,qksvc,1001,"{""0011"": 248, ""0001"": 3, ""1011"": 1, ""1010"": 1, ""0010"": 2, ""0111"": 1}",256
test_kernel,84,7,qksvc,1002,"{""0010"": 49, ""0001"": 47, ""0000"": 141, ""0011"": 17, ""1010"": 1, ""1000"": 1}",256
test_kernel,84,8,qksvc,1003,"{""0000"": 247, ""0010"": 6, ""0100"": 1, ""0001"": 1, ""1000"": 1}",256
test_kernel,84,9,qksvc,1004,"{""0000"": 250, ""0010"": 5, ""0001"": 1}",256
test_kernel,85,0,qksvc,1005,"{""0011"": 249, ""0001"": 3, ""1011"": 3, ""0010"": 1}",256
test_kernel,85,1,qksvc,1006,"{""0011"": 249, ""1011"": 3, ""0010"": 3, ""0001"": 1}",256
test_kernel,85,2,qksvc,1007,"{""0011"": 248, ""0010"": 2, ""1011"": 1, ""0001"": 4, ""0111"": 1}",256
test_kernel,85,3,qksvc,1008,"{""0000"": 230, ""0100"": 1, ""0010"": 15, ""0001"": 9, ""0011"": 1}",256
test_kernel,85,4,qksvc,1009,"{""0011"": 242, ""0010"": 6, ""0001"": 7, ""0111"": 1}",256
test_kernel,85,5,qksvc,1010,"{""0000"": 85, ""0011"": 47, ""0001"": 59, ""0010"": 63, ""1000"": 2}",256
test_kernel,85,6,qksvc,1011,"{""0000"": 232, ""1000"": 2, ""0001"": 9, ""0010"": 12, ""0100"": 1}",256
test_kernel,85,7,qksvc,1012,"{""0010"": 25, ""0000"": 5, ""0011"": 195, ""0001"": 23, ""1011"": 5, ""0111"": 2, ""1000"": 1}",256
test_kernel,85,8,qksvc,1013,"{""0011"": 250, ""0001"": 4, ""0010"": 1, ""1011"": 1}",256
test_kernel,85,9,qksvc,1014,"{""0011"": 246, ""0001"": 7, ""0010"": 2, ""0101"": 1}",256
test_kernel,86,0,qksvc,1015,"{""0000"": 237, ""0001"": 9, ""0010"": 8, ""1000"": 1, ""0100"": 1}",256
test_kernel,86,1,qksvc,1016,"{""0000"": 236, ""0001"": 9, ""0010"": 10, ""0100"": 1}",256
test_kernel,86,2,qksvc,1017,"{""0000"": 234, ""0001"": 9, ""0010"": 12, ""1000"": 1}",256
test_kernel,86,3,qksvc,1018,"{""0011"": 246, ""1011"": 3, ""0001"": 6, ""0010"": 1}",256
test_kernel,86,4,qksvc,1019,"{""0000"": 200, ""0001"": 18, ""0010"": 33, ""0011"": 3, ""1000"": 2}",256
test_kernel,86,5,qksvc,1020,"{""0011"": 140, ""0001"": 51, ""0000"": 8, ""0010"": 55, ""1011"": 1, ""1010"": 1}",256
test_kernel,86,6,qksvc,1021,"{""0011"": 254, ""0001"": 1, ""0111"": 1}",256
test_kernel,86,7,qksvc,1022,"{""0000"": 148, ""0001"": 47, ""0010"": 50, ""0011"": 10, ""1000"": 1}",256
test_kernel,86,8,qksvc,1023,"{""0000"": 247, ""0001"": 3, ""0010"": 3, ""1000"": 2, ""0100"": 1}",256
test_kernel,86,9,qksvc,1024,"{""0000"": 243, ""0001"": 5, ""0010"": 6, ""0100"": 1, ""1000"": 1}",256
test_kernel,87,0,qksvc,1025,"{""0011"": 246, ""0111"": 3, ""0010"": 2, ""0001"": 3, ""1011"": 2}",256
test_kernel,87,1,qksvc,1026,"{""0011"": 247, ""0010"": 2, ""0001"": 3, ""1011"": 3, ""0111"": 1}",256
test_kernel,87,2,qksvc,1027,"{""0011"": 248, ""1011"": 3, ""0001"": 3, ""0010"": 2}",256
test_kernel,87,3,qksvc,1028,"{""0000"": 238, ""0001"": 6, ""1000"": 5, ""0010"": 6, ""0100"": 1}",256
test_kernel,87,4,qksvc,1029,"{""0011"": 241, ""1011"": 8, ""0001"": 3, ""0010"": 4}",256
test_kernel,87,5,qksvc,1030,"{""0001"": 61, ""0000"": 84, ""0011"": 45, ""0010"": 62, ""0100"": 1, ""1001"": 3}",256
test_kernel,87,6,qksvc,1031,"{""0000"": 233, ""0010"": 14, ""1001"": 1, ""0001"": 5, ""0100"": 2, ""1010"": 1}",256
test_kernel,87,7,qksvc,1032,"{""0011"": 211, ""0000"": 2, ""0010"": 18, ""0001"": 19, ""0110"": 1, ""0111"": 1, ""1011"": 3, ""0101"": 1}",256
test_kernel,87,8,qksvc,1033,"{""0011"": 241, ""0001"": 4, ""1011"": 3, ""0010"": 6, ""0111"": 2}",256
test_kernel,87,9,qksvc,1034,"{""0011"": 243, ""0010"": 2, ""0001"": 4, ""1011"": 5, ""0111"": 2}",256
test_kernel,88,0,qksvc,1035,"{""0000"": 247, ""0010"": 3, ""0001"": 4, ""0100"": 1, ""1000"": 1}",256
test_kernel,88,1,qksvc,1036,"{""0000"": 237, ""0001"": 7, ""0010"": 8, ""0100"": 1, ""1000"": 3}",256
test_kernel,88,2,qksvc,1037,"{""0000"": 239, ""0001"": 4, ""1100"": 1, ""1010"": 1, ""1000"": 2, ""0010"": 8, ""0011"": 1}",256
test_kernel,88,3,qksvc,1038,"{""0011"": 251, ""1011"": 2, ""0010"": 1, ""0111"": 1, ""0001"": 1}",256
test_kernel,88,4,qksvc,1039,"{""0000"": 210, ""0001"": 15, ""0010"": 24, ""1000"": 3, ""1100"": 1, ""0011"": 1, ""0100"": 1, ""1010"": 1}",256
test_kernel,88,5,qksvc,1040,"{""0011"": 144, ""0001"": 47, ""0010"": 45, ""0000"": 16, ""1010"": 2, ""1001"": 1, ""1011"": 1}",256
test_kernel,88,6,qksvc,1041,"{""0011"": 248, ""0010"": 4, ""1011"": 3, ""0001"": 1}",256
test_kernel,88,7,qksvc,1042,"{""0000"": 160, ""0001"": 40, ""0010"": 39, ""1000"": 1, ""0011"": 14, ""0110"": 1, ""0100"": 1}",256
test_kernel,88,8,qksvc,1043,"{""0000"": 246, ""0010"": 3, ""0001"": 3, ""1000"": 3, ""1100"": 1}",256
test_kernel,88,9,qksvc,1044,"{""0000"": 246, ""0001"": 5, ""0010"": 4, ""0100"": 1}",256
test_kernel,89,0,qksvc,1045,"{""0000"": 240, ""0010"": 10, ""1000"": 1, ""0001"": 5}",256
test_kernel,89,1,qksvc,1046,"{""0000"": 244, ""0001"": 3, ""0010"": 9}",256
test_kernel,89,2,qksvc,1047,"{""0000"": 231, ""0010"": 15, ""0001"": 9, ""1000"": 1}",256
test_kernel,89,3,qksvc,1048,"{""0001"": 3, ""0011"": 245, ""0010"": 4, ""1011"": 4}",256
test_kernel,89,4,qksvc,1049,"{""0000"": 208, ""0010"": 29, ""0001"": 15, ""1000"": 1, ""0011"": 3}",256
test_kernel,89,5,qksvc,1050,"{""0001"": 38, ""0010"": 55, ""0011"": 140, ""1001"": 1, ""0000"": 19, ""0111"": 1, ""1011"": 2}",256
test_kernel,89,6,qksvc,1051,"{""0011"": 251, ""1011"": 1, ""0010"": 3, ""0001"": 1}",256
test_kernel,89,7,qksvc,1052,"{""0010"": 48, ""0000"": 150, ""0001"": 48, ""0011"": 9, ""1010"": 1}",256
test_kernel,89,8,qksvc,1053,"{""0000"": 247, ""0001"": 2, ""0010"": 3, ""1000"": 3, ""0100"": 1}",256
test_kernel,89,9,qksvc,1054,"{""0000"": 243, ""0001"": 1, ""0010"": 9, ""1000"": 2, ""0100"": 1}",256
test_kernel,90,0,qksvc,1055,"{""0011"": 253, ""0001"": 2, ""0010"": 1}",256
test_kernel,90,1,qksvc,1056,"{""0011"": 253, ""0010"": 1, ""0001"": 2}",256
test_kernel,90,2,qksvc,1057,"{""0011"": 247, ""0001"": 3, ""0010"": 4, ""1011"": 2}",256
test_kernel,90,3,qksvc,1058,"{""0000"": 236, ""0001"": 10, ""0010"": 8, ""1000"": 1, ""0011"": 1}",256
test_kernel,90,4,qksvc,1059,"{""0011"": 243, ""0001"": 9, ""1011"": 3, ""0010"": 1}",256
test_kernel,90,5,qksvc,1060,"{""0010"": 65, ""0000"": 81, ""1001"": 2, ""0011"": 42, ""0001"": 62, ""0100"": 1, ""0110"": 1, ""1010"": 1, ""1011"": 1}",256
test_kernel,90,6,qksvc,1061,"{""0000"": 235, ""0001"": 10, ""0010"": 8, ""0100"": 1, ""0101"": 1, ""1000"": 1}",256
test_kernel,90,7,qksvc,1062,"{""0011"": 207, ""0001"": 19, ""0010"": 26, ""1011"": 2, ""1001"": 1, ""0000"": 1}",256
test_kernel,90,8,qksvc,1063,"{""0011"": 246, ""0001"": 5, ""0010"": 3, ""0111"": 1, ""1011"": 1}",256
test_kernel,90,9,qksvc,1064,"{""0011"": 246, ""0001"": 3, ""0010"": 5, ""1011"": 2}",256
test_kernel,91,0,qksvc,1065,"{""0011"": 250, ""0010"": 1, ""0001"": 3, ""0111"": 1, ""1011"": 1}",256
test_kernel,91,1,qksvc,1066,"{""0011"": 242, ""0111"": 2, ""1011"": 4, ""0001"": 4, ""0010"": 4}",256
test_kernel,91,2,qksvc,1067,"{""0011"": 250, ""1011"": 4, ""0001"": 2}",256
test_kernel,91,3,qksvc,1068,"{""0000"": 237, ""0001"": 10, ""0010"": 8, ""1000"": 1}",256
test_kernel,91,4,qksvc,1069,"{""0011"": 244, ""0010"": 5, ""0001"": 5, ""1011"": 2}",256
test_kernel,91,5,qksvc,1070,"{""0001"": 57, ""0000"": 94, ""0011"": 46, ""0010"": 58, ""1001"": 1}",256
test_kernel,91,6,qksvc,1071,"{""0010"": 14, ""0000"": 236, ""0001"": 4, ""1000"": 1, ""0100"": 1}",256
test_kernel,91,7,qksvc,1072,"{""0001"": 23, ""0011"": 196, ""0010"": 32, ""0000"": 2, ""1011"": 2, ""0111"": 1}",256
test_kernel,91,8,qksvc,1073,"{""0011"": 244, ""0001"": 5, ""1011"": 4, ""0010"": 3}",256
test_kernel,91,9,qksvc,1074,"{""0011"": 245, ""0010"": 2, ""0001"": 6, ""1011"": 2, ""0111"": 1}",256
test_kernel,92,0,qksvc,1075,"{""0011"": 247, ""0010"": 5, ""1011"": 4}",256
test_kernel,92,1,qksvc,1076,"{""0011"": 251, ""1011"": 1, ""0001"": 3, ""0111"": 1}",256
test_kernel,92,2,qksvc,1077,"{""0011"": 250, ""0111"": 1, ""0001"": 1, ""1011"": 3, ""0010"": 1}",256
test_kernel,92,3,qksvc,1078,"{""0010"": 9, ""0000"": 229, ""0001"": 14, ""1000"": 3, ""0011"": 1}",256
test_kernel,92,4,qksvc,1079,"{""0011"": 239, ""0010"": 8, ""0001"": 7, ""1011"": 1, ""0111"": 1}",256
test_kernel,92,5,qksvc,1080,"{""0011"": 42, ""0000"": 81, ""0010"": 63, ""0001"": 68, ""0101"": 2}",256
test_kernel,92,6,qksvc,1081,"{""0000"": 236, ""0001"": 6, ""0010"": 14}",256
test_kernel,92,7,qksvc,1082,"{""0010"": 20, ""0001"": 25, ""0011"": 206, ""1011"": 2, ""0000"": 3}",256
test_kernel,92,8,qksvc,1083,"{""0011"": 244, ""0010"": 5, ""0001"": 6, ""0111"": 1}",256
test_kernel,92,9,qksvc,1084,"{""0011"": 243, ""0001"": 4, ""0111"": 4, ""0010"": 4, ""1011"": 1}",256
test_kernel,93,0,qksvc,1085,"{""0000"": 243, ""1010"": 1, ""0001"": 5, ""0100"": 1, ""0010"": 4, ""1000"": 2}",256
test_kernel,93,1,qksvc,1086,"{""0000"": 239, ""0010"": 8, ""1010"": 1, ""0001"": 6, ""0100"": 1, ""1000"": 1}",256
test_kernel,93,2,qksvc,1087,"{""0000"": 237, ""0001"": 7, ""0010"": 8, ""0100"": 1, ""1000"": 2, ""0011"": 1}",256
test_kernel,93,3,qksvc,1088,"{""0011"": 250, ""0001"": 4, ""1011"": 2}",256
test_kernel,93,4,qksvc,1089,"{""0000"": 198, ""0010"": 30, ""0001"": 22, ""1010"": 1, ""1000"": 2, ""0011"": 3}",256
test_kernel,93,5,qksvc,1090,"{""0011"": 138, ""0010"": 59, ""0001"": 43, ""0000"": 14, ""1011"": 1, ""1010"": 1}",256
test_kernel,93,6,qksvc,1091,"{""0011"": 252, ""0111"": 1, ""1011"": 2, ""0001"": 1}",256
test_kernel,93,7,qksvc,1092,"{""0000"": 156, ""0001"": 33, ""0010"": 51, ""0011"": 12, ""0100"": 3, ""1000"": 1}",256
test_kernel,93,8,qksvc,1093,"{""0000"": 247, ""0001"": 2, ""0010"": 5, ""1000"": 2}",256
test_kernel,93,9,qksvc,1094,"{""0000"": 247, ""0010"": 3, ""0100"": 3, ""1000"": 1, ""1010"": 1, ""0001"": 1}",256
test_kernel,94,0,qksvc,1095,"{""0000"": 244, ""0100"": 2, ""0010"": 7, ""0001"": 3}",256
test_kernel,94,1,qksvc,1096,"{""0000"": 244, ""0001"": 4, ""0010"": 5, ""0100"": 2, ""1000"": 1}",256
test_kernel,94,2,qksvc,1097,"{""0000"": 228, ""0001"": 13, ""0010"": 10, ""0100"": 1, ""1000"": 2, ""0011"": 1, ""1010"": 1}",256
test_kernel,94,3,qksvc,1098,"{""0011"": 250, ""0001"": 2, ""1011"": 1, ""0010"": 1, ""0111"": 2}",256
test_kernel,94,4,qksvc,1099,"{""0000"": 214, ""0010"": 21, ""0001"": 17, ""0011"": 2, ""1000"": 2}",256
test_kernel,94,5,qksvc,1100,"{""0011"": 132, ""0010"": 58, ""0000"": 15, ""0001"": 46, ""1001"": 1, ""1011"": 3, ""0111"": 1}",256
test_kernel,94,6,qksvc,1101,"{""0011"": 248, ""1011"": 2, ""0001"": 4, ""0010"": 2}",256
test_kernel,94,7,qksvc,1102,"{""0010"": 40, ""0000"": 159, ""0001"": 40, ""0011"": 14, ""1000"": 2, ""1001"": 1}",256
test_kernel,94,8,qksvc,1103,"{""0000"": 254, ""0010"": 1, ""1000"": 1}",256
test_kernel,94,9,qksvc,1104,"{""0000"": 246, ""0010"": 6, ""1000"": 2, ""0100"": 2}",256
test_kernel,95,0,qksvc,1105,"{""0000"": 243, ""1000"": 4, ""0010"": 6, ""0100"": 2, ""1010"": 1}",256
test_kernel,95,1,qksvc,1106,"{""0000"": 239, ""0010"": 12, ""1000"": 3, ""0001"": 2}",256
test_kernel,95,2,qksvc,1107,"{""0000"": 235, ""0001"": 9, ""0010"": 9, ""0100"": 1, ""0011"": 1, ""1000"": 1}",256
test_kernel,95,3,qksvc,1108,"{""0011"": 251, ""1011"": 3, ""0111"": 1, ""0010"": 1}",256
test_kernel,95,4,qksvc,1109,"{""0000"": 221, ""1000"": 3, ""0010"": 20, ""0001"": 10, ""0011"": 1, ""0101"": 1}",256
test_kernel,95,5,qksvc,1110,"{""0010"": 53, ""0000"": 21, ""0011"": 142, ""0001"": 38, ""1011"": 1, ""1001"": 1}",256
test_kernel,95,6,qksvc,1111,"{""0011"": 245, ""1011"": 4, ""0001"": 3, ""0010"": 4}",256
test_kernel,95,7,qksvc,1112,"{""0010"": 38, ""0000"": 164, ""0001"": 40, ""1010"": 3, ""0011"": 8, ""1000"": 1, ""1001"": 2}",256
test_kernel,95,8,qksvc,1113,"{""0000"": 250, ""1000"": 3, ""0010"": 2, ""0001"": 1}",256
test_kernel,95,9,qksvc,1114,"{""0000"": 250, ""1000"": 3, ""0010"": 3}",256
test_kernel,96,0,qksvc,1115,"{""0010"": 6, ""0000"": 246, ""1000"": 3, ""0001"": 1}",256
test_kernel,96,1,qksvc,1116,"{""0000"": 241, ""0010"": 7, ""1000"": 1, ""0100"": 2, ""0001"": 5}",256
test_kernel,96,2,qksvc,1117,"{""0000"": 244, ""0001"": 3, ""0010"": 7, ""1000"": 2}",256
test_kernel,96,3,qksvc,1118,"{""0011"": 250, ""1011"": 4, ""0001"": 2}",256
test_kernel,96,4,qksvc,1119,"{""0011"": 3, ""0000"": 193, ""0001"": 28, ""0010"": 31, ""0100"": 1}",256
test_kernel,96,5,qksvc,1120,"{""0011"": 129, ""0010"": 55, ""0001"": 52, ""0000"": 16, ""0101"": 1, ""1011"": 2, ""0100"": 1}",256
test_kernel,96,6,qksvc,1121,"{""0011"": 250, ""0010"": 2, ""0001"": 1, ""1011"": 2, ""0111"": 1}",256
test_kernel,96,7,qksvc,1122,"{""0000"": 146, ""0001"": 49, ""0010"": 49, ""0011"": 10, ""1000"": 1, ""0100"": 1}",256
test_kernel,96,8,qksvc,1123,"{""0000"": 247, ""0010"": 7, ""1010"": 1, ""0001"": 1}",256
test_kernel,96,9,qksvc,1124,"{""0000"": 253, ""1000"": 1, ""0001"": 1, ""0010"": 1}",256
test_kernel,97,0,qksvc,1125,"{""0000"": 243, ""0001"": 5, ""0010"": 6, ""0011"": 1, ""1000"": 1}",256
test_kernel,97,1,qksvc,1126,"{""0000"": 246, ""0001"": 3, ""1000"": 2, ""0010"": 5}",256
test_kernel,97,2,qksvc,1127,"{""0000"": 235, ""0001"": 11, ""0010"": 9, ""1000"": 1}",256
test_kernel,97,3,qksvc,1128,"{""0011"": 248, ""1011"": 2, ""0001"": 3, ""0010"": 2, ""0111"": 1}",256
test_kernel,97,4,qksvc,1129,"{""0000"": 220, ""0001"": 20, ""0010"": 11, ""0011"": 4, ""0101"": 1}",256
test_kernel,97,5,qksvc,1130,"{""0011"": 140, ""0001"": 48, ""0010"": 46, ""0000"": 22}",256
test_kernel,97,6,qksvc,1131,"{""0011"": 255, ""0001"": 1}",256
test_kernel,97,7,qksvc,1132,"{""0000"": 150, ""0010"": 54, ""0001"": 40, ""0011"": 12}",256
test_kernel,97,8,qksvc,1133,"{""0000"": 247, ""1000"": 3, ""0100"": 2, ""0010"": 3, ""1001"": 1}",256
test_kernel,97,9,qksvc,1134,"{""0000"": 242, ""0100"": 1, ""0001"": 2, ""0010"": 9, ""1000"": 2}",256
test_kernel,98,0,qksvc,1135,"{""0000"": 246, ""0001"": 4, ""0010"": 3, ""1010"": 1, ""1000"": 2}",256
test_kernel,98,1,qksvc,1136,"{""0000"": 246, ""1000"": 4, ""0001"": 1, ""0010"": 5}",256
test_kernel,98,2,qksvc,1137,"{""0000"": 235, ""0001"": 10, ""0010"": 9, ""1000"": 2}",256
test_kernel,98,3,qksvc,1138,"{""0011"": 249, ""0111"": 1, ""0010"": 1, ""0001"": 2, ""1011"": 3}",256
test_kernel,98,4,qksvc,1139,"{""0000"": 201, ""1000"": 2, ""0001"": 24, ""0010"": 24, ""0011"": 5}",256
test_kernel,98,5,qksvc,1140,"{""0011"": 132, ""0001"": 43, ""0000"": 29, ""0010"": 50, ""1011"": 1, ""1001"": 1}",256
test_kernel,98,6,qksvc,1141,"{""0011"": 251, ""1011"": 2, ""0010"": 1, ""0001"": 2}",256
test_kernel,98,7,qksvc,1142,"{""0000"": 142, ""0011"": 15, ""0001"": 44, ""0010"": 52, ""0100"": 1, ""0111"": 1, ""1000"": 1}",256
test_kernel,98,8,qksvc,1143,"{""0000"": 247, ""1000"": 2, ""0010"": 3, ""0100"": 1, ""0001"": 3}",256
test_kernel,98,9,qksvc,1144,"{""0000"": 247, ""1000"": 2, ""0001"": 3, ""0010"": 4}",256
test_kernel,99,0,qksvc,1145,"{""0000"": 239, ""0100"": 2, ""0001"": 9, ""0010"": 4, ""1000"": 2}",256
test_kernel,99,1,qksvc,1146,"{""0000"": 238, ""0010"": 10, ""0001"": 4, ""1000"": 1, ""0100"": 3}",256
test_kernel,99,2,qksvc,1147,"{""0000"": 238, ""1000"": 3, ""0001"": 6, ""0010"": 7, ""0100"": 1, ""1001"": 1}",256
test_kernel,99,3,qksvc,1148,"{""0011"": 250, ""0111"": 1, ""1011"": 3, ""0001"": 1, ""0010"": 1}",256
test_kernel,99,4,qksvc,1149,"{""0000"": 213, ""0010"": 22, ""1000"": 4, ""1010"": 2, ""0001"": 12, ""0011"": 3}",256
test_kernel,99,5,qksvc,1150,"{""0010"": 59, ""0011"": 133, ""0001"": 46, ""0000"": 16, ""1011"": 1, ""0101"": 1}",256
test_kernel,99,6,qksvc,1151,"{""0011"": 254, ""0010"": 2}",256
test_kernel,99,7,qksvc,1152,"{""0010"": 45, ""0000"": 159, ""0011"": 14, ""0001"": 37, ""0100"": 1}",256
test_kernel,99,8,qksvc,1153,"{""0000"": 242, ""1000"": 4, ""0010"": 7, ""0001"": 3}",256
test_kernel,99,9,qksvc,1154,"{""0000"": 249, ""0001"": 2, ""0010"": 2, ""0100"": 1, ""1000"": 2}",256
test_kernel,100,0,qksvc,1155,"{""0011"": 249, ""0001"": 4, ""1011"": 3}",256
test_kernel,100,1,qksvc,1156,"{""0011"": 252, ""0010"": 2, ""1011"": 1, ""0001"": 1}",256
test_kernel,100,2,qksvc,1157,"{""0011"": 246, ""1011"": 5, ""0001"": 1, ""0010"": 3, ""0111"": 1}",256
test_kernel,100,3,qksvc,1158,"{""0001"": 9, ""0000"": 228, ""0010"": 13, ""1000"": 3, ""1010"": 2, ""0011"": 1}",256
test_kernel,100,4,qksvc,1159,"{""0011"": 246, ""0010"": 8, ""0001"": 1, ""1011"": 1}",256
test_kernel,100,5,qksvc,1160,"{""1001"": 2, ""0000"": 70, ""0001"": 64, ""0011"": 46, ""0010"": 73, ""1000"": 1}",256
test_kernel,100,6,qksvc,1161,"{""0000"": 232, ""0001"": 9, ""0010"": 15}",256
test_kernel,100,7,qksvc,1162,"{""0010"": 14, ""0011"": 208, ""0001"": 26, ""1011"": 3, ""0000"": 4, ""0111"": 1}",256
test_kernel,100,8,qksvc,1163,"{""0011"": 245, ""0010"": 6, ""1011"": 1, ""0111"": 2, ""0001"": 2}",256
test_kernel,100,9,qksvc,1164,"{""0011"": 245, ""0010"": 6, ""0001"": 4, ""1011"": 1}",256
test_kernel,101,0,qksvc,1165,"{""0011"": 252, ""0010"": 2, ""0111"": 1, ""0001"": 1}",256
test_kernel,101,1,qksvc,1166,"{""0011"": 248, ""0001"": 4, ""1011"": 2, ""0010"": 2}",256
test_kernel,101,2,qksvc,1167,"{""0011"": 247, ""1011"": 4, ""0111"": 1, ""0010"": 2, ""0001"": 2}",256
test_kernel,101,3,qksvc,1168,"{""0000"": 229, ""0010"": 14, ""1000"": 1, ""0001"": 10, ""0011"": 1, ""1001"": 1}",256
test_kernel,101,4,qksvc,1169,"{""0011"": 233, ""0001"": 7, ""1011"": 8, ""0111"": 1, ""0010"": 7}",256
test_kernel,101,5,qksvc,1170,"{""0010"": 53, ""0000"": 101, ""0011"": 45, ""0001"": 56, ""1000"": 1}",256
test_kernel,101,6,qksvc,1171,"{""0000"": 234, ""0001"": 6, ""0010"": 12, ""1000"": 3, ""1010"": 1}",256
test_kernel,101,7,qksvc,1172,"{""0011"": 205, ""0000"": 2, ""0001"": 18, ""0010"": 27, ""1001"": 1, ""1011"": 2, ""0111"": 1}",256
test_kernel,101,8,qksvc,1173,"{""0011"": 244, ""1011"": 4, ""0010"": 3, ""0111"": 1, ""0001"": 4}",256
test_kernel,101,9,qksvc,1174,"{""0011"": 245, ""0010"": 6, ""1011"": 4, ""0001"": 1}",256
test_kernel,102,0,qksvc,1175,"{""0000"": 236, ""0010"": 11, ""0001"": 7, ""1000"": 1, ""0011"": 1}",256
test_kernel,102,1,qksvc,1176,"{""0000"": 239, ""0010"": 8, ""0001"": 5, ""0100"": 2, ""1000"": 2}",256
test_kernel,102,2,qksvc,1177,"{""0000"": 229, ""0001"": 8, ""0010"": 14, ""0100"": 2, ""1000"": 3}",256
test_kernel,102,3,qksvc,1178,"{""0011"": 245, ""0001"": 5, ""1011"": 5, ""0010"": 1}",256
test_kernel,102,4,qksvc,1179,"{""0000"": 214, ""0001"": 12, ""0010"": 26, ""1000"": 2, ""0101"": 1, ""0110"": 1}",256
test_kernel,102,5,qksvc,1180,"{""0011"": 145, ""0010"": 49, ""0001"": 52, ""0000"": 10}",256
test_kernel,102,6,qksvc,1181,"{""0011"": 250, ""0001"": 4, ""1011"": 2}",256
test_kernel,102,7,qksvc,1182,"{""0000"": 142, ""0001"": 48, ""0011"": 14, ""0010"": 48, ""1000"": 2, ""1010"": 2}",256
test_kernel,102,8,qksvc,1183,"{""0000"": 248, ""1000"": 1, ""0001"": 3, ""0010"": 3, ""0100"": 1}",256
test_kernel,102,9,qksvc,1184,"{""0000"": 244, ""0010"": 9, ""0100"": 1, ""0001"": 2}",256
test_kernel,103,0,qksvc,1185,"{""0001"": 12, ""0000"": 234, ""0010"": 7, ""1000"": 2, ""0100"": 1}",256
test_kernel,103,1,qksvc,1186,"{""0000"": 240, ""0010"": 8, ""0001"": 6, ""0100"": 2}",256
test_kernel,103,2,qksvc,1187,"{""0000"": 233, ""0001"": 8, ""0010"": 14, ""0011"": 1}",256
test_kernel,103,3,qksvc,1188,"{""0011"": 249, ""1011"": 2, ""1010"": 1, ""0111"": 1, ""0010"": 1, ""0001"": 2}",256
test_kernel,103,4,qksvc,1189,"{""0000"": 212, ""0010"": 29, ""0001"": 13, ""0011"": 2}",256
test_kernel,103,5,qksvc,1190,"{""0011"": 151, ""0000"": 16, ""0001"": 35, ""0010"": 52, ""1001"": 1, ""0111"": 1}",256
test_kernel,103,6,qksvc,1191,"{""0011"": 249, ""0010"": 2, ""0001"": 3, ""1011"": 2}",256
test_kernel,103,7,qksvc,1192,"{""0011"": 15, ""0000"": 161, ""0001"": 44, ""0010"": 33, ""1010"": 1, ""0100"": 2}",256
test_kernel,103,8,qksvc,1193,"{""0000"": 242, ""0010"": 8, ""0001"": 2, ""1000"": 3, ""0100"": 1}",256
test_kernel,103,9,qksvc,1194,"{""0000"": 240, ""0001"": 3, ""0100"": 2, ""0010"": 7, ""1000"": 4}",256
test_kernel,104,0,qksvc,1195,"{""0000"": 240, ""0010"": 8, ""0001"": 6, ""0100"": 1, ""1000"": 1}",256
test_kernel,104,1,qksvc,1196,"{""0000"": 237, ""0001"": 6, ""1000"": 2, ""0010"": 10, ""0100"": 1}",256
test_kernel,104,2,qksvc,1197,"{""0000"": 239, ""0010"": 8, ""0001"": 6, ""1000"": 3}",256
test_kernel,104,3,qksvc,1198,"{""0011"": 246, ""1011"": 4, ""0001"": 1, ""0010"": 4, ""0111"": 1}",256
test_kernel,104,4,qksvc,1199,"{""0000"": 215, ""0010"": 18, ""0001"": 21, ""0011"": 2}",256
test_kernel,104,5,qksvc,1200,"{""0010"": 55, ""0001"": 41, ""0000"": 20, ""0011"": 138, ""0110"": 1, ""0111"": 1}",256
test_kernel,104,6,qksvc,1201,"{""0011"": 246, ""0001"": 4, ""1011"": 2, ""0010"": 2, ""0111"": 2}",256
test_kernel,104,7,qksvc,1202,"{""0000"": 162, ""0010"": 42, ""0001"": 40, ""0011"": 10, ""1011"": 1, ""1010"": 1}",256
test_kernel,104,8,qksvc,1203,"{""0000"": 247, ""0001"": 5, ""0010"": 2, ""0100"": 1, ""1000"": 1}",256
test_kernel,104,9,qksvc,1204,"{""0000"": 248, ""0001"": 3, ""0010"": 2, ""0100"": 2, ""1000"": 1}",256
test_kernel,105,0,qksvc,1205,"{""0000"": 248, ""0001"": 2, ""0010"": 5, ""0011"": 1}",256
test_kernel,105,1,qksvc,1206,"{""0000"": 245, ""0001"": 5, ""0010"": 3, ""1000"": 1, ""0100"": 2}",256
test_kernel,105,2,qksvc,1207,"{""0000"": 236, ""0010"": 13, ""0001"": 6, ""0100"": 1}",256
test_kernel,105,3,qksvc,1208,"{""0011"": 250, ""1011"": 2, ""0010"": 2, ""0001"": 1, ""0111"": 1}",256
test_kernel,105,4,qksvc,1209,"{""0000"": 219, ""0010"": 20, ""0001"": 15, ""1000"": 2}",256
test_kernel,105,5,qksvc,1210,"{""0010"": 50, ""0011"": 138, ""0001"": 48, ""0000"": 20}",256
test_kernel,105,6,qksvc,1211,"{""0011"": 248, ""0001"": 4, ""0111"": 1, ""1011"": 1, ""0010"": 2}",256
test_kernel,105,7,qksvc,1212,"{""0000"": 144, ""0001"": 52, ""0010"": 48, ""0100"": 1, ""0011"": 9, ""1000"": 1, ""1010"": 1}",256
test_kernel,105,8,qksvc,1213,"{""0000"": 250, ""0010"": 3, ""0001"": 1, ""1000"": 1, ""0100"": 1}",256
test_kernel,105,9,qksvc,1214,"{""0000"": 252, ""0001"": 2, ""0010"": 1, ""1000"": 1}",256
test_kernel,106,0,qksvc,1215,"{""0000"": 242, ""0010"": 8, ""1000"": 2, ""0100"": 1, ""0001"": 3}",256
test_kernel,106,1,qksvc,1216,"{""0000"": 234, ""0100"": 1, ""0010"": 10, ""1000"": 2, ""0001"": 8, ""0011"": 1}",256
test_kernel,106,2,qksvc,1217,"{""0000"": 239, ""0001"": 8, ""0010"": 4, ""1001"": 1, ""1000"": 3, ""0100"": 1}",256
test_kernel,106,3,qksvc,1218,"{""0011"": 248, ""0001"": 6, ""0111"": 1, ""1011"": 1}",256
test_kernel,106,4,qksvc,1219,"{""0000"": 216, ""0001"": 14, ""0011"": 2, ""0010"": 21, ""1000"": 2, ""1001"": 1}",256
test_kernel,106,5,qksvc,1220,"{""0010"": 45, ""0001"": 45, ""0011"": 138, ""0000"": 22, ""1010"": 2, ""1011"": 3, ""1001"": 1}",256
test_kernel,106,6,qksvc,1221,"{""0011"": 244, ""0001"": 5, ""0111"": 1, ""1011"": 3, ""0010"": 3}",256
test_kernel,106,7,qksvc,1222,"{""0010"": 60, ""0000"": 137, ""0001"": 48, ""0011"": 10, ""0111"": 1}",256
test_kernel,106,8,qksvc,1223,"{""0000"": 246, ""0010"": 7, ""0001"": 1, ""0100"": 1, ""1000"": 1}",256
test_kernel,106,9,qksvc,1224,"{""0000"": 246, ""1000"": 1, ""0010"": 6, ""0001"": 2, ""0100"": 1}",256
test_kernel,107,0,qksvc,1225,"{""0000"": 236, ""0010"": 11, ""1000"": 1, ""0001"": 6, ""0100"": 2}",256
test_kernel,107,1,qksvc,1226,"{""0000"": 227, ""0010"": 10, ""0001"": 12, ""0110"": 1, ""1000"": 6}",256
test_kernel,107,2,qksvc,1227,"{""0000"": 239, ""0001"": 5, ""0010"": 10, ""1000"": 1, ""0011"": 1}",256
test_kernel,107,3,qksvc,1228,"{""0011"": 243, ""1011"": 4, ""0001"": 4, ""0010"": 3, ""0111"": 2}",256
test_kernel,107,4,qksvc,1229,"{""0000"": 220, ""0010"": 20, ""0001"": 15, ""1000"": 1}",256
test_kernel,107,5,qksvc,1230,"{""0011"": 148, ""0001"": 47, ""0010"": 44, ""0000"": 14, ""1011"": 2, ""1000"": 1}",256
test_kernel,107,6,qksvc,1231,"{""0011"": 251, ""1011"": 3, ""0010"": 2}",256
test_kernel,107,7,qksvc,1232,"{""0010"": 48, ""0001"": 39, ""0000"": 158, ""0011"": 9, ""0101"": 1, ""1000"": 1}",256
test_kernel,107,8,qksvc,1233,"{""0000"": 242, ""0010"": 9, ""0001"": 2, ""1000"": 3}",256
test_kernel,107,9,qksvc,1234,"{""0000"": 246, ""0001"": 1, ""0010"": 6, ""1000"": 3}",256
test_kernel,108,0,qksvc,1235,"{""0011"": 249, ""1011"": 2, ""0001"": 5}",256
test_kernel,108,1,qksvc,1236,"{""0011"": 249, ""0111"": 1, ""0001"": 3, ""1011"": 2, ""0010"": 1}",256
test_kernel,108,2,qksvc,1237,"{""0001"": 5, ""0011"": 246, ""0111"": 3, ""1011"": 1, ""0010"": 1}",256
test_kernel,108,3,qksvc,1238,"{""0000"": 235, ""0001"": 6, ""0010"": 11, ""1000"": 4}",256
test_kernel,108,4,qksvc,1239,"{""0011"": 243, ""1011"": 3, ""0001"": 6, ""0010"": 2, ""0000"": 1, ""1010"": 1}",256
test_kernel,108,5,qksvc,1240,"{""0010"": 64, ""0001"": 53, ""0000"": 83, ""0011"": 53, ""1000"": 2, ""1001"": 1}",256
test_kernel,108,6,qksvc,1241,"{""0000"": 235, ""0001"": 2, ""0010"": 17, ""1000"": 2}",256
test_kernel,108,7,qksvc,1242,"{""0011"": 194, ""0001"": 25, ""0010"": 26, ""1011"": 7, ""0000"": 3, ""0111"": 1}",256
test_kernel,108,8,qksvc,1243,"{""0011"": 249, ""0001"": 2, ""0010"": 5}",256
test_kernel,108,9,qksvc,1244,"{""0011"": 244, ""0010"": 4, ""1011"": 5, ""0001"": 2, ""0111"": 1}",256
test_kernel,109,0,qksvc,1245,"{""0000"": 237, ""0010"": 7, ""0001"": 7, ""0011"": 1, ""0100"": 1, ""1000"": 3}",256
test_kernel,109,1,qksvc,1246,"{""0000"": 241, ""0001"": 4, ""0010"": 7, ""1000"": 3, ""0100"": 1}",256
test_kernel,109,2,qksvc,1247,"{""0000"": 230, ""0010"": 14, ""0001"": 9, ""1000"": 1, ""0011"": 1, ""1001"": 1}",256
test_kernel,109,3,qksvc,1248,"{""0011"": 249, ""0001"": 3, ""0111"": 2, ""1011"": 2}",256
test_kernel,109,4,qksvc,1249,"{""0000"": 210, ""0010"": 23, ""0001"": 21, ""0011"": 2}",256
test_kernel,109,5,qksvc,1250,"{""0001"": 52, ""0010"": 52, ""0011"": 139, ""0000"": 9, ""1001"": 1, ""0100"": 1, ""1011"": 2}",256
test_kernel,109,6,qksvc,1251,"{""0011"": 239, ""0001"": 11, ""0010"": 4, ""1011"": 2}",256
test_kernel,109,7,qksvc,1252,"{""0001"": 46, ""0000"": 158, ""0010"": 38, ""0011"": 12, ""0101"": 1, ""1000"": 1}",256
test_kernel,109,8,qksvc,1253,"{""0000"": 246, ""0010"": 5, ""1000"": 3, ""0001"": 2}",256
test_kernel,109,9,qksvc,1254,"{""0000"": 252, ""0010"": 2, ""0001"": 1, ""1001"": 1}",256
test_kernel,110,0,qksvc,1255,"{""0000"": 240, ""0010"": 6, ""1000"": 4, ""0001"": 5, ""0100"": 1}",256
test_kernel,110,1,qksvc,1256,"{""0000"": 240, ""0001"": 7, ""0010"": 9}",256
test_kernel,110,2,qksvc,1257,"{""0000"": 243, ""0001"": 4, ""0010"": 8, ""0100"": 1}",256
test_kernel,110,3,qksvc,1258,"{""0011"": 248, ""0001"": 4, ""0010"": 2, ""1011"": 2}",256
test_kernel,110,4,qksvc,1259,"{""0001"": 16, ""0000"": 217, ""0010"": 21, ""0011"": 2}",256
test_kernel,110,5,qksvc,1260,"{""0000"": 13, ""0011"": 145, ""0010"": 52, ""0001"": 46}",256
test_kernel,110,6,qksvc,1261,"{""0011"": 247, ""0010"": 2, ""0001"": 3, ""1011"": 4}",256
test_kernel,110,7,qksvc,1262,"{""0000"": 165, ""0010"": 40, ""0011"": 11, ""0001"": 36, ""0101"": 1, ""1000"": 3}",256
test_kernel,110,8,qksvc,1263,"{""0000"": 250, ""0001"": 1, ""0010"": 2, ""1000"": 2, ""0011"": 1}",256
test_kernel,110,9,qksvc,1264,"{""0000"": 250, ""0010"": 5, ""0001"": 1}",256
test_kernel,111,0,qksvc,1265,"{""0011"": 244, ""0001"": 6, ""1011"": 3, ""0010"": 3}",256
test_kernel,111,1,qksvc,1266,"{""0011"": 248, ""1011"": 2, ""0001"": 4, ""0111"": 1, ""0010"": 1}",256
test_kernel,111,2,qksvc,1267,"{""0011"": 248, ""0001"": 3, ""0010"": 2, ""1011"": 3}",256
test_kernel,111,3,qksvc,1268,"{""0000"": 242, ""0001"": 5, ""0011"": 1, ""0010"": 7, ""1000"": 1}",256
test_kernel,111,4,qksvc,1269,"{""0011"": 242, ""1011"": 1, ""0010"": 6, ""0001"": 6, ""0111"": 1}",256
test_kernel,111,5,qksvc,1270,"{""0010"": 71, ""0011"": 42, ""0000"": 85, ""0001"": 57, ""1000"": 1}",256
test_kernel,111,6,qksvc,1271,"{""0000"": 238, ""0010"": 10, ""1000"": 3, ""0001"": 4, ""0110"": 1}",256
test_kernel,111,7,qksvc,1272,"{""0011"": 199, ""0010"": 28, ""0000"": 3, ""0001"": 22, ""1011"": 3, ""0111"": 1}",256
test_kernel,111,8,qksvc,1273,"{""0011"": 249, ""0001"": 6, ""0010"": 1}",256
test_kernel,111,9,qksvc,1274,"{""0010"": 3, ""0011"": 245, ""1011"": 3, ""0001"": 5}",256
test_kernel,112,0,qksvc,1275,"{""0000"": 238, ""0010"": 13, ""1001"": 1, ""0001"": 3, ""1000"": 1}",256
test_kernel,112,1,qksvc,1276,"{""0000"": 243, ""0010"": 6, ""0100"": 3, ""1000"": 2, ""0001"": 2}",256
test_kernel,112,2,qksvc,1277,"{""0000"": 241, ""0010"": 9, ""0100"": 1, ""0001"": 4, ""1000"": 1}",256
test_kernel,112,3,qksvc,1278,"{""0011"": 248, ""0001"": 5, ""1011"": 2, ""0111"": 1}",256
test_kernel,112,4,qksvc,1279,"{""0000"": 208, ""0011"": 3, ""0010"": 30, ""0001"": 13, ""1000"": 2}",256
test_kernel,112,5,qksvc,1280,"{""0011"": 136, ""0001"": 55, ""0010"": 46, ""0000"": 15, ""1011"": 3, ""1000"": 1}",256
test_kernel,112,6,qksvc,1281,"{""0011"": 249, ""0001"": 1, ""0010"": 1, ""1011"": 5}",256
test_kernel,112,7,qksvc,1282,"{""0000"": 155, ""0001"": 40, ""0010"": 54, ""0011"": 5, ""1000"": 2}",256
test_kernel,112,8,qksvc,1283,"{""0000"": 249, ""0001"": 2, ""0010"": 1, ""1000"": 3, ""1010"": 1}",256
test_kernel,112,9,qksvc,1284,"{""0000"": 246, ""1000"": 4, ""0010"": 4, ""0001"": 2}",256
test_kernel,113,0,qksvc,1285,"{""0000"": 243, ""0010"": 7, ""1000"": 2, ""0001"": 4}",256
test_kernel,113,1,qksvc,1286,"{""0000"": 241, ""0010"": 9, ""0100"": 1, ""0001"": 5}",256
test_kernel,113,2,qksvc,1287,"{""0000"": 237, ""0001"": 11, ""0010"": 8}",256
test_kernel,113,3,qksvc,1288,"{""0011"": 249, ""0001"": 4, ""1011"": 3}",256
test_kernel,113,4,qksvc,1289,"{""0011"": 3, ""0000"": 215, ""0010"": 20, ""0001"": 16, ""1000"": 1, ""0100"": 1}",256
test_kernel,113,5,qksvc,1290,"{""0001"": 54, ""0010"": 56, ""0011"": 127, ""0000"": 16, ""1000"": 1, ""0111"": 1, ""1011"": 1}",256
test_kernel,113,6,qksvc,1291,"{""0011"": 245, ""1011"": 3, ""0001"": 6, ""0010"": 2}",256
test_kernel,113,7,qksvc,1292,"{""0010"": 42, ""0000"": 161, ""0011"": 11, ""0001"": 40, ""1001"": 1, ""1000"": 1}",256
test_kernel,113,8,qksvc,1293,"{""0000"": 247, ""0001"": 2, ""0010"": 3, ""1000"": 3, ""0100"": 1}",256
test_kernel,113,9,qksvc,1294,"{""0000"": 241, ""1000"": 6, ""0001"": 2, ""0010"": 7}",256
test_kernel,114,0,qksvc,1295,"{""0000"": 248, ""0010"": 4, ""1000"": 2, ""0001"": 1, ""0100"": 1}",256
test_kernel,114,1,qksvc,1296,"{""0000"": 247, ""0010"": 5, ""0001"": 3, ""1000"": 1}",256
test_kernel,114,2,qksvc,1297,"{""0000"": 233, ""1000"": 4, ""0001"": 8, ""0010"": 10, ""1001"": 1}",256
test_kernel,114,3,qksvc,1298,"{""0011"": 243, ""0001"": 3, ""1011"": 5, ""0111"": 2, ""0010"": 3}",256
test_kernel,114,4,qksvc,1299,"{""0000"": 216, ""0001"": 18, ""0010"": 19, ""0100"": 1, ""0101"": 1, ""0011"": 1}",256
test_kernel,114,5,qksvc,1300,"{""0011"": 138, ""0001"": 44, ""0000"": 17, ""0010"": 57}",256
test_kernel,114,6,qksvc,1301,"{""0011"": 253, ""0001"": 1, ""1011"": 2}",256
test_kernel,114,7,qksvc,1302,"{""0010"": 36, ""0000"": 175, ""0001"": 35, ""1001"": 2, ""0011"": 7, ""1010"": 1}",256
test_kernel,114,8,qksvc,1303,"{""0000"": 249, ""1000"": 2, ""0100"": 2, ""0001"": 1, ""0010"": 2}",256
test_kernel,114,9,qksvc,1304,"{""0000"": 246, ""0010"": 4, ""0001"": 2, ""1000"": 3, ""0100"": 1}",256
test_kernel,115,0,qksvc,1305,"{""0000"": 236, ""0010"": 14, ""0001"": 1, ""1000"": 4, ""0100"": 1}",256
test_kernel,115,1,qksvc,1306,"{""0000"": 241, ""0010"": 10, ""0001"": 4, ""1000"": 1}",256
test_kernel,115,2,qksvc,1307,"{""0001"": 13, ""0000"": 234, ""0010"": 7, ""1000"": 2}",256
test_kernel,115,3,qksvc,1308,"{""0011"": 249, ""0111"": 1, ""1011"": 3, ""0001"": 3}",256
test_kernel,115,4,qksvc,1309,"{""0000"": 197, ""1000"": 2, ""0010"": 28, ""0001"": 22, ""0011"": 5, ""1010"": 1, ""0100"": 1}",256
test_kernel,115,5,qksvc,1310,"{""0010"": 47, ""0001"": 46, ""0011"": 152, ""1011"": 1, ""0000"": 9, ""1010"": 1}",256
test_kernel,115,6,qksvc,1311,"{""0011"": 250, ""1011"": 3, ""0010"": 1, ""0001"": 2}",256
test_kernel,115,7,qksvc,1312,"{""0000"": 153, ""0011"": 17, ""0001"": 45, ""0010"": 39, ""1001"": 1, ""1000"": 1}",256
test_kernel,115,8,qksvc,1313,"{""0000"": 247, ""0010"": 4, ""0001"": 4, ""1000"": 1}",256
test_kernel,115,9,qksvc,1314,"{""0000"": 243, ""0010"": 5, ""0001"": 3, ""1000"": 4, ""0100"": 1}",256
test_kernel,116,0,qksvc,1315,"{""0000"": 243, ""0010"": 6, ""0001"": 4, ""1000"": 2, ""0110"": 1}",256
test_kernel,116,1,qksvc,1316,"{""0010"": 5, ""0000"": 245, ""1000"": 3, ""0001"": 2, ""0100"": 1}",256
test_kernel,116,2,qksvc,1317,"{""0000"": 236, ""0010"": 11, ""0001"": 6, ""0100"": 1, ""1000"": 2}",256
test_kernel,116,3,qksvc,1318,"{""0011"": 253, ""0001"": 1, ""0010"": 1, ""0111"": 1}",256
test_kernel,116,4,qksvc,1319,"{""0010"": 24, ""0000"": 217, ""0001"": 12, ""0011"": 3}",256
test_kernel,116,5,qksvc,1320,"{""0001"": 54, ""0011"": 121, ""0010"": 52, ""0000"": 25, ""1010"": 1, ""1001"": 1, ""0101"": 1, ""1011"": 1}",256
test_kernel,116,6,qksvc,1321,"{""0011"": 251, ""0001"": 1, ""1011"": 3, ""0111"": 1}",256
test_kernel,116,7,qksvc,1322,"{""0000"": 155, ""0010"": 49, ""0001"": 44, ""0011"": 5, ""0100"": 1, ""1000"": 1, ""0101"": 1}",256
test_kernel,116,8,qksvc,1323,"{""0000"": 246, ""0010"": 4, ""1000"": 4, ""0001"": 2}",256
test_kernel,116,9,qksvc,1324,"{""0000"": 248, ""0010"": 3, ""0001"": 2, ""1000"": 3}",256
test_kernel,117,0,qksvc,1325,"{""0011"": 251, ""0010"": 1, ""0001"": 4}",256
test_kernel,117,1,qksvc,1326,"{""0011"": 247, ""0010"": 4, ""1011"": 3, ""0001"": 2}",256
test_kernel,117,2,qksvc,1327,"{""0011"": 249, ""0001"": 2, ""0010"": 2, ""1011"": 3}",256
test_kernel,117,3,qksvc,1328,"{""0000"": 225, ""0010"": 19, ""0001"": 7, ""0100"": 1, ""1001"": 1, ""1000"": 1, ""0011"": 2}",256
test_kernel,117,4,qksvc,1329,"{""0011"": 242, ""0010"": 10, ""0001"": 4}",256
test_kernel,117,5,qksvc,1330,"{""0000"": 79, ""0011"": 50, ""0001"": 64, ""0010"": 61, ""1010"": 1, ""1000"": 1}",256
test_kernel,117,6,qksvc,1331,"{""0000"": 236, ""1000"": 2, ""0010"": 10, ""0001"": 7, ""0101"": 1}",256
test_kernel,117,7,qksvc,1332,"{""0011"": 213, ""0001"": 19, ""0010"": 19, ""1011"": 1, ""0000"": 2, ""0110"": 1, ""0111"": 1}",256
test_kernel,117,8,qksvc,1333,"{""0011"": 244, ""1001"": 1, ""1011"": 4, ""0001"": 4, ""0000"": 1, ""0111"": 1, ""0010"": 1}",256
test_kernel,117,9,qksvc,1334,"{""0011"": 242, ""0001"": 2, ""1011"": 5, ""0111"": 3, ""0010"": 4}",256
test_kernel,118,0,qksvc,1335,"{""0000"": 245, ""0010"": 4, ""1000"": 2, ""0001"": 3, ""0100"": 2}",256
test_kernel,118,1,qksvc,1336,"{""0000"": 239, ""0010"": 7, ""0001"": 9, ""1000"": 1}",256
test_kernel,118,2,qksvc,1337,"{""0000"": 234, ""1001"": 1, ""0001"": 5, ""0010"": 12, ""0011"": 2, ""1000"": 1, ""1010"": 1}",256
test_kernel,118,3,qksvc,1338,"{""0011"": 247, ""1011"": 2, ""0001"": 4, ""0111"": 2, ""0010"": 1}",256
test_kernel,118,4,qksvc,1339,"{""0000"": 217, ""0010"": 19, ""0001"": 17, ""0100"": 2, ""1000"": 1}",256
test_kernel,118,5,qksvc,1340,"{""0001"": 49, ""0011"": 141, ""0010"": 53, ""0000"": 12, ""0111"": 1}",256
test_kernel,118,6,qksvc,1341,"{""0011"": 247, ""0001"": 7, ""0010"": 1, ""1011"": 1}",256
test_kernel,118,7,qksvc,1342,"{""0000"": 156, ""0011"": 13, ""0001"": 43, ""0010"": 43, ""1010"": 1}",256
test_kernel,118,8,qksvc,1343,"{""0000"": 248, ""0010"": 3, ""0001"": 4, ""1000"": 1}",256
test_kernel,118,9,qksvc,1344,"{""0000"": 250, ""0010"": 3, ""1000"": 3}",256
test_kernel,119,0,qksvc,1345,"{""0000"": 242, ""0010"": 6, ""0001"": 4, ""0011"": 2, ""0100"": 1, ""1000"": 1}",256
test_kernel,119,1,qksvc,1346,"{""0001"": 6, ""0000"": 237, ""0010"": 9, ""0011"": 2, ""1000"": 1, ""0100"": 1}",256
test_kernel,119,2,qksvc,1347,"{""0000"": 231, ""0001"": 10, ""0010"": 11, ""0100"": 2, ""1000"": 2}",256
test_kernel,119,3,qksvc,1348,"{""0011"": 244, ""1011"": 4, ""0001"": 6, ""0010"": 2}",256
test_kernel,119,4,qksvc,1349,"{""0000"": 197, ""0010"": 25, ""0001"": 27, ""1000"": 5, ""0011"": 1, ""0110"": 1}",256
test_kernel,119,5,qksvc,1350,"{""0010"": 56, ""0001"": 43, ""0011"": 143, ""0000"": 14}",256
test_kernel,119,6,qksvc,1351,"{""0011"": 251, ""0111"": 1, ""0010"": 2, ""0001"": 1, ""1011"": 1}",256
test_kernel,119,7,qksvc,1352,"{""0001"": 43, ""0011"": 17, ""0000"": 148, ""0010"": 42, ""1011"": 1, ""1000"": 2, ""1001"": 1, ""1010"": 2}",256
test_kernel,119,8,qksvc,1353,"{""0000"": 243, ""0010"": 7, ""0001"": 3, ""1000"": 2, ""0100"": 1}",256
test_kernel,119,9,qksvc,1354,"{""0000"": 244, ""1000"": 1, ""0001"": 4, ""0010"": 7}",256
test_kernel,120,0,qksvc,1355,"{""0011"": 241, ""0010"": 7, ""1011"": 6, ""0001"": 1, ""0111"": 1}",256
test_kernel,120,1,qksvc,1356,"{""0011"": 245, ""1011"": 3, ""0001"": 6, ""0010"": 2}",256
test_kernel,120,2,qksvc,1357,"{""0011"": 251, ""0001"": 3, ""1011"": 1, ""0010"": 1}",256
test_kernel,120,3,qksvc,1358,"{""0000"": 233, ""1000"": 2, ""0010"": 11, ""0001"": 9, ""0100"": 1}",256
test_kernel,120,4,qksvc,1359,"{""0011"": 235, ""0010"": 5, ""1011"": 5, ""0111"": 4, ""0001"": 7}",256
test_kernel,120,5,qksvc,1360,"{""0010"": 56, ""0001"": 62, ""0000"": 88, ""0011"": 47, ""1011"": 1, ""1010"": 1, ""1001"": 1}",256
test_kernel,120,6,qksvc,1361,"{""0000"": 234, ""0001"": 9, ""0011"": 2, ""0010"": 8, ""1000"": 2, ""1001"": 1}",256
test_kernel,120,7,qksvc,1362,"{""0011"": 205, ""0001"": 27, ""1011"": 4, ""0010"": 19, ""0111"": 1}",256
test_kernel,120,8,qksvc,1363,"{""0011"": 249, ""0010"": 4, ""1011"": 1, ""0001"": 2}",256
test_kernel,120,9,qksvc,1364,"{""0011"": 249, ""0111"": 1, ""0001"": 2, ""1011"": 1, ""0010"": 3}",256
test_kernel,121,0,qksvc,1365,"{""0011"": 249, ""1011"": 3, ""0001"": 2, ""0111"": 1, ""0010"": 1}",256
test_kernel,121,1,qksvc,1366,"{""0011"": 248, ""1011"": 2, ""0001"": 3, ""0010"": 2, ""0111"": 1}",256
test_kernel,121,2,qksvc,1367,"{""0011"": 248, ""1011"": 3, ""0001"": 3, ""0010"": 2}",256
test_kernel,121,3,qksvc,1368,"{""0010"": 10, ""0000"": 238, ""0001"": 7, ""1000"": 1}",256
test_kernel,121,4,qksvc,1369,"{""0011"": 244, ""0001"": 2, ""0010"": 6, ""1011"": 2, ""0111"": 1, ""1001"": 1}",256
test_kernel,121,5,qksvc,1370,"{""0000"": 86, ""0011"": 37, ""0010"": 74, ""0001"": 58, ""0101"": 1}",256
test_kernel,121,6,qksvc,1371,"{""0000"": 238, ""0010"": 13, ""0001"": 2, ""1000"": 3}",256
test_kernel,121,7,qksvc,1372,"{""0011"": 204, ""0001"": 28, ""0000"": 3, ""0010"": 19, ""1001"": 1, ""1011"": 1}",256
test_kernel,121,8,qksvc,1373,"{""0011"": 244, ""0010"": 4, ""0001"": 4, ""1011"": 2, ""0111"": 2}",256
test_kernel,121,9,qksvc,1374,"{""0011"": 248, ""0001"": 6, ""0010"": 2}",256
test_kernel,122,0,qksvc,1375,"{""0000"": 246, ""0010"": 7, ""0001"": 2, ""1000"": 1}",256
test_kernel,122,1,qksvc,1376,"{""0000"": 242, ""0010"": 7, ""0001"": 6, ""1001"": 1}",256
test_kernel,122,2,qksvc,1377,"{""0000"": 240, ""0010"": 12, ""0001"": 3, ""1000"": 1}",256
test_kernel,122,3,qksvc,1378,"{""0011"": 247, ""0001"": 4, ""1011"": 4, ""0010"": 1}",256
test_kernel,122,4,qksvc,1379,"{""0000"": 218, ""0001"": 17, ""0010"": 16, ""1000"": 2, ""0100"": 1, ""0011"": 2}",256
test_kernel,122,5,qksvc,1380,"{""0011"": 115, ""0010"": 74, ""0000"": 28, ""0001"": 38, ""1011"": 1}",256
test_kernel,122,6,qksvc,1381,"{""0011"": 246, ""0001"": 2, ""1011"": 6, ""0010"": 2}",256
test_kernel,122,7,qksvc,1382,"{""0000"": 185, ""0010"": 38, ""0001"": 26, ""0011"": 7}",256
test_kernel,122,8,qksvc,1383,"{""0000"": 245, ""1000"": 2, ""0100"": 1, ""0001"": 2, ""0010"": 6}",256
test_kernel,122,9,qksvc,1384,"{""0001"": 4, ""0000"": 245, ""1000"": 2, ""0010"": 4, ""0100"": 1}",256
test_kernel,123,0,qksvc,1385,"{""0000"": 236, ""0010"": 13, ""1000"": 3, ""0100"": 1, ""0001"": 2, ""0110"": 1}",256
test_kernel,123,1,qksvc,1386,"{""0000"": 236, ""0010"": 12, ""0001"": 6, ""0011"": 1, ""1000"": 1}",256
test_kernel,123,2,qksvc,1387,"{""0001"": 6, ""0000"": 236, ""0010"": 11, ""1000"": 2, ""0100"": 1}",256
test_kernel,123,3,qksvc,1388,"{""0011"": 246, ""1011"": 2, ""0001"": 6, ""0010"": 2}",256
test_kernel,123,4,qksvc,1389,"{""0000"": 212, ""0001"": 14, ""0010"": 24, ""0100"": 1, ""1000"": 3, ""0011"": 2}",256
test_kernel,123,5,qksvc,1390,"{""0010"": 48, ""0001"": 44, ""0011"": 139, ""0000"": 25}",256
test_kernel,123,6,qksvc,1391,"{""0011"": 248, ""0111"": 1, ""0001"": 5, ""0010"": 1, ""1011"": 1}",256
test_kernel,123,7,qksvc,1392,"{""0000"": 160, ""0001"": 42, ""0011"": 10, ""0010"": 42, ""1010"": 2}",256
test_kernel,123,8,qksvc,1393,"{""0000"": 243, ""0010"": 10, ""0001"": 1, ""0100"": 1, ""1000"": 1}",256
test_kernel,123,9,qksvc,1394,"{""0000"": 245, ""0010"": 4, ""0001"": 4, ""1000"": 2, ""0100"": 1}",256
test_kernel,124,0,qksvc,1395,"{""0000"": 246, ""1000"": 1, ""0010"": 6, ""0101"": 1, ""0100"": 2}",256
test_kernel,124,1,qksvc,1396,"{""0000"": 236, ""0010"": 8, ""0001"": 6, ""0011"": 1, ""0100"": 2, ""1000"": 3}",256
test_kernel,124,2,qksvc,1397,"{""0000"": 239, ""0010"": 8, ""0100"": 2, ""0001"": 5, ""1000"": 1, ""1010"": 1}",256
test_kernel,124,3,qksvc,1398,"{""0011"": 243, ""0111"": 2, ""0010"": 5, ""0001"": 4, ""1011"": 2}",256
test_kernel,124,4,qksvc,1399,"{""0000"": 222, ""0001"": 16, ""0010"": 16, ""1000"": 1, ""0011"": 1}",256
test_kernel,124,5,qksvc,1400,"{""0001"": 57, ""0011"": 129, ""0010"": 57, ""0000"": 11, ""1011"": 1, ""1010"": 1}",256
test_kernel,124,6,qksvc,1401,"{""0011"": 247, ""1011"": 1, ""0001"": 6, ""0111"": 1, ""0010"": 1}",256
test_kernel,124,7,qksvc,1402,"{""0000"": 162, ""0001"": 33, ""0010"": 51, ""0011"": 9, ""1000"": 1}",256
test_kernel,124,8,qksvc,1403,"{""0000"": 250, ""0010"": 5, ""1000"": 1}",256
test_kernel,124,9,qksvc,1404,"{""0000"": 245, ""0001"": 3, ""0010"": 3, ""0100"": 4, ""1000"": 1}",256
test_kernel,125,0,qksvc,1405,"{""0000"": 244, ""1000"": 4, ""0100"": 2, ""0001"": 3, ""0011"": 1, ""0010"": 2}",256
test_kernel,125,1,qksvc,1406,"{""0000"": 241, ""0001"": 6, ""0010"": 5, ""0100"": 2, ""0101"": 1, ""0011"": 1}",256
test_kernel,125,2,qksvc,1407,"{""0000"": 237, ""0011"": 2, ""0010"": 7, ""1000"": 4, ""0100"": 2, ""0001"": 4}",256
test_kernel,125,3,qksvc,1408,"{""0011"": 242, ""0001"": 7, ""1001"": 1, ""1011"": 3, ""0010"": 2, ""0111"": 1}",256
test_kernel,125,4,qksvc,1409,"{""0000"": 222, ""0010"": 22, ""0001"": 9, ""0011"": 1, ""1000"": 1, ""0100"": 1}",256
test_kernel,125,5,qksvc,1410,"{""0011"": 137, ""0000"": 19, ""0001"": 50, ""0010"": 47, ""0110"": 1, ""1011"": 2}",256
test_kernel,125,6,qksvc,1411,"{""0011"": 249, ""0111"": 2, ""0001"": 5}",256
test_kernel,125,7,qksvc,1412,"{""0000"": 174, ""0010"": 38, ""0001"": 34, ""0011"": 8, ""1001"": 1, ""1000"": 1}",256
test_kernel,125,8,qksvc,1413,"{""0000"": 249, ""1000"": 3, ""0010"": 3, ""0001"": 1}",256
test_kernel,125,9,qksvc,1414,"{""0000"": 251, ""0010"": 4, ""1000"": 1}",256
test_kernel,126,0,qksvc,1415,"{""0000"": 240, ""0010"": 8, ""1000"": 5, ""0001"": 2, ""0100"": 1}",256
test_kernel,126,1,qksvc,1416,"{""0000"": 241, ""0011"": 1, ""0001"": 5, ""0010"": 7, ""1000"": 2}",256
test_kernel,126,2,qksvc,1417,"{""0000"": 237, ""0001"": 2, ""0010"": 14, ""1000"": 3}",256
test_kernel,126,3,qksvc,1418,"{""0011"": 249, ""0010"": 1, ""1011"": 2, ""0111"": 2, ""0001"": 2}",256
test_kernel,126,4,qksvc,1419,"{""0000"": 225, ""1000"": 1, ""0001"": 14, ""0010"": 14, ""0100"": 1, ""0011"": 1}",256
test_kernel,126,5,qksvc,1420,"{""1011"": 1, ""0001"": 43, ""0010"": 53, ""0011"": 133, ""0000"": 25, ""1010"": 1}",256
test_kernel,126,6,qksvc,1421,"{""0011"": 244, ""0001"": 4, ""0010"": 1, ""0111"": 1, ""1011"": 5, ""1010"": 1}",256
test_kernel,126,7,qksvc,1422,"{""0010"": 40, ""0001"": 43, ""0000"": 157, ""0011"": 10, ""1000"": 3, ""1010"": 1, ""1011"": 1, ""0110"": 1}",256
test_kernel,126,8,qksvc,1423,"{""0000"": 251, ""0010"": 4, ""0100"": 1}",256
test_kernel,126,9,qksvc,1424,"{""0000"": 250, ""0010"": 3, ""1000"": 2, ""0001"": 1}",256
test_kernel,127,0,qksvc,1425,"{""0000"": 239, ""0001"": 6, ""0010"": 7, ""1000"": 3, ""0100"": 1}",256
test_kernel,127,1,qksvc,1426,"{""0000"": 241, ""0001"": 3, ""0010"": 9, ""0100"": 1, ""1000"": 2}",256
test_kernel,127,2,qksvc,1427,"{""0000"": 229, ""0010"": 15, ""0001"": 10, ""0011"": 1, ""1000"": 1}",256
test_kernel,127,3,qksvc,1428,"{""0011"": 247, ""0001"": 5, ""1011"": 3, ""0010"": 1}",256
test_kernel,127,4,qksvc,1429,"{""0000"": 216, ""0001"": 19, ""0010"": 20, ""0011"": 1}",256
test_kernel,127,5,qksvc,1430,"{""0011"": 125, ""0001"": 52, ""0010"": 54, ""0000"": 22, ""1011"": 1, ""1001"": 1, ""0111"": 1}",256
test_kernel,127,6,qksvc,1431,"{""0011"": 249, ""1011"": 4, ""0001"": 2, ""0010"": 1}",256
test_kernel,127,7,qksvc,1432,"{""0000"": 156, ""0001"": 38, ""0010"": 48, ""0011"": 11, ""1000"": 2, ""0100"": 1}",256
test_kernel,127,8,qksvc,1433,"{""0000"": 244, ""0001"": 2, ""1000"": 1, ""0010"": 7, ""0100"": 2}",256
test_kernel,127,9,qksvc,1434,"{""0000"": 245, ""0010"": 6, ""0001"": 2, ""1000"": 1, ""0100"": 2}",256
test_kernel,128,0,qksvc,1435,"{""0000"": 244, ""0001"": 4, ""1000"": 2, ""0010"": 6}",256
test_kernel,128,1,qksvc,1436,"{""0000"": 245, ""0001"": 6, ""0010"": 4, ""1000"": 1}",256
test_kernel,128,2,qksvc,1437,"{""0000"": 243, ""0010"": 9, ""1000"": 2, ""0001"": 1, ""0100"": 1}",256
test_kernel,128,3,qksvc,1438,"{""0011"": 246, ""1011"": 3, ""0001"": 5, ""0111"": 2}",256
test_kernel,128,4,qksvc,1439,"{""0001"": 14, ""0000"": 216, ""0010"": 24, ""1000"": 1, ""0100"": 1}",256
test_kernel,128,5,qksvc,1440,"{""0000"": 18, ""0011"": 134, ""0010"": 39, ""0001"": 62, ""1010"": 1, ""1000"": 1, ""0111"": 1}",256
test_kernel,128,6,qksvc,1441,"{""0011"": 250, ""0001"": 4, ""1011"": 1, ""0111"": 1}",256
test_kernel,128,7,qksvc,1442,"{""0000"": 163, ""0001"": 33, ""0010"": 49, ""0011"": 8, ""1000"": 2, ""0100"": 1}",256
test_kernel,128,8,qksvc,1443,"{""0000"": 247, ""0100"": 1, ""1000"": 5, ""1100"": 1, ""0010"": 2}",256
test_kernel,128,9,qksvc,1444,"{""0000"": 249, ""0010"": 4, ""0001"": 1, ""1000"": 2}",256
test_kernel,129,0,qksvc,1445,"{""0000"": 239, ""0010"": 10, ""0001"": 5, ""1000"": 2}",256
test_kernel,129,1,qksvc,1446,"{""0000"": 236, ""0010"": 9, ""0001"": 7, ""0011"": 1, ""1000"": 2, ""0100"": 1}",256
test_kernel,129,2,qksvc,1447,"{""0000"": 236, ""0010"": 14, ""0001"": 4, ""1000"": 2}",256
test_kernel,129,3,qksvc,1448,"{""0011"": 244, ""0010"": 4, ""1011"": 2, ""0001"": 5, ""0111"": 1}",256
test_kernel,129,4,qksvc,1449,"{""0000"": 213, ""0001"": 22, ""0010"": 19, ""0011"": 1, ""1000"": 1}",256
test_kernel,129,5,qksvc,1450,"{""0011"": 157, ""0010"": 42, ""0001"": 43, ""0000"": 11, ""0111"": 1, ""0100"": 1, ""0110"": 1}",256
test_kernel,129,6,qksvc,1451,"{""0011"": 250, ""0001"": 5, ""1011"": 1}",256
test_kernel,129,7,qksvc,1452,"{""0000"": 139, ""0010"": 54, ""0001"": 41, ""0011"": 17, ""0100"": 2, ""1001"": 2, ""1000"": 1}",256
test_kernel,129,8,qksvc,1453,"{""0000"": 251, ""0001"": 2, ""1000"": 1, ""0010"": 2}",256
test_kernel,129,9,qksvc,1454,"{""0000"": 248, ""0010"": 5, ""0001"": 2, ""1000"": 1}",256
test_kernel,130,0,qksvc,1455,"{""0011"": 244, ""0001"": 7, ""1011"": 3, ""0010"": 2}",256
test_kernel,130,1,qksvc,1456,"{""0011"": 250, ""0001"": 2, ""0010"": 2, ""0110"": 1, ""1011"": 1}",256
test_kernel,130,2,qksvc,1457,"{""0011"": 249, ""0010"": 1, ""1011"": 3, ""0001"": 3}",256
test_kernel,130,3,qksvc,1458,"{""0000"": 228, ""0010"": 12, ""0001"": 13, ""0100"": 1, ""1001"": 1, ""1000"": 1}",256
test_kernel,130,4,qksvc,1459,"{""0011"": 241, ""0010"": 6, ""0001"": 6, ""1011"": 3}",256
test_kernel,130,5,qksvc,1460,"{""0001"": 57, ""0011"": 44, ""0000"": 82, ""0010"": 72, ""1000"": 1}",256
test_kernel,130,6,qksvc,1461,"{""0000"": 233, ""0010"": 14, ""1000"": 1, ""0001"": 6, ""0011"": 2}",256
test_kernel,130,7,qksvc,1462,"{""0011"": 208, ""0010"": 22, ""0001"": 20, ""1011"": 3, ""0000"": 3}",256
test_kernel,130,8,qksvc,1463,"{""0011"": 245, ""0001"": 5, ""1011"": 3, ""0010"": 2, ""0111"": 1}",256
test_kernel,130,9,qksvc,1464,"{""0011"": 245, ""0111"": 2, ""0001"": 5, ""1011"": 2, ""0010"": 2}",256
test_kernel,131,0,qksvc,1465,"{""0001"": 4, ""0000"": 240, ""0010"": 9, ""1000"": 2, ""0100"": 1}",256
test_kernel,131,1,qksvc,1466,"{""0000"": 238, ""1000"": 3, ""0010"": 8, ""0001"": 7}",256
test_kernel,131,2,qksvc,1467,"{""1000"": 2, ""0000"": 235, ""0010"": 13, ""0001"": 5, ""1010"": 1}",256
test_kernel,131,3,qksvc,1468,"{""0011"": 246, ""0001"": 5, ""0010"": 3, ""1011"": 2}",256
test_kernel,131,4,qksvc,1469,"{""0000"": 225, ""0001"": 16, ""0010"": 11, ""1001"": 2, ""0011"": 2}",256
test_kernel,131,5,qksvc,1470,"{""0011"": 128, ""0001"": 57, ""0010"": 53, ""0110"": 1, ""0000"": 15, ""1011"": 1, ""1001"": 1}",256
test_kernel,131,6,qksvc,1471,"{""0011"": 249, ""1011"": 2, ""0111"": 3, ""0001"": 1, ""0010"": 1}",256
test_kernel,131,7,qksvc,1472,"{""0010"": 49, ""0000"": 150, ""0001"": 45, ""0011"": 10, ""0100"": 1, ""1000"": 1}",256
test_kernel,131,8,qksvc,1473,"{""0000"": 246, ""0010"": 5, ""1000"": 3, ""0001"": 2}",256
test_kernel,131,9,qksvc,1474,"{""0000"": 248, ""1000"": 3, ""0010"": 5}",256
test_kernel,132,0,qksvc,1475,"{""0000"": 239, ""0001"": 6, ""0010"": 9, ""0011"": 1, ""1000"": 1}",256
test_kernel,132,1,qksvc,1476,"{""0000"": 236, ""0010"": 12, ""0001"": 5, ""1000"": 1, ""0100"": 1, ""1001"": 1}",256
test_kernel,132,2,qksvc,1477,"{""0000"": 229, ""0010"": 17, ""0001"": 6, ""0011"": 3, ""1000"": 1}",256
test_kernel,132,3,qksvc,1478,"{""0011"": 248, ""1011"": 4, ""0010"": 2, ""0001"": 2}",256
test_kernel,132,4,qksvc,1479,"{""0000"": 209, ""0010"": 26, ""0001"": 15, ""0011"": 6}",256
test_kernel,132,5,qksvc,1480,"{""0010"": 48, ""0011"": 138, ""0001"": 61, ""0000"": 8, ""1011"": 1}",256
test_kernel,132,6,qksvc,1481,"{""0011"": 249, ""0111"": 3, ""0010"": 2, ""0001"": 2}",256
test_kernel,132,7,qksvc,1482,"{""0000"": 159, ""0010"": 43, ""0001"": 39, ""0011"": 12, ""0111"": 1, ""1001"": 1, ""0100"": 1}",256
test_kernel,132,8,qksvc,1483,"{""0000"": 249, ""0001"": 2, ""0010"": 5}",256
test_kernel,132,9,qksvc,1484,"{""0000"": 244, ""1000"": 2, ""0100"": 1, ""0010"": 7, ""0001"": 2}",256
test_kernel,133,0,qksvc,1485,"{""0000"": 245, ""0100"": 1, ""0011"": 1, ""0010"": 4, ""1000"": 3, ""0001"": 2}",256
test_kernel,133,1,qksvc,1486,"{""0000"": 237, ""0010"": 12, ""0001"": 4, ""0100"": 1, ""1000"": 2}",256
test_kernel,133,2,qksvc,1487,"{""0000"": 238, ""0001"": 3, ""0010"": 12, ""1000"": 3}",256
test_kernel,133,3,qksvc,1488,"{""0011"": 248, ""0010"": 4, ""1011"": 3, ""0001"": 1}",256
test_kernel,133,4,qksvc,1489,"{""0000"": 225, ""0001"": 10, ""0010"": 17, ""0100"": 2, ""1000"": 2}",256
test_kernel,133,5,qksvc,1490,"{""0000"": 25, ""0011"": 127, ""0001"": 55, ""0010"": 49}",256
test_kernel,133,6,qksvc,1491,"{""0011"": 248, ""0010"": 4, ""0001"": 3, ""1011"": 1}",256
test_kernel,133,7,qksvc,1492,"{""0000"": 163, ""0010"": 35, ""0001"": 50, ""0011"": 7, ""1001"": 1}",256
test_kernel,133,8,qksvc,1493,"{""0000"": 253, ""0010"": 2, ""0100"": 1}",256
test_kernel,133,9,qksvc,1494,"{""0000"": 253, ""0010"": 3}",256
test_kernel,134,0,qksvc,1495,"{""0000"": 239, ""1000"": 2, ""0010"": 10, ""0001"": 4, ""0100"": 1}",256
test_kernel,134,1,qksvc,1496,"{""0000"": 239, ""0010"": 7, ""0001"": 5, ""0100"": 2, ""1000"": 2, ""1100"": 1}",256
test_kernel,134,2,qksvc,1497,"{""0000"": 230, ""0010"": 13, ""0001"": 10, ""1000"": 1, ""0100"": 1, ""0011"": 1}",256
test_kernel,134,3,qksvc,1498,"{""0011"": 250, ""0010"": 1, ""1011"": 2, ""0001"": 3}",256
test_kernel,134,4,qksvc,1499,"{""0000"": 211, ""0010"": 16, ""0001"": 25, ""0110"": 1, ""1000"": 2, ""1010"": 1}",256
test_kernel,134,5,qksvc,1500,"{""0011"": 143, ""1011"": 1, ""0001"": 41, ""0010"": 46, ""0000"": 20, ""1010"": 1, ""1001"": 2, ""1000"": 1, ""1111"": 1}",256
test_kernel,134,6,qksvc,1501,"{""0011"": 245, ""1011"": 5, ""0010"": 4, ""0001"": 2}",256
test_kernel,134,7,qksvc,1502,"{""0000"": 161, ""0011"": 8, ""1000"": 1, ""0001"": 41, ""0010"": 45}",256
test_kernel,134,8,qksvc,1503,"{""0000"": 248, ""0010"": 4, ""0100"": 2, ""1000"": 2}",256
test_kernel,134,9,qksvc,1504,"{""0000"": 248, ""0010"": 4, ""0001"": 2, ""1000"": 2}",256
test_kernel,135,0,qksvc,1505,"{""0000"": 251, ""0001"": 3, ""0010"": 1, ""1000"": 1}",256
test_kernel,135,1,qksvc,1506,"{""0000"": 238, ""0010"": 9, ""0001"": 7, ""0100"": 1, ""1000"": 1}",256
test_kernel,135,2,qksvc,1507,"{""0000"": 234, ""0010"": 8, ""0100"": 1, ""0001"": 9, ""1000"": 4}",256
test_kernel,135,3,qksvc,1508,"{""0011"": 247, ""0010"": 2, ""1011"": 2, ""0111"": 2, ""0001"": 3}",256
test_kernel,135,4,qksvc,1509,"{""0000"": 220, ""0010"": 22, ""0001"": 10, ""0011"": 2, ""1000"": 2}",256
test_kernel,135,5,qksvc,1510,"{""0011"": 141, ""0001"": 36, ""0010"": 53, ""0000"": 23, ""0101"": 1, ""0111"": 1, ""1011"": 1}",256
test_kernel,135,6,qksvc,1511,"{""0010"": 1, ""0011"": 247, ""1010"": 1, ""1011"": 6, ""0001"": 1}",256
test_kernel,135,7,qksvc,1512,"{""0000"": 162, ""0010"": 36, ""0001"": 41, ""0011"": 14, ""0100"": 1, ""1000"": 2}",256
test_kernel,135,8,qksvc,1513,"{""0000"": 246, ""0010"": 6, ""1000"": 2, ""0001"": 2}",256
test_kernel,135,9,qksvc,1514,"{""0000"": 244, ""0010"": 9, ""1000"": 3}",256
test_kernel,136,0,qksvc,1515,"{""0011"": 248, ""0001"": 3, ""0010"": 2, ""1011"": 2, ""0111"": 1}",256
test_kernel,136,1,qksvc,1516,"{""0011"": 249, ""0001"": 5, ""0010"": 1, ""1011"": 1}",256
test_kernel,136,2,qksvc,1517,"{""0011"": 244, ""0010"": 4, ""1011"": 2, ""0001"": 4, ""0111"": 2}",256
test_kernel,136,3,qksvc,1518,"{""0000"": 238, ""0001"": 3, ""0010"": 11, ""1010"": 1, ""0100"": 1, ""1000"": 2}",256
test_kernel,136,4,qksvc,1519,"{""0011"": 239, ""0001"": 3, ""0010"": 8, ""0000"": 1, ""0111"": 2, ""1011"": 3}",256
test_kernel,136,5,qksvc,1520,"{""0011"": 28, ""0010"": 80, ""0000"": 89, ""0001"": 57, ""1000"": 1, ""0101"": 1}",256
test_kernel,136,6,qksvc,1521,"{""0000"": 239, ""0010"": 12, ""0001"": 4, ""1000"": 1}",256
test_kernel,136,7,qksvc,1522,"{""0011"": 199, ""0010"": 20, ""0001"": 31, ""0000"": 5, ""1011"": 1}",256
test_kernel,136,8,qksvc,1523,"{""0011"": 246, ""0001"": 6, ""0111"": 2, ""0010"": 1, ""1011"": 1}",256
test_kernel,136,9,qksvc,1524,"{""0011"": 249, ""0001"": 4, ""0010"": 2, ""0111"": 1}",256
test_kernel,137,0,qksvc,1525,"{""0000"": 242, ""1010"": 1, ""0010"": 7, ""1000"": 1, ""0001"": 4, ""0100"": 1}",256
test_kernel,137,1,qksvc,1526,"{""1000"": 2, ""0000"": 239, ""0010"": 8, ""0001"": 5, ""0100"": 1, ""1010"": 1}",256
test_kernel,137,2,qksvc,1527,"{""0000"": 229, ""0011"": 1, ""0100"": 1, ""0010"": 16, ""0001"": 6, ""1000"": 2, ""1010"": 1}",256
test_kernel,137,3,qksvc,1528,"{""0011"": 249, ""0001"": 5, ""1011"": 2}",256
test_kernel,137,4,qksvc,1529,"{""0000"": 199, ""0010"": 34, ""0001"": 14, ""1000"": 3, ""0110"": 1, ""1010"": 2, ""0011"": 3}",256
test_kernel,137,5,qksvc,1530,"{""0011"": 140, ""0001"": 57, ""0000"": 22, ""0010"": 36, ""1001"": 1}",256
test_kernel,137,6,qksvc,1531,"{""0011"": 244, ""1011"": 2, ""0001"": 6, ""0010"": 3, ""0111"": 1}",256
test_kernel,137,7,qksvc,1532,"{""0010"": 48, ""0000"": 147, ""0001"": 42, ""0100"": 1, ""0011"": 16, ""1010"": 1, ""1000"": 1}",256
test_kernel,137,8,qksvc,1533,"{""0000"": 247, ""0010"": 7, ""1000"": 1, ""0100"": 1}",256
test_kernel,137,9,qksvc,1534,"{""0000"": 250, ""0010"": 4, ""0100"": 2}",256
test_kernel,138,0,qksvc,1535,"{""0000"": 234, ""0001"": 6, ""0010"": 12, ""1000"": 2, ""0100"": 1, ""0011"": 1}",256
test_kernel,138,1,qksvc,1536,"{""0000"": 239, ""0011"": 1, ""0010"": 11, ""1000"": 1, ""0001"": 4}",256
test_kernel,138,2,qksvc,1537,"{""0000"": 229, ""0010"": 11, ""0001"": 13, ""1000"": 2, ""0100"": 1}",256
test_kernel,138,3,qksvc,1538,"{""0011"": 244, ""0010"": 3, ""1011"": 6, ""0001"": 3}",256
test_kernel,138,4,qksvc,1539,"{""0000"": 207, ""0001"": 23, ""0010"": 22, ""1000"": 2, ""0011"": 2}",256
test_kernel,138,5,qksvc,1540,"{""0011"": 151, ""0000"": 13, ""0010"": 47, ""0001"": 42, ""1001"": 1, ""0111"": 1, ""1011"": 1}",256
test_kernel,138,6,qksvc,1541,"{""0011"": 242, ""1011"": 5, ""0001"": 6, ""0010"": 1, ""0111"": 2}",256
test_kernel,138,7,qksvc,1542,"{""0000"": 160, ""0001"": 37, ""0010"": 43, ""1000"": 2, ""0011"": 12, ""0111"": 1, ""0100"": 1}",256
test_kernel,138,8,qksvc,1543,"{""0000"": 245, ""0010"": 6, ""0001"": 4, ""1000"": 1}",256
test_kernel,138,9,qksvc,1544,"{""0010"": 6, ""0000"": 242, ""0100"": 1, ""0001"": 6, ""1000"": 1}",256
test_kernel,139,0,qksvc,1545,"{""0000"": 244, ""0001"": 7, ""0010"": 4, ""0011"": 1}",256
test_kernel,139,1,qksvc,1546,"{""0000"": 236, ""0010"": 14, ""0001"": 4, ""1000"": 2}",256
test_kernel,139,2,qksvc,1547,"{""0000"": 227, ""0001"": 12, ""0010"": 13, ""0100"": 2, ""1000"": 2}",256
test_kernel,139,3,qksvc,1548,"{""0011"": 249, ""0010"": 1, ""1011"": 3, ""0001"": 2, ""0111"": 1}",256
test_kernel,139,4,qksvc,1549,"{""0000"": 208, ""1010"": 1, ""0001"": 17, ""0010"": 26, ""0011"": 3, ""0100"": 1}",256
test_kernel,139,5,qksvc,1550,"{""0011"": 152, ""0010"": 53, ""0001"": 33, ""0000"": 18}",256
test_kernel,139,6,qksvc,1551,"{""0011"": 251, ""0111"": 1, ""1011"": 3, ""0010"": 1}",256
test_kernel,139,7,qksvc,1552,"{""0001"": 52, ""0000"": 150, ""0010"": 40, ""0011"": 12, ""1011"": 1, ""1000"": 1}",256
test_kernel,139,8,qksvc,1553,"{""0000"": 247, ""0001"": 2, ""0010"": 5, ""0011"": 1, ""1000"": 1}",256
test_kernel,139,9,qksvc,1554,"{""0000"": 248, ""1000"": 3, ""0010"": 4, ""0100"": 1}",256
test_kernel,140,0,qksvc,1555,"{""0000"": 247, ""1000"": 1, ""0001"": 2, ""1001"": 1, ""0010"": 5}",256
test_kernel,140,1,qksvc,1556,"{""0000"": 234, ""1000"": 2, ""0010"": 12, ""0001"": 6, ""0100"": 2}",256
test_kernel,140,2,qksvc,1557,"{""0000"": 221, ""1000"": 2, ""0001"": 10, ""0010"": 21, ""0100"": 1, ""0011"": 1}",256
test_kernel,140,3,qksvc,1558,"{""0001"": 2, ""0011"": 249, ""1011"": 4, ""0010"": 1}",256
test_kernel,140,4,qksvc,1559,"{""0000"": 214, ""0001"": 13, ""0010"": 22, ""1001"": 1, ""1000"": 6}",256
test_kernel,140,5,qksvc,1560,"{""0011"": 158, ""0000"": 11, ""0001"": 38, ""0010"": 44, ""1011"": 2, ""0111"": 1, ""1010"": 2}",256
test_kernel,140,6,qksvc,1561,"{""0011"": 251, ""0111"": 3, ""1011"": 1, ""0010"": 1}",256
test_kernel,140,7,qksvc,1562,"{""0000"": 153, ""0010"": 50, ""0001"": 39, ""0011"": 11, ""0100"": 1, ""0101"": 1, ""1000"": 1}",256
test_kernel,140,8,qksvc,1563,"{""0000"": 240, ""0001"": 6, ""0010"": 9, ""0100"": 1}",256
test_kernel,140,9,qksvc,1564,"{""0010"": 10, ""0000"": 240, ""0100"": 1, ""0001"": 3, ""1000"": 2}",256
test_kernel,141,0,qksvc,1565,"{""0000"": 241, ""0010"": 9, ""0100"": 1, ""0001"": 3, ""1100"": 1, ""1000"": 1}",256
test_kernel,141,1,qksvc,1566,"{""0000"": 246, ""0010"": 6, ""0001"": 2, ""1000"": 2}",256
test_kernel,141,2,qksvc,1567,"{""0000"": 234, ""0001"": 8, ""0010"": 10, ""1000"": 2, ""0100"": 1, ""0011"": 1}",256
test_kernel,141,3,qksvc,1568,"{""0011"": 247, ""0010"": 2, ""1011"": 2, ""0001"": 5}",256
test_kernel,141,4,qksvc,1569,"{""0000"": 208, ""0001"": 23, ""0010"": 22, ""0011"": 1, ""1000"": 2}",256
test_kernel,141,5,qksvc,1570,"{""0001"": 55, ""0000"": 21, ""0010"": 36, ""0011"": 138, ""1011"": 4, ""0111"": 1, ""1010"": 1}",256
test_kernel,141,6,qksvc,1571,"{""0011"": 250, ""1011"": 3, ""0001"": 1, ""0010"": 2}",256
test_kernel,141,7,qksvc,1572,"{""0001"": 31, ""0000"": 158, ""0010"": 46, ""1000"": 2, ""0011"": 18, ""1001"": 1}",256
test_kernel,141,8,qksvc,1573,"{""0000"": 250, ""0001"": 4, ""0010"": 1, ""1000"": 1}",256
test_kernel,141,9,qksvc,1574,"{""0000"": 249, ""0100"": 1, ""1000"": 2, ""0010"": 3, ""0001"": 1}",256
test_kernel,142,0,qksvc,1575,"{""0011"": 254, ""0010"": 1, ""1011"": 1}",256
test_kernel,142,1,qksvc,1576,"{""0011"": 252, ""0111"": 1, ""1001"": 1, ""1011"": 2}",256
test_kernel,142,2,qksvc,1577,"{""0011"": 247, ""0001"": 7, ""0111"": 1, ""0010"": 1}",256
test_kernel,142,3,qksvc,1578,"{""0000"": 239, ""0010"": 8, ""0001"": 8, ""1010"": 1}",256
test_kernel,142,4,qksvc,1579,"{""0011"": 238, ""0001"": 7, ""0010"": 7, ""1011"": 3, ""0111"": 1}",256
test_kernel,142,5,qksvc,1580,"{""0000"": 92, ""0011"": 37, ""0001"": 57, ""0010"": 65, ""1000"": 4, ""1011"": 1}",256
test_kernel,142,6,qksvc,1581,"{""0000"": 239, ""0001"": 4, ""0100"": 1, ""0010"": 7, ""1000"": 5}",256
test_kernel,142,7,qksvc,1582,"{""0011"": 199, ""0010"": 29, ""0001"": 18, ""0000"": 6, ""1011"": 2, ""1001"": 1, ""0110"": 1}",256
test_kernel,142,8,qksvc,1583,"{""0011"": 244, ""0111"": 1, ""0001"": 5, ""1011"": 3, ""0010"": 3}",256
test_kernel,142,9,qksvc,1584,"{""0011"": 241, ""0001"": 5, ""1011"": 5, ""0111"": 1, ""0010"": 4}",256
test_kernel,143,0,qksvc,1585,"{""0000"": 244, ""1000"": 4, ""0100"": 2, ""0010"": 5, ""0001"": 1}",256
test_kernel,143,1,qksvc,1586,"{""0000"": 245, ""0010"": 5, ""1000"": 3, ""0001"": 3}",256
test_kernel,143,2,qksvc,1587,"{""0000"": 241, ""0001"": 9, ""1001"": 1, ""0010"": 5}",256
test_kernel,143,3,qksvc,1588,"{""0011"": 252, ""0111"": 1, ""0001"": 3}",256
test_kernel,143,4,qksvc,1589,"{""0000"": 216, ""0001"": 11, ""0010"": 27, ""0100"": 1, ""1000"": 1}",256
test_kernel,143,5,qksvc,1590,"{""0011"": 136, ""0001"": 55, ""0010"": 42, ""0000"": 17, ""1010"": 3, ""1000"": 1, ""1011"": 1, ""0110"": 1}",256
test_kernel,143,6,qksvc,1591,"{""0011"": 250, ""1011"": 2, ""0001"": 1, ""0010"": 1, ""0111"": 2}",256
test_kernel,143,7,qksvc,1592,"{""0000"": 154, ""0001"": 39, ""0010"": 52, ""0011"": 9, ""1010"": 1, ""1000"": 1}",256
test_kernel,143,8,qksvc,1593,"{""0000"": 250, ""0001"": 1, ""0010"": 3, ""1000"": 2}",256
test_kernel,143,9,qksvc,1594,"{""0000"": 245, ""0010"": 7, ""1000"": 3, ""1010"": 1}",256
test_kernel,144,0,qksvc,1595,"{""0000"": 234, ""0010"": 11, ""1000"": 4, ""0001"": 6, ""1100"": 1}",256
test_kernel,144,1,qksvc,1596,"{""0000"": 234, ""0001"": 7, ""0010"": 10, ""1000"": 4, ""1001"": 1}",256
test_kernel,144,2,qksvc,1597,"{""0000"": 234, ""0001"": 4, ""0010"": 13, ""1000"": 5}",256
test_kernel,144,3,qksvc,1598,"{""0011"": 249, ""1011"": 4, ""0010"": 1, ""0001"": 2}",256
test_kernel,144,4,qksvc,1599,"{""0000"": 205, ""0010"": 26, ""0001"": 21, ""0011"": 3, ""1010"": 1}",256
test_kernel,144,5,qksvc,1600,"{""0011"": 144, ""0010"": 47, ""0111"": 1, ""0001"": 46, ""0000"": 15, ""1011"": 2, ""0110"": 1}",256
test_kernel,144,6,qksvc,1601,"{""0011"": 245, ""0010"": 4, ""1011"": 2, ""0001"": 4, ""0111"": 1}",256
test_kernel,144,7,qksvc,1602,"{""0010"": 42, ""0000"": 138, ""0001"": 52, ""1010"": 1, ""0011"": 22, ""0101"": 1}",256
test_kernel,144,8,qksvc,1603,"{""0000"": 249, ""1000"": 3, ""0010"": 4}",256
test_kernel,144,9,qksvc,1604,"{""0000"": 247, ""0010"": 5, ""1000"": 3, ""0001"": 1}",256
test_kernel,145,0,qksvc,1605,"{""0000"": 236, ""0010"": 16, ""0001"": 3, ""1000"": 1}",256
test_kernel,145,1,qksvc,1606,"{""0000"": 239, ""0010"": 12, ""0001"": 3, ""1000"": 1, ""0100"": 1}",256
test_kernel,145,2,qksvc,1607,"{""0000"": 231, ""0001"": 13, ""0010"": 10, ""1000"": 1, ""0011"": 1}",256
test_kernel,145,3,qksvc,1608,"{""0011"": 247, ""0010"": 1, ""1011"": 4, ""0001"": 3, ""0111"": 1}",256
test_kernel,145,4,qksvc,1609,"{""0000"": 211, ""0010"": 22, ""0001"": 20, ""0011"": 2, ""1000"": 1}",256
test_kernel,145,5,qksvc,1610,"{""0011"": 135, ""1000"": 1, ""0010"": 51, ""0001"": 47, ""1011"": 1, ""0000"": 19, ""0101"": 1, ""1010"": 1}",256
test_kernel,145,6,qksvc,1611,"{""1011"": 2, ""0011"": 248, ""0001"": 3, ""0010"": 2, ""0111"": 1}",256
test_kernel,145,7,qksvc,1612,"{""0001"": 32, ""0000"": 160, ""0010"": 52, ""0011"": 12}",256
test_kernel,145,8,qksvc,1613,"{""0000"": 249, ""1000"": 2, ""0001"": 3, ""0100"": 1, ""0010"": 1}",256
test_kernel,145,9,qksvc,1614,"{""0000"": 244, ""0010"": 8, ""1000"": 2, ""0001"": 2}",256
test_kernel,146,0,qksvc,1615,"{""0000"": 242, ""0001"": 4, ""0010"": 9, ""1000"": 1}",256
test_kernel,146,1,qksvc,1616,"{""0000"": 241, ""0010"": 7, ""0001"": 5, ""0100"": 1, ""1000"": 2}",256
test_kernel,146,2,qksvc,1617,"{""0000"": 235, ""0010"": 10, ""0100"": 1, ""1000"": 3, ""0001"": 7}",256
test_kernel,146,3,qksvc,1618,"{""0011"": 246, ""1011"": 6, ""0010"": 1, ""0111"": 1, ""0000"": 1, ""0001"": 1}",256
test_kernel,146,4,qksvc,1619,"{""0000"": 197, ""0010"": 22, ""0001"": 31, ""0011"": 2, ""1000"": 4}",256
test_kernel,146,5,qksvc,1620,"{""0011"": 139, ""0000"": 18, ""0010"": 53, ""0001"": 41, ""0101"": 1, ""1001"": 1, ""1011"": 3}",256
test_kernel,146,6,qksvc,1621,"{""0011"": 250, ""1011"": 3, ""0010"": 3}",256
test_kernel,146,7,qksvc,1622,"{""0000"": 135, ""0001"": 54, ""0011"": 9, ""0010"": 52, ""1000"": 3, ""0101"": 1, ""1010"": 1, ""1001"": 1}",256
test_kernel,146,8,qksvc,1623,"{""0000"": 247, ""0010"": 5, ""1000"": 2, ""0001"": 2}",256
test_kernel,146,9,qksvc,1624,"{""0000"": 243, ""0001"": 7, ""0010"": 5, ""1000"": 1}",256
test_kernel,147,0,qksvc,1625,"{""0000"": 237, ""0010"": 10, ""1000"": 2, ""0001"": 6, ""0100"": 1}",256
test_kernel,147,1,qksvc,1626,"{""0000"": 236, ""0010"": 11, ""1000"": 1, ""0001"": 8}",256
test_kernel,147,2,qksvc,1627,"{""0000"": 240, ""0010"": 11, ""0001"": 4, ""1000"": 1}",256
test_kernel,147,3,qksvc,1628,"{""0011"": 247, ""0001"": 5, ""0111"": 1, ""0010"": 2, ""1011"": 1}",256
test_kernel,147,4,qksvc,1629,"{""0000"": 208, ""0001"": 19, ""0011"": 5, ""0010"": 21, ""1010"": 1, ""0110"": 1, ""1000"": 1}",256
test_kernel,147,5,qksvc,1630,"{""0010"": 50, ""0011"": 128, ""0001"": 55, ""0000"": 21, ""1011"": 1, ""1010"": 1}",256
test_kernel,147,6,qksvc,1631,"{""0011"": 248, ""0010"": 4, ""0001"": 2, ""1011"": 2}",256
test_kernel,147,7,qksvc,1632,"{""0000"": 161, ""0010"": 45, ""0001"": 43, ""0011"": 6, ""1000"": 1}",256
test_kernel,147,8,qksvc,1633,"{""0000"": 251, ""0010"": 1, ""0011"": 1, ""0001"": 2, ""1000"": 1}",256
test_kernel,147,9,qksvc,1634,"{""0000"": 245, ""0001"": 3, ""0010"": 4, ""0100"": 2, ""1000"": 2}",256
test_kernel,148,0,qksvc,1635,"{""0000"": 242, ""0010"": 4, ""0100"": 1, ""1000"": 2, ""0001"": 7}",256
test_kernel,148,1,qksvc,1636,"{""0000"": 240, ""0010"": 5, ""0001"": 6, ""0100"": 2, ""0011"": 1, ""1000"": 2}",256
test_kernel,148,2,qksvc,1637,"{""0001"": 12, ""0000"": 226, ""0010"": 13, ""1000"": 5}",256
test_kernel,148,3,qksvc,1638,"{""0011"": 245, ""1011"": 2, ""0001"": 3, ""0010"": 4, ""0111"": 2}",256
test_kernel,148,4,qksvc,1639,"{""0000"": 216, ""0010"": 18, ""1000"": 3, ""0001"": 19}",256
test_kernel,148,5,qksvc,1640,"{""0010"": 59, ""0011"": 136, ""0000"": 16, ""0001"": 44, ""0101"": 1}",256
test_kernel,148,6,qksvc,1641,"{""0011"": 250, ""0001"": 4, ""1011"": 2}",256
test_kernel,148,7,qksvc,1642,"{""0010"": 51, ""0001"": 44, ""0000"": 148, ""0011"": 12, ""0100"": 1}",256
test_kernel,148,8,qksvc,1643,"{""0000"": 244, ""0010"": 5, ""0001"": 4, ""1000"": 3}",256
test_kernel,148,9,qksvc,1644,"{""0000"": 246, ""0010"": 6, ""0100"": 1, ""0001"": 1, ""1000"": 2}",256
test_kernel,149,0,qksvc,1645,"{""0000"": 248, ""0010"": 4, ""0001"": 3, ""0100"": 1}",256
test_kernel,149,1,qksvc,1646,"{""0000"": 245, ""0010"": 4, ""1000"": 1, ""0001"": 5, ""0100"": 1}",256
test_kernel,149,2,qksvc,1647,"{""0000"": 242, ""0010"": 8, ""0001"": 4, ""0100"": 1, ""1000"": 1}",256
test_kernel,149,3,qksvc,1648,"{""0011"": 247, ""1011"": 1, ""0001"": 7, ""0010"": 1}",256
test_kernel,149,4,qksvc,1649,"{""0000"": 220, ""0100"": 1, ""0001"": 13, ""0010"": 20, ""1001"": 1, ""0011"": 1}",256
test_kernel,149,5,qksvc,1650,"{""0011"": 138, ""0001"": 48, ""0010"": 48, ""0000"": 21, ""1011"": 1}",256
test_kernel,149,6,qksvc,1651,"{""0011"": 251, ""0001"": 3, ""0010"": 2}",256
test_kernel,149,7,qksvc,1652,"{""0000"": 160, ""0010"": 44, ""0001"": 36, ""0011"": 15, ""1000"": 1}",256
test_kernel,149,8,qksvc,1653,"{""0000"": 245, ""0001"": 4, ""0010"": 7}",256
test_kernel,149,9,qksvc,1654,"{""0000"": 248, ""0011"": 1, ""0010"": 4, ""1000"": 2, ""0001"": 1}",256
test_kernel,150,0,qksvc,1655,"{""0000"": 244, ""1000"": 2, ""0010"": 6, ""0100"": 2, ""0001"": 1, ""1001"": 1}",256
test_kernel,150,1,qksvc,1656,"{""0000"": 247, ""1010"": 1, ""0010"": 4, ""1000"": 1, ""0001"": 2, ""0011"": 1}",256
test_kernel,150,2,qksvc,1657,"{""0000"": 234, ""0010"": 12, ""1000"": 1, ""0001"": 8, ""0100"": 1}",256
test_kernel,150,3,qksvc,1658,"{""0011"": 248, ""0001"": 6, ""0010"": 1, ""1011"": 1}",256
test_kernel,150,4,qksvc,1659,"{""0000"": 215, ""0010"": 22, ""1000"": 1, ""0001"": 18}",256
test_kernel,150,5,qksvc,1660,"{""0010"": 44, ""0011"": 128, ""0001"": 55, ""0000"": 26, ""0111"": 1, ""1011"": 1, ""1000"": 1}",256
test_kernel,150,6,qksvc,1661,"{""0011"": 246, ""0010"": 2, ""0001"": 3, ""1010"": 1, ""0111"": 1, ""1011"": 2, ""1001"": 1}",256
test_kernel,150,7,qksvc,1662,"{""0000"": 162, ""0010"": 51, ""0001"": 30, ""0011"": 8, ""1000"": 3, ""1001"": 2}",256
test_kernel,150,8,qksvc,1663,"{""0000"": 250, ""1000"": 2, ""0001"": 3, ""0010"": 1}",256
test_kernel,150,9,qksvc,1664,"{""0000"": 246, ""0010"": 4, ""1000"": 2, ""0100"": 3, ""0011"": 1}",256
test_kernel,151,0,qksvc,1665,"{""0011"": 248, ""0001"": 2, ""0010"": 3, ""1011"": 3}",256
test_kernel,151,1,qksvc,1666,"{""0011"": 256}",256
test_kernel,151,2,qksvc,1667,"{""0011"": 246, ""1011"": 4, ""0010"": 4, ""0001"": 2}",256
test_kernel,151,3,qksvc,1668,"{""0001"": 10, ""0000"": 231, ""0010"": 11, ""0100"": 2, ""0011"": 1, ""1000"": 1}",256
test_kernel,151,4,qksvc,1669,"{""0011"": 246, ""1011"": 4, ""0001"": 4, ""0010"": 2}",256
test_kernel,151,5,qksvc,1670,"{""0010"": 70, ""0001"": 64, ""0000"": 77, ""0011"": 43, ""1001"": 1, ""0100"": 1}",256
test_kernel,151,6,qksvc,1671,"{""0010"": 9, ""0000"": 239, ""0001"": 6, ""1000"": 1, ""0011"": 1}",256
test_kernel,151,7,qksvc,1672,"{""0011"": 196, ""0001"": 32, ""1011"": 1, ""0010"": 22, ""0000"": 3, ""0111"": 2}",256
test_kernel,151,8,qksvc,1673,"{""0011"": 246, ""0001"": 5, ""1011"": 3, ""0010"": 2}",256
test_kernel,151,9,qksvc,1674,"{""0011"": 245, ""0001"": 4, ""0010"": 4, ""1011"": 3}",256
test_kernel,152,0,qksvc,1675,"{""0010"": 4, ""0000"": 248, ""0100"": 1, ""0001"": 3}",256
test_kernel,152,1,qksvc,1676,"{""0000"": 245, ""0001"": 4, ""0100"": 2, ""0010"": 4, ""1010"": 1}",256
test_kernel,152,2,qksvc,1677,"{""0000"": 244, ""0010"": 6, ""0001"": 4, ""1000"": 2}",256
test_kernel,152,3,qksvc,1678,"{""0011"": 248, ""1011"": 4, ""0111"": 1, ""0001"": 2, ""0010"": 1}",256
test_kernel,152,4,qksvc,1679,"{""0000"": 225, ""0011"": 2, ""0010"": 17, ""0001"": 12}",256
test_kernel,152,5,qksvc,1680,"{""0001"": 49, ""0000"": 17, ""0011"": 132, ""0010"": 58}",256
test_kernel,152,6,qksvc,1681,"{""0011"": 249, ""0001"": 6, ""0010"": 1}",256
test_kernel,152,7,qksvc,1682,"{""0011"": 7, ""0010"": 46, ""0001"": 38, ""0000"": 164, ""1001"": 1}",256
test_kernel,152,8,qksvc,1683,"{""0000"": 248, ""0010"": 5, ""1000"": 2, ""0001"": 1}",256
test_kernel,152,9,qksvc,1684,"{""0000"": 247, ""1000"": 1, ""0010"": 6, ""0001"": 2}",256
test_kernel,153,0,qksvc,1685,"{""0000"": 241, ""0010"": 9, ""0011"": 2, ""0001"": 3, ""1000"": 1}",256
test_kernel,153,1,qksvc,1686,"{""0000"": 233, ""0010"": 13, ""0001"": 9, ""1000"": 1}",256
test_kernel,153,2,qksvc,1687,"{""0000"": 222, ""0010"": 15, ""0001"": 15, ""0011"": 2, ""1000"": 1, ""0110"": 1}",256
test_kernel,153,3,qksvc,1688,"{""0011"": 240, ""0111"": 2, ""1011"": 4, ""0001"": 6, ""0010"": 3, ""1001"": 1}",256
test_kernel,153,4,qksvc,1689,"{""0000"": 216, ""0001"": 17, ""0010"": 18, ""1000"": 4, ""0011"": 1}",256
test_kernel,153,5,qksvc,1690,"{""0011"": 143, ""0001"": 50, ""0010"": 43, ""0000"": 18, ""1011"": 1, ""1010"": 1}",256
test_kernel,153,6,qksvc,1691,"{""0011"": 251, ""0001"": 3, ""0010"": 1, ""1011"": 1}",256
test_kernel,153,7,qksvc,1692,"{""0000"": 151, ""0010"": 41, ""0001"": 43, ""0011"": 17, ""1000"": 2, ""1011"": 1, ""1001"": 1}",256
test_kernel,153,8,qksvc,1693,"{""0000"": 243, ""0100"": 2, ""0010"": 9, ""0001"": 1, ""1000"": 1}",256
test_kernel,153,9,qksvc,1694,"{""0000"": 246, ""0010"": 4, ""1000"": 3, ""0100"": 1, ""0001"": 2}",256
test_kernel,154,0,qksvc,1695,"{""0000"": 242, ""1000"": 2, ""0010"": 9, ""0001"": 3}",256
test_kernel,154,1,qksvc,1696,"{""0000"": 241, ""1000"": 3, ""0010"": 8, ""0001"": 3, ""0100"": 1}",256
test_kernel,154,2,qksvc,1697,"{""0000"": 243, ""0010"": 11, ""1000"": 1, ""0011"": 1}",256
test_kernel,154,3,qksvc,1698,"{""0011"": 245, ""0001"": 5, ""1011"": 4, ""0111"": 1, ""0010"": 1}",256
test_kernel,154,4,qksvc,1699,"{""0000"": 217, ""0010"": 19, ""1001"": 2, ""0001"": 15, ""1000"": 2, ""0011"": 1}",256
test_kernel,154,5,qksvc,1700,"{""0001"": 62, ""0000"": 19, ""0011"": 135, ""0010"": 39, ""1001"": 1}",256
test_kernel,154,6,qksvc,1701,"{""0011"": 248, ""0001"": 3, ""0010"": 2, ""1011"": 3}",256
test_kernel,154,7,qksvc,1702,"{""0000"": 162, ""0001"": 40, ""1001"": 1, ""0010"": 40, ""0011"": 12, ""0110"": 1}",256
test_kernel,154,8,qksvc,1703,"{""0000"": 252, ""0100"": 1, ""0010"": 1, ""1000"": 2}",256
test_kernel,154,9,qksvc,1704,"{""0000"": 245, ""1000"": 3, ""0010"": 5, ""0001"": 2, ""0100"": 1}",256
test_kernel,155,0,qksvc,1705,"{""0000"": 240, ""0001"": 4, ""0010"": 8, ""1000"": 4}",256
test_kernel,155,1,qksvc,1706,"{""0000"": 238, ""0001"": 5, ""0010"": 10, ""1000"": 2, ""0011"": 1}",256
test_kernel,155,2,qksvc,1707,"{""0000"": 235, ""1000"": 2, ""0001"": 7, ""0010"": 11, ""0110"": 1}",256
test_kernel,155,3,qksvc,1708,"{""0011"": 252, ""1011"": 1, ""0111"": 1, ""0001"": 2}",256
test_kernel,155,4,qksvc,1709,"{""0000"": 205, ""0010"": 19, ""0001"": 26, ""1001"": 1, ""1000"": 4, ""1010"": 1}",256
test_kernel,155,5,qksvc,1710,"{""0000"": 20, ""0011"": 149, ""0001"": 46, ""0010"": 39, ""1011"": 1, ""0111"": 1}",256
test_kernel,155,6,qksvc,1711,"{""0011"": 246, ""0111"": 1, ""0010"": 1, ""1011"": 3, ""0001"": 5}",256
test_kernel,155,7,qksvc,1712,"{""0001"": 42, ""0000"": 155, ""0010"": 48, ""0011"": 10, ""1000"": 1}",256
test_kernel,155,8,qksvc,1713,"{""0000"": 236, ""0010"": 9, ""1000"": 4, ""0100"": 2, ""0001"": 4, ""1010"": 1}",256
test_kernel,155,9,qksvc,1714,"{""0000"": 244, ""0010"": 8, ""0001"": 4}",256
test_kernel,156,0,qksvc,1715,"{""0000"": 240, ""0010"": 12, ""0001"": 3, ""1000"": 1}",256
test_kernel,156,1,qksvc,1716,"{""0000"": 243, ""0001"": 6, ""1000"": 1, ""0010"": 6}",256
test_kernel,156,2,qksvc,1717,"{""0000"": 241, ""0001"": 4, ""0010"": 8, ""1000"": 3}",256
test_kernel,156,3,qksvc,1718,"{""0011"": 251, ""1011"": 3, ""0001"": 2}",256
test_kernel,156,4,qksvc,1719,"{""0000"": 196, ""0001"": 30, ""0010"": 24, ""0100"": 4, ""0011"": 1, ""1000"": 1}",256
test_kernel,156,5,qksvc,1720,"{""0001"": 43, ""0011"": 141, ""0010"": 49, ""0000"": 19, ""1011"": 2, ""1001"": 1, ""0111"": 1}",256
test_kernel,156,6,qksvc,1721,"{""0011"": 251, ""0001"": 1, ""0111"": 2, ""1011"": 2}",256
test_kernel,156,7,qksvc,1722,"{""0000"": 153, ""0010"": 53, ""0011"": 11, ""0001"": 38, ""0100"": 1}",256
test_kernel,156,8,qksvc,1723,"{""0000"": 246, ""0010"": 7, ""1000"": 1, ""0100"": 2}",256
test_kernel,156,9,qksvc,1724,"{""0000"": 246, ""0010"": 6, ""1000"": 3, ""0100"": 1}",256
test_kernel,157,0,qksvc,1725,"{""0000"": 240, ""0010"": 10, ""0001"": 4, ""1000"": 1, ""0100"": 1}",256
test_kernel,157,1,qksvc,1726,"{""0000"": 243, ""0010"": 5, ""0001"": 5, ""0100"": 2, ""1000"": 1}",256
test_kernel,157,2,qksvc,1727,"{""0000"": 234, ""0010"": 15, ""0001"": 5, ""0011"": 1, ""1000"": 1}",256
test_kernel,157,3,qksvc,1728,"{""0011"": 250, ""1011"": 4, ""0001"": 2}",256
test_kernel,157,4,qksvc,1729,"{""0000"": 221, ""0001"": 16, ""0010"": 15, ""0100"": 1, ""1000"": 3}",256
test_kernel,157,5,qksvc,1730,"{""0011"": 135, ""0001"": 46, ""0010"": 53, ""0000"": 20, ""1010"": 1, ""0101"": 1}",256
test_kernel,157,6,qksvc,1731,"{""0011"": 250, ""0010"": 2, ""1011"": 3, ""0001"": 1}",256
test_kernel,157,7,qksvc,1732,"{""0001"": 41, ""0010"": 44, ""0011"": 14, ""0000"": 157}",256
test_kernel,157,8,qksvc,1733,"{""0000"": 250, ""1000"": 1, ""0100"": 1, ""0010"": 4}",256
test_kernel,157,9,qksvc,1734,"{""0000"": 245, ""0010"": 5, ""0100"": 2, ""1000"": 2, ""0001"": 2}",256
test_kernel,158,0,qksvc,1735,"{""0011"": 247, ""0010"": 2, ""0001"": 4, ""1011"": 1, ""0111"": 2}",256
test_kernel,158,1,qksvc,1736,"{""0011"": 251, ""0001"": 3, ""1011"": 2}",256
test_kernel,158,2,qksvc,1737,"{""0011"": 251, ""1011"": 2, ""0001"": 3}",256
test_kernel,158,3,qksvc,1738,"{""0000"": 223, ""0001"": 11, ""0010"": 14, ""0100"": 4, ""1000"": 3, ""1010"": 1}",256
test_kernel,158,4,qksvc,1739,"{""0011"": 250, ""0010"": 2, ""0001"": 3, ""1011"": 1}",256
test_kernel,158,5,qksvc,1740,"{""0001"": 58, ""0010"": 66, ""0000"": 88, ""0011"": 43, ""1000"": 1}",256
test_kernel,158,6,qksvc,1741,"{""0000"": 238, ""0001"": 8, ""0010"": 9, ""1000"": 1}",256
test_kernel,158,7,qksvc,1742,"{""0011"": 210, ""0010"": 20, ""0001"": 24, ""1011"": 1, ""0000"": 1}",256
test_kernel,158,8,qksvc,1743,"{""0011"": 248, ""0010"": 4, ""0111"": 1, ""0001"": 2, ""1011"": 1}",256
test_kernel,158,9,qksvc,1744,"{""0011"": 249, ""1011"": 2, ""0001"": 3, ""0010"": 2}",256
test_kernel,159,0,qksvc,1745,"{""0000"": 245, ""0010"": 5, ""1000"": 2, ""0001"": 3, ""0011"": 1}",256
test_kernel,159,1,qksvc,1746,"{""0000"": 237, ""0010"": 9, ""0001"": 7, ""1000"": 2, ""0100"": 1}",256
test_kernel,159,2,qksvc,1747,"{""0010"": 13, ""0000"": 230, ""1000"": 2, ""0001"": 10, ""0100"": 1}",256
test_kernel,159,3,qksvc,1748,"{""0011"": 249, ""0001"": 2, ""0010"": 4, ""1011"": 1}",256
test_kernel,159,4,qksvc,1749,"{""0000"": 198, ""0001"": 26, ""1000"": 3, ""0011"": 3, ""0010"": 25, ""1011"": 1}",256
test_kernel,159,5,qksvc,1750,"{""0001"": 47, ""0011"": 132, ""0010"": 55, ""0000"": 18, ""1001"": 1, ""1011"": 2, ""0111"": 1}",256
test_kernel,159,6,qksvc,1751,"{""0011"": 252, ""0001"": 1, ""0111"": 1, ""1011"": 2}",256
test_kernel,159,7,qksvc,1752,"{""0000"": 159, ""0011"": 17, ""0001"": 39, ""0010"": 39, ""1000"": 1, ""1010"": 1}",256
test_kernel,159,8,qksvc,1753,"{""0000"": 239, ""0010"": 12, ""0001"": 3, ""1000"": 2}",256
test_kernel,159,9,qksvc,1754,"{""0010"": 7, ""0000"": 247, ""1000"": 2}",256
test_kernel,160,0,qksvc,1755,"{""0011"": 250, ""0001"": 2, ""0010"": 2, ""1011"": 2}",256
test_kernel,160,1,qksvc,1756,"{""0011"": 248, ""1011"": 3, ""0111"": 2, ""0001"": 2, ""0010"": 1}",256
test_kernel,160,2,qksvc,1757,"{""0011"": 247, ""0010"": 1, ""0001"": 2, ""1011"": 5, ""0111"": 1}",256
test_kernel,160,3,qksvc,1758,"{""0000"": 230, ""0001"": 12, ""0010"": 11, ""0100"": 2, ""1000"": 1}",256
test_kernel,160,4,qksvc,1759,"{""0011"": 239, ""0001"": 11, ""0010"": 4, ""1011"": 2}",256
test_kernel,160,5,qksvc,1760,"{""0001"": 57, ""0010"": 67, ""0000"": 87, ""0011"": 44, ""1011"": 1}",256
test_kernel,160,6,qksvc,1761,"{""0000"": 232, ""0010"": 18, ""0001"": 4, ""1000"": 2}",256
test_kernel,160,7,qksvc,1762,"{""0011"": 212, ""0010"": 21, ""0001"": 19, ""0000"": 3, ""1011"": 1}",256
test_kernel,160,8,qksvc,1763,"{""0011"": 243, ""0001"": 6, ""0010"": 4, ""1011"": 2, ""0111"": 1}",256
test_kernel,160,9,qksvc,1764,"{""0011"": 247, ""1011"": 2, ""0010"": 3, ""0001"": 4}",256
test_kernel,161,0,qksvc,1765,"{""0000"": 241, ""1000"": 1, ""0010"": 9, ""0001"": 5}",256
test_kernel,161,1,qksvc,1766,"{""0000"": 239, ""0010"": 9, ""0001"": 3, ""0100"": 2, ""1000"": 2, ""0101"": 1}",256
test_kernel,161,2,qksvc,1767,"{""0000"": 232, ""0010"": 11, ""1000"": 4, ""0001"": 9}",256
test_kernel,161,3,qksvc,1768,"{""0011"": 247, ""1011"": 3, ""0001"": 4, ""0010"": 2}",256
test_kernel,161,4,qksvc,1769,"{""0000"": 210, ""0001"": 19, ""0010"": 25, ""1000"": 2}",256
test_kernel,161,5,qksvc,1770,"{""0011"": 144, ""0000"": 19, ""0010"": 51, ""0001"": 41, ""1010"": 1}",256
test_kernel,161,6,qksvc,1771,"{""0011"": 248, ""0001"": 5, ""0010"": 2, ""0111"": 1}",256
test_kernel,161,7,qksvc,1772,"{""0011"": 14, ""0000"": 138, ""0001"": 44, ""0010"": 60}",256
test_kernel,161,8,qksvc,1773,"{""0000"": 248, ""1000"": 1, ""0100"": 1, ""0010"": 5, ""0110"": 1}",256
test_kernel,161,9,qksvc,1774,"{""0000"": 249, ""0001"": 3, ""0010"": 4}",256
test_kernel,162,0,qksvc,1775,"{""0000"": 242, ""0010"": 9, ""0001"": 3, ""0011"": 2}",256
test_kernel,162,1,qksvc,1776,"{""0000"": 244, ""0010"": 7, ""1000"": 2, ""0001"": 3}",256
test_kernel,162,2,qksvc,1777,"{""0000"": 239, ""0010"": 4, ""0001"": 10, ""1000"": 2, ""0011"": 1}",256
test_kernel,162,3,qksvc,1778,"{""0011"": 246, ""0001"": 5, ""1011"": 2, ""0010"": 2, ""0111"": 1}",256
test_kernel,162,4,qksvc,1779,"{""0010"": 24, ""0000"": 210, ""0001"": 19, ""1010"": 1, ""0011"": 1, ""1000"": 1}",256
test_kernel,162,5,qksvc,1780,"{""0000"": 22, ""0011"": 133, ""0010"": 45, ""0001"": 52, ""1010"": 1, ""1001"": 1, ""1011"": 1, ""0110"": 1}",256
test_kernel,162,6,qksvc,1781,"{""0011"": 246, ""0001"": 5, ""0111"": 1, ""0010"": 3, ""1011"": 1}",256
test_kernel,162,7,qksvc,1782,"{""0000"": 142, ""0001"": 56, ""0010"": 45, ""0011"": 10, ""1001"": 1, ""1010"": 1, ""1000"": 1}",256
test_kernel,162,8,qksvc,1783,"{""0000"": 251, ""0010"": 2, ""1000"": 1, ""0001"": 1, ""1010"": 1}",256
test_kernel,162,9,qksvc,1784,"{""0000"": 246, ""0010"": 4, ""0100"": 2, ""1000"": 3, ""0001"": 1}",256
test_kernel,163,0,qksvc,1785,"{""0000"": 245, ""0100"": 1, ""0010"": 5, ""0001"": 3, ""1000"": 2}",256
test_kernel,163,1,qksvc,1786,"{""0010"": 9, ""0000"": 240, ""0001"": 5, ""0100"": 2}",256
test_kernel,163,2,qksvc,1787,"{""0000"": 238, ""0010"": 10, ""0001"": 7, ""0100"": 1}",256
test_kernel,163,3,qksvc,1788,"{""0011"": 249, ""1011"": 2, ""0111"": 2, ""0001"": 2, ""0010"": 1}",256
test_kernel,163,4,qksvc,1789,"{""0010"": 14, ""0000"": 216, ""0001"": 20, ""1000"": 3, ""0011"": 1, ""1010"": 2}",256
test_kernel,163,5,qksvc,1790,"{""0011"": 126, ""0010"": 51, ""0001"": 54, ""0000"": 23, ""1011"": 1, ""1000"": 1}",256
test_kernel,163,6,qksvc,1791,"{""0011"": 251, ""0111"": 1, ""0010"": 1, ""1011"": 3}",256
test_kernel,163,7,qksvc,1792,"{""0010"": 39, ""0000"": 167, ""0011"": 9, ""0001"": 39, ""0110"": 1, ""1001"": 1}",256
test_kernel,163,8,qksvc,1793,"{""0000"": 243, ""0010"": 9, ""1000"": 3, ""0001"": 1}",256
test_kernel,163,9,qksvc,1794,"{""0000"": 240, ""0010"": 8, ""0001"": 1, ""1000"": 4, ""0100"": 2, ""1010"": 1}",256
test_kernel,164,0,qksvc,1795,"{""0000"": 239, ""0010"": 10, ""0001"": 7}",256
test_kernel,164,1,qksvc,1796,"{""0000"": 244, ""0001"": 3, ""0010"": 6, ""1000"": 3}",256
test_kernel,164,2,qksvc,1797,"{""0000"": 230, ""1000"": 1, ""0001"": 13, ""1010"": 1, ""0010"": 11}",256
test_kernel,164,3,qksvc,1798,"{""0011"": 247, ""0001"": 4, ""1011"": 2, ""0010"": 2, ""0111"": 1}",256
test_kernel,164,4,qksvc,1799,"{""0000"": 208, ""0001"": 23, ""0010"": 21, ""1000"": 2, ""0011"": 2}",256
test_kernel,164,5,qksvc,1800,"{""0001"": 51, ""0011"": 133, ""0010"": 51, ""0000"": 20, ""1011"": 1}",256
test_kernel,164,6,qksvc,1801,"{""0011"": 245, ""0001"": 4, ""1011"": 6, ""0111"": 1}",256
test_kernel,164,7,qksvc,1802,"{""0000"": 146, ""0010"": 46, ""0011"": 18, ""0001"": 42, ""1001"": 2, ""1000"": 1, ""0110"": 1}",256
test_kernel,164,8,qksvc,1803,"{""0000"": 251, ""0010"": 2, ""1000"": 3}",256
test_kernel,164,9,qksvc,1804,"{""0000"": 238, ""0001"": 4, ""1000"": 3, ""0010"": 11}",256
test_kernel,165,0,qksvc,1805,"{""0011"": 250, ""0001"": 2, ""0110"": 1, ""1011"": 1, ""0010"": 2}",256
test_kernel,165,1,qksvc,1806,"{""0011"": 248, ""0010"": 4, ""1011"": 2, ""0001"": 2}",256
test_kernel,165,2,qksvc,1807,"{""0011"": 246, ""1011"": 6, ""0111"": 2, ""0010"": 1, ""0001"": 1}",256
test_kernel,165,3,qksvc,1808,"{""0000"": 232, ""0010"": 14, ""1000"": 3, ""0001"": 6, ""1010"": 1}",256
test_kernel,165,4,qksvc,1809,"{""0011"": 249, ""0010"": 3, ""0001"": 3, ""1011"": 1}",256
test_kernel,165,5,qksvc,1810,"{""0010"": 50, ""0000"": 81, ""0001"": 74, ""0011"": 48, ""0110"": 1, ""1011"": 1, ""1000"": 1}",256
test_kernel,165,6,qksvc,1811,"{""0010"": 12, ""0000"": 235, ""0001"": 4, ""1000"": 4, ""0011"": 1}",256
test_kernel,165,7,qksvc,1812,"{""0011"": 212, ""0001"": 21, ""0010"": 18, ""0000"": 4, ""1011"": 1}",256
test_kernel,165,8,qksvc,1813,"{""0011"": 248, ""0001"": 5, ""1011"": 1, ""0010"": 2}",256
test_kernel,165,9,qksvc,1814,"{""0011"": 242, ""0010"": 4, ""0001"": 3, ""1011"": 5, ""1010"": 1, ""0000"": 1}",256
test_kernel,166,0,qksvc,1815,"{""0011"": 245, ""0001"": 5, ""0010"": 1, ""0111"": 3, ""1011"": 2}",256
test_kernel,166,1,qksvc,1816,"{""0011"": 248, ""0001"": 2, ""1011"": 5, ""0010"": 1}",256
test_kernel,166,2,qksvc,1817,"{""0011"": 242, ""0111"": 1, ""1011"": 2, ""0010"": 4, ""0001"": 6, ""1001"": 1}",256
test_kernel,166,3,qksvc,1818,"{""0000"": 238, ""0010"": 9, ""0001"": 4, ""1010"": 1, ""1000"": 4}",256
test_kernel,166,4,qksvc,1819,"{""0011"": 241, ""0001"": 5, ""1011"": 2, ""0010"": 7, ""0111"": 1}",256
test_kernel,166,5,qksvc,1820,"{""0000"": 73, ""0001"": 54, ""0011"": 54, ""1011"": 3, ""0010"": 70, ""1000"": 1, ""1010"": 1}",256
test_kernel,166,6,qksvc,1821,"{""0000"": 235, ""0010"": 15, ""1000"": 5, ""0001"": 1}",256
test_kernel,166,7,qksvc,1822,"{""0011"": 206, ""0010"": 28, ""1011"": 3, ""0001"": 16, ""0000"": 2, ""0111"": 1}",256
test_kernel,166,8,qksvc,1823,"{""0011"": 249, ""0001"": 2, ""0010"": 4, ""1011"": 1}",256
test_kernel,166,9,qksvc,1824,"{""0011"": 241, ""0010"": 4, ""0001"": 7, ""1011"": 3, ""0111"": 1}",256
test_kernel,167,0,qksvc,1825,"{""0000"": 236, ""0010"": 10, ""0100"": 1, ""0001"": 6, ""1000"": 3}",256
test_kernel,167,1,qksvc,1826,"{""0000"": 239, ""0001"": 3, ""0010"": 13, ""1000"": 1}",256
test_kernel,167,2,qksvc,1827,"{""0000"": 240, ""0001"": 6, ""0010"": 8, ""1000"": 2}",256
test_kernel,167,3,qksvc,1828,"{""0011"": 249, ""0001"": 2, ""0111"": 1, ""0010"": 4}",256
test_kernel,167,4,qksvc,1829,"{""0000"": 208, ""0010"": 25, ""1000"": 3, ""0001"": 17, ""0100"": 1, ""0110"": 1, ""0011"": 1}",256
test_kernel,167,5,qksvc,1830,"{""0010"": 51, ""0011"": 145, ""0000"": 16, ""0001"": 43, ""1001"": 1}",256
test_kernel,167,6,qksvc,1831,"{""0011"": 246, ""0001"": 4, ""0111"": 2, ""0010"": 4}",256
test_kernel,167,7,qksvc,1832,"{""0010"": 58, ""0000"": 143, ""0001"": 48, ""0011"": 7}",256
test_kernel,167,8,qksvc,1833,"{""0000"": 249, ""0001"": 2, ""0010"": 4, ""1000"": 1}",256
test_kernel,167,9,qksvc,1834,"{""0000"": 251, ""1000"": 3, ""0010"": 1, ""0001"": 1}",256
test_kernel,168,0,qksvc,1835,"{""0000"": 235, ""0001"": 8, ""1000"": 4, ""0010"": 8, ""0100"": 1}",256
test_kernel,168,1,qksvc,1836,"{""0000"": 241, ""1000"": 1, ""0100"": 2, ""0010"": 6, ""0001"": 6}",256
test_kernel,168,2,qksvc,1837,"{""0010"": 12, ""0000"": 237, ""0001"": 7}",256
test_kernel,168,3,qksvc,1838,"{""0011"": 246, ""0111"": 3, ""1011"": 2, ""0010"": 2, ""0001"": 2, ""1111"": 1}",256
test_kernel,168,4,qksvc,1839,"{""0000"": 212, ""0010"": 28, ""0011"": 4, ""0001"": 12}",256
test_kernel,168,5,qksvc,1840,"{""0011"": 142, ""0001"": 45, ""0000"": 15, ""0010"": 52, ""0101"": 1, ""1001"": 1}",256
test_kernel,168,6,qksvc,1841,"{""0011"": 247, ""0001"": 3, ""1011"": 4, ""0010"": 1, ""1010"": 1}",256
test_kernel,168,7,qksvc,1842,"{""0001"": 39, ""0000"": 148, ""0011"": 21, ""1000"": 2, ""0010"": 45, ""0110"": 1}",256
test_kernel,168,8,qksvc,1843,"{""0010"": 6, ""0000"": 242, ""0100"": 1, ""0001"": 3, ""1000"": 4}",256
test_kernel,168,9,qksvc,1844,"{""0000"": 251, ""0010"": 4, ""1000"": 1}",256
test_kernel,169,0,qksvc,1845,"{""0000"": 241, ""0001"": 5, ""0010"": 8, ""1000"": 1, ""0100"": 1}",256
test_kernel,169,1,qksvc,1846,"{""0000"": 243, ""0010"": 9, ""0001"": 2, ""1000"": 1, ""0011"": 1}",256
test_kernel,169,2,qksvc,1847,"{""0000"": 241, ""0010"": 8, ""0001"": 3, ""0101"": 1, ""1000"": 3}",256
test_kernel,169,3,qksvc,1848,"{""0011"": 246, ""0001"": 4, ""1011"": 2, ""0010"": 4}",256
test_kernel,169,4,qksvc,1849,"{""0000"": 215, ""0001"": 21, ""0010"": 18, ""1000"": 2}",256
test_kernel,169,5,qksvc,1850,"{""0000"": 21, ""0001"": 50, ""0011"": 147, ""0010"": 36, ""0111"": 1, ""1011"": 1}",256
test_kernel,169,6,qksvc,1851,"{""0011"": 250, ""1011"": 2, ""0001"": 3, ""0010"": 1}",256
test_kernel,169,7,qksvc,1852,"{""0000"": 170, ""0011"": 13, ""0001"": 32, ""0010"": 40, ""1000"": 1}",256
test_kernel,169,8,qksvc,1853,"{""0000"": 248, ""0001"": 2, ""0010"": 4, ""0100"": 1, ""1000"": 1}",256
test_kernel,169,9,qksvc,1854,"{""0000"": 249, ""0010"": 6, ""1000"": 1}",256
test_kernel,170,0,qksvc,1855,"{""0000"": 245, ""0010"": 7, ""0100"": 1, ""0001"": 3}",256
test_kernel,170,1,qksvc,1856,"{""0000"": 240, ""0001"": 4, ""0010"": 10, ""1010"": 1, ""1000"": 1}",256
test_kernel,170,2,qksvc,1857,"{""0000"": 229, ""0001"": 10, ""1000"": 3, ""0010"": 14}",256
test_kernel,170,3,qksvc,1858,"{""0011"": 250, ""0010"": 3, ""1011"": 1, ""0001"": 2}",256
test_kernel,170,4,qksvc,1859,"{""0000"": 202, ""0010"": 30, ""0001"": 23, ""0011"": 1}",256
test_kernel,170,5,qksvc,1860,"{""0010"": 63, ""0000"": 16, ""0011"": 138, ""0001"": 36, ""1011"": 2, ""1001"": 1}",256
test_kernel,170,6,qksvc,1861,"{""0011"": 251, ""0001"": 3, ""1011"": 1, ""0010"": 1}",256
test_kernel,170,7,qksvc,1862,"{""0011"": 12, ""0000"": 153, ""0001"": 36, ""0010"": 51, ""0110"": 2, ""0100"": 1, ""1010"": 1}",256
test_kernel,170,8,qksvc,1863,"{""0000"": 247, ""1000"": 3, ""0001"": 2, ""0010"": 3, ""0100"": 1}",256
test_kernel,170,9,qksvc,1864,"{""0000"": 247, ""0001"": 3, ""1000"": 1, ""0010"": 3, ""0100"": 2}",256
test_kernel,171,0,qksvc,1865,"{""0000"": 243, ""0001"": 3, ""1000"": 3, ""0010"": 7}",256
test_kernel,171,1,qksvc,1866,"{""0000"": 236, ""0010"": 12, ""1000"": 4, ""0001"": 3, ""0100"": 1}",256
test_kernel,171,2,qksvc,1867,"{""0000"": 234, ""0001"": 8, ""0101"": 1, ""0010"": 10, ""1000"": 2, ""0100"": 1}",256
test_kernel,171,3,qksvc,1868,"{""0011"": 248, ""1011"": 4, ""0001"": 4}",256
test_kernel,171,4,qksvc,1869,"{""0000"": 219, ""0010"": 22, ""0001"": 12, ""0011"": 2, ""1000"": 1}",256
test_kernel,171,5,qksvc,1870,"{""0011"": 142, ""0000"": 20, ""0001"": 43, ""0010"": 47, ""1010"": 1, ""1011"": 2, ""0111"": 1}",256
test_kernel,171,6,qksvc,1871,"{""0011"": 248, ""0001"": 5, ""0111"": 2, ""1011"": 1}",256
test_kernel,171,7,qksvc,1872,"{""0000"": 161, ""0001"": 36, ""0010"": 46, ""0011"": 9, ""1000"": 3, ""1010"": 1}",256
test_kernel,171,8,qksvc,1873,"{""0000"": 249, ""0100"": 1, ""0010"": 3, ""1000"": 1, ""0001"": 2}",256
test_kernel,171,9,qksvc,1874,"{""0000"": 250, ""1000"": 1, ""0001"": 1, ""0010"": 3, ""1010"": 1}",256
test_kernel,172,0,qksvc,1875,"{""0011"": 250, ""0111"": 2, ""1011"": 2, ""0001"": 1, ""0010"": 1}",256
test_kernel,172,1,qksvc,1876,"{""0011"": 247, ""1011"": 5, ""0001"": 3, ""0111"": 1}",256
test_kernel,172,2,qksvc,1877,"{""0011"": 248, ""0010"": 3, ""0001"": 4, ""1011"": 1}",256
test_kernel,172,3,qksvc,1878,"{""0000"": 236, ""0010"": 10, ""1000"": 4, ""0001"": 4, ""0100"": 2}",256
test_kernel,172,4,qksvc,1879,"{""0011"": 245, ""0001"": 5, ""0010"": 4, ""1011"": 2}",256
test_kernel,172,5,qksvc,1880,"{""0010"": 74, ""0000"": 81, ""0001"": 56, ""0011"": 43, ""1010"": 1, ""1011"": 1}",256
test_kernel,172,6,qksvc,1881,"{""0000"": 229, ""1000"": 4, ""0001"": 8, ""0010"": 14, ""0011"": 1}",256
test_kernel,172,7,qksvc,1882,"{""0001"": 19, ""0011"": 208, ""0010"": 22, ""1011"": 2, ""0000"": 3, ""1010"": 1, ""0111"": 1}",256
test_kernel,172,8,qksvc,1883,"{""1011"": 4, ""0011"": 247, ""0001"": 3, ""0010"": 2}",256
test_kernel,172,9,qksvc,1884,"{""0011"": 239, ""0111"": 3, ""1011"": 3, ""0010"": 6, ""0001"": 5}",256
test_kernel,173,0,qksvc,1885,"{""0000"": 192, ""0001"": 6, ""1000"": 43, ""1010"": 4, ""0010"": 9, ""0100"": 2}",256
test_kernel,173,1,qksvc,1886,"{""0000"": 198, ""1010"": 3, ""1001"": 5, ""1000"": 33, ""0100"": 1, ""0001"": 3, ""0010"": 12, ""0110"": 1}",256
test_kernel,173,2,qksvc,1887,"{""1000"": 43, ""0000"": 184, ""1010"": 1, ""0100"": 1, ""0010"": 13, ""0001"": 9, ""1001"": 4, ""0011"": 1}",256
test_kernel,173,3,qksvc,1888,"{""0011"": 209, ""1011"": 42, ""0111"": 1, ""0010"": 1, ""1001"": 1, ""0001"": 2}",256
test_kernel,173,4,qksvc,1889,"{""0000"": 158, ""0001"": 11, ""0010"": 25, ""1001"": 8, ""1000"": 40, ""1010"": 7, ""0011"": 5, ""1011"": 1, ""0100"": 1}",256
test_kernel,173,5,qksvc,1890,"{""0001"": 34, ""0011"": 132, ""1010"": 5, ""1001"": 9, ""1000"": 2, ""1011"": 33, ""0010"": 28, ""0000"": 12, ""0111"": 1}",256
test_kernel,173,6,qksvc,1891,"{""0011"": 209, ""1011"": 42, ""0010"": 2, ""1001"": 1, ""0111"": 1, ""0001"": 1}",256
test_kernel,173,7,qksvc,1892,"{""1001"": 5, ""0010"": 52, ""0000"": 114, ""0001"": 27, ""1000"": 25, ""1010"": 14, ""0011"": 14, ""1011"": 5}",256
test_kernel,173,8,qksvc,1893,"{""0000"": 197, ""1000"": 46, ""0010"": 7, ""0100"": 2, ""0001"": 2, ""1001"": 1, ""1010"": 1}",256
test_kernel,173,9,qksvc,1894,"{""1000"": 41, ""0000"": 205, ""0010"": 3, ""0001"": 3, ""1010"": 2, ""1100"": 1, ""1001"": 1}",256
test_kernel,174,0,qksvc,1895,"{""0000"": 246, ""0010"": 5, ""1000"": 1, ""0001"": 4}",256
test_kernel,174,1,qksvc,1896,"{""0000"": 242, ""0010"": 5, ""0001"": 5, ""1000"": 3, ""0100"": 1}",256
test_kernel,174,2,qksvc,1897,"{""0000"": 235, ""0010"": 10, ""0001"": 6, ""1000"": 5}",256
test_kernel,174,3,qksvc,1898,"{""0011"": 246, ""0001"": 4, ""1011"": 4, ""0111"": 1, ""0010"": 1}",256
test_kernel,174,4,qksvc,1899,"{""0000"": 207, ""0010"": 30, ""0001"": 18, ""0011"": 1}",256
test_kernel,174,5,qksvc,1900,"{""0011"": 143, ""0001"": 57, ""0010"": 42, ""1010"": 2, ""0000"": 9, ""0111"": 1, ""0110"": 2}",256
test_kernel,174,6,qksvc,1901,"{""0011"": 247, ""0001"": 6, ""1011"": 1, ""0010"": 1, ""0111"": 1}",256
test_kernel,174,7,qksvc,1902,"{""0000"": 156, ""0010"": 41, ""0001"": 40, ""0011"": 17, ""0100"": 1, ""1000"": 1}",256
test_kernel,174,8,qksvc,1903,"{""0000"": 245, ""1000"": 3, ""0100"": 1, ""0010"": 3, ""0001"": 3, ""0011"": 1}",256
test_kernel,174,9,qksvc,1904,"{""0000"": 246, ""0010"": 6, ""0001"": 3, ""1000"": 1}",256
test_kernel,175,0,qksvc,1905,"{""0011"": 249, ""0001"": 4, ""0000"": 1, ""1011"": 2}",256
test_kernel,175,1,qksvc,1906,"{""0011"": 244, ""0010"": 5, ""0111"": 1, ""0001"": 3, ""1011"": 3}",256
test_kernel,175,2,qksvc,1907,"{""0011"": 245, ""1011"": 4, ""0001"": 5, ""0010"": 2}",256
test_kernel,175,3,qksvc,1908,"{""0000"": 237, ""0001"": 7, ""0010"": 10, ""1000"": 2}",256
test_kernel,175,4,qksvc,1909,"{""0011"": 247, ""0010"": 3, ""1011"": 3, ""0001"": 3}",256
test_kernel,175,5,qksvc,1910,"{""0011"": 46, ""0000"": 68, ""0010"": 65, ""0001"": 75, ""1001"": 1, ""1011"": 1}",256
test_kernel,175,6,qksvc,1911,"{""0000"": 235, ""0010"": 13, ""0001"": 7, ""1000"": 1}",256
test_kernel,175,7,qksvc,1912,"{""0011"": 205, ""0010"": 23, ""0001"": 20, ""0000"": 4, ""1011"": 3, ""1010"": 1}",256
test_kernel,175,8,qksvc,1913,"{""0011"": 243, ""0001"": 7, ""1011"": 4, ""0010"": 2}",256
test_kernel,175,9,qksvc,1914,"{""0011"": 246, ""0001"": 5, ""0010"": 3, ""1011"": 2}",256
test_kernel,176,0,qksvc,1915,"{""0011"": 246, ""0111"": 2, ""0001"": 5, ""0010"": 3}",256
test_kernel,176,1,qksvc,1916,"{""0011"": 247, ""1011"": 4, ""0010"": 4, ""0001"": 1}",256
test_kernel,176,2,qksvc,1917,"{""0011"": 252, ""0010"": 2, ""0001"": 1, ""1011"": 1}",256
test_kernel,176,3,qksvc,1918,"{""0000"": 237, ""0011"": 1, ""0010"": 11, ""1000"": 1, ""0001"": 6}",256
test_kernel,176,4,qksvc,1919,"{""0011"": 241, ""0001"": 3, ""0010"": 6, ""0111"": 1, ""1011"": 4, ""0000"": 1}",256
test_kernel,176,5,qksvc,1920,"{""0000"": 79, ""0011"": 46, ""0010"": 64, ""0001"": 63, ""1000"": 1, ""1001"": 1, ""1010"": 1, ""0100"": 1}",256
test_kernel,176,6,qksvc,1921,"{""0000"": 236, ""0010"": 15, ""1000"": 2, ""0001"": 3}",256
test_kernel,176,7,qksvc,1922,"{""0011"": 206, ""0001"": 21, ""0010"": 24, ""0000"": 2, ""1011"": 2, ""1001"": 1}",256
test_kernel,176,8,qksvc,1923,"{""0011"": 244, ""1011"": 4, ""0001"": 4, ""0111"": 2, ""0010"": 2}",256
test_kernel,176,9,qksvc,1924,"{""0011"": 246, ""0001"": 5, ""0111"": 1, ""1011"": 1, ""0010"": 3}",256
test_kernel,177,0,qksvc,1925,"{""0000"": 243, ""0010"": 6, ""0001"": 4, ""1000"": 2, ""0100"": 1}",256
test_kernel,177,1,qksvc,1926,"{""0000"": 239, ""0100"": 1, ""0001"": 7, ""0010"": 7, ""1000"": 2}",256
test_kernel,177,2,qksvc,1927,"{""0000"": 237, ""0001"": 9, ""0010"": 8, ""1000"": 1, ""0011"": 1}",256
test_kernel,177,3,qksvc,1928,"{""0011"": 250, ""0010"": 3, ""0001"": 1, ""1011"": 2}",256
test_kernel,177,4,qksvc,1929,"{""0000"": 201, ""0010"": 22, ""0001"": 25, ""0011"": 5, ""1000"": 2, ""1001"": 1}",256
test_kernel,177,5,qksvc,1930,"{""0011"": 145, ""0000"": 13, ""0010"": 45, ""0001"": 52, ""1000"": 1}",256
test_kernel,177,6,qksvc,1931,"{""0011"": 244, ""0010"": 2, ""1011"": 5, ""0001"": 5}",256
test_kernel,177,7,qksvc,1932,"{""0000"": 155, ""0010"": 59, ""0001"": 26, ""0011"": 12, ""1000"": 2, ""1010"": 2}",256
test_kernel,177,8,qksvc,1933,"{""0000"": 248, ""0010"": 5, ""1000"": 1, ""0001"": 2}",256
test_kernel,177,9,qksvc,1934,"{""0000"": 247, ""1000"": 3, ""0010"": 6}",256
test_kernel,178,0,qksvc,1935,"{""0000"": 238, ""0010"": 9, ""1010"": 1, ""0001"": 4, ""0100"": 2, ""1000"": 2}",256
test_kernel,178,1,qksvc,1936,"{""0000"": 243, ""0001"": 3, ""0010"": 8, ""1000"": 2}",256
test_kernel,178,2,qksvc,1937,"{""0000"": 238, ""0010"": 8, ""0001"": 8, ""1010"": 1, ""1001"": 1}",256
test_kernel,178,3,qksvc,1938,"{""0011"": 244, ""0001"": 4, ""1011"": 4, ""0010"": 3, ""0111"": 1}",256
test_kernel,178,4,qksvc,1939,"{""0000"": 224, ""0001"": 12, ""0010"": 14, ""0110"": 1, ""1000"": 2, ""0011"": 3}",256
test_kernel,178,5,qksvc,1940,"{""0000"": 20, ""0011"": 138, ""0001"": 48, ""0010"": 49, ""1011"": 1}",256
test_kernel,178,6,qksvc,1941,"{""0011"": 250, ""0001"": 2, ""1011"": 3, ""0111"": 1}",256
test_kernel,178,7,qksvc,1942,"{""0000"": 158, ""0010"": 44, ""0011"": 15, ""0001"": 34, ""1000"": 2, ""0101"": 1, ""1001"": 1, ""0100"": 1}",256
test_kernel,178,8,qksvc,1943,"{""0001"": 2, ""0000"": 246, ""0010"": 5, ""0100"": 1, ""1000"": 2}",256
test_kernel,178,9,qksvc,1944,"{""0000"": 250, ""0001"": 1, ""0010"": 2, ""0100"": 1, ""1000"": 2}",256
test_kernel,179,0,qksvc,1945,"{""0011"": 252, ""0001"": 1, ""0010"": 2, ""1011"": 1}",256
test_kernel,179,1,qksvc,1946,"{""0011"": 244, ""1011"": 3, ""0001"": 6, ""0010"": 1, ""0111"": 2}",256
test_kernel,179,2,qksvc,1947,"{""0011"": 249, ""0010"": 1, ""0001"": 3, ""0101"": 1, ""1011"": 2}",256
test_kernel,179,3,qksvc,1948,"{""0000"": 232, ""0001"": 7, ""0010"": 15, ""0100"": 1, ""1000"": 1}",256
test_kernel,179,4,qksvc,1949,"{""0011"": 231, ""0010"": 6, ""0001"": 16, ""1011"": 1, ""0111"": 2}",256
test_kernel,179,5,qksvc,1950,"{""0000"": 73, ""0010"": 76, ""0011"": 37, ""0001"": 67, ""1000"": 2, ""1011"": 1}",256
test_kernel,179,6,qksvc,1951,"{""0000"": 242, ""0010"": 8, ""0100"": 1, ""0001"": 4, ""1000"": 1}",256
test_kernel,179,7,qksvc,1952,"{""0011"": 211, ""0001"": 19, ""0010"": 21, ""0111"": 3, ""1011"": 1, ""0000"": 1}",256
test_kernel,179,8,qksvc,1953,"{""0011"": 247, ""0010"": 3, ""1011"": 4, ""0001"": 2}",256
test_kernel,179,9,qksvc,1954,"{""0011"": 245, ""0111"": 1, ""0001"": 4, ""1011"": 3, ""0010"": 3}",256
test_kernel,180,0,qksvc,1955,"{""0000"": 243, ""0100"": 1, ""0001"": 5, ""0010"": 6, ""1000"": 1}",256
test_kernel,180,1,qksvc,1956,"{""0000"": 239, ""1000"": 2, ""0010"": 9, ""0001"": 6}",256
test_kernel,180,2,qksvc,1957,"{""0000"": 239, ""0010"": 11, ""1000"": 1, ""0001"": 4, ""0100"": 1}",256
test_kernel,180,3,qksvc,1958,"{""0011"": 251, ""1011"": 2, ""0001"": 2, ""0010"": 1}",256
test_kernel,180,4,qksvc,1959,"{""0000"": 221, ""0001"": 14, ""0010"": 18, ""0011"": 3}",256
test_kernel,180,5,qksvc,1960,"{""0010"": 51, ""0001"": 46, ""0011"": 142, ""0000"": 13, ""0111"": 1, ""1011"": 2, ""0101"": 1}",256
test_kernel,180,6,qksvc,1961,"{""0011"": 244, ""0001"": 4, ""1011"": 6, ""0010"": 1, ""0111"": 1}",256
test_kernel,180,7,qksvc,1962,"{""0000"": 164, ""0010"": 43, ""0001"": 41, ""1001"": 1, ""1000"": 2, ""0011"": 5}",256
test_kernel,180,8,qksvc,1963,"{""0000"": 248, ""1000"": 2, ""0001"": 4, ""1010"": 1, ""0010"": 1}",256
test_kernel,180,9,qksvc,1964,"{""0000"": 244, ""0010"": 6, ""1000"": 2, ""0001"": 4}",256
test_kernel,181,0,qksvc,1965,"{""0000"": 242, ""1000"": 2, ""0001"": 2, ""0010"": 10}",256
test_kernel,181,1,qksvc,1966,"{""0000"": 242, ""0010"": 9, ""0001"": 4, ""0100"": 1}",256
test_kernel,181,2,qksvc,1967,"{""0000"": 240, ""0010"": 7, ""1000"": 2, ""0001"": 5, ""0100"": 1, ""0011"": 1}",256
test_kernel,181,3,qksvc,1968,"{""0011"": 249, ""0111"": 3, ""0010"": 1, ""0001"": 2, ""1011"": 1}",256
test_kernel,181,4,qksvc,1969,"{""0000"": 215, ""0010"": 26, ""0001"": 13, ""0011"": 2}",256
test_kernel,181,5,qksvc,1970,"{""0011"": 129, ""0010"": 55, ""0001"": 56, ""0000"": 15, ""1010"": 1}",256
test_kernel,181,6,qksvc,1971,"{""0011"": 244, ""0010"": 3, ""0001"": 5, ""1011"": 3, ""0111"": 1}",256
test_kernel,181,7,qksvc,1972,"{""0000"": 148, ""0010"": 54, ""0011"": 9, ""0001"": 40, ""0100"": 2, ""1000"": 3}",256
test_kernel,181,8,qksvc,1973,"{""0000"": 247, ""0010"": 7, ""1000"": 2}",256
test_kernel,181,9,qksvc,1974,"{""0000"": 246, ""0001"": 2, ""1000"": 4, ""0100"": 3, ""0010"": 1}",256
test_kernel,182,0,qksvc,1975,"{""0000"": 237, ""0001"": 7, ""0010"": 10, ""0110"": 1, ""1000"": 1}",256
test_kernel,182,1,qksvc,1976,"{""0000"": 235, ""0010"": 13, ""0001"": 7, ""1000"": 1}",256
test_kernel,182,2,qksvc,1977,"{""0000"": 235, ""1000"": 3, ""0001"": 10, ""0010"": 8}",256
test_kernel,182,3,qksvc,1978,"{""0011"": 247, ""0010"": 2, ""1011"": 2, ""1010"": 2, ""0001"": 3}",256
test_kernel,182,4,qksvc,1979,"{""0000"": 210, ""0001"": 19, ""0010"": 23, ""0011"": 3, ""1000"": 1}",256
test_kernel,182,5,qksvc,1980,"{""0001"": 46, ""0011"": 135, ""0000"": 26, ""0010"": 48, ""1011"": 1}",256
test_kernel,182,6,qksvc,1981,"{""0011"": 246, ""1011"": 5, ""0010"": 3, ""0001"": 1, ""0111"": 1}",256
test_kernel,182,7,qksvc,1982,"{""0000"": 151, ""0010"": 41, ""0001"": 41, ""0011"": 14, ""1000"": 5, ""0101"": 1, ""1010"": 1, ""1001"": 1, ""0100"": 1}",256
test_kernel,182,8,qksvc,1983,"{""0000"": 239, ""1000"": 5, ""0001"": 5, ""0010"": 7}",256
test_kernel,182,9,qksvc,1984,"{""0000"": 249, ""0010"": 5, ""0001"": 2}",256
test_kernel,183,0,qksvc,1985,"{""0011"": 249, ""1011"": 2, ""0001"": 3, ""0010"": 1, ""0111"": 1}",256
test_kernel,183,1,qksvc,1986,"{""0011"": 245, ""1011"": 3, ""0001"": 4, ""0010"": 4}",256
test_kernel,183,2,qksvc,1987,"{""0011"": 242, ""1011"": 6, ""0010"": 3, ""0111"": 1, ""0001"": 4}",256
test_kernel,183,3,qksvc,1988,"{""0000"": 236, ""0001"": 9, ""0010"": 10, ""1000"": 1}",256
test_kernel,183,4,qksvc,1989,"{""0011"": 238, ""1011"": 4, ""0001"": 7, ""0010"": 7}",256
test_kernel,183,5,qksvc,1990,"{""0001"": 56, ""0000"": 93, ""0010"": 72, ""0011"": 32, ""1000"": 2, ""0101"": 1}",256
test_kernel,183,6,qksvc,1991,"{""0000"": 237, ""0010"": 9, ""0001"": 7, ""1000"": 1, ""0011"": 2}",256
test_kernel,183,7,qksvc,1992,"{""0011"": 214, ""0010"": 22, ""0001"": 16, ""0000"": 1, ""0111"": 1, ""1010"": 2}",256
test_kernel,183,8,qksvc,1993,"{""0011"": 242, ""0001"": 5, ""1011"": 4, ""0010"": 4, ""0000"": 1}",256
test_kernel,183,9,qksvc,1994,"{""0011"": 244, ""0010"": 2, ""0111"": 3, ""0000"": 1, ""1011"": 2, ""0001"": 4}",256
test_kernel,184,0,qksvc,1995,"{""0011"": 246, ""0010"": 3, ""0001"": 5, ""1011"": 2}",256
test_kernel,184,1,qksvc,1996,"{""0011"": 248, ""1011"": 3, ""0001"": 4, ""0111"": 1}",256
test_kernel,184,2,qksvc,1997,"{""0011"": 250, ""1011"": 2, ""0001"": 3, ""0111"": 1}",256
test_kernel,184,3,qksvc,1998,"{""0000"": 230, ""0010"": 17, ""0001"": 7, ""1000"": 1, ""0100"": 1}",256
test_kernel,184,4,qksvc,1999,"{""0011"": 243, ""0010"": 5, ""0001"": 5, ""1011"": 3}",256
test_kernel,184,5,qksvc,2000,"{""0010"": 67, ""0000"": 80, ""0001"": 49, ""0011"": 58, ""0100"": 1, ""1011"": 1}",256
test_kernel,184,6,qksvc,2001,"{""0100"": 1, ""0000"": 236, ""1000"": 4, ""0010"": 8, ""0001"": 7}",256
test_kernel,184,7,qksvc,2002,"{""0011"": 208, ""0001"": 21, ""0010"": 25, ""0000"": 1, ""1001"": 1}",256
test_kernel,184,8,qksvc,2003,"{""0011"": 245, ""1011"": 4, ""0010"": 3, ""0001"": 4}",256
test_kernel,184,9,qksvc,2004,"{""0011"": 246, ""1011"": 2, ""0001"": 7, ""0111"": 1}",256
test_kernel,185,0,qksvc,2005,"{""0011"": 251, ""1011"": 1, ""0001"": 3, ""0111"": 1}",256
test_kernel,185,1,qksvc,2006,"{""0011"": 248, ""0001"": 3, ""1011"": 4, ""0111"": 1}",256
test_kernel,185,2,qksvc,2007,"{""0011"": 251, ""0010"": 2, ""1011"": 1, ""0111"": 1, ""0001"": 1}",256
test_kernel,185,3,qksvc,2008,"{""0010"": 14, ""0000"": 227, ""0001"": 11, ""1000"": 3, ""0011"": 1}",256
test_kernel,185,4,qksvc,2009,"{""0011"": 246, ""0010"": 4, ""0001"": 5, ""1011"": 1}",256
test_kernel,185,5,qksvc,2010,"{""0001"": 68, ""0010"": 49, ""0000"": 89, ""0011"": 46, ""1010"": 3, ""1000"": 1}",256
test_kernel,185,6,qksvc,2011,"{""0000"": 230, ""0001"": 10, ""0010"": 8, ""1000"": 4, ""1010"": 1, ""1100"": 1, ""0011"": 2}",256
test_kernel,185,7,qksvc,2012,"{""0010"": 23, ""0011"": 206, ""0001"": 21, ""1011"": 4, ""0111"": 1, ""0101"": 1}",256
test_kernel,185,8,qksvc,2013,"{""0011"": 242, ""1011"": 5, ""0001"": 4, ""0010"": 5}",256
test_kernel,185,9,qksvc,2014,"{""0001"": 3, ""0011"": 247, ""0010"": 3, ""1011"": 3}",256
test_kernel,186,0,qksvc,2015,"{""0011"": 248, ""1011"": 4, ""0001"": 2, ""0000"": 1, ""0010"": 1}",256
test_kernel,186,1,qksvc,2016,"{""0011"": 247, ""1001"": 1, ""0001"": 4, ""0010"": 2, ""1011"": 2}",256
test_kernel,186,2,qksvc,2017,"{""0011"": 250, ""0111"": 1, ""1011"": 3, ""0001"": 1, ""0010"": 1}",256
test_kernel,186,3,qksvc,2018,"{""0000"": 236, ""0010"": 9, ""0001"": 8, ""1000"": 3}",256
test_kernel,186,4,qksvc,2019,"{""0011"": 244, ""0010"": 4, ""1011"": 3, ""0001"": 5}",256
test_kernel,186,5,qksvc,2020,"{""0000"": 77, ""0010"": 65, ""0011"": 42, ""0001"": 67, ""1001"": 1, ""1010"": 1, ""1011"": 1, ""0110"": 1, ""0101"": 1}",256
test_kernel,186,6,qksvc,2021,"{""0000"": 236, ""1000"": 4, ""0010"": 9, ""0001"": 7}",256
test_kernel,186,7,qksvc,2022,"{""0011"": 207, ""0010"": 17, ""1001"": 2, ""0001"": 27, ""1011"": 3}",256
test_kernel,186,8,qksvc,2023,"{""0011"": 245, ""0001"": 6, ""1011"": 2, ""0010"": 3}",256
test_kernel,186,9,qksvc,2024,"{""0011"": 241, ""0001"": 2, ""1011"": 3, ""0010"": 7, ""0111"": 3}",256
test_kernel,187,0,qksvc,2025,"{""0000"": 246, ""0010"": 7, ""0100"": 1, ""0001"": 1, ""0011"": 1}",256
test_kernel,187,1,qksvc,2026,"{""0000"": 230, ""0010"": 11, ""1000"": 6, ""0001"": 6, ""0100"": 2, ""1010"": 1}",256
test_kernel,187,2,qksvc,2027,"{""0000"": 237, ""0010"": 9, ""0001"": 8, ""1000"": 2}",256
test_kernel,187,3,qksvc,2028,"{""0011"": 250, ""1011"": 3, ""0001"": 2, ""0010"": 1}",256
test_kernel,187,4,qksvc,2029,"{""0000"": 226, ""0001"": 7, ""0010"": 20, ""1000"": 2, ""0100"": 1}",256
test_kernel,187,5,qksvc,2030,"{""0010"": 44, ""0011"": 140, ""0001"": 48, ""0000"": 24}",256
test_kernel,187,6,qksvc,2031,"{""0011"": 245, ""1011"": 4, ""0010"": 2, ""0001"": 5}",256
test_kernel,187,7,qksvc,2032,"{""0001"": 41, ""0000"": 163, ""1000"": 1, ""0010"": 39, ""0011"": 12}",256
test_kernel,187,8,qksvc,2033,"{""0000"": 254, ""0001"": 1, ""1000"": 1}",256
test_kernel,187,9,qksvc,2034,"{""0000"": 246, ""0100"": 1, ""0010"": 6, ""1000"": 2, ""0001"": 1}",256
test_kernel,188,0,qksvc,2035,"{""0000"": 241, ""0010"": 10, ""0001"": 5}",256
test_kernel,188,1,qksvc,2036,"{""0000"": 234, ""0010"": 5, ""0001"": 10, ""1000"": 5, ""1010"": 1, ""0100"": 1}",256
test_kernel,188,2,qksvc,2037,"{""0000"": 239, ""0010"": 9, ""1000"": 2, ""0001"": 5, ""1001"": 1}",256
test_kernel,188,3,qksvc,2038,"{""0011"": 245, ""0001"": 6, ""0000"": 1, ""1011"": 3, ""0111"": 1}",256
test_kernel,188,4,qksvc,2039,"{""0000"": 199, ""1000"": 1, ""0001"": 31, ""0010"": 22, ""0100"": 1, ""0011"": 2}",256
test_kernel,188,5,qksvc,2040,"{""0011"": 137, ""0010"": 60, ""0001"": 44, ""0000"": 12, ""1011"": 2, ""1010"": 1}",256
test_kernel,188,6,qksvc,2041,"{""0011"": 246, ""1011"": 3, ""0001"": 2, ""0111"": 2, ""0010"": 3}",256
test_kernel,188,7,qksvc,2042,"{""0001"": 43, ""1000"": 1, ""0010"": 42, ""0000"": 151, ""0011"": 17, ""0100"": 2}",256
test_kernel,188,8,qksvc,2043,"{""0000"": 250, ""0001"": 3, ""0010"": 2, ""1000"": 1}",256
test_kernel,188,9,qksvc,2044,"{""0010"": 3, ""0000"": 249, ""0001"": 3, ""0100"": 1}",256
test_kernel,189,0,qksvc,2045,"{""0000"": 241, ""0010"": 8, ""0001"": 5, ""1000"": 1, ""0100"": 1}",256
test_kernel,189,1,qksvc,2046,"{""0000"": 244, ""0010"": 4, ""0001"": 4, ""0011"": 1, ""1000"": 2, ""0100"": 1}",256
test_kernel,189,2,qksvc,2047,"{""0000"": 232, ""0010"": 14, ""0001"": 9, ""1100"": 1}",256
test_kernel,189,3,qksvc,2048,"{""0011"": 247, ""0010"": 4, ""0111"": 2, ""1011"": 2, ""0001"": 1}",256
test_kernel,189,4,qksvc,2049,"{""0001"": 22, ""0000"": 212, ""0010"": 15, ""0011"": 4, ""1000"": 2, ""1010"": 1}",256
test_kernel,189,5,qksvc,2050,"{""0001"": 48, ""0010"": 51, ""0011"": 135, ""0000"": 18, ""1001"": 1, ""0110"": 1, ""0111"": 1, ""1011"": 1}",256
test_kernel,189,6,qksvc,2051,"{""0011"": 245, ""0010"": 3, ""1011"": 4, ""0001"": 3, ""0111"": 1}",256
test_kernel,189,7,qksvc,2052,"{""0000"": 158, ""0010"": 47, ""0001"": 36, ""0011"": 13, ""1011"": 1, ""1000"": 1}",256
test_kernel,189,8,qksvc,2053,"{""0000"": 244, ""1000"": 4, ""0010"": 6, ""0001"": 1, ""0100"": 1}",256
test_kernel,189,9,qksvc,2054,"{""0000"": 245, ""1000"": 3, ""0001"": 5, ""0010"": 2, ""0100"": 1}",256
test_kernel,190,0,qksvc,2055,"{""0000"": 239, ""0010"": 8, ""0001"": 3, ""1000"": 6}",256
test_kernel,190,1,qksvc,2056,"{""0000"": 238, ""0010"": 15, ""0001"": 2, ""1000"": 1}",256
test_kernel,190,2,qksvc,2057,"{""0000"": 242, ""0001"": 6, ""0010"": 8}",256
test_kernel,190,3,qksvc,2058,"{""0011"": 248, ""0001"": 4, ""0010"": 3, ""1011"": 1}",256
test_kernel,190,4,qksvc,2059,"{""0000"": 218, ""0001"": 17, ""0010"": 18, ""0011"": 1, ""0100"": 1, ""1001"": 1}",256
test_kernel,190,5,qksvc,2060,"{""0001"": 46, ""0011"": 135, ""0000"": 17, ""0010"": 54, ""0111"": 1, ""1011"": 3}",256
test_kernel,190,6,qksvc,2061,"{""0011"": 250, ""1011"": 2, ""0010"": 1, ""0001"": 3}",256
test_kernel,190,7,qksvc,2062,"{""0010"": 46, ""0001"": 39, ""0000"": 159, ""0011"": 8, ""0100"": 1, ""1000"": 1, ""1010"": 2}",256
test_kernel,190,8,qksvc,2063,"{""0000"": 251, ""0001"": 3, ""0010"": 2}",256
test_kernel,190,9,qksvc,2064,"{""0000"": 249, ""1000"": 4, ""0010"": 3}",256
test_kernel,191,0,qksvc,2065,"{""0000"": 240, ""0010"": 10, ""0011"": 1, ""0001"": 5}",256
test_kernel,191,1,qksvc,2066,"{""0000"": 238, ""0010"": 12, ""0001"": 4, ""1000"": 1, ""0011"": 1}",256
test_kernel,191,2,qksvc,2067,"{""0000"": 239, ""0001"": 7, ""0100"": 1, ""0011"": 1, ""0010"": 7, ""1000"": 1}",256
test_kernel,191,3,qksvc,2068,"{""0011"": 247, ""0001"": 5, ""0010"": 1, ""1011"": 3}",256
test_kernel,191,4,qksvc,2069,"{""0000"": 219, ""0001"": 15, ""0010"": 17, ""1000"": 2, ""0011"": 2, ""0100"": 1}",256
test_kernel,191,5,qksvc,2070,"{""0011"": 142, ""0010"": 44, ""0001"": 51, ""0000"": 17, ""1011"": 2}",256
test_kernel,191,6,qksvc,2071,"{""0011"": 243, ""1011"": 6, ""0001"": 5, ""0111"": 1, ""0010"": 1}",256
test_kernel,191,7,qksvc,2072,"{""0001"": 41, ""0010"": 36, ""0000"": 168, ""0011"": 7, ""0110"": 1, ""1000"": 2, ""0100"": 1}",256
test_kernel,191,8,qksvc,2073,"{""0000"": 250, ""1000"": 1, ""0010"": 5}",256
test_kernel,191,9,qksvc,2074,"{""0000"": 247, ""0001"": 3, ""1000"": 2, ""0010"": 3, ""0100"": 1}",256
test_kernel,192,0,qksvc,2075,"{""0000"": 237, ""0010"": 11, ""0011"": 1, ""0100"": 1, ""0001"": 5, ""1000"": 1}",256
test_kernel,192,1,qksvc,2076,"{""0000"": 235, ""0010"": 12, ""0001"": 5, ""1000"": 2, ""0100"": 2}",256
test_kernel,192,2,qksvc,2077,"{""0000"": 239, ""0011"": 1, ""0100"": 3, ""0010"": 7, ""0001"": 4, ""1000"": 2}",256
test_kernel,192,3,qksvc,2078,"{""0011"": 248, ""0111"": 1, ""1011"": 2, ""0010"": 3, ""0001"": 2}",256
test_kernel,192,4,qksvc,2079,"{""0000"": 206, ""0001"": 21, ""0010"": 27, ""1001"": 1, ""0011"": 1}",256
test_kernel,192,5,qksvc,2080,"{""0011"": 149, ""0001"": 55, ""0010"": 40, ""0000"": 11, ""1011"": 1}",256
test_kernel,192,6,qksvc,2081,"{""0011"": 251, ""0001"": 3, ""0010"": 1, ""1011"": 1}",256
test_kernel,192,7,qksvc,2082,"{""0010"": 54, ""0011"": 14, ""0001"": 50, ""0000"": 136, ""0110"": 1, ""1001"": 1}",256
test_kernel,192,8,qksvc,2083,"{""0000"": 244, ""0010"": 9, ""1000"": 2, ""0001"": 1}",256
test_kernel,192,9,qksvc,2084,"{""0000"": 243, ""0010"": 5, ""1000"": 2, ""0001"": 6}",256
test_kernel,193,0,qksvc,2085,"{""0000"": 240, ""0010"": 9, ""0001"": 3, ""1000"": 3, ""0100"": 1}",256
test_kernel,193,1,qksvc,2086,"{""0000"": 241, ""0001"": 10, ""1000"": 3, ""0010"": 2}",256
test_kernel,193,2,qksvc,2087,"{""0000"": 232, ""0010"": 13, ""0001"": 9, ""1000"": 1, ""0100"": 1}",256
test_kernel,193,3,qksvc,2088,"{""0011"": 251, ""0001"": 3, ""0010"": 2}",256
test_kernel,193,4,qksvc,2089,"{""0010"": 18, ""0000"": 212, ""0100"": 2, ""0001"": 20, ""0011"": 3, ""1000"": 1}",256
test_kernel,193,5,qksvc,2090,"{""0000"": 19, ""0010"": 45, ""0011"": 132, ""0001"": 57, ""1011"": 1, ""0111"": 1, ""1001"": 1}",256
test_kernel,193,6,qksvc,2091,"{""0011"": 250, ""0111"": 2, ""0001"": 4}",256
test_kernel,193,7,qksvc,2092,"{""0000"": 144, ""0001"": 50, ""0011"": 15, ""0010"": 44, ""0101"": 2, ""1000"": 1}",256
test_kernel,193,8,qksvc,2093,"{""0000"": 245, ""0010"": 4, ""0100"": 1, ""1000"": 4, ""0001"": 2}",256
test_kernel,193,9,qksvc,2094,"{""0001"": 4, ""0000"": 247, ""0010"": 4, ""0100"": 1}",256
test_kernel,194,0,qksvc,2095,"{""0000"": 249, ""0001"": 2, ""0010"": 2, ""1000"": 1, ""0100"": 2}",256
test_kernel,194,1,qksvc,2096,"{""0000"": 243, ""1000"": 1, ""0001"": 5, ""0100"": 1, ""0010"": 6}",256
test_kernel,194,2,qksvc,2097,"{""0000"": 235, ""0100"": 1, ""1000"": 1, ""0010"": 13, ""0001"": 6}",256
test_kernel,194,3,qksvc,2098,"{""0011"": 249, ""0001"": 3, ""0111"": 1, ""0010"": 1, ""1011"": 1, ""1001"": 1}",256
test_kernel,194,4,qksvc,2099,"{""0000"": 212, ""0001"": 18, ""0011"": 2, ""1000"": 5, ""0010"": 17, ""0110"": 1, ""1010"": 1}",256
test_kernel,194,5,qksvc,2100,"{""0010"": 52, ""0001"": 48, ""0011"": 133, ""1001"": 4, ""0000"": 17, ""0111"": 1, ""1011"": 1}",256
test_kernel,194,6,qksvc,2101,"{""0011"": 250, ""0001"": 2, ""1010"": 1, ""1011"": 1, ""0111"": 1, ""0000"": 1}",256
test_kernel,194,7,qksvc,2102,"{""0001"": 38, ""0000"": 151, ""0010"": 46, ""0011"": 17, ""1011"": 2, ""0100"": 2}",256
test_kernel,194,8,qksvc,2103,"{""0000"": 245, ""0001"": 4, ""0010"": 5, ""1000"": 2}",256
test_kernel,194,9,qksvc,2104,"{""0000"": 253, ""0010"": 2, ""1000"": 1}",256
test_kernel,195,0,qksvc,2105,"{""0000"": 242, ""0010"": 7, ""0001"": 4, ""0100"": 1, ""1000"": 2}",256
test_kernel,195,1,qksvc,2106,"{""0000"": 238, ""0010"": 7, ""0011"": 1, ""0001"": 8, ""0100"": 1, ""1000"": 1}",256
test_kernel,195,2,qksvc,2107,"{""0000"": 232, ""0001"": 11, ""1000"": 2, ""0010"": 10, ""1010"": 1}",256
test_kernel,195,3,qksvc,2108,"{""0011"": 246, ""0001"": 5, ""1011"": 2, ""0010"": 2, ""0111"": 1}",256
test_kernel,195,4,qksvc,2109,"{""0000"": 210, ""0010"": 15, ""0001"": 25, ""1000"": 1, ""0011"": 3, ""0100"": 1, ""0110"": 1}",256
test_kernel,195,5,qksvc,2110,"{""0010"": 57, ""0011"": 143, ""0000"": 14, ""0001"": 36, ""1011"": 3, ""1001"": 2, ""1010"": 1}",256
test_kernel,195,6,qksvc,2111,"{""0011"": 250, ""0010"": 2, ""1011"": 3, ""0001"": 1}",256
test_kernel,195,7,qksvc,2112,"{""0010"": 55, ""0001"": 30, ""0000"": 163, ""0011"": 6, ""0111"": 1, ""1000"": 1}",256
test_kernel,195,8,qksvc,2113,"{""0000"": 244, ""0010"": 7, ""0001"": 3, ""1000"": 2}",256
test_kernel,195,9,qksvc,2114,"{""0000"": 252, ""0010"": 2, ""0001"": 2}",256
test_kernel,196,0,qksvc,2115,"{""0000"": 246, ""1010"": 1, ""1000"": 1, ""0001"": 4, ""0010"": 3, ""0100"": 1}",256
test_kernel,196,1,qksvc,2116,"{""0000"": 243, ""0001"": 4, ""0010"": 7, ""1000"": 2}",256
test_kernel,196,2,qksvc,2117,"{""0000"": 232, ""0010"": 8, ""0001"": 11, ""1000"": 4, ""0011"": 1}",256
test_kernel,196,3,qksvc,2118,"{""0011"": 249, ""0001"": 4, ""1001"": 1, ""1011"": 1, ""0010"": 1}",256
test_kernel,196,4,qksvc,2119,"{""0000"": 215, ""0011"": 1, ""0001"": 20, ""0010"": 18, ""1000"": 2}",256
test_kernel,196,5,qksvc,2120,"{""0010"": 45, ""0011"": 144, ""0001"": 43, ""0000"": 22, ""1010"": 1, ""1011"": 1}",256
test_kernel,196,6,qksvc,2121,"{""0011"": 249, ""0001"": 4, ""1011"": 1, ""0111"": 1, ""0010"": 1}",256
test_kernel,196,7,qksvc,2122,"{""0011"": 15, ""0000"": 149, ""1010"": 1, ""0001"": 38, ""0010"": 48, ""0100"": 1, ""0101"": 1, ""1001"": 1, ""1000"": 2}",256
test_kernel,196,8,qksvc,2123,"{""0000"": 250, ""1000"": 2, ""0010"": 2, ""0001"": 2}",256
test_kernel,196,9,qksvc,2124,"{""0000"": 249, ""0010"": 7}",256
test_kernel,197,0,qksvc,2125,"{""0000"": 234, ""0010"": 13, ""0001"": 7, ""1000"": 2}",256
test_kernel,197,1,qksvc,2126,"{""0000"": 240, ""1000"": 2, ""0100"": 2, ""0010"": 7, ""0001"": 4, ""0011"": 1}",256
test_kernel,197,2,qksvc,2127,"{""0000"": 235, ""0010"": 13, ""0001"": 5, ""1000"": 3}",256
test_kernel,197,3,qksvc,2128,"{""0011"": 247, ""0111"": 1, ""0001"": 3, ""1011"": 5}",256
test_kernel,197,4,qksvc,2129,"{""0000"": 209, ""0010"": 22, ""0001"": 21, ""0011"": 2, ""1000"": 2}",256
test_kernel,197,5,qksvc,2130,"{""0011"": 122, ""0000"": 20, ""0010"": 61, ""0001"": 52, ""1011"": 1}",256
test_kernel,197,6,qksvc,2131,"{""0011"": 247, ""0010"": 2, ""0001"": 3, ""1011"": 4}",256
test_kernel,197,7,qksvc,2132,"{""0001"": 50, ""0000"": 148, ""0011"": 10, ""0010"": 43, ""1000"": 3, ""1001"": 1, ""1011"": 1}",256
test_kernel,197,8,qksvc,2133,"{""0000"": 248, ""0010"": 6, ""1010"": 1, ""1000"": 1}",256
test_kernel,197,9,qksvc,2134,"{""0000"": 245, ""0010"": 5, ""1000"": 3, ""0001"": 2, ""0100"": 1}",256
test_kernel,198,0,qksvc,2135,"{""0000"": 245, ""0010"": 6, ""0001"": 3, ""0100"": 1, ""1000"": 1}",256
test_kernel,198,1,qksvc,2136,"{""0000"": 229, ""0010"": 17, ""0001"": 8, ""1000"": 2}",256
test_kernel,198,2,qksvc,2137,"{""0000"": 237, ""0010"": 9, ""0001"": 9, ""1000"": 1}",256
test_kernel,198,3,qksvc,2138,"{""0011"": 251, ""0010"": 1, ""0001"": 2, ""1011"": 2}",256
test_kernel,198,4,qksvc,2139,"{""0000"": 219, ""0010"": 15, ""0001"": 15, ""0011"": 5, ""1001"": 1, ""0110"": 1}",256
test_kernel,198,5,qksvc,2140,"{""0011"": 138, ""0001"": 39, ""0010"": 58, ""0000"": 20, ""1010"": 1}",256
test_kernel,198,6,qksvc,2141,"{""0011"": 247, ""0010"": 2, ""1011"": 4, ""0001"": 3}",256
test_kernel,198,7,qksvc,2142,"{""0000"": 163, ""0011"": 9, ""0001"": 37, ""0010"": 47}",256
test_kernel,198,8,qksvc,2143,"{""0000"": 245, ""0010"": 5, ""0100"": 2, ""1000"": 2, ""0001"": 2}",256
test_kernel,198,9,qksvc,2144,"{""0000"": 250, ""0010"": 3, ""0001"": 1, ""0100"": 1, ""1000"": 1}",256
test_kernel,199,0,qksvc,2145,"{""0011"": 252, ""0010"": 2, ""0001"": 2}",256
test_kernel,199,1,qksvc,2146,"{""0011"": 249, ""1011"": 2, ""0010"": 5}",256
test_kernel,199,2,qksvc,2147,"{""0011"": 243, ""0111"": 2, ""1011"": 4, ""0010"": 4, ""0001"": 3}",256
test_kernel,199,3,qksvc,2148,"{""0000"": 228, ""1000"": 6, ""0010"": 14, ""0001"": 7, ""0100"": 1}",256
test_kernel,199,4,qksvc,2149,"{""0011"": 240, ""0010"": 5, ""0001"": 8, ""0000"": 1, ""1011"": 2}",256
test_kernel,199,5,qksvc,2150,"{""0001"": 62, ""0010"": 76, ""1001"": 1, ""0000"": 71, ""1000"": 1, ""0011"": 43, ""1011"": 1, ""1010"": 1}",256
test_kernel,199,6,qksvc,2151,"{""0000"": 236, ""0010"": 9, ""0001"": 7, ""1000"": 4}",256
test_kernel,199,7,qksvc,2152,"{""0011"": 200, ""0001"": 20, ""0010"": 30, ""1011"": 5, ""0000"": 1}",256
test_kernel,199,8,qksvc,2153,"{""0011"": 248, ""0001"": 5, ""1011"": 1, ""0010"": 2}",256
test_kernel,199,9,qksvc,2154,"{""0011"": 248, ""1011"": 3, ""0010"": 4, ""0001"": 1}",256
test_kernel,200,0,qksvc,2155,"{""0000"": 238, ""0100"": 1, ""0010"": 10, ""1000"": 2, ""0001"": 4, ""0011"": 1}",256
test_kernel,200,1,qksvc,2156,"{""0000"": 240, ""0010"": 9, ""0001"": 3, ""1000"": 3, ""1010"": 1}",256
test_kernel,200,2,qksvc,2157,"{""0000"": 241, ""0010"": 10, ""1000"": 1, ""0001"": 4}",256
test_kernel,200,3,qksvc,2158,"{""0011"": 250, ""0111"": 1, ""0001"": 2, ""1011"": 3}",256
test_kernel,200,4,qksvc,2159,"{""0000"": 222, ""0010"": 20, ""1001"": 1, ""0001"": 11, ""1000"": 1, ""0110"": 1}",256
test_kernel,200,5,qksvc,2160,"{""0010"": 47, ""0011"": 136, ""0001"": 52, ""0000"": 17, ""0101"": 1, ""1001"": 1, ""0110"": 2}",256
test_kernel,200,6,qksvc,2161,"{""0011"": 245, ""0001"": 4, ""0010"": 2, ""1011"": 4, ""0111"": 1}",256
test_kernel,200,7,qksvc,2162,"{""0001"": 39, ""0000"": 155, ""0010"": 44, ""1001"": 1, ""0011"": 15, ""0100"": 2}",256
test_kernel,200,8,qksvc,2163,"{""0000"": 246, ""0010"": 6, ""1000"": 3, ""0001"": 1}",256
test_kernel,200,9,qksvc,2164,"{""0000"": 249, ""1010"": 1, ""0010"": 4, ""1000"": 1, ""0100"": 1}",256
test_kernel,201,0,qksvc,2165,"{""0011"": 252, ""0001"": 1, ""1011"": 2, ""0010"": 1}",256
test_kernel,201,1,qksvc,2166,"{""0011"": 250, ""1011"": 4, ""0111"": 1, ""0010"": 1}",256
test_kernel,201,2,qksvc,2167,"{""0011"": 249, ""0001"": 3, ""0010"": 3, ""1011"": 1}",256
test_kernel,201,3,qksvc,2168,"{""0000"": 234, ""0010"": 16, ""0011"": 1, ""0001"": 4, ""1000"": 1}",256
test_kernel,201,4,qksvc,2169,"{""0011"": 247, ""0001"": 3, ""1010"": 1, ""0010"": 3, ""1011"": 2}",256
test_kernel,201,5,qksvc,2170,"{""0001"": 73, ""0011"": 47, ""0000"": 78, ""0010"": 55, ""1010"": 1, ""0111"": 1, ""1000"": 1}",256
test_kernel,201,6,qksvc,2171,"{""0000"": 230, ""0001"": 12, ""1000"": 6, ""0010"": 7, ""0100"": 1}",256
test_kernel,201,7,qksvc,2172,"{""0011"": 206, ""0111"": 1, ""0010"": 27, ""1011"": 3, ""0001"": 18, ""0000"": 1}",256
test_kernel,201,8,qksvc,2173,"{""0011"": 247, ""1011"": 1, ""0111"": 2, ""0010"": 2, ""0001"": 4}",256
test_kernel,201,9,qksvc,2174,"{""0011"": 246, ""0111"": 1, ""1010"": 1, ""0001"": 2, ""0010"": 3, ""1011"": 3}",256
test_kernel,202,0,qksvc,2175,"{""0000"": 246, ""0001"": 5, ""0010"": 4, ""1000"": 1}",256
test_kernel,202,1,qksvc,2176,"{""0000"": 241, ""0001"": 6, ""0010"": 7, ""0011"": 1, ""1000"": 1}",256
test_kernel,202,2,qksvc,2177,"{""0000"": 238, ""0010"": 12, ""0001"": 3, ""1000"": 2, ""0110"": 1}",256
test_kernel,202,3,qksvc,2178,"{""0011"": 247, ""0111"": 2, ""1011"": 5, ""0001"": 2}",256
test_kernel,202,4,qksvc,2179,"{""0000"": 216, ""0010"": 22, ""0001"": 17, ""1000"": 1}",256
test_kernel,202,5,qksvc,2180,"{""0011"": 138, ""0001"": 45, ""0000"": 19, ""0010"": 52, ""1011"": 1, ""0101"": 1}",256
test_kernel,202,6,qksvc,2181,"{""0011"": 249, ""0010"": 3, ""1011"": 2, ""0001"": 1, ""0111"": 1}",256
test_kernel,202,7,qksvc,2182,"{""0010"": 48, ""0001"": 39, ""0000"": 155, ""1011"": 2, ""0011"": 10, ""0101"": 1, ""0100"": 1}",256
test_kernel,202,8,qksvc,2183,"{""0000"": 248, ""1000"": 1, ""0010"": 5, ""0001"": 2}",256
test_kernel,202,9,qksvc,2184,"{""0000"": 247, ""0001"": 2, ""1000"": 2, ""0010"": 5}",256
test_kernel,203,0,qksvc,2185,"{""0011"": 246, ""1011"": 4, ""0001"": 2, ""0010"": 3, ""0111"": 1}",256
test_kernel,203,1,qksvc,2186,"{""0011"": 245, ""0001"": 6, ""0111"": 1, ""0010"": 3, ""1011"": 1}",256
test_kernel,203,2,qksvc,2187,"{""0011"": 254, ""0001"": 2}",256
test_kernel,203,3,qksvc,2188,"{""0000"": 236, ""0001"": 8, ""0010"": 11, ""1000"": 1}",256
test_kernel,203,4,qksvc,2189,"{""0011"": 234, ""0001"": 8, ""1011"": 8, ""0010"": 6}",256
test_kernel,203,5,qksvc,2190,"{""0001"": 60, ""0011"": 39, ""0000"": 95, ""0010"": 60, ""1011"": 1, ""1010"": 1}",256
test_kernel,203,6,qksvc,2191,"{""0000"": 232, ""0010"": 11, ""1000"": 3, ""0100"": 1, ""0001"": 9}",256
test_kernel,203,7,qksvc,2192,"{""0011"": 209, ""0001"": 21, ""0010"": 20, ""1011"": 1, ""0000"": 4, ""1001"": 1}",256
test_kernel,203,8,qksvc,2193,"{""0011"": 245, ""0010"": 4, ""0001"": 4, ""0111"": 1, ""1011"": 2}",256
test_kernel,203,9,qksvc,2194,"{""0011"": 249, ""1011"": 1, ""0001"": 2, ""0010"": 3, ""0000"": 1}",256
test_kernel,204,0,qksvc,2195,"{""0011"": 250, ""1011"": 2, ""0001"": 3, ""0111"": 1}",256
test_kernel,204,1,qksvc,2196,"{""0011"": 248, ""1011"": 3, ""0010"": 1, ""0001"": 3, ""0000"": 1}",256
test_kernel,204,2,qksvc,2197,"{""0011"": 246, ""0010"": 3, ""1011"": 5, ""0001"": 2}",256
test_kernel,204,3,qksvc,2198,"{""0000"": 233, ""0010"": 11, ""0001"": 10, ""0100"": 1, ""1000"": 1}",256
test_kernel,204,4,qksvc,2199,"{""0011"": 245, ""0010"": 5, ""1011"": 3, ""0001"": 3}",256
test_kernel,204,5,qksvc,2200,"{""0001"": 62, ""0011"": 46, ""0010"": 68, ""0000"": 76, ""1010"": 2, ""0100"": 1, ""0110"": 1}",256
test_kernel,204,6,qksvc,2201,"{""0000"": 234, ""0001"": 10, ""0010"": 9, ""1000"": 2, ""0100"": 1}",256
test_kernel,204,7,qksvc,2202,"{""0011"": 215, ""0001"": 14, ""0000"": 4, ""0010"": 21, ""1001"": 1, ""1010"": 1}",256
test_kernel,204,8,qksvc,2203,"{""0011"": 244, ""0001"": 9, ""0010"": 2, ""1011"": 1}",256
test_kernel,204,9,qksvc,2204,"{""0011"": 247, ""0010"": 4, ""0001"": 4, ""1011"": 1}",256
test_kernel,205,0,qksvc,2205,"{""0011"": 244, ""1011"": 6, ""0001"": 5, ""0010"": 1}",256
test_kernel,205,1,qksvc,2206,"{""0011"": 249, ""0010"": 1, ""0001"": 1, ""0111"": 1, ""1011"": 4}",256
test_kernel,205,2,qksvc,2207,"{""0001"": 2, ""0011"": 250, ""0010"": 2, ""1011"": 2}",256
test_kernel,205,3,qksvc,2208,"{""0000"": 233, ""0001"": 8, ""0010"": 12, ""1000"": 3}",256
test_kernel,205,4,qksvc,2209,"{""0001"": 6, ""0011"": 241, ""1011"": 5, ""0010"": 3, ""0111"": 1}",256
test_kernel,205,5,qksvc,2210,"{""0010"": 68, ""0000"": 70, ""0011"": 52, ""0001"": 64, ""1000"": 1, ""0110"": 1}",256
test_kernel,205,6,qksvc,2211,"{""0000"": 240, ""0010"": 8, ""0001"": 5, ""0011"": 1, ""0100"": 2}",256
test_kernel,205,7,qksvc,2212,"{""0011"": 208, ""0001"": 22, ""0010"": 21, ""0000"": 1, ""1011"": 2, ""1010"": 1, ""0111"": 1}",256
test_kernel,205,8,qksvc,2213,"{""0011"": 243, ""0010"": 3, ""1011"": 5, ""0001"": 4, ""0111"": 1}",256
test_kernel,205,9,qksvc,2214,"{""0011"": 247, ""0010"": 3, ""0111"": 2, ""0001"": 3, ""1011"": 1}",256
test_kernel,206,0,qksvc,2215,"{""0000"": 244, ""0010"": 7, ""1000"": 2, ""0001"": 3}",256
test_kernel,206,1,qksvc,2216,"{""0000"": 243, ""0001"": 6, ""0010"": 4, ""1000"": 3}",256
test_kernel,206,2,qksvc,2217,"{""0000"": 235, ""0001"": 4, ""0010"": 12, ""1000"": 3, ""0100"": 2}",256
test_kernel,206,3,qksvc,2218,"{""0011"": 246, ""0010"": 6, ""0001"": 1, ""1001"": 1, ""1011"": 2}",256
test_kernel,206,4,qksvc,2219,"{""0000"": 200, ""1000"": 3, ""0010"": 25, ""0001"": 22, ""0011"": 4, ""1010"": 1, ""0100"": 1}",256
test_kernel,206,5,qksvc,2220,"{""0011"": 125, ""0001"": 48, ""0010"": 61, ""0000"": 20, ""0101"": 1, ""1001"": 1}",256
test_kernel,206,6,qksvc,2221,"{""0011"": 251, ""0010"": 2, ""1011"": 2, ""0001"": 1}",256
test_kernel,206,7,qksvc,2222,"{""0000"": 160, ""0011"": 14, ""0010"": 38, ""0001"": 42, ""1001"": 2}",256
test_kernel,206,8,qksvc,2223,"{""0000"": 248, ""1000"": 3, ""0001"": 1, ""0010"": 4}",256
test_kernel,206,9,qksvc,2224,"{""0000"": 249, ""0010"": 4, ""1000"": 1, ""0100"": 1, ""0001"": 1}",256
test_kernel,207,0,qksvc,2225,"{""0000"": 241, ""0010"": 8, ""0100"": 1, ""1000"": 2, ""0001"": 4}",256
test_kernel,207,1,qksvc,2226,"{""0010"": 3, ""0000"": 246, ""0001"": 5, ""1000"": 1, ""0100"": 1}",256
test_kernel,207,2,qksvc,2227,"{""0000"": 239, ""0010"": 9, ""0001"": 6, ""1000"": 2}",256
test_kernel,207,3,qksvc,2228,"{""0011"": 248, ""0010"": 2, ""0111"": 1, ""0001"": 2, ""1011"": 3}",256
test_kernel,207,4,qksvc,2229,"{""0000"": 220, ""0001"": 20, ""0010"": 11, ""1000"": 3, ""0100"": 2}",256
test_kernel,207,5,qksvc,2230,"{""0000"": 18, ""0011"": 137, ""0001"": 49, ""0010"": 49, ""1011"": 3}",256
test_kernel,207,6,qksvc,2231,"{""0011"": 246, ""0111"": 1, ""1011"": 4, ""0001"": 3, ""0010"": 2}",256
test_kernel,207,7,qksvc,2232,"{""0000"": 147, ""0001"": 47, ""0010"": 50, ""0011"": 10, ""1010"": 1, ""0100"": 1}",256
test_kernel,207,8,qksvc,2233,"{""0000"": 248, ""0010"": 3, ""0001"": 4, ""1000"": 1}",256
test_kernel,207,9,qksvc,2234,"{""0000"": 251, ""1000"": 2, ""0001"": 2, ""0010"": 1}",256
test_kernel,208,0,qksvc,2235,"{""0000"": 236, ""0100"": 3, ""0010"": 10, ""0001"": 7}",256
test_kernel,208,1,qksvc,2236,"{""0000"": 239, ""0010"": 9, ""0001"": 7, ""0100"": 1}",256
test_kernel,208,2,qksvc,2237,"{""0000"": 235, ""1000"": 1, ""0010"": 9, ""0001"": 8, ""1001"": 1, ""0100"": 2}",256
test_kernel,208,3,qksvc,2238,"{""0011"": 248, ""0010"": 3, ""1011"": 4, ""0001"": 1}",256
test_kernel,208,4,qksvc,2239,"{""0000"": 215, ""0010"": 30, ""0011"": 4, ""0001"": 7}",256
test_kernel,208,5,qksvc,2240,"{""0011"": 140, ""0010"": 43, ""0000"": 18, ""0001"": 53, ""0110"": 1, ""1011"": 1}",256
test_kernel,208,6,qksvc,2241,"{""0011"": 245, ""0010"": 2, ""0001"": 3, ""1011"": 6}",256
test_kernel,208,7,qksvc,2242,"{""0001"": 38, ""0000"": 155, ""0010"": 51, ""0011"": 8, ""1011"": 1, ""0100"": 1, ""0101"": 1, ""1000"": 1}",256
test_kernel,208,8,qksvc,2243,"{""0000"": 250, ""0010"": 3, ""0100"": 2, ""0001"": 1}",256
test_kernel,208,9,qksvc,2244,"{""0000"": 245, ""1000"": 2, ""0010"": 8, ""0001"": 1}",256
test_kernel,209,0,qksvc,2245,"{""0000"": 241, ""0010"": 8, ""0001"": 5, ""1000"": 2}",256
test_kernel,209,1,qksvc,2246,"{""0000"": 243, ""0010"": 11, ""0001"": 2}",256
test_kernel,209,2,qksvc,2247,"{""0000"": 237, ""0010"": 13, ""0001"": 3, ""0100"": 1, ""1000"": 1, ""0011"": 1}",256
test_kernel,209,3,qksvc,2248,"{""0011"": 251, ""0001"": 2, ""0111"": 2, ""1011"": 1}",256
test_kernel,209,4,qksvc,2249,"{""0000"": 220, ""0010"": 17, ""0001"": 16, ""0011"": 2, ""1000"": 1}",256
test_kernel,209,5,qksvc,2250,"{""0011"": 126, ""0001"": 55, ""0010"": 52, ""0000"": 19, ""0101"": 1, ""1011"": 1, ""0110"": 1, ""1010"": 1}",256
test_kernel,209,6,qksvc,2251,"{""0011"": 248, ""0001"": 1, ""0010"": 5, ""1011"": 2}",256
test_kernel,209,7,qksvc,2252,"{""0000"": 184, ""0010"": 36, ""0011"": 7, ""0001"": 29}",256
test_kernel,209,8,qksvc,2253,"{""0000"": 247, ""0010"": 4, ""0001"": 2, ""0100"": 2, ""1000"": 1}",256
test_kernel,209,9,qksvc,2254,"{""0000"": 248, ""0010"": 2, ""0100"": 1, ""0001"": 3, ""1000"": 2}",256
test_kernel,210,0,qksvc,2255,"{""0000"": 243, ""0010"": 8, ""0001"": 4, ""1000"": 1}",256
test_kernel,210,1,qksvc,2256,"{""0000"": 240, ""0010"": 6, ""0011"": 2, ""0001"": 3, ""1000"": 4, ""1010"": 1}",256
test_kernel,210,2,qksvc,2257,"{""0000"": 234, ""0010"": 12, ""0001"": 6, ""1000"": 3, ""0100"": 1}",256
test_kernel,210,3,qksvc,2258,"{""0011"": 249, ""0001"": 1, ""0010"": 4, ""1011"": 1, ""1001"": 1}",256
test_kernel,210,4,qksvc,2259,"{""0000"": 210, ""0001"": 24, ""0011"": 4, ""0010"": 17, ""0100"": 1}",256
test_kernel,210,5,qksvc,2260,"{""0011"": 156, ""0010"": 39, ""0001"": 46, ""1011"": 1, ""0000"": 13, ""1001"": 1}",256
test_kernel,210,6,qksvc,2261,"{""0011"": 249, ""0001"": 3, ""1011"": 2, ""0010"": 2}",256
test_kernel,210,7,qksvc,2262,"{""0000"": 133, ""0001"": 43, ""0011"": 21, ""0010"": 56, ""1010"": 2, ""0100"": 1}",256
test_kernel,210,8,qksvc,2263,"{""0000"": 242, ""0010"": 8, ""1000"": 2, ""0001"": 2, ""0100"": 1, ""0011"": 1}",256
test_kernel,210,9,qksvc,2264,"{""0000"": 245, ""0001"": 1, ""0010"": 6, ""1000"": 3, ""0100"": 1}",256
test_kernel,211,0,qksvc,2265,"{""0010"": 6, ""0000"": 244, ""1000"": 2, ""0001"": 4}",256
test_kernel,211,1,qksvc,2266,"{""0000"": 243, ""1000"": 1, ""0010"": 8, ""0100"": 2, ""0011"": 1, ""0001"": 1}",256
test_kernel,211,2,qksvc,2267,"{""0001"": 12, ""0000"": 233, ""0010"": 9, ""1000"": 1, ""0011"": 1}",256
test_kernel,211,3,qksvc,2268,"{""0011"": 250, ""0001"": 2, ""1011"": 2, ""0010"": 2}",256
test_kernel,211,4,qksvc,2269,"{""0001"": 18, ""0000"": 213, ""1000"": 3, ""0010"": 20, ""0100"": 1, ""0011"": 1}",256
test_kernel,211,5,qksvc,2270,"{""0011"": 131, ""0000"": 16, ""0010"": 58, ""0001"": 51}",256
test_kernel,211,6,qksvc,2271,"{""0011"": 250, ""0001"": 5, ""1011"": 1}",256
test_kernel,211,7,qksvc,2272,"{""0000"": 167, ""0001"": 34, ""0010"": 42, ""0101"": 1, ""0011"": 10, ""1000"": 2}",256
test_kernel,211,8,qksvc,2273,"{""0000"": 250, ""0010"": 2, ""1000"": 3, ""0001"": 1}",256
test_kernel,211,9,qksvc,2274,"{""0000"": 246, ""1000"": 3, ""0100"": 2, ""0010"": 4, ""0001"": 1}",256
test_kernel,212,0,qksvc,2275,"{""0011"": 245, ""0001"": 7, ""1011"": 3, ""0010"": 1}",256
test_kernel,212,1,qksvc,2276,"{""0011"": 248, ""1001"": 1, ""0010"": 2, ""0111"": 2, ""1011"": 1, ""0001"": 2}",256
test_kernel,212,2,qksvc,2277,"{""0011"": 251, ""0010"": 3, ""1011"": 1, ""0001"": 1}",256
test_kernel,212,3,qksvc,2278,"{""0000"": 237, ""0001"": 7, ""0010"": 7, ""1000"": 3, ""0100"": 1, ""0011"": 1}",256
test_kernel,212,4,qksvc,2279,"{""0011"": 245, ""0001"": 6, ""0010"": 4, ""1011"": 1}",256
test_kernel,212,5,qksvc,2280,"{""0001"": 62, ""0000"": 90, ""0010"": 61, ""0011"": 41, ""1000"": 2}",256
test_kernel,212,6,qksvc,2281,"{""0000"": 233, ""0001"": 11, ""0010"": 8, ""1000"": 3, ""0100"": 1}",256
test_kernel,212,7,qksvc,2282,"{""0011"": 193, ""0010"": 29, ""0001"": 26, ""1011"": 2, ""0000"": 4, ""0111"": 2}",256
test_kernel,212,8,qksvc,2283,"{""0011"": 245, ""0010"": 5, ""0001"": 3, ""1011"": 2, ""0111"": 1}",256
test_kernel,212,9,qksvc,2284,"{""0011"": 248, ""1011"": 2, ""0001"": 5, ""0010"": 1}",256
test_kernel,213,0,qksvc,2285,"{""0011"": 249, ""0001"": 3, ""0010"": 2, ""0111"": 1, ""1011"": 1}",256
test_kernel,213,1,qksvc,2286,"{""0011"": 248, ""0010"": 4, ""0001"": 4}",256
test_kernel,213,2,qksvc,2287,"{""0011"": 246, ""1011"": 1, ""0010"": 6, ""0001"": 2, ""0111"": 1}",256
test_kernel,213,3,qksvc,2288,"{""0000"": 221, ""0010"": 14, ""1010"": 1, ""0001"": 14, ""1000"": 4, ""0100"": 1, ""0011"": 1}",256
test_kernel,213,4,qksvc,2289,"{""0011"": 241, ""1011"": 3, ""0001"": 6, ""0111"": 2, ""0010"": 4}",256
test_kernel,213,5,qksvc,2290,"{""0001"": 62, ""0000"": 77, ""0010"": 69, ""0011"": 47, ""1011"": 1}",256
test_kernel,213,6,qksvc,2291,"{""0000"": 237, ""0001"": 7, ""0010"": 11, ""0100"": 1}",256
test_kernel,213,7,qksvc,2292,"{""0011"": 206, ""0010"": 24, ""0001"": 24, ""0111"": 1, ""0000"": 1}",256
test_kernel,213,8,qksvc,2293,"{""0011"": 245, ""0010"": 4, ""0001"": 6, ""1011"": 1}",256
test_kernel,213,9,qksvc,2294,"{""0011"": 245, ""1011"": 2, ""0010"": 6, ""0001"": 3}",256
test_kernel,214,0,qksvc,2295,"{""0011"": 247, ""0010"": 1, ""0001"": 4, ""1011"": 4}",256
test_kernel,214,1,qksvc,2296,"{""0011"": 245, ""0001"": 1, ""0010"": 6, ""1011"": 3, ""0111"": 1}",256
test_kernel,214,2,qksvc,2297,"{""0011"": 247, ""0001"": 4, ""1011"": 3, ""0111"": 1, ""0010"": 1}",256
test_kernel,214,3,qksvc,2298,"{""0000"": 237, ""0010"": 8, ""0001"": 9, ""0100"": 1, ""1000"": 1}",256
test_kernel,214,4,qksvc,2299,"{""0011"": 244, ""0001"": 6, ""0010"": 6}",256
test_kernel,214,5,qksvc,2300,"{""0001"": 49, ""0011"": 46, ""0000"": 104, ""0010"": 54, ""1001"": 1, ""1000"": 1, ""1010"": 1}",256
test_kernel,214,6,qksvc,2301,"{""0000"": 241, ""0010"": 10, ""0001"": 5}",256
test_kernel,214,7,qksvc,2302,"{""0010"": 24, ""0001"": 25, ""0011"": 201, ""0111"": 1, ""1011"": 2, ""0000"": 3}",256
test_kernel,214,8,qksvc,2303,"{""0011"": 248, ""0001"": 2, ""0010"": 2, ""1011"": 4}",256
test_kernel,214,9,qksvc,2304,"{""0011"": 247, ""0010"": 4, ""0110"": 1, ""0001"": 3, ""1011"": 1}",256
test_kernel,215,0,qksvc,2305,"{""0000"": 239, ""0010"": 6, ""1000"": 1, ""0001"": 8, ""0100"": 2}",256
test_kernel,215,1,qksvc,2306,"{""0000"": 241, ""0001"": 6, ""0010"": 6, ""1000"": 2, ""0100"": 1}",256
test_kernel,215,2,qksvc,2307,"{""0000"": 233, ""0011"": 2, ""0001"": 7, ""0010"": 11, ""1000"": 2, ""0100"": 1}",256
test_kernel,215,3,qksvc,2308,"{""0011"": 248, ""1011"": 2, ""0001"": 5, ""0010"": 1}",256
test_kernel,215,4,qksvc,2309,"{""0000"": 203, ""0001"": 17, ""0010"": 32, ""1000"": 2, ""1010"": 1, ""0011"": 1}",256
test_kernel,215,5,qksvc,2310,"{""0001"": 47, ""0011"": 141, ""0000"": 19, ""0010"": 47, ""1011"": 1, ""1000"": 1}",256
test_kernel,215,6,qksvc,2311,"{""0011"": 246, ""0001"": 4, ""0010"": 3, ""0111"": 1, ""1011"": 2}",256
test_kernel,215,7,qksvc,2312,"{""0000"": 142, ""0001"": 42, ""0010"": 53, ""0011"": 15, ""1001"": 1, ""0100"": 1, ""1000"": 1, ""0101"": 1}",256
test_kernel,215,8,qksvc,2313,"{""0000"": 252, ""0001"": 1, ""1000"": 3}",256
test_kernel,215,9,qksvc,2314,"{""0000"": 245, ""1000"": 3, ""0010"": 6, ""0100"": 1, ""0001"": 1}",256
test_kernel,216,0,qksvc,2315,"{""0000"": 238, ""0100"": 1, ""0001"": 7, ""0010"": 7, ""1000"": 3}",256
test_kernel,216,1,qksvc,2316,"{""0000"": 237, ""0010"": 10, ""0011"": 2, ""1000"": 2, ""0001"": 4, ""0100"": 1}",256
test_kernel,216,2,qksvc,2317,"{""0001"": 9, ""0000"": 233, ""0010"": 10, ""0100"": 2, ""0011"": 1, ""1000"": 1}",256
test_kernel,216,3,qksvc,2318,"{""0011"": 250, ""0111"": 1, ""1011"": 2, ""0010"": 3}",256
test_kernel,216,4,qksvc,2319,"{""0000"": 206, ""0010"": 29, ""0001"": 16, ""0011"": 3, ""1000"": 2}",256
test_kernel,216,5,qksvc,2320,"{""0011"": 152, ""0001"": 48, ""0010"": 43, ""0000"": 10, ""1010"": 2, ""1011"": 1}",256
test_kernel,216,6,qksvc,2321,"{""0011"": 249, ""1011"": 1, ""0111"": 2, ""0010"": 3, ""0001"": 1}",256
test_kernel,216,7,qksvc,2322,"{""0001"": 40, ""0000"": 145, ""0011"": 29, ""0010"": 40, ""0100"": 1, ""1000"": 1}",256
test_kernel,216,8,qksvc,2323,"{""0000"": 246, ""0100"": 1, ""0001"": 2, ""0010"": 7}",256
test_kernel,216,9,qksvc,2324,"{""0000"": 245, ""0001"": 4, ""0010"": 5, ""1000"": 2}",256
test_kernel,217,0,qksvc,2325,"{""0100"": 1, ""0000"": 237, ""1000"": 6, ""0010"": 8, ""0001"": 4}",256
test_kernel,217,1,qksvc,2326,"{""0000"": 242, ""0010"": 8, ""0001"": 5, ""1000"": 1}",256
test_kernel,217,2,qksvc,2327,"{""0000"": 236, ""0010"": 5, ""0001"": 13, ""1000"": 2}",256
test_kernel,217,3,qksvc,2328,"{""0011"": 248, ""0001"": 3, ""1011"": 5}",256
test_kernel,217,4,qksvc,2329,"{""0000"": 214, ""0010"": 27, ""0001"": 12, ""0011"": 2, ""1000"": 1}",256
test_kernel,217,5,qksvc,2330,"{""0001"": 50, ""0000"": 24, ""0010"": 58, ""0011"": 122, ""0111"": 1, ""1011"": 1}",256
test_kernel,217,6,qksvc,2331,"{""0011"": 251, ""0001"": 4, ""1011"": 1}",256
test_kernel,217,7,qksvc,2332,"{""0000"": 171, ""0001"": 43, ""0010"": 31, ""0011"": 8, ""1001"": 1, ""0100"": 1, ""1000"": 1}",256
test_kernel,217,8,qksvc,2333,"{""0000"": 250, ""0010"": 5, ""0001"": 1}",256
test_kernel,217,9,qksvc,2334,"{""0000"": 250, ""1000"": 3, ""0010"": 3}",256
test_kernel,218,0,qksvc,2335,"{""0000"": 244, ""0010"": 11, ""1000"": 1}",256
test_kernel,218,1,qksvc,2336,"{""0000"": 236, ""0001"": 8, ""0010"": 10, ""1000"": 1, ""0100"": 1}",256
test_kernel,218,2,qksvc,2337,"{""0000"": 231, ""0001"": 9, ""0010"": 13, ""1000"": 2, ""1010"": 1}",256
test_kernel,218,3,qksvc,2338,"{""0011"": 246, ""0010"": 2, ""1011"": 3, ""0001"": 4, ""0111"": 1}",256
test_kernel,218,4,qksvc,2339,"{""0000"": 211, ""0110"": 1, ""0010"": 17, ""1000"": 2, ""0001"": 23, ""0011"": 1, ""0100"": 1}",256
test_kernel,218,5,qksvc,2340,"{""0010"": 50, ""0011"": 142, ""0001"": 43, ""0000"": 15, ""1010"": 2, ""0100"": 1, ""1001"": 2, ""0101"": 1}",256
test_kernel,218,6,qksvc,2341,"{""0011"": 247, ""0001"": 2, ""0111"": 2, ""1011"": 3, ""0010"": 2}",256
test_kernel,218,7,qksvc,2342,"{""0010"": 43, ""0000"": 167, ""0011"": 7, ""0001"": 36, ""1000"": 3}",256
test_kernel,218,8,qksvc,2343,"{""0000"": 253, ""0010"": 3}",256
test_kernel,218,9,qksvc,2344,"{""0000"": 246, ""0100"": 1, ""0010"": 6, ""0001"": 1, ""1000"": 2}",256
test_kernel,219,0,qksvc,2345,"{""0011"": 250, ""1011"": 3, ""0010"": 2, ""0001"": 1}",256
test_kernel,219,1,qksvc,2346,"{""0011"": 253, ""1011"": 1, ""0001"": 1, ""0010"": 1}",256
test_kernel,219,2,qksvc,2347,"{""0011"": 247, ""1011"": 3, ""0001"": 5, ""1001"": 1}",256
test_kernel,219,3,qksvc,2348,"{""0000"": 236, ""0010"": 8, ""0001"": 8, ""1000"": 1, ""0100"": 1, ""1010"": 1, ""1100"": 1}",256
test_kernel,219,4,qksvc,2349,"{""0010"": 8, ""0011"": 239, ""0001"": 6, ""1011"": 3}",256
test_kernel,219,5,qksvc,2350,"{""0000"": 91, ""0001"": 58, ""0010"": 77, ""0011"": 30}",256
test_kernel,219,6,qksvc,2351,"{""0000"": 233, ""0010"": 12, ""0001"": 11}",256
test_kernel,219,7,qksvc,2352,"{""0011"": 206, ""0010"": 26, ""0001"": 20, ""1011"": 1, ""0000"": 3}",256
test_kernel,219,8,qksvc,2353,"{""0011"": 242, ""0001"": 6, ""0000"": 1, ""0010"": 3, ""0111"": 1, ""1011"": 2, ""1001"": 1}",256
test_kernel,219,9,qksvc,2354,"{""0011"": 238, ""0010"": 7, ""0001"": 5, ""1011"": 5, ""0111"": 1}",256
test_kernel,220,0,qksvc,2355,"{""0000"": 239, ""1000"": 2, ""0010"": 11, ""0001"": 4}",256
test_kernel,220,1,qksvc,2356,"{""0000"": 242, ""0001"": 5, ""0010"": 7, ""0100"": 1, ""1000"": 1}",256
test_kernel,220,2,qksvc,2357,"{""0000"": 230, ""0001"": 7, ""0010"": 15, ""1000"": 4}",256
test_kernel,220,3,qksvc,2358,"{""0011"": 246, ""0010"": 4, ""0001"": 4, ""0111"": 1, ""1011"": 1}",256
test_kernel,220,4,qksvc,2359,"{""0000"": 215, ""0001"": 15, ""1000"": 2, ""0010"": 22, ""1010"": 1, ""0011"": 1}",256
test_kernel,220,5,qksvc,2360,"{""0010"": 39, ""0011"": 153, ""0001"": 43, ""0000"": 18, ""0111"": 1, ""1010"": 1, ""1011"": 1}",256
test_kernel,220,6,qksvc,2361,"{""0011"": 250, ""0001"": 4, ""1011"": 1, ""0010"": 1}",256
test_kernel,220,7,qksvc,2362,"{""0000"": 167, ""0011"": 7, ""0010"": 53, ""0001"": 29}",256
test_kernel,220,8,qksvc,2363,"{""0000"": 247, ""0010"": 5, ""0011"": 1, ""1000"": 1, ""0001"": 2}",256
test_kernel,220,9,qksvc,2364,"{""0000"": 244, ""0010"": 7, ""1000"": 3, ""0001"": 2}",256
test_kernel,221,0,qksvc,2365,"{""0000"": 238, ""0010"": 10, ""1000"": 6, ""0001"": 2}",256
test_kernel,221,1,qksvc,2366,"{""0000"": 241, ""0001"": 3, ""0010"": 11, ""0100"": 1}",256
test_kernel,221,2,qksvc,2367,"{""0000"": 235, ""0010"": 10, ""0001"": 8, ""1000"": 2, ""1010"": 1}",256
test_kernel,221,3,qksvc,2368,"{""0011"": 248, ""0001"": 4, ""0010"": 2, ""1011"": 1, ""0111"": 1}",256
test_kernel,221,4,qksvc,2369,"{""0000"": 205, ""0011"": 3, ""0010"": 24, ""0001"": 22, ""1000"": 2}",256
test_kernel,221,5,qksvc,2370,"{""0011"": 131, ""0000"": 24, ""0010"": 41, ""0001"": 58, ""1011"": 2}",256
test_kernel,221,6,qksvc,2371,"{""0011"": 250, ""0001"": 3, ""0010"": 1, ""0111"": 1, ""1011"": 1}",256
test_kernel,221,7,qksvc,2372,"{""0010"": 36, ""0000"": 171, ""0001"": 38, ""1000"": 1, ""1001"": 1, ""0011"": 8, ""0100"": 1}",256
test_kernel,221,8,qksvc,2373,"{""0000"": 252, ""1000"": 2, ""0010"": 2}",256
test_kernel,221,9,qksvc,2374,"{""0000"": 252, ""1000"": 1, ""0001"": 1, ""0010"": 2}",256
test_kernel,222,0,qksvc,2375,"{""0000"": 233, ""0001"": 6, ""0010"": 14, ""1000"": 2, ""0100"": 1}",256
test_kernel,222,1,qksvc,2376,"{""0000"": 241, ""0010"": 8, ""0001"": 5, ""0100"": 1, ""1000"": 1}",256
test_kernel,222,2,qksvc,2377,"{""0000"": 227, ""0010"": 21, ""0001"": 4, ""1000"": 2, ""0100"": 2}",256
test_kernel,222,3,qksvc,2378,"{""0011"": 250, ""0001"": 2, ""0010"": 1, ""1011"": 3}",256
test_kernel,222,4,qksvc,2379,"{""0001"": 17, ""0000"": 217, ""0010"": 19, ""1000"": 1, ""0011"": 1, ""0100"": 1}",256
test_kernel,222,5,qksvc,2380,"{""0011"": 132, ""0010"": 61, ""0001"": 42, ""0000"": 20, ""1010"": 1}",256
test_kernel,222,6,qksvc,2381,"{""0011"": 243, ""1011"": 7, ""0001"": 4, ""0111"": 1, ""0010"": 1}",256
test_kernel,222,7,qksvc,2382,"{""0000"": 159, ""0010"": 46, ""0001"": 37, ""0011"": 13, ""0100"": 1}",256
test_kernel,222,8,qksvc,2383,"{""0000"": 245, ""0100"": 1, ""0010"": 9, ""1001"": 1}",256
test_kernel,222,9,qksvc,2384,"{""0000"": 248, ""0010"": 5, ""1000"": 2, ""0001"": 1}",256
test_kernel,223,0,qksvc,2385,"{""0010"": 12, ""0000"": 237, ""1000"": 1, ""0001"": 6}",256
test_kernel,223,1,qksvc,2386,"{""0000"": 241, ""0010"": 6, ""1000"": 3, ""0001"": 4, ""0011"": 2}",256
test_kernel,223,2,qksvc,2387,"{""0000"": 238, ""0010"": 11, ""0001"": 5, ""1000"": 1, ""1010"": 1}",256
test_kernel,223,3,qksvc,2388,"{""0011"": 249, ""0010"": 4, ""0001"": 2, ""1011"": 1}",256
test_kernel,223,4,qksvc,2389,"{""0001"": 18, ""0000"": 219, ""0010"": 15, ""1001"": 1, ""1000"": 1, ""0011"": 1, ""0100"": 1}",256
test_kernel,223,5,qksvc,2390,"{""0011"": 136, ""0001"": 46, ""0010"": 50, ""0000"": 22, ""1011"": 2}",256
test_kernel,223,6,qksvc,2391,"{""0011"": 247, ""0001"": 6, ""1011"": 1, ""0010"": 2}",256
test_kernel,223,7,qksvc,2392,"{""0000"": 163, ""0011"": 12, ""0010"": 41, ""0001"": 40}",256
test_kernel,223,8,qksvc,2393,"{""0000"": 249, ""0001"": 1, ""0010"": 6}",256
test_kernel,223,9,qksvc,2394,"{""0000"": 248, ""0001"": 3, ""1000"": 1, ""0010"": 3, ""0100"": 1}",256
test_kernel,224,0,qksvc,2395,"{""0000"": 246, ""0010"": 6, ""0001"": 3, ""0011"": 1}",256
test_kernel,224,1,qksvc,2396,"{""0000"": 234, ""0001"": 9, ""0010"": 10, ""0100"": 2, ""1000"": 1}",256
test_kernel,224,2,qksvc,2397,"{""0000"": 238, ""0010"": 11, ""0001"": 5, ""0100"": 1, ""1000"": 1}",256
test_kernel,224,3,qksvc,2398,"{""0011"": 251, ""1011"": 3, ""0111"": 1, ""0001"": 1}",256
test_kernel,224,4,qksvc,2399,"{""0001"": 19, ""0010"": 21, ""0000"": 214, ""1000"": 1, ""0011"": 1}",256
test_kernel,224,5,qksvc,2400,"{""1001"": 1, ""0011"": 137, ""1011"": 2, ""0010"": 48, ""0001"": 52, ""0000"": 14, ""1010"": 1, ""0111"": 1}",256
test_kernel,224,6,qksvc,2401,"{""0011"": 248, ""0010"": 3, ""0001"": 1, ""0111"": 1, ""1011"": 3}",256
test_kernel,224,7,qksvc,2402,"{""0000"": 168, ""0010"": 48, ""0011"": 9, ""0001"": 27, ""0100"": 1, ""1000"": 2, ""0111"": 1}",256
test_kernel,224,8,qksvc,2403,"{""0000"": 248, ""0010"": 4, ""0001"": 2, ""0100"": 1, ""1000"": 1}",256
test_kernel,224,9,qksvc,2404,"{""0000"": 248, ""1000"": 1, ""0010"": 5, ""0001"": 2}",256
test_kernel,225,0,qksvc,2405,"{""0000"": 242, ""1000"": 4, ""0010"": 5, ""0001"": 5}",256
test_kernel,225,1,qksvc,2406,"{""0000"": 241, ""0001"": 6, ""0010"": 7, ""0011"": 1, ""1000"": 1}",256
test_kernel,225,2,qksvc,2407,"{""0000"": 246, ""0001"": 3, ""1000"": 1, ""0010"": 5, ""0100"": 1}",256
test_kernel,225,3,qksvc,2408,"{""0001"": 1, ""0011"": 253, ""1011"": 1, ""0010"": 1}",256
test_kernel,225,4,qksvc,2409,"{""0000"": 207, ""0010"": 22, ""0100"": 1, ""0001"": 20, ""0011"": 3, ""1010"": 1, ""1000"": 2}",256
test_kernel,225,5,qksvc,2410,"{""0011"": 143, ""0010"": 48, ""0001"": 52, ""0000"": 12, ""1011"": 1}",256
test_kernel,225,6,qksvc,2411,"{""0011"": 249, ""1011"": 2, ""0111"": 1, ""0010"": 2, ""0001"": 2}",256
test_kernel,225,7,qksvc,2412,"{""0000"": 158, ""0010"": 42, ""0011"": 13, ""0001"": 40, ""1000"": 3}",256
test_kernel,225,8,qksvc,2413,"{""0000"": 251, ""0010"": 2, ""0001"": 3}",256
test_kernel,225,9,qksvc,2414,"{""0000"": 244, ""0010"": 7, ""0001"": 2, ""0100"": 1, ""1000"": 2}",256
test_kernel,226,0,qksvc,2415,"{""0011"": 245, ""0010"": 6, ""1011"": 2, ""0001"": 1, ""0111"": 2}",256
test_kernel,226,1,qksvc,2416,"{""0011"": 248, ""1011"": 2, ""0010"": 4, ""0001"": 2}",256
test_kernel,226,2,qksvc,2417,"{""0011"": 253, ""0010"": 1, ""1011"": 1, ""0001"": 1}",256
test_kernel,226,3,qksvc,2418,"{""0000"": 232, ""0001"": 5, ""0010"": 17, ""1000"": 2}",256
test_kernel,226,4,qksvc,2419,"{""0011"": 238, ""0010"": 8, ""1011"": 2, ""0111"": 2, ""0001"": 6}",256
test_kernel,226,5,qksvc,2420,"{""0001"": 51, ""0000"": 86, ""0010"": 75, ""0011"": 43, ""0110"": 1}",256
test_kernel,226,6,qksvc,2421,"{""0000"": 230, ""1000"": 3, ""0001"": 6, ""0010"": 16, ""0100"": 1}",256
test_kernel,226,7,qksvc,2422,"{""0011"": 204, ""0010"": 28, ""0001"": 21, ""0000"": 2, ""1010"": 1}",256
test_kernel,226,8,qksvc,2423,"{""0011"": 246, ""0001"": 7, ""1011"": 2, ""0010"": 1}",256
test_kernel,226,9,qksvc,2424,"{""0011"": 246, ""0001"": 3, ""1011"": 2, ""0010"": 4, ""0101"": 1}",256
test_kernel,227,0,qksvc,2425,"{""0000"": 236, ""0001"": 6, ""0010"": 11, ""0100"": 1, ""1000"": 2}",256
test_kernel,227,1,qksvc,2426,"{""0000"": 239, ""0010"": 11, ""0001"": 6}",256
test_kernel,227,2,qksvc,2427,"{""0000"": 236, ""0001"": 6, ""0010"": 8, ""1000"": 5, ""0011"": 1}",256
test_kernel,227,3,qksvc,2428,"{""0011"": 251, ""0111"": 1, ""0010"": 1, ""1011"": 1, ""0001"": 2}",256
test_kernel,227,4,qksvc,2429,"{""0000"": 216, ""0010"": 23, ""0001"": 16, ""1000"": 1}",256
test_kernel,227,5,qksvc,2430,"{""0011"": 125, ""0000"": 26, ""0001"": 44, ""0010"": 58, ""1110"": 1, ""1001"": 1, ""0110"": 1}",256
test_kernel,227,6,qksvc,2431,"{""0011"": 248, ""0001"": 4, ""0010"": 2, ""1011"": 2}",256
test_kernel,227,7,qksvc,2432,"{""0010"": 43, ""0000"": 162, ""0011"": 11, ""0001"": 39, ""1000"": 1}",256
test_kernel,227,8,qksvc,2433,"{""0000"": 243, ""0001"": 1, ""0010"": 7, ""1000"": 3, ""0100"": 2}",256
test_kernel,227,9,qksvc,2434,"{""0000"": 247, ""0001"": 4, ""0011"": 1, ""0010"": 2, ""1000"": 1, ""0100"": 1}",256
test_kernel,228,0,qksvc,2435,"{""0000"": 241, ""0010"": 7, ""0001"": 6, ""0100"": 1, ""1000"": 1}",256
test_kernel,228,1,qksvc,2436,"{""0000"": 235, ""0010"": 10, ""0001"": 5, ""1000"": 6}",256
test_kernel,228,2,qksvc,2437,"{""0000"": 240, ""0001"": 6, ""1000"": 2, ""0100"": 1, ""0010"": 7}",256
test_kernel,228,3,qksvc,2438,"{""0011"": 245, ""0001"": 1, ""1011"": 7, ""0010"": 2, ""0111"": 1}",256
test_kernel,228,4,qksvc,2439,"{""0000"": 212, ""0010"": 17, ""1000"": 4, ""0001"": 21, ""0011"": 2}",256
test_kernel,228,5,qksvc,2440,"{""0011"": 125, ""0001"": 45, ""0010"": 68, ""0000"": 16, ""1001"": 1, ""1011"": 1}",256
test_kernel,228,6,qksvc,2441,"{""0011"": 250, ""0001"": 3, ""0111"": 1, ""1011"": 2}",256
test_kernel,228,7,qksvc,2442,"{""0001"": 38, ""0000"": 154, ""0010"": 53, ""1000"": 1, ""0011"": 8, ""1001"": 1, ""1011"": 1}",256
test_kernel,228,8,qksvc,2443,"{""0000"": 248, ""0010"": 3, ""1000"": 2, ""0100"": 2, ""1100"": 1}",256
test_kernel,228,9,qksvc,2444,"{""0000"": 249, ""0010"": 3, ""0001"": 4}",256
test_kernel,229,0,qksvc,2445,"{""0000"": 240, ""0010"": 6, ""1000"": 4, ""0001"": 5, ""1010"": 1}",256
test_kernel,229,1,qksvc,2446,"{""0000"": 238, ""0010"": 11, ""1000"": 2, ""0001"": 5}",256
test_kernel,229,2,qksvc,2447,"{""0000"": 231, ""0001"": 9, ""0011"": 2, ""1000"": 4, ""0010"": 9, ""1010"": 1}",256
test_kernel,229,3,qksvc,2448,"{""0011"": 239, ""0001"": 7, ""0010"": 6, ""1011"": 4}",256
test_kernel,229,4,qksvc,2449,"{""0000"": 210, ""0010"": 24, ""0001"": 19, ""1000"": 3}",256
test_kernel,229,5,qksvc,2450,"{""0001"": 57, ""0010"": 42, ""0011"": 136, ""0000"": 18, ""1011"": 1, ""1010"": 2}",256
test_kernel,229,6,qksvc,2451,"{""0011"": 243, ""0001"": 6, ""1011"": 5, ""0010"": 2}",256
test_kernel,229,7,qksvc,2452,"{""0000"": 153, ""0011"": 18, ""0001"": 44, ""0010"": 39, ""0101"": 2}",256
test_kernel,229,8,qksvc,2453,"{""0000"": 251, ""0010"": 3, ""0001"": 1, ""0100"": 1}",256
test_kernel,229,9,qksvc,2454,"{""0000"": 249, ""0010"": 3, ""0100"": 1, ""0001"": 1, ""1000"": 2}",256
test_kernel,230,0,qksvc,2455,"{""0000"": 231, ""0010"": 14, ""0001"": 8, ""0100"": 2, ""1000"": 1}",256
test_kernel,230,1,qksvc,2456,"{""0000"": 238, ""1001"": 1, ""0010"": 5, ""0001"": 8, ""1000"": 3, ""0100"": 1}",256
test_kernel,230,2,qksvc,2457,"{""0000"": 229, ""0010"": 12, ""1000"": 3, ""0001"": 10, ""0100"": 1, ""1010"": 1}",256
test_kernel,230,3,qksvc,2458,"{""0011"": 243, ""0001"": 6, ""0010"": 4, ""1011"": 2, ""0111"": 1}",256
test_kernel,230,4,qksvc,2459,"{""0000"": 202, ""0010"": 21, ""0011"": 5, ""0001"": 25, ""1000"": 2, ""1010"": 1}",256
test_kernel,230,5,qksvc,2460,"{""0011"": 137, ""0010"": 66, ""0001"": 42, ""0000"": 7, ""1010"": 1, ""1011"": 1, ""1001"": 1, ""0111"": 1}",256
test_kernel,230,6,qksvc,2461,"{""0011"": 249, ""0010"": 1, ""0001"": 4, ""1011"": 2}",256
test_kernel,230,7,qksvc,2462,"{""0010"": 60, ""0000"": 151, ""0001"": 41, ""0011"": 3, ""1010"": 1}",256
test_kernel,230,8,qksvc,2463,"{""0000"": 248, ""0001"": 2, ""0010"": 5, ""1000"": 1}",256
test_kernel,230,9,qksvc,2464,"{""0000"": 243, ""0010"": 9, ""0100"": 2, ""1000"": 2}",256
test_kernel,231,0,qksvc,2465,"{""0011"": 251, ""0001"": 2, ""0111"": 1, ""1011"": 2}",256
test_kernel,231,1,qksvc,2466,"{""0011"": 247, ""0001"": 3, ""1011"": 4, ""0010"": 2}",256
test_kernel,231,2,qksvc,2467,"{""0011"": 252, ""0001"": 2, ""1011"": 2}",256
test_kernel,231,3,qksvc,2468,"{""0000"": 237, ""0010"": 7, ""0001"": 9, ""1000"": 1, ""0100"": 1, ""0011"": 1}",256
test_kernel,231,4,qksvc,2469,"{""0011"": 245, ""0010"": 7, ""1011"": 1, ""0001"": 3}",256
test_kernel,231,5,qksvc,2470,"{""0000"": 89, ""0010"": 72, ""0001"": 52, ""0101"": 1, ""0011"": 39, ""1000"": 2, ""0100"": 1}",256
test_kernel,231,6,qksvc,2471,"{""0000"": 236, ""0001"": 10, ""0010"": 6, ""1000"": 3, ""0011"": 1}",256
test_kernel,231,7,qksvc,2472,"{""0011"": 207, ""0010"": 15, ""0001"": 29, ""1001"": 1, ""0000"": 3, ""1000"": 1}",256
test_kernel,231,8,qksvc,2473,"{""0011"": 246, ""0010"": 3, ""1011"": 3, ""0001"": 3, ""0111"": 1}",256
test_kernel,231,9,qksvc,2474,"{""0011"": 242, ""1011"": 7, ""0001"": 5, ""0010"": 1, ""1001"": 1}",256
test_kernel,232,0,qksvc,2475,"{""0000"": 245, ""0001"": 5, ""0010"": 3, ""1000"": 2, ""0100"": 1}",256
test_kernel,232,1,qksvc,2476,"{""0000"": 236, ""0010"": 10, ""1000"": 2, ""0001"": 6, ""0100"": 1, ""0011"": 1}",256
test_kernel,232,2,qksvc,2477,"{""0000"": 233, ""0001"": 9, ""0010"": 14}",256
test_kernel,232,3,qksvc,2478,"{""0011"": 247, ""0010"": 2, ""0111"": 2, ""1011"": 2, ""0000"": 1, ""0001"": 2}",256
test_kernel,232,4,qksvc,2479,"{""0001"": 20, ""0000"": 213, ""0010"": 19, ""0101"": 1, ""1000"": 1, ""0100"": 1, ""1001"": 1}",256
test_kernel,232,5,qksvc,2480,"{""0011"": 135, ""0000"": 20, ""0010"": 53, ""0001"": 46, ""1010"": 1, ""1011"": 1}",256
test_kernel,232,6,qksvc,2481,"{""0011"": 253, ""0111"": 1, ""0001"": 2}",256
test_kernel,232,7,qksvc,2482,"{""0000"": 155, ""0010"": 51, ""0001"": 35, ""0011"": 11, ""0100"": 1, ""1000"": 2, ""1001"": 1}",256
test_kernel,232,8,qksvc,2483,"{""0000"": 243, ""0001"": 1, ""0010"": 8, ""1000"": 4}",256
test_kernel,232,9,qksvc,2484,"{""0000"": 250, ""0010"": 5, ""0001"": 1}",256
test_kernel,233,0,qksvc,2485,"{""0000"": 243, ""0001"": 1, ""0010"": 11, ""1000"": 1}",256
test_kernel,233,1,qksvc,2486,"{""0000"": 238, ""0010"": 8, ""0001"": 9, ""1001"": 1}",256
test_kernel,233,2,qksvc,2487,"{""0000"": 228, ""0010"": 17, ""0001"": 5, ""1000"": 4, ""0100"": 1, ""0101"": 1}",256
test_kernel,233,3,qksvc,2488,"{""0011"": 253, ""0111"": 1, ""0001"": 1, ""0010"": 1}",256
test_kernel,233,4,qksvc,2489,"{""0000"": 206, ""1000"": 1, ""0010"": 32, ""0001"": 15, ""0011"": 2}",256
test_kernel,233,5,qksvc,2490,"{""0001"": 38, ""0011"": 153, ""0000"": 13, ""0010"": 51, ""0111"": 1}",256
test_kernel,233,6,qksvc,2491,"{""0011"": 250, ""0010"": 3, ""0001"": 2, ""0111"": 1}",256
test_kernel,233,7,qksvc,2492,"{""0001"": 50, ""0000"": 155, ""0010"": 37, ""0011"": 10, ""0110"": 2, ""1000"": 1, ""1001"": 1}",256
test_kernel,233,8,qksvc,2493,"{""0000"": 249, ""0010"": 3, ""0001"": 3, ""1000"": 1}",256
test_kernel,233,9,qksvc,2494,"{""0000"": 242, ""0010"": 10, ""0001"": 2, ""1000"": 1, ""1010"": 1}",256
test_kernel,234,0,qksvc,2495,"{""0000"": 245, ""0010"": 6, ""0001"": 4, ""1000"": 1}",256
test_kernel,234,1,qksvc,2496,"{""0000"": 238, ""1001"": 1, ""0001"": 4, ""0010"": 9, ""1000"": 1, ""1010"": 1, ""0100"": 2}",256
test_kernel,234,2,qksvc,2497,"{""0000"": 235, ""0010"": 13, ""0001"": 6, ""1100"": 1, ""0011"": 1}",256
test_kernel,234,3,qksvc,2498,"{""0011"": 250, ""0001"": 2, ""0111"": 1, ""1011"": 3}",256
test_kernel,234,4,qksvc,2499,"{""0000"": 219, ""0010"": 17, ""0001"": 19, ""0011"": 1}",256
test_kernel,234,5,qksvc,2500,"{""0011"": 132, ""0010"": 54, ""0001"": 51, ""0111"": 1, ""0000"": 15, ""1011"": 2, ""1001"": 1}",256
test_kernel,234,6,qksvc,2501,"{""0011"": 247, ""0010"": 4, ""1011"": 3, ""0001"": 2}",256
test_kernel,234,7,qksvc,2502,"{""0000"": 164, ""0001"": 31, ""0011"": 13, ""0010"": 45, ""1000"": 3}",256
test_kernel,234,8,qksvc,2503,"{""0000"": 245, ""0001"": 2, ""1000"": 3, ""0010"": 5, ""0100"": 1}",256
test_kernel,234,9,qksvc,2504,"{""0000"": 246, ""1000"": 2, ""0010"": 6, ""0001"": 1, ""0100"": 1}",256
test_kernel,235,0,qksvc,2505,"{""0011"": 245, ""0111"": 1, ""0001"": 5, ""0010"": 4, ""1011"": 1}",256
test_kernel,235,1,qksvc,2506,"{""0011"": 248, ""0010"": 3, ""1011"": 3, ""0001"": 2}",256
test_kernel,235,2,qksvc,2507,"{""0011"": 247, ""0001"": 5, ""0010"": 2, ""1011"": 2}",256
test_kernel,235,3,qksvc,2508,"{""0001"": 6, ""0000"": 233, ""0010"": 14, ""1000"": 1, ""0100"": 1, ""1001"": 1}",256
test_kernel,235,4,qksvc,2509,"{""0011"": 244, ""0010"": 6, ""0001"": 3, ""1011"": 3}",256
test_kernel,235,5,qksvc,2510,"{""0000"": 87, ""0010"": 64, ""0011"": 46, ""0001"": 52, ""1001"": 2, ""1010"": 2, ""1011"": 1, ""0100"": 1, ""1000"": 1}",256
test_kernel,235,6,qksvc,2511,"{""0000"": 232, ""0010"": 11, ""0001"": 10, ""1000"": 1, ""0011"": 1, ""1001"": 1}",256
test_kernel,235,7,qksvc,2512,"{""0011"": 201, ""0010"": 30, ""1011"": 4, ""0000"": 2, ""0001"": 18, ""1010"": 1}",256
test_kernel,235,8,qksvc,2513,"{""0011"": 249, ""1011"": 3, ""0010"": 3, ""0001"": 1}",256
test_kernel,235,9,qksvc,2514,"{""0011"": 242, ""0001"": 8, ""0010"": 1, ""1011"": 5}",256
test_kernel,236,0,qksvc,2515,"{""0000"": 241, ""1000"": 3, ""0010"": 9, ""0100"": 2, ""0001"": 1}",256
test_kernel,236,1,qksvc,2516,"{""0000"": 245, ""0010"": 3, ""0001"": 5, ""0011"": 2, ""0100"": 1}",256
test_kernel,236,2,qksvc,2517,"{""0000"": 241, ""0010"": 7, ""0001"": 6, ""0011"": 1, ""1000"": 1}",256
test_kernel,236,3,qksvc,2518,"{""0011"": 244, ""1011"": 4, ""0111"": 2, ""0001"": 5, ""0010"": 1}",256
test_kernel,236,4,qksvc,2519,"{""0000"": 211, ""0010"": 23, ""1000"": 2, ""0100"": 1, ""0001"": 17, ""0011"": 2}",256
test_kernel,236,5,qksvc,2520,"{""0011"": 124, ""0010"": 58, ""0000"": 17, ""0001"": 56, ""1011"": 1}",256
test_kernel,236,6,qksvc,2521,"{""0011"": 245, ""0001"": 8, ""1011"": 3}",256
test_kernel,236,7,qksvc,2522,"{""0001"": 38, ""0000"": 165, ""0010"": 46, ""0011"": 6, ""1000"": 1}",256
test_kernel,236,8,qksvc,2523,"{""0000"": 254, ""1000"": 2}",256
test_kernel,236,9,qksvc,2524,"{""0000"": 249, ""0010"": 4, ""1000"": 2, ""0100"": 1}",256
test_kernel,237,0,qksvc,2525,"{""0000"": 245, ""0010"": 5, ""1000"": 1, ""0001"": 3, ""0100"": 1, ""0011"": 1}",256
test_kernel,237,1,qksvc,2526,"{""0000"": 241, ""0010"": 9, ""1000"": 3, ""0100"": 1, ""0001"": 2}",256
test_kernel,237,2,qksvc,2527,"{""0000"": 247, ""0010"": 5, ""0100"": 2, ""1000"": 1, ""0001"": 1}",256
test_kernel,237,3,qksvc,2528,"{""0011"": 249, ""1011"": 3, ""0010"": 3, ""0001"": 1}",256
test_kernel,237,4,qksvc,2529,"{""0000"": 217, ""0010"": 19, ""0001"": 17, ""0100"": 2, ""1000"": 1}",256
test_kernel,237,5,qksvc,2530,"{""0001"": 54, ""0011"": 130, ""0000"": 19, ""0010"": 52, ""0111"": 1}",256
test_kernel,237,6,qksvc,2531,"{""0011"": 248, ""1011"": 1, ""0001"": 4, ""0010"": 3}",256
test_kernel,237,7,qksvc,2532,"{""0000"": 167, ""0001"": 38, ""0010"": 37, ""0011"": 12, ""1000"": 2}",256
test_kernel,237,8,qksvc,2533,"{""0000"": 247, ""0010"": 4, ""0100"": 3, ""1000"": 1, ""0001"": 1}",256
test_kernel,237,9,qksvc,2534,"{""0000"": 246, ""1000"": 3, ""0010"": 5, ""1010"": 1, ""0001"": 1}",256
test_kernel,238,0,qksvc,2535,"{""0011"": 250, ""0010"": 2, ""0001"": 4}",256
test_kernel,238,1,qksvc,2536,"{""0011"": 249, ""0001"": 2, ""1011"": 2, ""0010"": 3}",256
test_kernel,238,2,qksvc,2537,"{""0011"": 249, ""0001"": 3, ""1011"": 3, ""0010"": 1}",256
test_kernel,238,3,qksvc,2538,"{""0000"": 237, ""0001"": 9, ""0010"": 8, ""1000"": 2}",256
test_kernel,238,4,qksvc,2539,"{""0011"": 238, ""0010"": 7, ""0111"": 1, ""1011"": 4, ""0001"": 6}",256
test_kernel,238,5,qksvc,2540,"{""0000"": 95, ""0010"": 63, ""0001"": 53, ""0011"": 40, ""1000"": 1, ""1011"": 1, ""0100"": 1, ""1001"": 2}",256
test_kernel,238,6,qksvc,2541,"{""0000"": 229, ""0010"": 12, ""0001"": 9, ""1000"": 3, ""1010"": 1, ""1001"": 1, ""0100"": 1}",256
test_kernel,238,7,qksvc,2542,"{""0011"": 205, ""0001"": 19, ""0010"": 26, ""1011"": 3, ""0000"": 2, ""1010"": 1}",256
test_kernel,238,8,qksvc,2543,"{""0011"": 247, ""1011"": 1, ""0001"": 3, ""0010"": 4, ""1010"": 1}",256
test_kernel,238,9,qksvc,2544,"{""0011"": 242, ""1011"": 2, ""0001"": 8, ""0010"": 4}",256
test_kernel,239,0,qksvc,2545,"{""0000"": 242, ""1000"": 2, ""0001"": 3, ""0010"": 8, ""0100"": 1}",256
test_kernel,239,1,qksvc,2546,"{""0010"": 11, ""0000"": 235, ""0001"": 9, ""1000"": 1}",256
test_kernel,239,2,qksvc,2547,"{""0000"": 228, ""0010"": 13, ""1000"": 1, ""0001"": 12, ""0100"": 2}",256
test_kernel,239,3,qksvc,2548,"{""0010"": 6, ""0011"": 245, ""0001"": 2, ""0111"": 3}",256
test_kernel,239,4,qksvc,2549,"{""0000"": 217, ""0010"": 22, ""0001"": 16, ""0011"": 1}",256
test_kernel,239,5,qksvc,2550,"{""0011"": 144, ""0010"": 45, ""0001"": 54, ""1011"": 2, ""0000"": 10, ""0110"": 1}",256
test_kernel,239,6,qksvc,2551,"{""0011"": 250, ""1011"": 3, ""0010"": 1, ""0001"": 2}",256
test_kernel,239,7,qksvc,2552,"{""0000"": 148, ""0010"": 52, ""0001"": 34, ""0011"": 18, ""0100"": 3, ""1001"": 1}",256
test_kernel,239,8,qksvc,2553,"{""0000"": 249, ""1000"": 2, ""0010"": 5}",256
test_kernel,239,9,qksvc,2554,"{""0000"": 242, ""0010"": 8, ""1000"": 3, ""0100"": 1, ""0001"": 1, ""0110"": 1}",256
test_kernel,240,0,qksvc,2555,"{""0000"": 244, ""0010"": 8, ""1000"": 1, ""0001"": 3}",256
test_kernel,240,1,qksvc,2556,"{""0000"": 241, ""0001"": 7, ""0010"": 8}",256
test_kernel,240,2,qksvc,2557,"{""0000"": 232, ""0010"": 11, ""1000"": 1, ""0001"": 9, ""0100"": 2, ""0011"": 1}",256
test_kernel,240,3,qksvc,2558,"{""0011"": 249, ""0001"": 5, ""0111"": 1, ""0010"": 1}",256
test_kernel,240,4,qksvc,2559,"{""0000"": 211, ""0001"": 14, ""0010"": 27, ""1000"": 1, ""0011"": 1, ""1001"": 1, ""0100"": 1}",256
test_kernel,240,5,qksvc,2560,"{""0000"": 17, ""1001"": 1, ""0001"": 49, ""0010"": 50, ""0011"": 135, ""1011"": 2, ""0110"": 1, ""1010"": 1}",256
test_kernel,240,6,qksvc,2561,"{""0011"": 248, ""0001"": 5, ""1011"": 3}",256
test_kernel,240,7,qksvc,2562,"{""0001"": 42, ""0000"": 162, ""0010"": 42, ""0011"": 9, ""1000"": 1}",256
test_kernel,240,8,qksvc,2563,"{""0000"": 248, ""0010"": 6, ""0100"": 1, ""0101"": 1}",256
test_kernel,240,9,qksvc,2564,"{""0000"": 246, ""0010"": 9, ""1000"": 1}",256
test_kernel,241,0,qksvc,2565,"{""0011"": 247, ""0010"": 4, ""1011"": 2, ""0001"": 3}",256
test_kernel,241,1,qksvc,2566,"{""0011"": 249, ""0111"": 1, ""0001"": 2, ""0010"": 2, ""1011"": 2}",256
test_kernel,241,2,qksvc,2567,"{""0011"": 250, ""1011"": 2, ""0001"": 3, ""0111"": 1}",256
test_kernel,241,3,qksvc,2568,"{""0000"": 224, ""0010"": 17, ""0001"": 15}",256
test_kernel,241,4,qksvc,2569,"{""0011"": 241, ""0010"": 6, ""0001"": 6, ""0111"": 1, ""1011"": 2}",256
test_kernel,241,5,qksvc,2570,"{""0011"": 45, ""0010"": 64, ""0000"": 86, ""0001"": 58, ""0100"": 2, ""1001"": 1}",256
test_kernel,241,6,qksvc,2571,"{""0000"": 234, ""0010"": 13, ""0001"": 9}",256
test_kernel,241,7,qksvc,2572,"{""0011"": 204, ""0001"": 22, ""0010"": 23, ""0000"": 3, ""1010"": 1, ""0111"": 1, ""1011"": 2}",256
test_kernel,241,8,qksvc,2573,"{""0011"": 249, ""0001"": 3, ""0010"": 4}",256
test_kernel,241,9,qksvc,2574,"{""0011"": 244, ""1011"": 3, ""0010"": 5, ""0001"": 4}",256
test_kernel,242,0,qksvc,2575,"{""0000"": 234, ""0001"": 6, ""0010"": 9, ""0100"": 3, ""1000"": 4}",256
test_kernel,242,1,qksvc,2576,"{""0000"": 243, ""0001"": 5, ""1000"": 1, ""0010"": 7}",256
test_kernel,242,2,qksvc,2577,"{""0001"": 8, ""0000"": 232, ""0010"": 10, ""1000"": 3, ""0100"": 3}",256
test_kernel,242,3,qksvc,2578,"{""0011"": 252, ""0111"": 1, ""0010"": 2, ""1011"": 1}",256
test_kernel,242,4,qksvc,2579,"{""0010"": 26, ""0000"": 209, ""0001"": 18, ""1000"": 3}",256
test_kernel,242,5,qksvc,2580,"{""0011"": 144, ""0000"": 20, ""0001"": 40, ""0010"": 48, ""1000"": 1, ""0101"": 1, ""0111"": 1, ""1011"": 1}",256
test_kernel,242,6,qksvc,2581,"{""0011"": 249, ""0010"": 1, ""0001"": 3, ""1011"": 3}",256
test_kernel,242,7,qksvc,2582,"{""0001"": 42, ""0010"": 49, ""0000"": 142, ""0011"": 21, ""1010"": 1, ""1000"": 1}",256
test_kernel,242,8,qksvc,2583,"{""0000"": 251, ""0010"": 4, ""1000"": 1}",256
test_kernel,242,9,qksvc,2584,"{""0000"": 249, ""0100"": 1, ""0010"": 4, ""1000"": 2}",256
test_kernel,243,0,qksvc,2585,"{""0000"": 243, ""1000"": 3, ""0010"": 4, ""0001"": 4, ""0100"": 2}",256
test_kernel,243,1,qksvc,2586,"{""0000"": 243, ""0001"": 4, ""0010"": 5, ""1000"": 3, ""0100"": 1}",256
test_kernel,243,2,qksvc,2587,"{""0001"": 3, ""0000"": 242, ""1000"": 2, ""0010"": 5, ""0100"": 3, ""1010"": 1}",256
test_kernel,243,3,qksvc,2588,"{""0011"": 250, ""0010"": 2, ""0001"": 4}",256
test_kernel,243,4,qksvc,2589,"{""0000"": 215, ""0010"": 15, ""0001"": 18, ""1000"": 4, ""1001"": 1, ""0011"": 1, ""0100"": 2}",256
test_kernel,243,5,qksvc,2590,"{""0011"": 137, ""0001"": 45, ""0000"": 19, ""0010"": 51, ""1010"": 1, ""1001"": 1, ""0111"": 2}",256
test_kernel,243,6,qksvc,2591,"{""0011"": 247, ""1011"": 3, ""0001"": 6}",256
test_kernel,243,7,qksvc,2592,"{""0000"": 163, ""0010"": 44, ""0001"": 40, ""1000"": 2, ""0011"": 6, ""1011"": 1}",256
test_kernel,243,8,qksvc,2593,"{""0000"": 249, ""0010"": 3, ""1000"": 1, ""0100"": 2, ""0001"": 1}",256
test_kernel,243,9,qksvc,2594,"{""0000"": 252, ""0010"": 3, ""1000"": 1}",256
test_kernel,244,0,qksvc,2595,"{""0000"": 240, ""0001"": 7, ""0011"": 1, ""1000"": 3, ""0100"": 1, ""0010"": 3, ""1100"": 1}",256
test_kernel,244,1,qksvc,2596,"{""0000"": 236, ""0001"": 9, ""0010"": 8, ""1000"": 1, ""0100"": 2}",256
test_kernel,244,2,qksvc,2597,"{""0000"": 235, ""0001"": 7, ""0010"": 11, ""1000"": 2, ""0100"": 1}",256
test_kernel,244,3,qksvc,2598,"{""1011"": 4, ""0011"": 245, ""0010"": 3, ""0001"": 4}",256
test_kernel,244,4,qksvc,2599,"{""0000"": 221, ""0010"": 15, ""0001"": 17, ""1000"": 2, ""0011"": 1}",256
test_kernel,244,5,qksvc,2600,"{""0011"": 143, ""0010"": 48, ""0001"": 43, ""0000"": 20, ""1000"": 1, ""1011"": 1}",256
test_kernel,244,6,qksvc,2601,"{""0011"": 246, ""1011"": 5, ""0001"": 5}",256
test_kernel,244,7,qksvc,2602,"{""0001"": 42, ""0000"": 158, ""0010"": 40, ""0011"": 13, ""1001"": 1, ""0101"": 1, ""1000"": 1}",256
test_kernel,244,8,qksvc,2603,"{""0000"": 250, ""0010"": 3, ""0100"": 1, ""1000"": 2}",256
test_kernel,244,9,qksvc,2604,"{""0000"": 243, ""0010"": 9, ""1000"": 1, ""0100"": 2, ""0001"": 1}",256
test_kernel,245,0,qksvc,2605,"{""0011"": 249, ""0010"": 2, ""1011"": 2, ""0001"": 3}",256
test_kernel,245,1,qksvc,2606,"{""0011"": 249, ""0010"": 1, ""0001"": 3, ""0111"": 2, ""1011"": 1}",256
test_kernel,245,2,qksvc,2607,"{""0011"": 252, ""1011"": 2, ""0001"": 2}",256
test_kernel,245,3,qksvc,2608,"{""0000"": 232, ""1000"": 4, ""0001"": 8, ""0100"": 1, ""0010"": 11}",256
test_kernel,245,4,qksvc,2609,"{""0011"": 236, ""1011"": 6, ""0010"": 7, ""0001"": 7}",256
test_kernel,245,5,qksvc,2610,"{""0100"": 1, ""0010"": 57, ""0000"": 80, ""0001"": 59, ""0011"": 56, ""0111"": 1, ""1000"": 1, ""1011"": 1}",256
test_kernel,245,6,qksvc,2611,"{""0000"": 235, ""0010"": 11, ""0001"": 4, ""1000"": 3, ""0110"": 1, ""0011"": 1, ""0100"": 1}",256
test_kernel,245,7,qksvc,2612,"{""0011"": 209, ""0001"": 17, ""0010"": 23, ""0000"": 4, ""1011"": 3}",256
test_kernel,245,8,qksvc,2613,"{""0011"": 247, ""0010"": 3, ""0001"": 3, ""1011"": 3}",256
test_kernel,245,9,qksvc,2614,"{""0011"": 248, ""0010"": 4, ""0001"": 4}",256
test_kernel,246,0,qksvc,2615,"{""0000"": 235, ""0010"": 9, ""1000"": 3, ""0100"": 1, ""0001"": 7, ""0011"": 1}",256
test_kernel,246,1,qksvc,2616,"{""0000"": 232, ""0001"": 10, ""0010"": 11, ""0100"": 2, ""1000"": 1}",256
test_kernel,246,2,qksvc,2617,"{""0000"": 240, ""0001"": 5, ""0010"": 9, ""1000"": 2}",256
test_kernel,246,3,qksvc,2618,"{""0011"": 252, ""0001"": 4}",256
test_kernel,246,4,qksvc,2619,"{""0000"": 204, ""0001"": 19, ""0010"": 26, ""0011"": 2, ""1000"": 2, ""0100"": 3}",256
test_kernel,246,5,qksvc,2620,"{""0010"": 52, ""0011"": 146, ""0001"": 38, ""0000"": 19, ""1011"": 1}",256
test_kernel,246,6,qksvc,2621,"{""0011"": 245, ""0010"": 2, ""0001"": 7, ""1011"": 2}",256
test_kernel,246,7,qksvc,2622,"{""0000"": 132, ""0010"": 63, ""0001"": 38, ""0011"": 22, ""1010"": 1}",256
test_kernel,246,8,qksvc,2623,"{""0000"": 244, ""0100"": 2, ""0010"": 5, ""0001"": 3, ""1000"": 2}",256
test_kernel,246,9,qksvc,2624,"{""0000"": 244, ""1000"": 3, ""0010"": 4, ""0001"": 4, ""0100"": 1}",256
test_kernel,247,0,qksvc,2625,"{""0000"": 236, ""0010"": 9, ""0001"": 5, ""1000"": 3, ""0100"": 3}",256
test_kernel,247,1,qksvc,2626,"{""0000"": 236, ""0010"": 10, ""0001"": 6, ""0100"": 2, ""0011"": 1, ""1000"": 1}",256
test_kernel,247,2,qksvc,2627,"{""0000"": 236, ""0001"": 8, ""0010"": 11, ""1000"": 1}",256
test_kernel,247,3,qksvc,2628,"{""0011"": 244, ""0001"": 7, ""1011"": 4, ""0111"": 1}",256
test_kernel,247,4,qksvc,2629,"{""0000"": 201, ""0011"": 5, ""0001"": 18, ""0010"": 28, ""0110"": 1, ""0101"": 1, ""1000"": 2}",256
test_kernel,247,5,qksvc,2630,"{""0000"": 17, ""0010"": 47, ""0011"": 141, ""0001"": 50, ""0111"": 1}",256
test_kernel,247,6,qksvc,2631,"{""0011"": 252, ""1011"": 3, ""0111"": 1}",256
test_kernel,247,7,qksvc,2632,"{""0000"": 160, ""0010"": 45, ""0001"": 33, ""0011"": 13, ""1000"": 5}",256
test_kernel,247,8,qksvc,2633,"{""0000"": 246, ""0001"": 3, ""0010"": 6, ""1000"": 1}",256
test_kernel,247,9,qksvc,2634,"{""0000"": 245, ""0010"": 7, ""0100"": 3, ""0001"": 1}",256
test_kernel,248,0,qksvc,2635,"{""0000"": 249, ""0001"": 1, ""0010"": 5, ""1000"": 1}",256
test_kernel,248,1,qksvc,2636,"{""0000"": 243, ""1000"": 1, ""0010"": 7, ""0001"": 5}",256
test_kernel,248,2,qksvc,2637,"{""0000"": 226, ""0001"": 12, ""0010"": 11, ""1000"": 5, ""0011"": 2}",256
test_kernel,248,3,qksvc,2638,"{""0011"": 244, ""1011"": 5, ""0111"": 2, ""0010"": 2, ""0001"": 3}",256
test_kernel,248,4,qksvc,2639,"{""0000"": 219, ""0010"": 18, ""0001"": 18, ""0100"": 1}",256
test_kernel,248,5,qksvc,2640,"{""0011"": 145, ""0000"": 14, ""0001"": 55, ""0010"": 39, ""0111"": 1, ""1010"": 1, ""1011"": 1}",256
test_kernel,248,6,qksvc,2641,"{""0011"": 250, ""0001"": 2, ""1011"": 2, ""0111"": 1, ""0010"": 1}",256
test_kernel,248,7,qksvc,2642,"{""0000"": 169, ""0001"": 46, ""0010"": 29, ""0011"": 8, ""0100"": 1, ""1000"": 1, ""1001"": 1, ""1011"": 1}",256
test_kernel,248,8,qksvc,2643,"{""0000"": 251, ""0010"": 4, ""0001"": 1}",256
test_kernel,248,9,qksvc,2644,"{""0000"": 250, ""0010"": 2, ""1000"": 3, ""0001"": 1}",256
test_kernel,249,0,qksvc,2645,"{""0000"": 244, ""1000"": 1, ""0010"": 8, ""0001"": 3}",256
test_kernel,249,1,qksvc,2646,"{""0000"": 236, ""0001"": 8, ""0010"": 11, ""1000"": 1}",256
test_kernel,249,2,qksvc,2647,"{""0000"": 241, ""0001"": 7, ""1000"": 2, ""0010"": 5, ""0100"": 1}",256
test_kernel,249,3,qksvc,2648,"{""0011"": 246, ""0001"": 5, ""1011"": 3, ""0111"": 1, ""0010"": 1}",256
test_kernel,249,4,qksvc,2649,"{""0000"": 222, ""0001"": 11, ""0010"": 22, ""0100"": 1}",256
test_kernel,249,5,qksvc,2650,"{""0000"": 21, ""0001"": 45, ""0010"": 68, ""0011"": 118, ""1011"": 2, ""0111"": 1, ""1010"": 1}",256
test_kernel,249,6,qksvc,2651,"{""0011"": 248, ""1011"": 4, ""0010"": 3, ""0001"": 1}",256
test_kernel,249,7,qksvc,2652,"{""0000"": 155, ""0001"": 49, ""0010"": 41, ""0011"": 9, ""0100"": 1, ""1000"": 1}",256
test_kernel,249,8,qksvc,2653,"{""0000"": 249, ""0010"": 4, ""0100"": 2, ""0001"": 1}",256
test_kernel,249,9,qksvc,2654,"{""0000"": 247, ""1000"": 2, ""0010"": 6, ""0001"": 1}",256
test_kernel,250,0,qksvc,2655,"{""0011"": 247, ""0001"": 4, ""0010"": 3, ""1011"": 2}",256
test_kernel,250,1,qksvc,2656,"{""0011"": 245, ""0010"": 3, ""0001"": 3, ""1011"": 5}",256
test_kernel,250,2,qksvc,2657,"{""0011"": 249, ""1011"": 2, ""0001"": 1, ""0010"": 2, ""0111"": 2}",256
test_kernel,250,3,qksvc,2658,"{""0000"": 228, ""0001"": 8, ""1000"": 8, ""0010"": 12}",256
test_kernel,250,4,qksvc,2659,"{""0011"": 245, ""0010"": 4, ""0001"": 6, ""0111"": 1}",256
test_kernel,250,5,qksvc,2660,"{""0011"": 45, ""0010"": 65, ""0001"": 65, ""0000"": 80, ""1011"": 1}",256
test_kernel,250,6,qksvc,2661,"{""0001"": 12, ""0000"": 225, ""0010"": 14, ""0110"": 1, ""1000"": 4}",256
test_kernel,250,7,qksvc,2662,"{""0010"": 26, ""0011"": 196, ""0000"": 5, ""0001"": 26, ""1010"": 1, ""1011"": 2}",256
test_kernel,250,8,qksvc,2663,"{""0011"": 248, ""1011"": 1, ""0001"": 4, ""0010"": 2, ""0111"": 1}",256
test_kernel,250,9,qksvc,2664,"{""0011"": 248, ""0010"": 5, ""0001"": 3}",256
test_kernel,251,0,qksvc,2665,"{""0000"": 241, ""0100"": 1, ""1000"": 2, ""0001"": 4, ""0010"": 7, ""1001"": 1}",256
test_kernel,251,1,qksvc,2666,"{""0000"": 242, ""0001"": 7, ""0010"": 5, ""1000"": 1, ""0100"": 1}",256
test_kernel,251,2,qksvc,2667,"{""0000"": 233, ""1010"": 1, ""0010"": 15, ""0001"": 5, ""1000"": 1, ""0100"": 1}",256
test_kernel,251,3,qksvc,2668,"{""0011"": 248, ""0111"": 2, ""0001"": 4, ""1011"": 1, ""0010"": 1}",256
test_kernel,251,4,qksvc,2669,"{""0000"": 204, ""0010"": 27, ""0011"": 3, ""0001"": 18, ""0100"": 1, ""1000"": 2, ""1010"": 1}",256
test_kernel,251,5,qksvc,2670,"{""0010"": 60, ""0001"": 47, ""0011"": 133, ""1011"": 1, ""0000"": 15}",256
test_kernel,251,6,qksvc,2671,"{""0011"": 247, ""1011"": 2, ""0111"": 1, ""0001"": 4, ""0010"": 2}",256
test_kernel,251,7,qksvc,2672,"{""0010"": 50, ""0000"": 153, ""0001"": 44, ""1001"": 1, ""1000"": 1, ""0011"": 7}",256
test_kernel,251,8,qksvc,2673,"{""0000"": 248, ""0010"": 6, ""0100"": 1, ""1000"": 1}",256
test_kernel,251,9,qksvc,2674,"{""0000"": 248, ""0010"": 6, ""1000"": 1, ""0001"": 1}",256
test_kernel,252,0,qksvc,2675,"{""0011"": 246, ""0001"": 4, ""0000"": 1, ""0010"": 3, ""1011"": 1, ""0111"": 1}",256
test_kernel,252,1,qksvc,2676,"{""0011"": 249, ""1011"": 1, ""0001"": 3, ""0010"": 3}",256
test_kernel,252,2,qksvc,2677,"{""0011"": 248, ""0001"": 4, ""0010"": 3, ""1011"": 1}",256
test_kernel,252,3,qksvc,2678,"{""0000"": 239, ""0001"": 6, ""1001"": 1, ""0010"": 8, ""0100"": 1, ""1000"": 1}",256
test_kernel,252,4,qksvc,2679,"{""1011"": 1, ""0011"": 242, ""0010"": 8, ""0001"": 5}",256
test_kernel,252,5,qksvc,2680,"{""0001"": 63, ""0010"": 68, ""0011"": 44, ""0000"": 79, ""1011"": 1, ""1010"": 1}",256
test_kernel,252,6,qksvc,2681,"{""0000"": 238, ""0001"": 8, ""0010"": 7, ""1000"": 1, ""0011"": 1, ""0100"": 1}",256
test_kernel,252,7,qksvc,2682,"{""0010"": 25, ""0011"": 205, ""0001"": 20, ""1011"": 4, ""0101"": 1, ""0000"": 1}",256
test_kernel,252,8,qksvc,2683,"{""0011"": 243, ""0001"": 5, ""1011"": 2, ""0111"": 2, ""0010"": 4}",256
test_kernel,252,9,qksvc,2684,"{""0011"": 240, ""1011"": 5, ""0010"": 3, ""0001"": 8}",256
test_kernel,253,0,qksvc,2685,"{""0000"": 247, ""0010"": 6, ""0100"": 1, ""0001"": 2}",256
test_kernel,253,1,qksvc,2686,"{""0000"": 242, ""0010"": 8, ""0001"": 5, ""1000"": 1}",256
test_kernel,253,2,qksvc,2687,"{""0000"": 246, ""1000"": 2, ""0001"": 2, ""0010"": 6}",256
test_kernel,253,3,qksvc,2688,"{""0011"": 248, ""0001"": 2, ""0010"": 4, ""1011"": 2}",256
test_kernel,253,4,qksvc,2689,"{""0000"": 222, ""0010"": 17, ""0001"": 14, ""1000"": 1, ""0011"": 2}",256
test_kernel,253,5,qksvc,2690,"{""0011"": 130, ""0010"": 52, ""0001"": 50, ""0000"": 23, ""1011"": 1}",256
test_kernel,253,6,qksvc,2691,"{""0011"": 251, ""0111"": 2, ""0001"": 2, ""0010"": 1}",256
test_kernel,253,7,qksvc,2692,"{""0000"": 166, ""0011"": 11, ""0010"": 43, ""0001"": 33, ""1000"": 1, ""1001"": 1, ""1010"": 1}",256
test_kernel,253,8,qksvc,2693,"{""0000"": 246, ""0010"": 8, ""1000"": 2}",256
test_kernel,253,9,qksvc,2694,"{""0000"": 252, ""0010"": 2, ""0001"": 1, ""1000"": 1}",256
test_kernel,254,0,qksvc,2695,"{""0011"": 253, ""0001"": 2, ""0010"": 1}",256
test_kernel,254,1,qksvc,2696,"{""0011"": 251, ""0001"": 3, ""0010"": 2}",256
test_kernel,254,2,qksvc,2697,"{""0011"": 247, ""1011"": 3, ""0001"": 4, ""0111"": 1, ""0010"": 1}",256
test_kernel,254,3,qksvc,2698,"{""0000"": 231, ""0010"": 15, ""0001"": 8, ""1000"": 2}",256
test_kernel,254,4,qksvc,2699,"{""0011"": 244, ""0001"": 5, ""1010"": 1, ""0010"": 3, ""0111"": 2, ""1011"": 1}",256
test_kernel,254,5,qksvc,2700,"{""0010"": 68, ""0000"": 79, ""0011"": 51, ""0001"": 57, ""0101"": 1}",256
test_kernel,254,6,qksvc,2701,"{""0000"": 236, ""0001"": 9, ""0010"": 8, ""1000"": 3}",256
test_kernel,254,7,qksvc,2702,"{""0011"": 207, ""0010"": 21, ""0001"": 22, ""1011"": 4, ""0000"": 2}",256
test_kernel,254,8,qksvc,2703,"{""0011"": 244, ""0001"": 4, ""0010"": 5, ""1011"": 3}",256
test_kernel,254,9,qksvc,2704,"{""0011"": 238, ""0010"": 7, ""0001"": 8, ""1011"": 3}",256
test_kernel,255,0,qksvc,2705,"{""0000"": 239, ""1000"": 2, ""0010"": 9, ""0001"": 5, ""0100"": 1}",256
test_kernel,255,1,qksvc,2706,"{""0000"": 235, ""0010"": 7, ""0001"": 10, ""1000"": 2, ""0100"": 2}",256
test_kernel,255,2,qksvc,2707,"{""0000"": 237, ""1000"": 2, ""0010"": 11, ""0011"": 1, ""0100"": 1, ""0001"": 4}",256
test_kernel,255,3,qksvc,2708,"{""0011"": 250, ""0001"": 3, ""0111"": 2, ""0010"": 1}",256
test_kernel,255,4,qksvc,2709,"{""0000"": 208, ""0001"": 21, ""0010"": 24, ""0011"": 2, ""1000"": 1}",256
test_kernel,255,5,qksvc,2710,"{""0011"": 143, ""0000"": 16, ""0010"": 49, ""0001"": 44, ""1001"": 2, ""1000"": 1, ""1010"": 1}",256
test_kernel,255,6,qksvc,2711,"{""0011"": 251, ""0010"": 3, ""0111"": 1, ""0001"": 1}",256
test_kernel,255,7,qksvc,2712,"{""0001"": 51, ""0000"": 149, ""0011"": 13, ""0010"": 42, ""1000"": 1}",256
test_kernel,255,8,qksvc,2713,"{""0000"": 246, ""0001"": 4, ""0010"": 5, ""1000"": 1}",256
test_kernel,255,9,qksvc,2714,"{""0000"": 248, ""0001"": 3, ""0010"": 4, ""1000"": 1}",256
test_kernel,256,0,qksvc,2715,"{""0000"": 244, ""0001"": 1, ""0010"": 7, ""0100"": 2, ""1000"": 2}",256
test_kernel,256,1,qksvc,2716,"{""0000"": 239, ""0010"": 12, ""1000"": 2, ""0100"": 2, ""0001"": 1}",256
test_kernel,256,2,qksvc,2717,"{""0000"": 232, ""0001"": 7, ""0010"": 14, ""0100"": 2, ""0011"": 1}",256
test_kernel,256,3,qksvc,2718,"{""0011"": 254, ""0010"": 1, ""0001"": 1}",256
test_kernel,256,4,qksvc,2719,"{""0000"": 199, ""0010"": 30, ""0001"": 23, ""0011"": 1, ""0100"": 2, ""1000"": 1}",256
test_kernel,256,5,qksvc,2720,"{""0011"": 154, ""0001"": 43, ""0010"": 40, ""0000"": 17, ""1011"": 2}",256
test_kernel,256,6,qksvc,2721,"{""0011"": 244, ""0001"": 7, ""1011"": 3, ""0010"": 2}",256
test_kernel,256,7,qksvc,2722,"{""0000"": 147, ""0011"": 20, ""0001"": 39, ""0010"": 48, ""1010"": 1, ""1000"": 1}",256
test_kernel,256,8,qksvc,2723,"{""0000"": 248, ""0010"": 7, ""1000"": 1}",256
test_kernel,256,9,qksvc,2724,"{""0000"": 248, ""1000"": 1, ""0100"": 1, ""0001"": 1, ""0010"": 5}",256
test_kernel,257,0,qksvc,2725,"{""0011"": 251, ""1011"": 1, ""0010"": 1, ""0001"": 3}",256
test_kernel,257,1,qksvc,2726,"{""0011"": 248, ""1011"": 3, ""0001"": 1, ""0010"": 3, ""0111"": 1}",256
test_kernel,257,2,qksvc,2727,"{""0011"": 249, ""1011"": 3, ""0111"": 1, ""0001"": 2, ""0010"": 1}",256
test_kernel,257,3,qksvc,2728,"{""0000"": 234, ""0001"": 12, ""0010"": 6, ""0100"": 1, ""1000"": 1, ""0101"": 1, ""1010"": 1}",256
test_kernel,257,4,qksvc,2729,"{""0011"": 247, ""0001"": 4, ""0010"": 3, ""1011"": 2}",256
test_kernel,257,5,qksvc,2730,"{""0000"": 76, ""0011"": 48, ""0010"": 68, ""0001"": 62, ""1011"": 1, ""1000"": 1}",256
test_kernel,257,6,qksvc,2731,"{""0000"": 233, ""0010"": 9, ""0001"": 7, ""1000"": 5, ""0100"": 2}",256
test_kernel,257,7,qksvc,2732,"{""0011"": 204, ""0010"": 26, ""1011"": 3, ""0001"": 20, ""1001"": 1, ""0000"": 2}",256
test_kernel,257,8,qksvc,2733,"{""0001"": 7, ""0011"": 236, ""0010"": 6, ""1011"": 7}",256
test_kernel,257,9,qksvc,2734,"{""1011"": 2, ""0011"": 248, ""0111"": 1, ""0010"": 4, ""0001"": 1}",256
test_kernel,258,0,qksvc,2735,"{""0011"": 251, ""0111"": 2, ""0001"": 2, ""1011"": 1}",256
test_kernel,258,1,qksvc,2736,"{""0011"": 247, ""0010"": 4, ""1011"": 4, ""0001"": 1}",256
test_kernel,258,2,qksvc,2737,"{""0011"": 250, ""0001"": 4, ""1011"": 2}",256
test_kernel,258,3,qksvc,2738,"{""0000"": 241, ""0001"": 7, ""0010"": 8}",256
test_kernel,258,4,qksvc,2739,"{""0001"": 4, ""0011"": 242, ""0010"": 8, ""1011"": 2}",256
test_kernel,258,5,qksvc,2740,"{""0000"": 89, ""0011"": 43, ""0010"": 63, ""0001"": 60, ""0100"": 1}",256
test_kernel,258,6,qksvc,2741,"{""0000"": 228, ""1000"": 6, ""0001"": 7, ""0010"": 14, ""0011"": 1}",256
test_kernel,258,7,qksvc,2742,"{""0011"": 207, ""0010"": 22, ""0000"": 4, ""0001"": 23}",256
test_kernel,258,8,qksvc,2743,"{""0011"": 248, ""0001"": 2, ""0010"": 2, ""1011"": 2, ""0111"": 2}",256
test_kernel,258,9,qksvc,2744,"{""0011"": 250, ""0010"": 2, ""0001"": 2, ""1011"": 2}",256
test_kernel,259,0,qksvc,2745,"{""0000"": 245, ""0010"": 7, ""0001"": 3, ""0100"": 1}",256
test_kernel,259,1,qksvc,2746,"{""0000"": 233, ""0010"": 6, ""1000"": 2, ""0001"": 12, ""0100"": 1, ""0101"": 1, ""1010"": 1}",256
test_kernel,259,2,qksvc,2747,"{""0001"": 12, ""0000"": 232, ""0010"": 11, ""1000"": 1}",256
test_kernel,259,3,qksvc,2748,"{""0011"": 250, ""0001"": 3, ""0010"": 1, ""1011"": 1, ""0111"": 1}",256
test_kernel,259,4,qksvc,2749,"{""0000"": 201, ""0010"": 29, ""0001"": 23, ""0011"": 3}",256
test_kernel,259,5,qksvc,2750,"{""0010"": 44, ""0011"": 154, ""0001"": 38, ""0000"": 20}",256
test_kernel,259,6,qksvc,2751,"{""0011"": 250, ""1011"": 4, ""0001"": 2}",256
test_kernel,259,7,qksvc,2752,"{""0000"": 155, ""0001"": 48, ""0010"": 39, ""0011"": 13, ""1000"": 1}",256
test_kernel,259,8,qksvc,2753,"{""0000"": 248, ""1000"": 1, ""0100"": 1, ""0010"": 4, ""0001"": 2}",256
test_kernel,259,9,qksvc,2754,"{""0000"": 244, ""0010"": 9, ""0001"": 1, ""0100"": 1, ""1000"": 1}",256
test_kernel,260,0,qksvc,2755,"{""0000"": 246, ""0001"": 2, ""0010"": 8}",256
test_kernel,260,1,qksvc,2756,"{""0000"": 243, ""0010"": 10, ""0001"": 1, ""1000"": 1, ""0100"": 1}",256
test_kernel,260,2,qksvc,2757,"{""0001"": 8, ""0000"": 235, ""0010"": 8, ""0011"": 2, ""1001"": 1, ""1000"": 1, ""0100"": 1}",256
test_kernel,260,3,qksvc,2758,"{""0011"": 246, ""0001"": 3, ""0010"": 3, ""1011"": 2, ""0110"": 1, ""0111"": 1}",256
test_kernel,260,4,qksvc,2759,"{""0000"": 202, ""0010"": 25, ""0001"": 23, ""1000"": 4, ""0101"": 1, ""0011"": 1}",256
test_kernel,260,5,qksvc,2760,"{""0011"": 141, ""0010"": 52, ""0001"": 43, ""0000"": 15, ""1011"": 3, ""1010"": 2}",256
test_kernel,260,6,qksvc,2761,"{""0011"": 248, ""0010"": 4, ""1011"": 4}",256
test_kernel,260,7,qksvc,2762,"{""0000"": 148, ""0001"": 47, ""0010"": 48, ""0011"": 8, ""1010"": 1, ""0100"": 1, ""1000"": 2, ""0111"": 1}",256
test_kernel,260,8,qksvc,2763,"{""0000"": 252, ""0010"": 3, ""0001"": 1}",256
test_kernel,260,9,qksvc,2764,"{""0000"": 249, ""0010"": 6, ""1000"": 1}",256
test_kernel,261,0,qksvc,2765,"{""0000"": 248, ""1000"": 2, ""0010"": 5, ""0100"": 1}",256
test_kernel,261,1,qksvc,2766,"{""0000"": 240, ""0001"": 4, ""1000"": 2, ""0010"": 9, ""0100"": 1}",256
test_kernel,261,2,qksvc,2767,"{""0000"": 242, ""0010"": 9, ""0001"": 4, ""1000"": 1}",256
test_kernel,261,3,qksvc,2768,"{""0011"": 251, ""1011"": 1, ""0010"": 2, ""0001"": 2}",256
test_kernel,261,4,qksvc,2769,"{""0001"": 17, ""0000"": 218, ""0010"": 19, ""0100"": 1, ""1001"": 1}",256
test_kernel,261,5,qksvc,2770,"{""0011"": 133, ""0010"": 57, ""0000"": 19, ""0001"": 45, ""1011"": 1, ""1000"": 1}",256
test_kernel,261,6,qksvc,2771,"{""0011"": 249, ""0001"": 6, ""1011"": 1}",256
test_kernel,261,7,qksvc,2772,"{""0000"": 172, ""0001"": 36, ""0010"": 38, ""0011"": 10}",256
test_kernel,261,8,qksvc,2773,"{""0000"": 246, ""0010"": 5, ""0001"": 2, ""1000"": 1, ""0100"": 2}",256
test_kernel,261,9,qksvc,2774,"{""0000"": 248, ""0010"": 4, ""1000"": 4}",256
test_kernel,262,0,qksvc,2775,"{""0000"": 244, ""0001"": 7, ""0010"": 5}",256
test_kernel,262,1,qksvc,2776,"{""0000"": 240, ""0001"": 4, ""0010"": 10, ""1000"": 2}",256
test_kernel,262,2,qksvc,2777,"{""0000"": 242, ""0010"": 9, ""0001"": 4, ""0100"": 1}",256
test_kernel,262,3,qksvc,2778,"{""0011"": 249, ""0010"": 2, ""1011"": 5}",256
test_kernel,262,4,qksvc,2779,"{""0000"": 203, ""0010"": 26, ""0001"": 24, ""0011"": 3}",256
test_kernel,262,5,qksvc,2780,"{""0011"": 122, ""0010"": 60, ""0001"": 54, ""0000"": 18, ""1011"": 2}",256
test_kernel,262,6,qksvc,2781,"{""0011"": 248, ""0001"": 5, ""1011"": 3}",256
test_kernel,262,7,qksvc,2782,"{""0001"": 41, ""0000"": 160, ""0011"": 15, ""0010"": 35, ""1010"": 1, ""1000"": 2, ""0100"": 2}",256
test_kernel,262,8,qksvc,2783,"{""0000"": 246, ""0001"": 4, ""0100"": 2, ""0010"": 2, ""1000"": 2}",256
test_kernel,262,9,qksvc,2784,"{""0000"": 249, ""0010"": 5, ""1000"": 1, ""0100"": 1}",256
test_kernel,263,0,qksvc,2785,"{""0011"": 245, ""0001"": 6, ""0010"": 1, ""0111"": 2, ""1011"": 2}",256
test_kernel,263,1,qksvc,2786,"{""0011"": 246, ""0010"": 2, ""0001"": 7, ""0111"": 1}",256
test_kernel,263,2,qksvc,2787,"{""0011"": 252, ""0001"": 1, ""1011"": 3}",256
test_kernel,263,3,qksvc,2788,"{""0000"": 241, ""0010"": 9, ""0001"": 4, ""1000"": 1, ""0100"": 1}",256
test_kernel,263,4,qksvc,2789,"{""0011"": 247, ""0001"": 6, ""1011"": 3}",256
test_kernel,263,5,qksvc,2790,"{""0010"": 57, ""0011"": 48, ""0001"": 66, ""0000"": 80, ""1001"": 2, ""1010"": 1, ""0111"": 1, ""1000"": 1}",256
test_kernel,263,6,qksvc,2791,"{""0000"": 235, ""0001"": 6, ""0010"": 14, ""1000"": 1}",256
test_kernel,263,7,qksvc,2792,"{""0011"": 198, ""0001"": 27, ""0010"": 28, ""0000"": 3}",256
test_kernel,263,8,qksvc,2793,"{""0011"": 247, ""0010"": 3, ""0001"": 1, ""1011"": 3, ""0111"": 1, ""1001"": 1}",256
test_kernel,263,9,qksvc,2794,"{""0011"": 248, ""0001"": 6, ""0000"": 1, ""0111"": 1}",256
test_kernel,264,0,qksvc,2795,"{""0000"": 245, ""0010"": 7, ""0100"": 2, ""1000"": 1, ""0001"": 1}",256
test_kernel,264,1,qksvc,2796,"{""0000"": 243, ""0010"": 8, ""0001"": 3, ""1000"": 1, ""0100"": 1}",256
test_kernel,264,2,qksvc,2797,"{""0000"": 232, ""1000"": 4, ""0010"": 10, ""0001"": 8, ""0100"": 2}",256
test_kernel,264,3,qksvc,2798,"{""0011"": 243, ""0001"": 7, ""0111"": 2, ""0010"": 3, ""1011"": 1}",256
test_kernel,264,4,qksvc,2799,"{""0000"": 215, ""0010"": 22, ""0001"": 14, ""0011"": 3, ""1010"": 1, ""0100"": 1}",256
test_kernel,264,5,qksvc,2800,"{""0010"": 48, ""0011"": 136, ""0000"": 15, ""0001"": 53, ""1011"": 1, ""1010"": 1, ""0110"": 1, ""1000"": 1}",256
test_kernel,264,6,qksvc,2801,"{""0011"": 247, ""1011"": 4, ""0010"": 1, ""0111"": 2, ""0001"": 2}",256
test_kernel,264,7,qksvc,2802,"{""0000"": 173, ""0001"": 37, ""0011"": 11, ""0010"": 35}",256
test_kernel,264,8,qksvc,2803,"{""0000"": 252, ""1000"": 1, ""0010"": 2, ""0001"": 1}",256
test_kernel,264,9,qksvc,2804,"{""1000"": 3, ""0000"": 242, ""0010"": 10, ""0001"": 1}",256
test_kernel,265,0,qksvc,2805,"{""0000"": 238, ""0010"": 9, ""0001"": 8, ""1000"": 1}",256
test_kernel,265,1,qksvc,2806,"{""0000"": 243, ""0001"": 5, ""0010"": 6, ""0011"": 1, ""1010"": 1}",256
test_kernel,265,2,qksvc,2807,"{""0000"": 225, ""1000"": 4, ""0010"": 16, ""0001"": 11}",256
test_kernel,265,3,qksvc,2808,"{""0011"": 248, ""0001"": 4, ""1011"": 2, ""0010"": 2}",256
test_kernel,265,4,qksvc,2809,"{""0000"": 216, ""1010"": 1, ""0010"": 16, ""0001"": 21, ""0011"": 1, ""0100"": 1}",256
test_kernel,265,5,qksvc,2810,"{""0011"": 149, ""0001"": 46, ""0010"": 43, ""0000"": 16, ""1011"": 1, ""0110"": 1}",256
test_kernel,265,6,qksvc,2811,"{""0011"": 249, ""0000"": 1, ""0001"": 3, ""0010"": 2, ""1011"": 1}",256
test_kernel,265,7,qksvc,2812,"{""0000"": 159, ""0001"": 34, ""0010"": 47, ""0011"": 14, ""0100"": 1, ""1010"": 1}",256
test_kernel,265,8,qksvc,2813,"{""0000"": 243, ""0100"": 2, ""0010"": 6, ""0001"": 3, ""1000"": 2}",256
test_kernel,265,9,qksvc,2814,"{""1000"": 2, ""0000"": 252, ""0010"": 1, ""0001"": 1}",256
test_kernel,266,0,qksvc,2815,"{""0000"": 244, ""0010"": 7, ""0001"": 3, ""0011"": 1, ""1000"": 1}",256
test_kernel,266,1,qksvc,2816,"{""0000"": 248, ""0001"": 5, ""0010"": 3}",256
test_kernel,266,2,qksvc,2817,"{""0000"": 235, ""0010"": 14, ""0001"": 7}",256
test_kernel,266,3,qksvc,2818,"{""0011"": 243, ""0010"": 1, ""1011"": 5, ""0001"": 6, ""0111"": 1}",256
test_kernel,266,4,qksvc,2819,"{""0000"": 223, ""0001"": 22, ""0010"": 10, ""0100"": 1}",256
test_kernel,266,5,qksvc,2820,"{""0011"": 149, ""0001"": 41, ""0010"": 44, ""1010"": 2, ""0000"": 18, ""1001"": 1, ""0111"": 1}",256
test_kernel,266,6,qksvc,2821,"{""0011"": 249, ""1011"": 4, ""0010"": 2, ""0001"": 1}",256
test_kernel,266,7,qksvc,2822,"{""0011"": 16, ""0001"": 41, ""0000"": 154, ""0010"": 43, ""1011"": 2}",256
test_kernel,266,8,qksvc,2823,"{""0000"": 242, ""0010"": 9, ""0001"": 1, ""1000"": 3, ""1001"": 1}",256
test_kernel,266,9,qksvc,2824,"{""0000"": 245, ""1000"": 2, ""0010"": 3, ""0001"": 4, ""0101"": 1, ""0100"": 1}",256
test_kernel,267,0,qksvc,2825,"{""0011"": 249, ""0111"": 2, ""1011"": 4, ""0001"": 1}",256
test_kernel,267,1,qksvc,2826,"{""0011"": 248, ""1011"": 6, ""0001"": 1, ""0010"": 1}",256
test_kernel,267,2,qksvc,2827,"{""0011"": 251, ""1011"": 3, ""0001"": 2}",256
test_kernel,267,3,qksvc,2828,"{""0000"": 235, ""0010"": 11, ""0001"": 9, ""1000"": 1}",256
test_kernel,267,4,qksvc,2829,"{""0011"": 240, ""1011"": 4, ""0010"": 5, ""0001"": 7}",256
test_kernel,267,5,qksvc,2830,"{""0010"": 76, ""0000"": 70, ""0011"": 44, ""0001"": 61, ""1011"": 2, ""1001"": 1, ""1000"": 1, ""0100"": 1}",256
test_kernel,267,6,qksvc,2831,"{""0000"": 227, ""0001"": 12, ""0010"": 13, ""1000"": 4}",256
test_kernel,267,7,qksvc,2832,"{""0011"": 215, ""0001"": 18, ""0010"": 18, ""0000"": 3, ""0111"": 1, ""1011"": 1}",256
test_kernel,267,8,qksvc,2833,"{""0011"": 249, ""0001"": 4, ""0111"": 1, ""0010"": 2}",256
test_kernel,267,9,qksvc,2834,"{""0011"": 248, ""1011"": 3, ""0010"": 3, ""0001"": 2}",256
test_kernel,268,0,qksvc,2835,"{""0011"": 246, ""0001"": 5, ""0010"": 2, ""1011"": 2, ""0111"": 1}",256
test_kernel,268,1,qksvc,2836,"{""0011"": 251, ""0001"": 1, ""1011"": 2, ""1010"": 1, ""0111"": 1}",256
test_kernel,268,2,qksvc,2837,"{""0011"": 252, ""0001"": 3, ""1011"": 1}",256
test_kernel,268,3,qksvc,2838,"{""0000"": 229, ""0010"": 12, ""0001"": 9, ""1000"": 2, ""0100"": 2, ""0011"": 1, ""0111"": 1}",256
test_kernel,268,4,qksvc,2839,"{""0011"": 238, ""0001"": 7, ""0010"": 7, ""1011"": 4}",256
test_kernel,268,5,qksvc,2840,"{""0000"": 83, ""0010"": 74, ""0001"": 53, ""0011"": 42, ""1000"": 1, ""0101"": 2, ""1010"": 1}",256
test_kernel,268,6,qksvc,2841,"{""0000"": 230, ""0010"": 13, ""0001"": 13}",256
test_kernel,268,7,qksvc,2842,"{""0010"": 22, ""0011"": 213, ""0001"": 18, ""0000"": 2, ""1001"": 1}",256
test_kernel,268,8,qksvc,2843,"{""0011"": 244, ""0111"": 1, ""1011"": 4, ""0010"": 4, ""0001"": 3}",256
test_kernel,268,9,qksvc,2844,"{""0011"": 245, ""0001"": 4, ""0010"": 5, ""0111"": 2}",256
test_kernel,269,0,qksvc,2845,"{""0000"": 236, ""0010"": 14, ""1000"": 2, ""0001"": 4}",256
test_kernel,269,1,qksvc,2846,"{""0010"": 14, ""0000"": 229, ""1000"": 4, ""0001"": 7, ""1001"": 1, ""0101"": 1}",256
test_kernel,269,2,qksvc,2847,"{""0001"": 8, ""0000"": 227, ""1000"": 4, ""0010"": 17}",256
test_kernel,269,3,qksvc,2848,"{""0011"": 251, ""0111"": 1, ""0001"": 3, ""1011"": 1}",256
test_kernel,269,4,qksvc,2849,"{""0000"": 206, ""0001"": 16, ""0010"": 30, ""1001"": 1, ""1000"": 1, ""0011"": 2}",256
test_kernel,269,5,qksvc,2850,"{""0011"": 138, ""0010"": 48, ""0001"": 48, ""0000"": 22}",256
test_kernel,269,6,qksvc,2851,"{""0011"": 247, ""0111"": 1, ""1011"": 2, ""0010"": 1, ""0001"": 5}",256
test_kernel,269,7,qksvc,2852,"{""0001"": 49, ""0000"": 158, ""0011"": 11, ""0010"": 38}",256
test_kernel,269,8,qksvc,2853,"{""0000"": 243, ""0010"": 8, ""1000"": 2, ""0100"": 2, ""0001"": 1}",256
test_kernel,269,9,qksvc,2854,"{""0000"": 249, ""0100"": 2, ""0001"": 1, ""1000"": 2, ""0010"": 2}",256
test_kernel,270,0,qksvc,2855,"{""0000"": 242, ""1000"": 3, ""0010"": 5, ""0001"": 5, ""0100"": 1}",256
test_kernel,270,1,qksvc,2856,"{""0000"": 244, ""0001"": 2, ""0010"": 8, ""1000"": 2}",256
test_kernel,270,2,qksvc,2857,"{""0000"": 231, ""0010"": 17, ""1000"": 1, ""0001"": 7}",256
test_kernel,270,3,qksvc,2858,"{""0011"": 248, ""0001"": 4, ""0010"": 3, ""1011"": 1}",256
test_kernel,270,4,qksvc,2859,"{""0000"": 211, ""0001"": 20, ""0010"": 22, ""1000"": 1, ""0011"": 2}",256
test_kernel,270,5,qksvc,2860,"{""0011"": 126, ""0111"": 1, ""0001"": 55, ""0010"": 51, ""0000"": 23}",256
test_kernel,270,6,qksvc,2861,"{""0011"": 251, ""0001"": 5}",256
test_kernel,270,7,qksvc,2862,"{""0000"": 158, ""0010"": 41, ""0011"": 14, ""0001"": 40, ""1000"": 3}",256
test_kernel,270,8,qksvc,2863,"{""0000"": 246, ""0001"": 2, ""0010"": 4, ""0100"": 1, ""1000"": 3}",256
test_kernel,270,9,qksvc,2864,"{""0000"": 251, ""0001"": 1, ""1000"": 1, ""0010"": 3}",256
test_kernel,271,0,qksvc,2865,"{""0000"": 248, ""0001"": 2, ""0010"": 6}",256
test_kernel,271,1,qksvc,2866,"{""0000"": 244, ""1000"": 2, ""0010"": 5, ""0001"": 4, ""0100"": 1}",256
test_kernel,271,2,qksvc,2867,"{""0000"": 233, ""0011"": 2, ""0010"": 12, ""0001"": 4, ""1000"": 3, ""0100"": 2}",256
test_kernel,271,3,qksvc,2868,"{""0011"": 249, ""0001"": 4, ""1011"": 2, ""0010"": 1}",256
test_kernel,271,4,qksvc,2869,"{""0000"": 218, ""0011"": 3, ""0001"": 12, ""0010"": 23}",256
test_kernel,271,5,qksvc,2870,"{""0001"": 46, ""0011"": 133, ""0010"": 54, ""0000"": 22, ""0110"": 1}",256
test_kernel,271,6,qksvc,2871,"{""0011"": 253, ""1011"": 1, ""0010"": 1, ""0111"": 1}",256
test_kernel,271,7,qksvc,2872,"{""0000"": 180, ""0001"": 26, ""0011"": 5, ""0010"": 43, ""1000"": 2}",256
test_kernel,271,8,qksvc,2873,"{""0000"": 247, ""0010"": 3, ""0100"": 1, ""1000"": 3, ""0001"": 2}",256
test_kernel,271,9,qksvc,2874,"{""0010"": 5, ""0000"": 247, ""0001"": 2, ""1000"": 2}",256
test_kernel,272,0,qksvc,2875,"{""0011"": 249, ""0010"": 5, ""0001"": 1, ""0111"": 1}",256
test_kernel,272,1,qksvc,2876,"{""0011"": 248, ""0111"": 3, ""0001"": 3, ""1011"": 2}",256
test_kernel,272,2,qksvc,2877,"{""0011"": 239, ""0001"": 10, ""0010"": 2, ""1011"": 4, ""0111"": 1}",256
test_kernel,272,3,qksvc,2878,"{""0000"": 231, ""1000"": 4, ""0001"": 8, ""0010"": 13}",256
test_kernel,272,4,qksvc,2879,"{""0011"": 241, ""0001"": 7, ""0010"": 4, ""1011"": 3, ""0111"": 1}",256
test_kernel,272,5,qksvc,2880,"{""0001"": 55, ""0010"": 64, ""0011"": 49, ""0000"": 85, ""1001"": 1, ""1000"": 1, ""0101"": 1}",256
test_kernel,272,6,qksvc,2881,"{""0000"": 238, ""0010"": 10, ""0001"": 4, ""1000"": 4}",256
test_kernel,272,7,qksvc,2882,"{""0011"": 202, ""0010"": 28, ""0001"": 17, ""0000"": 5, ""1011"": 2, ""1001"": 1, ""0111"": 1}",256
test_kernel,272,8,qksvc,2883,"{""0011"": 243, ""1011"": 6, ""0010"": 4, ""0001"": 3}",256
test_kernel,272,9,qksvc,2884,"{""0011"": 246, ""0010"": 4, ""0001"": 2, ""1011"": 4}",256
test_kernel,273,0,qksvc,2885,"{""0011"": 249, ""0010"": 3, ""0111"": 1, ""1001"": 1, ""0001"": 2}",256
test_kernel,273,1,qksvc,2886,"{""0011"": 245, ""0001"": 3, ""0010"": 1, ""1011"": 5, ""0111"": 1, ""0101"": 1}",256
test_kernel,273,2,qksvc,2887,"{""0011"": 252, ""0010"": 2, ""1011"": 1, ""0001"": 1}",256
test_kernel,273,3,qksvc,2888,"{""0000"": 231, ""0001"": 8, ""0010"": 12, ""0100"": 2, ""1000"": 3}",256
test_kernel,273,4,qksvc,2889,"{""0011"": 244, ""0001"": 8, ""1011"": 3, ""0010"": 1}",256
test_kernel,273,5,qksvc,2890,"{""0000"": 82, ""0001"": 56, ""0011"": 46, ""0010"": 69, ""1000"": 1, ""1011"": 1, ""0100"": 1}",256
test_kernel,273,6,qksvc,2891,"{""0000"": 234, ""0001"": 12, ""0010"": 8, ""0011"": 1, ""1000"": 1}",256
test_kernel,273,7,qksvc,2892,"{""0011"": 213, ""0010"": 24, ""0001"": 11, ""1011"": 3, ""0000"": 5}",256
test_kernel,273,8,qksvc,2893,"{""0010"": 3, ""0011"": 241, ""1011"": 2, ""0001"": 9, ""0111"": 1}",256
test_kernel,273,9,qksvc,2894,"{""0011"": 246, ""0010"": 3, ""0111"": 1, ""1011"": 3, ""0000"": 1, ""0001"": 2}",256
test_kernel,274,0,qksvc,2895,"{""0000"": 243, ""0001"": 4, ""0011"": 1, ""0010"": 7, ""1000"": 1}",256
test_kernel,274,1,qksvc,2896,"{""0000"": 242, ""0010"": 10, ""1000"": 3, ""0100"": 1}",256
test_kernel,274,2,qksvc,2897,"{""0000"": 240, ""0010"": 11, ""0001"": 4, ""1000"": 1}",256
test_kernel,274,3,qksvc,2898,"{""0011"": 248, ""0111"": 2, ""0010"": 3, ""1011"": 1, ""0001"": 2}",256
test_kernel,274,4,qksvc,2899,"{""0000"": 204, ""0011"": 6, ""0010"": 28, ""0001"": 16, ""0100"": 1, ""1000"": 1}",256
test_kernel,274,5,qksvc,2900,"{""0001"": 47, ""0011"": 142, ""0010"": 47, ""0000"": 16, ""0110"": 1, ""1011"": 2, ""1001"": 1}",256
test_kernel,274,6,qksvc,2901,"{""0011"": 251, ""1011"": 2, ""0111"": 1, ""0001"": 1, ""0010"": 1}",256
test_kernel,274,7,qksvc,2902,"{""0001"": 37, ""0000"": 147, ""0010"": 59, ""0011"": 12, ""1000"": 1}",256
test_kernel,274,8,qksvc,2903,"{""0000"": 254, ""0001"": 1, ""0100"": 1}",256
test_kernel,274,9,qksvc,2904,"{""0000"": 244, ""0010"": 5, ""0001"": 3, ""1000"": 3, ""0100"": 1}",256
test_kernel,275,0,qksvc,2905,"{""0000"": 247, ""0010"": 5, ""0001"": 4}",256
test_kernel,275,1,qksvc,2906,"{""0000"": 244, ""0010"": 4, ""0001"": 6, ""0100"": 1, ""1000"": 1}",256
test_kernel,275,2,qksvc,2907,"{""0000"": 236, ""0010"": 9, ""0100"": 1, ""0001"": 9, ""1000"": 1}",256
test_kernel,275,3,qksvc,2908,"{""0011"": 249, ""0001"": 3, ""1011"": 2, ""0111"": 1, ""0010"": 1}",256
test_kernel,275,4,qksvc,2909,"{""0000"": 215, ""0001"": 21, ""0010"": 17, ""0011"": 2, ""1000"": 1}",256
test_kernel,275,5,qksvc,2910,"{""0010"": 57, ""0011"": 125, ""0001"": 50, ""0000"": 19, ""1011"": 2, ""1010"": 2, ""1000"": 1}",256
test_kernel,275,6,qksvc,2911,"{""0011"": 247, ""0001"": 7, ""0111"": 1, ""0010"": 1}",256
test_kernel,275,7,qksvc,2912,"{""0000"": 147, ""0001"": 53, ""0010"": 40, ""0011"": 13, ""0100"": 1, ""0110"": 1, ""1000"": 1}",256
test_kernel,275,8,qksvc,2913,"{""0000"": 249, ""0010"": 3, ""0100"": 1, ""1000"": 2, ""0001"": 1}",256
test_kernel,275,9,qksvc,2914,"{""0000"": 243, ""0010"": 7, ""0001"": 3, ""0100"": 2, ""0110"": 1}",256
test_kernel,276,0,qksvc,2915,"{""0011"": 253, ""0010"": 1, ""1011"": 2}",256
test_kernel,276,1,qksvc,2916,"{""0011"": 251, ""0010"": 2, ""0001"": 3}",256
test_kernel,276,2,qksvc,2917,"{""0011"": 246, ""0001"": 5, ""0010"": 2, ""1011"": 3}",256
test_kernel,276,3,qksvc,2918,"{""0000"": 233, ""0010"": 16, ""0001"": 2, ""1000"": 4, ""0100"": 1}",256
test_kernel,276,4,qksvc,2919,"{""0011"": 238, ""1011"": 3, ""0001"": 11, ""0010"": 3, ""0111"": 1}",256
test_kernel,276,5,qksvc,2920,"{""0001"": 54, ""0000"": 78, ""0011"": 48, ""0010"": 75, ""1001"": 1}",256
test_kernel,276,6,qksvc,2921,"{""0000"": 237, ""1001"": 1, ""0010"": 9, ""0001"": 8, ""0011"": 1}",256
test_kernel,276,7,qksvc,2922,"{""0011"": 210, ""0010"": 21, ""0001"": 21, ""0000"": 2, ""1011"": 2}",256
test_kernel,276,8,qksvc,2923,"{""0011"": 246, ""0001"": 5, ""0010"": 2, ""1011"": 2, ""1111"": 1}",256
test_kernel,276,9,qksvc,2924,"{""0011"": 245, ""0010"": 5, ""0001"": 4, ""1011"": 2}",256
test_kernel,277,0,qksvc,2925,"{""0000"": 235, ""0010"": 11, ""0001"": 8, ""0100"": 1, ""1000"": 1}",256
test_kernel,277,1,qksvc,2926,"{""0000"": 244, ""0001"": 6, ""0010"": 5, ""1000"": 1}",256
test_kernel,277,2,qksvc,2927,"{""0000"": 227, ""0001"": 12, ""0010"": 12, ""0011"": 2, ""1000"": 2, ""0100"": 1}",256
test_kernel,277,3,qksvc,2928,"{""0011"": 251, ""0010"": 3, ""1011"": 2}",256
test_kernel,277,4,qksvc,2929,"{""0000"": 204, ""0010"": 31, ""0001"": 17, ""0011"": 3, ""0100"": 1}",256
test_kernel,277,5,qksvc,2930,"{""0010"": 50, ""0011"": 146, ""0001"": 40, ""0000"": 17, ""0111"": 2, ""1011"": 1}",256
test_kernel,277,6,qksvc,2931,"{""0011"": 250, ""1011"": 3, ""0111"": 1, ""0001"": 2}",256
test_kernel,277,7,qksvc,2932,"{""0001"": 46, ""0000"": 145, ""0010"": 53, ""0011"": 11, ""1000"": 1}",256
test_kernel,277,8,qksvc,2933,"{""0000"": 244, ""0010"": 6, ""0100"": 1, ""0001"": 1, ""1000"": 4}",256
test_kernel,277,9,qksvc,2934,"{""0000"": 250, ""1000"": 3, ""0010"": 2, ""0001"": 1}",256
test_kernel,278,0,qksvc,2935,"{""0000"": 248, ""0010"": 4, ""0001"": 2, ""1000"": 2}",256
test_kernel,278,1,qksvc,2936,"{""0010"": 7, ""0000"": 241, ""0001"": 8}",256
test_kernel,278,2,qksvc,2937,"{""0000"": 240, ""0010"": 7, ""0001"": 6, ""1000"": 2, ""1100"": 1}",256
test_kernel,278,3,qksvc,2938,"{""0011"": 251, ""0001"": 1, ""1011"": 1, ""1001"": 1, ""0010"": 2}",256
test_kernel,278,4,qksvc,2939,"{""0010"": 32, ""0000"": 205, ""0001"": 16, ""1000"": 1, ""0011"": 2}",256
test_kernel,278,5,qksvc,2940,"{""0011"": 136, ""0001"": 47, ""0010"": 52, ""0000"": 20, ""1001"": 1}",256
test_kernel,278,6,qksvc,2941,"{""0011"": 246, ""1011"": 3, ""0001"": 4, ""0010"": 2, ""1001"": 1}",256
test_kernel,278,7,qksvc,2942,"{""0000"": 147, ""0001"": 48, ""0010"": 45, ""0011"": 15, ""1000"": 1}",256
test_kernel,278,8,qksvc,2943,"{""0000"": 250, ""0010"": 3, ""0001"": 2, ""1000"": 1}",256
test_kernel,278,9,qksvc,2944,"{""0000"": 253, ""0010"": 2, ""1000"": 1}",256
test_kernel,279,0,qksvc,2945,"{""0000"": 239, ""0010"": 7, ""0001"": 7, ""1000"": 2, ""0100"": 1}",256
test_kernel,279,1,qksvc,2946,"{""0000"": 240, ""0010"": 10, ""0001"": 3, ""0100"": 1, ""1000"": 2}",256
test_kernel,279,2,qksvc,2947,"{""0000"": 235, ""0001"": 7, ""0010"": 13, ""1000"": 1}",256
test_kernel,279,3,qksvc,2948,"{""0011"": 253, ""0001"": 2, ""0010"": 1}",256
test_kernel,279,4,qksvc,2949,"{""0000"": 209, ""0001"": 23, ""0100"": 2, ""0010"": 22}",256
test_kernel,279,5,qksvc,2950,"{""0011"": 138, ""0000"": 22, ""0001"": 37, ""1001"": 1, ""0010"": 56, ""1011"": 1, ""1000"": 1}",256
test_kernel,279,6,qksvc,2951,"{""0011"": 245, ""1011"": 3, ""0010"": 3, ""0001"": 3, ""0111"": 2}",256
test_kernel,279,7,qksvc,2952,"{""0001"": 53, ""0000"": 160, ""0010"": 34, ""0011"": 8, ""1001"": 1}",256
test_kernel,279,8,qksvc,2953,"{""0000"": 252, ""0100"": 2, ""0001"": 1, ""0010"": 1}",256
test_kernel,279,9,qksvc,2954,"{""0000"": 248, ""0010"": 4, ""0100"": 1, ""0011"": 1, ""1000"": 2}",256
test_kernel,280,0,qksvc,2955,"{""0000"": 239, ""0010"": 11, ""0001"": 6}",256
test_kernel,280,1,qksvc,2956,"{""0000"": 248, ""1000"": 1, ""0010"": 5, ""0001"": 2}",256
test_kernel,280,2,qksvc,2957,"{""0000"": 236, ""0001"": 6, ""0010"": 13, ""1001"": 1}",256
test_kernel,280,3,qksvc,2958,"{""0011"": 249, ""0010"": 2, ""1011"": 3, ""0001"": 2}",256
test_kernel,280,4,qksvc,2959,"{""0000"": 214, ""0001"": 16, ""0010"": 21, ""0100"": 1, ""0101"": 1, ""0011"": 3}",256
test_kernel,280,5,qksvc,2960,"{""0001"": 43, ""0010"": 49, ""0011"": 137, ""0000"": 24, ""1011"": 3}",256
test_kernel,280,6,qksvc,2961,"{""0011"": 253, ""1011"": 2, ""0111"": 1}",256
test_kernel,280,7,qksvc,2962,"{""0001"": 33, ""0000"": 177, ""0011"": 7, ""0010"": 37, ""0110"": 1, ""1000"": 1}",256
test_kernel,280,8,qksvc,2963,"{""0000"": 247, ""0010"": 8, ""1010"": 1}",256
test_kernel,280,9,qksvc,2964,"{""0000"": 251, ""0010"": 2, ""0100"": 1, ""1000"": 2}",256
test_kernel,281,0,qksvc,2965,"{""0000"": 247, ""0010"": 7, ""0001"": 2}",256
test_kernel,281,1,qksvc,2966,"{""0000"": 237, ""0010"": 12, ""0001"": 5, ""0100"": 1, ""1000"": 1}",256
test_kernel,281,2,qksvc,2967,"{""0000"": 241, ""0100"": 1, ""0011"": 1, ""0010"": 7, ""0001"": 6}",256
test_kernel,281,3,qksvc,2968,"{""0011"": 246, ""1011"": 3, ""0001"": 3, ""0010"": 3, ""0111"": 1}",256
test_kernel,281,4,qksvc,2969,"{""0001"": 14, ""0000"": 218, ""0010"": 21, ""0011"": 1, ""1000"": 2}",256
test_kernel,281,5,qksvc,2970,"{""0010"": 57, ""0001"": 37, ""0011"": 150, ""0000"": 8, ""1011"": 4}",256
test_kernel,281,6,qksvc,2971,"{""0011"": 247, ""1011"": 3, ""0001"": 5, ""0010"": 1}",256
test_kernel,281,7,qksvc,2972,"{""0000"": 164, ""0010"": 42, ""0001"": 42, ""0011"": 5, ""1000"": 1, ""0100"": 1, ""1001"": 1}",256
test_kernel,281,8,qksvc,2973,"{""0000"": 250, ""0010"": 4, ""0100"": 1, ""1000"": 1}",256
test_kernel,281,9,qksvc,2974,"{""0000"": 247, ""0010"": 4, ""1000"": 3, ""0001"": 2}",256
test_kernel,282,0,qksvc,2975,"{""0000"": 242, ""0001"": 7, ""0010"": 6, ""1000"": 1}",256
test_kernel,282,1,qksvc,2976,"{""0000"": 248, ""0010"": 4, ""1000"": 3, ""0100"": 1}",256
test_kernel,282,2,qksvc,2977,"{""0000"": 233, ""0001"": 8, ""0010"": 14, ""1000"": 1}",256
test_kernel,282,3,qksvc,2978,"{""0011"": 251, ""0001"": 2, ""0010"": 2, ""1011"": 1}",256
test_kernel,282,4,qksvc,2979,"{""0000"": 218, ""0001"": 18, ""0010"": 16, ""0101"": 1, ""1000"": 1, ""1010"": 1, ""0100"": 1}",256
test_kernel,282,5,qksvc,2980,"{""0011"": 137, ""0000"": 25, ""0001"": 45, ""0010"": 47, ""0110"": 1, ""1010"": 1}",256
test_kernel,282,6,qksvc,2981,"{""0011"": 249, ""0001"": 2, ""0111"": 2, ""0010"": 3}",256
test_kernel,282,7,qksvc,2982,"{""0001"": 38, ""0000"": 156, ""0010"": 51, ""0011"": 8, ""0100"": 1, ""1001"": 1, ""1000"": 1}",256
test_kernel,282,8,qksvc,2983,"{""0000"": 251, ""1000"": 3, ""1100"": 1, ""0010"": 1}",256
test_kernel,282,9,qksvc,2984,"{""0000"": 251, ""1000"": 3, ""0010"": 2}",256
test_kernel,283,0,qksvc,2985,"{""0000"": 236, ""0010"": 15, ""0001"": 4, ""1000"": 1}",256
test_kernel,283,1,qksvc,2986,"{""0000"": 231, ""0010"": 10, ""0001"": 9, ""1000"": 3, ""0100"": 2, ""0011"": 1}",256
test_kernel,283,2,qksvc,2987,"{""0000"": 234, ""0010"": 7, ""0001"": 14, ""1010"": 1}",256
test_kernel,283,3,qksvc,2988,"{""0011"": 250, ""0010"": 1, ""0001"": 2, ""1011"": 3}",256
test_kernel,283,4,qksvc,2989,"{""0001"": 18, ""0011"": 1, ""0000"": 206, ""0010"": 27, ""1000"": 2, ""0100"": 1, ""1001"": 1}",256
test_kernel,283,5,qksvc,2990,"{""0001"": 55, ""0011"": 141, ""0010"": 40, ""0000"": 16, ""0111"": 2, ""1011"": 1, ""1010"": 1}",256
test_kernel,283,6,qksvc,2991,"{""0011"": 249, ""0010"": 2, ""1011"": 4, ""0001"": 1}",256
test_kernel,283,7,qksvc,2992,"{""0000"": 160, ""0001"": 42, ""0010"": 35, ""0011"": 19}",256
test_kernel,283,8,qksvc,2993,"{""0000"": 248, ""0010"": 6, ""1000"": 1, ""0001"": 1}",256
test_kernel,283,9,qksvc,2994,"{""0000"": 247, ""0010"": 6, ""0001"": 2, ""1000"": 1}",256
test_kernel,284,0,qksvc,2995,"{""0000"": 238, ""0010"": 12, ""1000"": 2, ""0001"": 2, ""0100"": 2}",256
test_kernel,284,1,qksvc,2996,"{""0000"": 249, ""0010"": 3, ""1000"": 1, ""0011"": 1, ""0001"": 2}",256
test_kernel,284,2,qksvc,2997,"{""0001"": 9, ""0000"": 237, ""0010"": 10}",256
test_kernel,284,3,qksvc,2998,"{""0011"": 248, ""0010"": 4, ""1011"": 2, ""0001"": 2}",256
test_kernel,284,4,qksvc,2999,"{""0000"": 205, ""0001"": 27, ""0010"": 19, ""1000"": 1, ""1001"": 2, ""0011"": 2}",256
test_kernel,284,5,qksvc,3000,"{""0011"": 129, ""0010"": 50, ""0001"": 56, ""0000"": 16, ""1011"": 4, ""0111"": 1}",256
test_kernel,284,6,qksvc,3001,"{""0011"": 249, ""0010"": 3, ""1011"": 2, ""0001"": 1, ""0111"": 1}",256
test_kernel,284,7,qksvc,3002,"{""0010"": 47, ""0001"": 32, ""0000"": 166, ""0011"": 7, ""1000"": 3, ""1001"": 1}",256
test_kernel,284,8,qksvc,3003,"{""0010"": 4, ""0000"": 243, ""0001"": 4, ""1000"": 4, ""1100"": 1}",256
test_kernel,284,9,qksvc,3004,"{""0000"": 246, ""1000"": 4, ""0010"": 5, ""0100"": 1}",256
test_kernel,285,0,qksvc,3005,"{""0000"": 242, ""0010"": 10, ""0001"": 1, ""1000"": 3}",256
test_kernel,285,1,qksvc,3006,"{""0000"": 243, ""0010"": 7, ""0001"": 4, ""1000"": 2}",256
test_kernel,285,2,qksvc,3007,"{""0000"": 233, ""0010"": 12, ""0001"": 8, ""1000"": 2, ""0011"": 1}",256
test_kernel,285,3,qksvc,3008,"{""0011"": 247, ""1011"": 3, ""0001"": 3, ""0010"": 2, ""1111"": 1}",256
test_kernel,285,4,qksvc,3009,"{""0000"": 206, ""0010"": 25, ""0001"": 19, ""0011"": 3, ""0101"": 1, ""1000"": 1, ""1010"": 1}",256
test_kernel,285,5,qksvc,3010,"{""0011"": 152, ""0001"": 47, ""0000"": 14, ""0010"": 40, ""1011"": 2, ""1000"": 1}",256
test_kernel,285,6,qksvc,3011,"{""0011"": 253, ""0010"": 1, ""0111"": 1, ""1011"": 1}",256
test_kernel,285,7,qksvc,3012,"{""0001"": 53, ""0000"": 146, ""0010"": 45, ""0011"": 10, ""0100"": 2}",256
test_kernel,285,8,qksvc,3013,"{""0000"": 249, ""0100"": 1, ""0010"": 4, ""0001"": 2}",256
test_kernel,285,9,qksvc,3014,"{""0000"": 246, ""0001"": 2, ""0010"": 5, ""1000"": 1, ""0100"": 2}",256
test_kernel,286,0,qksvc,3015,"{""0011"": 253, ""0111"": 2, ""0001"": 1}",256
test_kernel,286,1,qksvc,3016,"{""0011"": 242, ""0010"": 6, ""0001"": 6, ""1011"": 2}",256
test_kernel,286,2,qksvc,3017,"{""0011"": 249, ""0001"": 5, ""0010"": 1, ""1011"": 1}",256
test_kernel,286,3,qksvc,3018,"{""0000"": 233, ""0001"": 9, ""0100"": 1, ""0010"": 11, ""0011"": 1, ""1000"": 1}",256
test_kernel,286,4,qksvc,3019,"{""0011"": 240, ""0001"": 6, ""0010"": 8, ""1011"": 2}",256
test_kernel,286,5,qksvc,3020,"{""0000"": 73, ""0010"": 59, ""0011"": 52, ""0001"": 68, ""0100"": 1, ""1011"": 1, ""1000"": 1, ""1001"": 1}",256
test_kernel,286,6,qksvc,3021,"{""0000"": 234, ""0010"": 12, ""1000"": 2, ""0001"": 8}",256
test_kernel,286,7,qksvc,3022,"{""0011"": 200, ""0010"": 28, ""0001"": 22, ""0000"": 3, ""1011"": 2, ""1010"": 1}",256
test_kernel,286,8,qksvc,3023,"{""0011"": 242, ""0010"": 7, ""0111"": 3, ""0001"": 3, ""1011"": 1}",256
test_kernel,286,9,qksvc,3024,"{""1011"": 2, ""0011"": 247, ""0001"": 3, ""0111"": 3, ""0010"": 1}",256
test_kernel,287,0,qksvc,3025,"{""0000"": 242, ""0001"": 7, ""0010"": 6, ""0100"": 1}",256
test_kernel,287,1,qksvc,3026,"{""0000"": 231, ""0010"": 12, ""0001"": 10, ""0011"": 2, ""1000"": 1}",256
test_kernel,287,2,qksvc,3027,"{""0000"": 235, ""0010"": 13, ""0001"": 5, ""0100"": 2, ""1000"": 1}",256
test_kernel,287,3,qksvc,3028,"{""0011"": 251, ""0010"": 2, ""1011"": 1, ""0001"": 2}",256
test_kernel,287,4,qksvc,3029,"{""0000"": 209, ""0010"": 19, ""1000"": 3, ""0001"": 20, ""0100"": 2, ""0011"": 3}",256
test_kernel,287,5,qksvc,3030,"{""0010"": 38, ""0001"": 55, ""0011"": 152, ""0000"": 9, ""1011"": 1, ""0111"": 1}",256
test_kernel,287,6,qksvc,3031,"{""0011"": 249, ""0001"": 3, ""0010"": 2, ""0111"": 1, ""1011"": 1}",256
test_kernel,287,7,qksvc,3032,"{""0000"": 156, ""0010"": 45, ""0001"": 35, ""0011"": 17, ""0100"": 2, ""1000"": 1}",256
test_kernel,287,8,qksvc,3033,"{""0000"": 251, ""0100"": 3, ""1000"": 1, ""0010"": 1}",256
test_kernel,287,9,qksvc,3034,"{""0000"": 244, ""0110"": 1, ""0010"": 7, ""0001"": 2, ""1000"": 1, ""0100"": 1}",256
test_kernel,288,0,qksvc,3035,"{""0000"": 239, ""0010"": 7, ""0001"": 6, ""1000"": 3, ""0100"": 1}",256
test_kernel,288,1,qksvc,3036,"{""0010"": 6, ""0000"": 234, ""1000"": 4, ""0001"": 10, ""0100"": 1, ""1010"": 1}",256
test_kernel,288,2,qksvc,3037,"{""0000"": 240, ""0010"": 9, ""0001"": 4, ""1001"": 1, ""0011"": 1, ""1000"": 1}",256
test_kernel,288,3,qksvc,3038,"{""0011"": 247, ""1011"": 5, ""0001"": 4}",256
test_kernel,288,4,qksvc,3039,"{""0000"": 196, ""0010"": 33, ""0001"": 20, ""0011"": 5, ""1000"": 1, ""0100"": 1}",256
test_kernel,288,5,qksvc,3040,"{""0011"": 160, ""0001"": 30, ""0010"": 44, ""0000"": 20, ""0111"": 1, ""0110"": 1}",256
test_kernel,288,6,qksvc,3041,"{""0011"": 250, ""0010"": 1, ""1011"": 1, ""0001"": 4}",256
test_kernel,288,7,qksvc,3042,"{""0010"": 46, ""0000"": 145, ""0001"": 53, ""0011"": 11, ""0111"": 1}",256
test_kernel,288,8,qksvc,3043,"{""0000"": 247, ""0010"": 6, ""0001"": 2, ""1000"": 1}",256
test_kernel,288,9,qksvc,3044,"{""0000"": 246, ""0010"": 6, ""0001"": 3, ""0100"": 1}",256
test_kernel,289,0,qksvc,3045,"{""0000"": 251, ""0010"": 3, ""0001"": 2}",256
test_kernel,289,1,qksvc,3046,"{""0000"": 244, ""0010"": 6, ""0001"": 6}",256
test_kernel,289,2,qksvc,3047,"{""0000"": 232, ""0001"": 5, ""0010"": 18, ""0100"": 1}",256
test_kernel,289,3,qksvc,3048,"{""0011"": 249, ""0010"": 1, ""0001"": 4, ""0111"": 2}",256
test_kernel,289,4,qksvc,3049,"{""0010"": 26, ""0001"": 11, ""0000"": 217, ""0011"": 1, ""1000"": 1}",256
test_kernel,289,5,qksvc,3050,"{""0011"": 135, ""0001"": 52, ""0010"": 51, ""0000"": 17, ""1001"": 1}",256
test_kernel,289,6,qksvc,3051,"{""0011"": 252, ""1011"": 2, ""0001"": 2}",256
test_kernel,289,7,qksvc,3052,"{""0000"": 154, ""0001"": 41, ""0011"": 11, ""0010"": 48, ""1000"": 1, ""0100"": 1}",256
test_kernel,289,8,qksvc,3053,"{""0000"": 242, ""0010"": 9, ""0001"": 4, ""1000"": 1}",256
test_kernel,289,9,qksvc,3054,"{""0000"": 247, ""0100"": 1, ""1100"": 1, ""1000"": 1, ""0010"": 6}",256
test_kernel,290,0,qksvc,3055,"{""0000"": 241, ""0010"": 11, ""0001"": 2, ""1000"": 2}",256
test_kernel,290,1,qksvc,3056,"{""0000"": 243, ""0010"": 7, ""0001"": 3, ""0100"": 2, ""1000"": 1}",256
test_kernel,290,2,qksvc,3057,"{""0000"": 233, ""0001"": 10, ""0010"": 11, ""1000"": 1, ""0100"": 1}",256
test_kernel,290,3,qksvc,3058,"{""0011"": 251, ""1011"": 1, ""0010"": 3, ""0001"": 1}",256
test_kernel,290,4,qksvc,3059,"{""0000"": 215, ""0010"": 22, ""0001"": 17, ""1000"": 1, ""0011"": 1}",256
test_kernel,290,5,qksvc,3060,"{""0011"": 138, ""0001"": 48, ""0010"": 55, ""0000"": 10, ""1011"": 2, ""1001"": 2, ""0101"": 1}",256
test_kernel,290,6,qksvc,3061,"{""0011"": 249, ""1011"": 3, ""0001"": 1, ""0010"": 3}",256
test_kernel,290,7,qksvc,3062,"{""0000"": 166, ""0010"": 46, ""0001"": 30, ""1010"": 1, ""0011"": 11, ""0100"": 1, ""1000"": 1}",256
test_kernel,290,8,qksvc,3063,"{""0000"": 240, ""0010"": 10, ""1000"": 5, ""0001"": 1}",256
test_kernel,290,9,qksvc,3064,"{""0000"": 248, ""0010"": 6, ""0001"": 1, ""0100"": 1}",256
test_kernel,291,0,qksvc,3065,"{""0011"": 251, ""0001"": 2, ""0111"": 1, ""1011"": 2}",256
test_kernel,291,1,qksvc,3066,"{""0011"": 251, ""1011"": 3, ""1001"": 1, ""0111"": 1}",256
test_kernel,291,2,qksvc,3067,"{""0011"": 247, ""0001"": 5, ""1011"": 1, ""0010"": 3}",256
test_kernel,291,3,qksvc,3068,"{""0000"": 229, ""0001"": 9, ""0010"": 15, ""1000"": 2, ""1011"": 1}",256
test_kernel,291,4,qksvc,3069,"{""0011"": 248, ""0010"": 3, ""0001"": 3, ""1011"": 2}",256
test_kernel,291,5,qksvc,3070,"{""0010"": 58, ""0000"": 85, ""0001"": 61, ""0011"": 48, ""1010"": 2, ""1000"": 2}",256
test_kernel,291,6,qksvc,3071,"{""0000"": 236, ""0001"": 10, ""0010"": 9, ""0100"": 1}",256
test_kernel,291,7,qksvc,3072,"{""0011"": 212, ""0010"": 23, ""1011"": 1, ""0001"": 17, ""0000"": 3}",256
test_kernel,291,8,qksvc,3073,"{""0011"": 246, ""0010"": 4, ""1011"": 4, ""0111"": 1, ""0001"": 1}",256
test_kernel,291,9,qksvc,3074,"{""0011"": 246, ""0001"": 4, ""0010"": 3, ""1011"": 2, ""0111"": 1}",256
test_kernel,292,0,qksvc,3075,"{""0011"": 251, ""0001"": 1, ""0010"": 2, ""0111"": 1, ""1011"": 1}",256
test_kernel,292,1,qksvc,3076,"{""0011"": 253, ""0001"": 1, ""0111"": 1, ""0010"": 1}",256
test_kernel,292,2,qksvc,3077,"{""0011"": 248, ""0010"": 1, ""1011"": 1, ""0001"": 4, ""0111"": 2}",256
test_kernel,292,3,qksvc,3078,"{""0000"": 237, ""0001"": 8, ""0010"": 10, ""1000"": 1}",256
test_kernel,292,4,qksvc,3079,"{""0011"": 246, ""1011"": 2, ""0001"": 5, ""0010"": 2, ""0111"": 1}",256
test_kernel,292,5,qksvc,3080,"{""0010"": 61, ""0001"": 64, ""0011"": 39, ""0000"": 88, ""1010"": 2, ""1001"": 1, ""1011"": 1}",256
test_kernel,292,6,qksvc,3081,"{""0000"": 232, ""1000"": 2, ""0001"": 11, ""0010"": 11}",256
test_kernel,292,7,qksvc,3082,"{""0011"": 211, ""0010"": 17, ""0001"": 25, ""1001"": 1, ""0111"": 2}",256
test_kernel,292,8,qksvc,3083,"{""0011"": 245, ""0001"": 4, ""1011"": 3, ""0111"": 1, ""0010"": 3}",256
test_kernel,292,9,qksvc,3084,"{""0011"": 246, ""0001"": 5, ""1011"": 2, ""0010"": 3}",256
test_kernel,293,0,qksvc,3085,"{""0000"": 239, ""0001"": 6, ""0010"": 9, ""1000"": 2}",256
test_kernel,293,1,qksvc,3086,"{""0010"": 8, ""0000"": 244, ""0001"": 3, ""1000"": 1}",256
test_kernel,293,2,qksvc,3087,"{""0000"": 235, ""0001"": 10, ""0010"": 9, ""1000"": 1, ""0011"": 1}",256
test_kernel,293,3,qksvc,3088,"{""0011"": 250, ""1001"": 1, ""1011"": 2, ""0001"": 1, ""0010"": 1, ""0111"": 1}",256
test_kernel,293,4,qksvc,3089,"{""0000"": 225, ""0001"": 14, ""0010"": 13, ""1000"": 3, ""0100"": 1}",256
test_kernel,293,5,qksvc,3090,"{""0011"": 157, ""0001"": 42, ""0010"": 42, ""0000"": 14, ""1011"": 1}",256
test_kernel,293,6,qksvc,3091,"{""0011"": 240, ""0111"": 1, ""0010"": 2, ""0001"": 9, ""1011"": 4}",256
test_kernel,293,7,qksvc,3092,"{""0000"": 140, ""0001"": 49, ""0011"": 18, ""0010"": 48, ""0100"": 1}",256
test_kernel,293,8,qksvc,3093,"{""0000"": 248, ""0100"": 2, ""0001"": 3, ""1000"": 2, ""0010"": 1}",256
test_kernel,293,9,qksvc,3094,"{""0000"": 244, ""1000"": 3, ""0010"": 5, ""0001"": 4}",256
test_kernel,294,0,qksvc,3095,"{""0000"": 242, ""0010"": 7, ""0100"": 1, ""0001"": 4, ""1000"": 2}",256
test_kernel,294,1,qksvc,3096,"{""0000"": 237, ""0001"": 5, ""0010"": 10, ""1000"": 2, ""0100"": 2}",256
test_kernel,294,2,qksvc,3097,"{""0000"": 228, ""1000"": 3, ""0001"": 8, ""0010"": 17}",256
test_kernel,294,3,qksvc,3098,"{""0011"": 250, ""1011"": 5, ""0010"": 1}",256
test_kernel,294,4,qksvc,3099,"{""0000"": 207, ""0001"": 20, ""0010"": 27, ""0011"": 1, ""1000"": 1}",256
test_kernel,294,5,qksvc,3100,"{""0011"": 145, ""0010"": 51, ""0001"": 44, ""0000"": 13, ""0101"": 1, ""1011"": 1, ""1001"": 1}",256
test_kernel,294,6,qksvc,3101,"{""0011"": 249, ""0111"": 1, ""0001"": 5, ""1011"": 1}",256
test_kernel,294,7,qksvc,3102,"{""0010"": 44, ""0001"": 41, ""0000"": 154, ""0011"": 17}",256
test_kernel,294,8,qksvc,3103,"{""0000"": 243, ""0010"": 5, ""0001"": 3, ""0100"": 1, ""1000"": 4}",256
test_kernel,294,9,qksvc,3104,"{""0000"": 251, ""0001"": 2, ""0100"": 1, ""0010"": 2}",256
test_kernel,295,0,qksvc,3105,"{""0000"": 236, ""0100"": 2, ""0010"": 10, ""0001"": 6, ""1000"": 2}",256
test_kernel,295,1,qksvc,3106,"{""0000"": 239, ""0001"": 3, ""0100"": 3, ""0010"": 11}",256
test_kernel,295,2,qksvc,3107,"{""0000"": 239, ""0010"": 7, ""0001"": 7, ""1000"": 2, ""0100"": 1}",256
test_kernel,295,3,qksvc,3108,"{""0011"": 248, ""1011"": 2, ""0001"": 4, ""0010"": 2}",256
test_kernel,295,4,qksvc,3109,"{""0000"": 212, ""0001"": 15, ""0010"": 23, ""0100"": 1, ""0011"": 2, ""1000"": 2, ""1010"": 1}",256
test_kernel,295,5,qksvc,3110,"{""0011"": 144, ""0000"": 16, ""0001"": 47, ""0010"": 45, ""1010"": 1, ""1001"": 1, ""1011"": 2}",256
test_kernel,295,6,qksvc,3111,"{""0011"": 251, ""1011"": 2, ""0101"": 1, ""0010"": 1, ""0001"": 1}",256
test_kernel,295,7,qksvc,3112,"{""0010"": 53, ""0000"": 142, ""0001"": 50, ""0011"": 10, ""1000"": 1}",256
test_kernel,295,8,qksvc,3113,"{""0000"": 244, ""0100"": 2, ""0010"": 7, ""0011"": 1, ""1000"": 1, ""0001"": 1}",256
test_kernel,295,9,qksvc,3114,"{""0000"": 250, ""1000"": 2, ""0010"": 3, ""0001"": 1}",256
test_kernel,296,0,qksvc,3115,"{""0000"": 239, ""0010"": 11, ""0001"": 5, ""1001"": 1}",256
test_kernel,296,1,qksvc,3116,"{""0000"": 245, ""1010"": 1, ""0010"": 6, ""0001"": 3, ""0100"": 1}",256
test_kernel,296,2,qksvc,3117,"{""0000"": 235, ""0010"": 12, ""1000"": 4, ""0001"": 5}",256
test_kernel,296,3,qksvc,3118,"{""0011"": 251, ""0111"": 2, ""1011"": 1, ""0010"": 1, ""0001"": 1}",256
test_kernel,296,4,qksvc,3119,"{""0000"": 216, ""0010"": 19, ""0001"": 20, ""0100"": 1}",256
test_kernel,296,5,qksvc,3120,"{""0011"": 141, ""0010"": 60, ""0001"": 43, ""0000"": 10, ""1011"": 1, ""0111"": 1}",256
test_kernel,296,6,qksvc,3121,"{""0011"": 249, ""1011"": 4, ""0001"": 2, ""0111"": 1}",256
test_kernel,296,7,qksvc,3122,"{""0000"": 164, ""0010"": 47, ""0011"": 7, ""0001"": 36, ""1001"": 2}",256
test_kernel,296,8,qksvc,3123,"{""0000"": 252, ""0010"": 2, ""0001"": 2}",256
test_kernel,296,9,qksvc,3124,"{""0000"": 250, ""0001"": 3, ""0010"": 2, ""1000"": 1}",256
test_kernel,297,0,qksvc,3125,"{""0011"": 245, ""1011"": 4, ""0010"": 3, ""0111"": 2, ""1001"": 1, ""0001"": 1}",256
test_kernel,297,1,qksvc,3126,"{""0011"": 252, ""0010"": 1, ""0001"": 3}",256
test_kernel,297,2,qksvc,3127,"{""0011"": 247, ""0001"": 4, ""1011"": 4, ""0010"": 1}",256
test_kernel,297,3,qksvc,3128,"{""0000"": 233, ""0001"": 9, ""0010"": 9, ""0011"": 1, ""0100"": 2, ""1000"": 2}",256
test_kernel,297,4,qksvc,3129,"{""0011"": 247, ""0001"": 6, ""0010"": 3}",256
test_kernel,297,5,qksvc,3130,"{""0010"": 61, ""0011"": 46, ""0000"": 89, ""0001"": 57, ""0100"": 1, ""1011"": 1, ""0110"": 1}",256
test_kernel,297,6,qksvc,3131,"{""0000"": 233, ""0010"": 12, ""0001"": 9, ""1000"": 1, ""1001"": 1}",256
test_kernel,297,7,qksvc,3132,"{""0011"": 206, ""0010"": 23, ""0001"": 26, ""1011"": 1}",256
test_kernel,297,8,qksvc,3133,"{""0011"": 240, ""0010"": 4, ""1011"": 4, ""0111"": 3, ""0001"": 5}",256
test_kernel,297,9,qksvc,3134,"{""0011"": 245, ""1011"": 3, ""0001"": 7, ""0010"": 1}",256
test_kernel,298,0,qksvc,3135,"{""0000"": 244, ""0001"": 5, ""0010"": 5, ""1000"": 2}",256
test_kernel,298,1,qksvc,3136,"{""0000"": 241, ""0001"": 9, ""0010"": 4, ""0100"": 2}",256
test_kernel,298,2,qksvc,3137,"{""0000"": 243, ""0001"": 4, ""0100"": 2, ""1000"": 1, ""1001"": 1, ""0010"": 5}",256
test_kernel,298,3,qksvc,3138,"{""0011"": 250, ""1010"": 1, ""0111"": 2, ""1011"": 1, ""0010"": 2}",256
test_kernel,298,4,qksvc,3139,"{""0000"": 214, ""0001"": 21, ""0011"": 2, ""0010"": 17, ""1000"": 1, ""0100"": 1}",256
test_kernel,298,5,qksvc,3140,"{""0011"": 131, ""0010"": 53, ""0001"": 53, ""0000"": 17, ""1001"": 1, ""1010"": 1}",256
test_kernel,298,6,qksvc,3141,"{""0011"": 252, ""0010"": 1, ""0001"": 1, ""1011"": 2}",256
test_kernel,298,7,qksvc,3142,"{""0000"": 148, ""0010"": 49, ""0011"": 17, ""0001"": 39, ""1000"": 2, ""0110"": 1}",256
test_kernel,298,8,qksvc,3143,"{""0000"": 252, ""0010"": 3, ""0001"": 1}",256
test_kernel,298,9,qksvc,3144,"{""0000"": 248, ""1000"": 2, ""0010"": 4, ""0100"": 1, ""0001"": 1}",256
test_kernel,299,0,qksvc,3145,"{""0000"": 246, ""1000"": 3, ""0010"": 6, ""0001"": 1}",256
test_kernel,299,1,qksvc,3146,"{""0000"": 234, ""0010"": 12, ""0001"": 7, ""0011"": 1, ""1000"": 2}",256
test_kernel,299,2,qksvc,3147,"{""0000"": 238, ""0001"": 7, ""0010"": 8, ""1000"": 1, ""0100"": 2}",256
test_kernel,299,3,qksvc,3148,"{""0011"": 251, ""1011"": 1, ""0001"": 2, ""0010"": 2}",256
test_kernel,299,4,qksvc,3149,"{""0011"": 3, ""0000"": 215, ""0010"": 25, ""0001"": 11, ""1000"": 1, ""0100"": 1}",256
test_kernel,299,5,qksvc,3150,"{""0011"": 139, ""0010"": 51, ""0001"": 50, ""0000"": 15, ""1011"": 1}",256
test_kernel,299,6,qksvc,3151,"{""0011"": 249, ""0010"": 3, ""1011"": 2, ""0111"": 1, ""0001"": 1}",256
test_kernel,299,7,qksvc,3152,"{""0000"": 149, ""0010"": 51, ""0011"": 15, ""0001"": 39, ""1000"": 2}",256
test_kernel,299,8,qksvc,3153,"{""0000"": 250, ""0100"": 2, ""0010"": 3, ""0001"": 1}",256
test_kernel,299,9,qksvc,3154,"{""0000"": 243, ""0100"": 1, ""1000"": 4, ""0010"": 7, ""0001"": 1}",256
