purpose,i,j,model_requested,circuit_index,n_qubits,n_clbits,depth_untranspiled,size_untranspiled,ops_untranspiled
train_kernel,0,0,qksvc,0,4,4,3,12,"{'ry': 8, 'measure': 4, 'barrier': 1}"
train_kernel,0,1,qksvc,1,4,4,3,12,"{'ry': 8, 'measure': 4, 'barrier': 1}"
train_kernel,0,2,qksvc,2,4,4,3,12,"{'ry': 8, 'measure': 4, 'barrier': 1}"
train_kernel,0,3,qksvc,3,4,4,3,12,"{'ry': 8, 'measure': 4, 'barrier': 1}"
train_kernel,0,4,qksvc,4,4,4,3,12,"{'ry': 8, 'measure': 4, 'barrier': 1}"
train_kernel,0,5,qksvc,5,4,4,3,12,"{'ry': 8, 'measure': 4, 'barrier': 1}"
train_kernel,0,6,qksvc,6,4,4,3,12,"{'ry': 8, 'measure': 4, 'barrier': 1}"
train_kernel,0,7,qksvc,7,4,4,3,12,"{'ry': 8, 'measure': 4, 'barrier': 1}"
train_kernel,0,8,qksvc,8,4,4,3,12,"{'ry': 8, 'measure': 4, 'barrier': 1}"
train_kernel,0,9,qksvc,9,4,4,3,12,"{'ry': 8, 'measure': 4, 'barrier': 1}"
train_kernel,1,1,qksvc,10,4,4,3,12,"{'ry': 8, 'measure': 4, 'barrier': 1}"
train_kernel,1,2,qksvc,11,4,4,3,12,"{'ry': 8, 'measure': 4, 'barrier': 1}"
train_kernel,1,3,qksvc,12,4,4,3,12,"{'ry': 8, 'measure': 4, 'barrier': 1}"
train_kernel,1,4,qksvc,13,4,4,3,12,"{'ry': 8, 'measure': 4, 'barrier': 1}"
train_kernel,1,5,qksvc,14,4,4,3,12,"{'ry': 8, 'measure': 4, 'barrier': 1}"
train_kernel,1,6,qksvc,15,4,4,3,12,"{'ry': 8, 'measure': 4, 'barrier': 1}"
train_kernel,1,7,qksvc,16,4,4,3,12,"{'ry': 8, 'measure': 4, 'barrier': 1}"
train_kernel,1,8,qksvc,17,4,4,3,12,"{'ry': 8, 'measure': 4, 'barrier': 1}"
train_kernel,1,9,qksvc,18,4,4,3,12,"{'ry': 8, 'measure': 4, 'barrier': 1}"
train_kernel,2,2,qksvc,19,4,4,3,12,"{'ry': 8, 'measure': 4, 'barrier': 1}"
train_kernel,2,3,qksvc,20,4,4,3,12,"{'ry': 8, 'measure': 4, 'barrier': 1}"
train_kernel,2,4,qksvc,21,4,4,3,12,"{'ry': 8, 'measure': 4, 'barrier': 1}"
train_kernel,2,5,qksvc,22,4,4,3,12,"{'ry': 8, 'measure': 4, 'barrier': 1}"
train_kernel,2,6,qksvc,23,4,4,3,12,"{'ry': 8, 'measure': 4, 'barrier': 1}"
train_kernel,2,7,qksvc,24,4,4,3,12,"{'ry': 8, 'measure': 4, 'barrier': 1}"
train_kernel,2,8,qksvc,25,4,4,3,12,"{'ry': 8, 'measure': 4, 'barrier': 1}"
train_kernel,2,9,qksvc,26,4,4,3,12,"{'ry': 8, 'measure': 4, 'barrier': 1}"
train_kernel,3,3,qksvc,27,4,4,3,12,"{'ry': 8, 'measure': 4, 'barrier': 1}"
train_kernel,3,4,qksvc,28,4,4,3,12,"{'ry': 8, 'measure': 4, 'barrier': 1}"
train_kernel,3,5,qksvc,29,4,4,3,12,"{'ry': 8, 'measure': 4, 'barrier': 1}"
train_kernel,3,6,qksvc,30,4,4,3,12,"{'ry': 8, 'measure': 4, 'barrier': 1}"
train_kernel,3,7,qksvc,31,4,4,3,12,"{'ry': 8, 'measure': 4, 'barrier': 1}"
train_kernel,3,8,qksvc,32,4,4,3,12,"{'ry': 8, 'measure': 4, 'barrier': 1}"
train_kernel,3,9,qksvc,33,4,4,3,12,"{'ry': 8, 'measure': 4, 'barrier': 1}"
train_kernel,4,4,qksvc,34,4,4,3,12,"{'ry': 8, 'measure': 4, 'barrier': 1}"
train_kernel,4,5,qksvc,35,4,4,3,12,"{'ry': 8, 'measure': 4, 'barrier': 1}"
train_kernel,4,6,qksvc,36,4,4,3,12,"{'ry': 8, 'measure': 4, 'barrier': 1}"
train_kernel,4,7,qksvc,37,4,4,3,12,"{'ry': 8, 'measure': 4, 'barrier': 1}"
train_kernel,4,8,qksvc,38,4,4,3,12,"{'ry': 8, 'measure': 4, 'barrier': 1}"
train_kernel,4,9,qksvc,39,4,4,3,12,"{'ry': 8, 'measure': 4, 'barrier': 1}"
train_kernel,5,5,qksvc,40,4,4,3,12,"{'ry': 8, 'measure': 4, 'barrier': 1}"
train_kernel,5,6,qksvc,41,4,4,3,12,"{'ry': 8, 'measure': 4, 'barrier': 1}"
train_kernel,5,7,qksvc,42,4,4,3,12,"{'ry': 8, 'measure': 4, 'barrier': 1}"
train_kernel,5,8,qksvc,43,4,4,3,12,"{'ry': 8, 'measure': 4, 'barrier': 1}"
train_kernel,5,9,qksvc,44,4,4,3,12,"{'ry': 8, 'measure': 4, 'barrier': 1}"
train_kernel,6,6,qksvc,45,4,4,3,12,"{'ry': 8, 'measure': 4, 'barrier': 1}"
train_kernel,6,7,qksvc,46,4,4,3,12,"{'ry': 8, 'measure': 4, 'barrier': 1}"
train_kernel,6,8,qksvc,47,4,4,3,12,"{'ry': 8, 'measure': 4, 'barrier': 1}"
train_kernel,6,9,qksvc,48,4,4,3,12,"{'ry': 8, 'measure': 4, 'barrier': 1}"
train_kernel,7,7,qksvc,49,4,4,3,12,"{'ry': 8, 'measure': 4, 'barrier': 1}"
train_kernel,7,8,qksvc,50,4,4,3,12,"{'ry': 8, 'measure': 4, 'barrier': 1}"
train_kernel,7,9,qksvc,51,4,4,3,12,"{'ry': 8, 'measure': 4, 'barrier': 1}"
train_kernel,8,8,qksvc,52,4,4,3,12,"{'ry': 8, 'measure': 4, 'barrier': 1}"
train_kernel,8,9,qksvc,53,4,4,3,12,"{'ry': 8, 'measure': 4, 'barrier': 1}"
train_kernel,9,9,qksvc,54,4,4,3,12,"{'ry': 8, 'measure': 4, 'barrier': 1}"
valid_kernel,0,0,qksvc,55,4,4,3,12,"{'ry': 8, 'measure': 4, 'barrier': 1}"
valid_kernel,0,1,qksvc,56,4,4,3,12,"{'ry': 8, 'measure': 4, 'barrier': 1}"
valid_kernel,0,2,qksvc,57,4,4,3,12,"{'ry': 8, 'measure': 4, 'barrier': 1}"
valid_kernel,0,3,qksvc,58,4,4,3,12,"{'ry': 8, 'measure': 4, 'barrier': 1}"
valid_kernel,0,4,qksvc,59,4,4,3,12,"{'ry': 8, 'measure': 4, 'barrier': 1}"
valid_kernel,0,5,qksvc,60,4,4,3,12,"{'ry': 8, 'measure': 4, 'barrier': 1}"
valid_kernel,0,6,qksvc,61,4,4,3,12,"{'ry': 8, 'measure': 4, 'barrier': 1}"
valid_kernel,0,7,qksvc,62,4,4,3,12,"{'ry': 8, 'measure': 4, 'barrier': 1}"
valid_kernel,0,8,qksvc,63,4,4,3,12,"{'ry': 8, 'measure': 4, 'barrier': 1}"
valid_kernel,0,9,qksvc,64,4,4,3,12,"{'ry': 8, 'measure': 4, 'barrier': 1}"
valid_kernel,1,0,qksvc,65,4,4,3,12,"{'ry': 8, 'measure': 4, 'barrier': 1}"
valid_kernel,1,1,qksvc,66,4,4,3,12,"{'ry': 8, 'measure': 4, 'barrier': 1}"
valid_kernel,1,2,qksvc,67,4,4,3,12,"{'ry': 8, 'measure': 4, 'barrier': 1}"
valid_kernel,1,3,qksvc,68,4,4,3,12,"{'ry': 8, 'measure': 4, 'barrier': 1}"
valid_kernel,1,4,qksvc,69,4,4,3,12,"{'ry': 8, 'measure': 4, 'barrier': 1}"
valid_kernel,1,5,qksvc,70,4,4,3,12,"{'ry': 8, 'measure': 4, 'barrier': 1}"
valid_kernel,1,6,qksvc,71,4,4,3,12,"{'ry': 8, 'measure': 4, 'barrier': 1}"
valid_kernel,1,7,qksvc,72,4,4,3,12,"{'ry': 8, 'measure': 4, 'barrier': 1}"
valid_kernel,1,8,qksvc,73,4,4,3,12,"{'ry': 8, 'measure': 4, 'barrier': 1}"
valid_kernel,1,9,qksvc,74,4,4,3,12,"{'ry': 8, 'measure': 4, 'barrier': 1}"
valid_kernel,2,0,qksvc,75,4,4,3,12,"{'ry': 8, 'measure': 4, 'barrier': 1}"
valid_kernel,2,1,qksvc,76,4,4,3,12,"{'ry': 8, 'measure': 4, 'barrier': 1}"
valid_kernel,2,2,qksvc,77,4,4,3,12,"{'ry': 8, 'measure': 4, 'barrier': 1}"
valid_kernel,2,3,qksvc,78,4,4,3,12,"{'ry': 8, 'measure': 4, 'barrier': 1}"
valid_kernel,2,4,qksvc,79,4,4,3,12,"{'ry': 8, 'measure': 4, 'barrier': 1}"
valid_kernel,2,5,qksvc,80,4,4,3,12,"{'ry': 8, 'measure': 4, 'barrier': 1}"
valid_kernel,2,6,qksvc,81,4,4,3,12,"{'ry': 8, 'measure': 4, 'barrier': 1}"
valid_kernel,2,7,qksvc,82,4,4,3,12,"{'ry': 8, 'measure': 4, 'barrier': 1}"
valid_kernel,2,8,qksvc,83,4,4,3,12,"{'ry': 8, 'measure': 4, 'barrier': 1}"
valid_kernel,2,9,qksvc,84,4,4,3,12,"{'ry': 8, 'measure': 4, 'barrier': 1}"
valid_kernel,3,0,qksvc,85,4,4,3,12,"{'ry': 8, 'measure': 4, 'barrier': 1}"
valid_kernel,3,1,qksvc,86,4,4,3,12,"{'ry': 8, 'measure': 4, 'barrier': 1}"
valid_kernel,3,2,qksvc,87,4,4,3,12,"{'ry': 8, 'measure': 4, 'barrier': 1}"
valid_kernel,3,3,qksvc,88,4,4,3,12,"{'ry': 8, 'measure': 4, 'barrier': 1}"
valid_kernel,3,4,qksvc,89,4,4,3,12,"{'ry': 8, 'measure': 4, 'barrier': 1}"
valid_kernel,3,5,qksvc,90,4,4,3,12,"{'ry': 8, 'measure': 4, 'barrier': 1}"
valid_kernel,3,6,qksvc,91,4,4,3,12,"{'ry': 8, 'measure': 4, 'barrier': 1}"
valid_kernel,3,7,qksvc,92,4,4,3,12,"{'ry': 8, 'measure': 4, 'barrier': 1}"
valid_kernel,3,8,qksvc,93,4,4,3,12,"{'ry': 8, 'measure': 4, 'barrier': 1}"
valid_kernel,3,9,qksvc,94,4,4,3,12,"{'ry': 8, 'measure': 4, 'barrier': 1}"
valid_kernel,4,0,qksvc,95,4,4,3,12,"{'ry': 8, 'measure': 4, 'barrier': 1}"
valid_kernel,4,1,qksvc,96,4,4,3,12,"{'ry': 8, 'measure': 4, 'barrier': 1}"
valid_kernel,4,2,qksvc,97,4,4,3,12,"{'ry': 8, 'measure': 4, 'barrier': 1}"
valid_kernel,4,3,qksvc,98,4,4,3,12,"{'ry': 8, 'measure': 4, 'barrier': 1}"
valid_kernel,4,4,qksvc,99,4,4,3,12,"{'ry': 8, 'measure': 4, 'barrier': 1}"
valid_kernel,4,5,qksvc,100,4,4,3,12,"{'ry': 8, 'measure': 4, 'barrier': 1}"
valid_kernel,4,6,qksvc,101,4,4,3,12,"{'ry': 8, 'measure': 4, 'barrier': 1}"
valid_kernel,4,7,qksvc,102,4,4,3,12,"{'ry': 8, 'measure': 4, 'barrier': 1}"
valid_kernel,4,8,qksvc,103,4,4,3,12,"{'ry': 8, 'measure': 4, 'barrier': 1}"
valid_kernel,4,9,qksvc,104,4,4,3,12,"{'ry': 8, 'measure': 4, 'barrier': 1}"
valid_kernel,5,0,qksvc,105,4,4,3,12,"{'ry': 8, 'measure': 4, 'barrier': 1}"
valid_kernel,5,1,qksvc,106,4,4,3,12,"{'ry': 8, 'measure': 4, 'barrier': 1}"
valid_kernel,5,2,qksvc,107,4,4,3,12,"{'ry': 8, 'measure': 4, 'barrier': 1}"
valid_kernel,5,3,qksvc,108,4,4,3,12,"{'ry': 8, 'measure': 4, 'barrier': 1}"
valid_kernel,5,4,qksvc,109,4,4,3,12,"{'ry': 8, 'measure': 4, 'barrier': 1}"
valid_kernel,5,5,qksvc,110,4,4,3,12,"{'ry': 8, 'measure': 4, 'barrier': 1}"
valid_kernel,5,6,qksvc,111,4,4,3,12,"{'ry': 8, 'measure': 4, 'barrier': 1}"
valid_kernel,5,7,qksvc,112,4,4,3,12,"{'ry': 8, 'measure': 4, 'barrier': 1}"
valid_kernel,5,8,qksvc,113,4,4,3,12,"{'ry': 8, 'measure': 4, 'barrier': 1}"
valid_kernel,5,9,qksvc,114,4,4,3,12,"{'ry': 8, 'measure': 4, 'barrier': 1}"
valid_kernel,6,0,qksvc,115,4,4,3,12,"{'ry': 8, 'measure': 4, 'barrier': 1}"
valid_kernel,6,1,qksvc,116,4,4,3,12,"{'ry': 8, 'measure': 4, 'barrier': 1}"
valid_kernel,6,2,qksvc,117,4,4,3,12,"{'ry': 8, 'measure': 4, 'barrier': 1}"
valid_kernel,6,3,qksvc,118,4,4,3,12,"{'ry': 8, 'measure': 4, 'barrier': 1}"
valid_kernel,6,4,qksvc,119,4,4,3,12,"{'ry': 8, 'measure': 4, 'barrier': 1}"
valid_kernel,6,5,qksvc,120,4,4,3,12,"{'ry': 8, 'measure': 4, 'barrier': 1}"
valid_kernel,6,6,qksvc,121,4,4,3,12,"{'ry': 8, 'measure': 4, 'barrier': 1}"
valid_kernel,6,7,qksvc,122,4,4,3,12,"{'ry': 8, 'measure': 4, 'barrier': 1}"
valid_kernel,6,8,qksvc,123,4,4,3,12,"{'ry': 8, 'measure': 4, 'barrier': 1}"
valid_kernel,6,9,qksvc,124,4,4,3,12,"{'ry': 8, 'measure': 4, 'barrier': 1}"
valid_kernel,7,0,qksvc,125,4,4,3,12,"{'ry': 8, 'measure': 4, 'barrier': 1}"
valid_kernel,7,1,qksvc,126,4,4,3,12,"{'ry': 8, 'measure': 4, 'barrier': 1}"
valid_kernel,7,2,qksvc,127,4,4,3,12,"{'ry': 8, 'measure': 4, 'barrier': 1}"
valid_kernel,7,3,qksvc,128,4,4,3,12,"{'ry': 8, 'measure': 4, 'barrier': 1}"
valid_kernel,7,4,qksvc,129,4,4,3,12,"{'ry': 8, 'measure': 4, 'barrier': 1}"
valid_kernel,7,5,qksvc,130,4,4,3,12,"{'ry': 8, 'measure': 4, 'barrier': 1}"
valid_kernel,7,6,qksvc,131,4,4,3,12,"{'ry': 8, 'measure': 4, 'barrier': 1}"
valid_kernel,7,7,qksvc,132,4,4,3,12,"{'ry': 8, 'measure': 4, 'barrier': 1}"
valid_kernel,7,8,qksvc,133,4,4,3,12,"{'ry': 8, 'measure': 4, 'barrier': 1}"
valid_kernel,7,9,qksvc,134,4,4,3,12,"{'ry': 8, 'measure': 4, 'barrier': 1}"
valid_kernel,8,0,qksvc,135,4,4,3,12,"{'ry': 8, 'measure': 4, 'barrier': 1}"
valid_kernel,8,1,qksvc,136,4,4,3,12,"{'ry': 8, 'measure': 4, 'barrier': 1}"
valid_kernel,8,2,qksvc,137,4,4,3,12,"{'ry': 8, 'measure': 4, 'barrier': 1}"
valid_kernel,8,3,qksvc,138,4,4,3,12,"{'ry': 8, 'measure': 4, 'barrier': 1}"
valid_kernel,8,4,qksvc,139,4,4,3,12,"{'ry': 8, 'measure': 4, 'barrier': 1}"
valid_kernel,8,5,qksvc,140,4,4,3,12,"{'ry': 8, 'measure': 4, 'barrier': 1}"
valid_kernel,8,6,qksvc,141,4,4,3,12,"{'ry': 8, 'measure': 4, 'barrier': 1}"
valid_kernel,8,7,qksvc,142,4,4,3,12,"{'ry': 8, 'measure': 4, 'barrier': 1}"
valid_kernel,8,8,qksvc,143,4,4,3,12,"{'ry': 8, 'measure': 4, 'barrier': 1}"
valid_kernel,8,9,qksvc,144,4,4,3,12,"{'ry': 8, 'measure': 4, 'barrier': 1}"
valid_kernel,9,0,qksvc,145,4,4,3,12,"{'ry': 8, 'measure': 4, 'barrier': 1}"
valid_kernel,9,1,qksvc,146,4,4,3,12,"{'ry': 8, 'measure': 4, 'barrier': 1}"
valid_kernel,9,2,qksvc,147,4,4,3,12,"{'ry': 8, 'measure': 4, 'barrier': 1}"
valid_kernel,9,3,qksvc,148,4,4,3,12,"{'ry': 8, 'measure': 4, 'barrier': 1}"
valid_kernel,9,4,qksvc,149,4,4,3,12,"{'ry': 8, 'measure': 4, 'barrier': 1}"
valid_kernel,9,5,qksvc,150,4,4,3,12,"{'ry': 8, 'measure': 4, 'barrier': 1}"
valid_kernel,9,6,qksvc,151,4,4,3,12,"{'ry': 8, 'measure': 4, 'barrier': 1}"
valid_kernel,9,7,qksvc,152,4,4,3,12,"{'ry': 8, 'measure': 4, 'barrier': 1}"
valid_kernel,9,8,qksvc,153,4,4,3,12,"{'ry': 8, 'measure': 4, 'barrier': 1}"
valid_kernel,9,9,qksvc,154,4,4,3,12,"{'ry': 8, 'measure': 4, 'barrier': 1}"
test_kernel,0,0,qksvc,155,4,4,3,12,"{'ry': 8, 'measure': 4, 'barrier': 1}"
test_kernel,0,1,qksvc,156,4,4,3,12,"{'ry': 8, 'measure': 4, 'barrier': 1}"
test_kernel,0,2,qksvc,157,4,4,3,12,"{'ry': 8, 'measure': 4, 'barrier': 1}"
test_kernel,0,3,qksvc,158,4,4,3,12,"{'ry': 8, 'measure': 4, 'barrier': 1}"
test_kernel,0,4,qksvc,159,4,4,3,12,"{'ry': 8, 'measure': 4, 'barrier': 1}"
test_kernel,0,5,qksvc,160,4,4,3,12,"{'ry': 8, 'measure': 4, 'barrier': 1}"
test_kernel,0,6,qksvc,161,4,4,3,12,"{'ry': 8, 'measure': 4, 'barrier': 1}"
test_kernel,0,7,qksvc,162,4,4,3,12,"{'ry': 8, 'measure': 4, 'barrier': 1}"
test_kernel,0,8,qksvc,163,4,4,3,12,"{'ry': 8, 'measure': 4, 'barrier': 1}"
test_kernel,0,9,qksvc,164,4,4,3,12,"{'ry': 8, 'measure': 4, 'barrier': 1}"
test_kernel,1,0,qksvc,165,4,4,3,12,"{'ry': 8, 'measure': 4, 'barrier': 1}"
test_kernel,1,1,qksvc,166,4,4,3,12,"{'ry': 8, 'measure': 4, 'barrier': 1}"
test_kernel,1,2,qksvc,167,4,4,3,12,"{'ry': 8, 'measure': 4, 'barrier': 1}"
test_kernel,1,3,qksvc,168,4,4,3,12,"{'ry': 8, 'measure': 4, 'barrier': 1}"
test_kernel,1,4,qksvc,169,4,4,3,12,"{'ry': 8, 'measure': 4, 'barrier': 1}"
test_kernel,1,5,qksvc,170,4,4,3,12,"{'ry': 8, 'measure': 4, 'barrier': 1}"
test_kernel,1,6,qksvc,171,4,4,3,12,"{'ry': 8, 'measure': 4, 'barrier': 1}"
test_kernel,1,7,qksvc,172,4,4,3,12,"{'ry': 8, 'measure': 4, 'barrier': 1}"
test_kernel,1,8,qksvc,173,4,4,3,12,"{'ry': 8, 'measure': 4, 'barrier': 1}"
test_kernel,1,9,qksvc,174,4,4,3,12,"{'ry': 8, 'measure': 4, 'barrier': 1}"
test_kernel,2,0,qksvc,175,4,4,3,12,"{'ry': 8, 'measure': 4, 'barrier': 1}"
test_kernel,2,1,qksvc,176,4,4,3,12,"{'ry': 8, 'measure': 4, 'barrier': 1}"
test_kernel,2,2,qksvc,177,4,4,3,12,"{'ry': 8, 'measure': 4, 'barrier': 1}"
test_kernel,2,3,qksvc,178,4,4,3,12,"{'ry': 8, 'measure': 4, 'barrier': 1}"
test_kernel,2,4,qksvc,179,4,4,3,12,"{'ry': 8, 'measure': 4, 'barrier': 1}"
test_kernel,2,5,qksvc,180,4,4,3,12,"{'ry': 8, 'measure': 4, 'barrier': 1}"
test_kernel,2,6,qksvc,181,4,4,3,12,"{'ry': 8, 'measure': 4, 'barrier': 1}"
test_kernel,2,7,qksvc,182,4,4,3,12,"{'ry': 8, 'measure': 4, 'barrier': 1}"
test_kernel,2,8,qksvc,183,4,4,3,12,"{'ry': 8, 'measure': 4, 'barrier': 1}"
test_kernel,2,9,qksvc,184,4,4,3,12,"{'ry': 8, 'measure': 4, 'barrier': 1}"
test_kernel,3,0,qksvc,185,4,4,3,12,"{'ry': 8, 'measure': 4, 'barrier': 1}"
test_kernel,3,1,qksvc,186,4,4,3,12,"{'ry': 8, 'measure': 4, 'barrier': 1}"
test_kernel,3,2,qksvc,187,4,4,3,12,"{'ry': 8, 'measure': 4, 'barrier': 1}"
test_kernel,3,3,qksvc,188,4,4,3,12,"{'ry': 8, 'measure': 4, 'barrier': 1}"
test_kernel,3,4,qksvc,189,4,4,3,12,"{'ry': 8, 'measure': 4, 'barrier': 1}"
test_kernel,3,5,qksvc,190,4,4,3,12,"{'ry': 8, 'measure': 4, 'barrier': 1}"
test_kernel,3,6,qksvc,191,4,4,3,12,"{'ry': 8, 'measure': 4, 'barrier': 1}"
test_kernel,3,7,qksvc,192,4,4,3,12,"{'ry': 8, 'measure': 4, 'barrier': 1}"
test_kernel,3,8,qksvc,193,4,4,3,12,"{'ry': 8, 'measure': 4, 'barrier': 1}"
test_kernel,3,9,qksvc,194,4,4,3,12,"{'ry': 8, 'measure': 4, 'barrier': 1}"
test_kernel,4,0,qksvc,195,4,4,3,12,"{'ry': 8, 'measure': 4, 'barrier': 1}"
test_kernel,4,1,qksvc,196,4,4,3,12,"{'ry': 8, 'measure': 4, 'barrier': 1}"
test_kernel,4,2,qksvc,197,4,4,3,12,"{'ry': 8, 'measure': 4, 'barrier': 1}"
test_kernel,4,3,qksvc,198,4,4,3,12,"{'ry': 8, 'measure': 4, 'barrier': 1}"
test_kernel,4,4,qksvc,199,4,4,3,12,"{'ry': 8, 'measure': 4, 'barrier': 1}"
test_kernel,4,5,qksvc,200,4,4,3,12,"{'ry': 8, 'measure': 4, 'barrier': 1}"
test_kernel,4,6,qksvc,201,4,4,3,12,"{'ry': 8, 'measure': 4, 'barrier': 1}"
test_kernel,4,7,qksvc,202,4,4,3,12,"{'ry': 8, 'measure': 4, 'barrier': 1}"
test_kernel,4,8,qksvc,203,4,4,3,12,"{'ry': 8, 'measure': 4, 'barrier': 1}"
test_kernel,4,9,qksvc,204,4,4,3,12,"{'ry': 8, 'measure': 4, 'barrier': 1}"
test_kernel,5,0,qksvc,205,4,4,3,12,"{'ry': 8, 'measure': 4, 'barrier': 1}"
test_kernel,5,1,qksvc,206,4,4,3,12,"{'ry': 8, 'measure': 4, 'barrier': 1}"
test_kernel,5,2,qksvc,207,4,4,3,12,"{'ry': 8, 'measure': 4, 'barrier': 1}"
test_kernel,5,3,qksvc,208,4,4,3,12,"{'ry': 8, 'measure': 4, 'barrier': 1}"
test_kernel,5,4,qksvc,209,4,4,3,12,"{'ry': 8, 'measure': 4, 'barrier': 1}"
test_kernel,5,5,qksvc,210,4,4,3,12,"{'ry': 8, 'measure': 4, 'barrier': 1}"
test_kernel,5,6,qksvc,211,4,4,3,12,"{'ry': 8, 'measure': 4, 'barrier': 1}"
test_kernel,5,7,qksvc,212,4,4,3,12,"{'ry': 8, 'measure': 4, 'barrier': 1}"
test_kernel,5,8,qksvc,213,4,4,3,12,"{'ry': 8, 'measure': 4, 'barrier': 1}"
test_kernel,5,9,qksvc,214,4,4,3,12,"{'ry': 8, 'measure': 4, 'barrier': 1}"
test_kernel,6,0,qksvc,215,4,4,3,12,"{'ry': 8, 'measure': 4, 'barrier': 1}"
test_kernel,6,1,qksvc,216,4,4,3,12,"{'ry': 8, 'measure': 4, 'barrier': 1}"
test_kernel,6,2,qksvc,217,4,4,3,12,"{'ry': 8, 'measure': 4, 'barrier': 1}"
test_kernel,6,3,qksvc,218,4,4,3,12,"{'ry': 8, 'measure': 4, 'barrier': 1}"
test_kernel,6,4,qksvc,219,4,4,3,12,"{'ry': 8, 'measure': 4, 'barrier': 1}"
test_kernel,6,5,qksvc,220,4,4,3,12,"{'ry': 8, 'measure': 4, 'barrier': 1}"
test_kernel,6,6,qksvc,221,4,4,3,12,"{'ry': 8, 'measure': 4, 'barrier': 1}"
test_kernel,6,7,qksvc,222,4,4,3,12,"{'ry': 8, 'measure': 4, 'barrier': 1}"
test_kernel,6,8,qksvc,223,4,4,3,12,"{'ry': 8, 'measure': 4, 'barrier': 1}"
test_kernel,6,9,qksvc,224,4,4,3,12,"{'ry': 8, 'measure': 4, 'barrier': 1}"
test_kernel,7,0,qksvc,225,4,4,3,12,"{'ry': 8, 'measure': 4, 'barrier': 1}"
test_kernel,7,1,qksvc,226,4,4,3,12,"{'ry': 8, 'measure': 4, 'barrier': 1}"
test_kernel,7,2,qksvc,227,4,4,3,12,"{'ry': 8, 'measure': 4, 'barrier': 1}"
test_kernel,7,3,qksvc,228,4,4,3,12,"{'ry': 8, 'measure': 4, 'barrier': 1}"
test_kernel,7,4,qksvc,229,4,4,3,12,"{'ry': 8, 'measure': 4, 'barrier': 1}"
test_kernel,7,5,qksvc,230,4,4,3,12,"{'ry': 8, 'measure': 4, 'barrier': 1}"
test_kernel,7,6,qksvc,231,4,4,3,12,"{'ry': 8, 'measure': 4, 'barrier': 1}"
test_kernel,7,7,qksvc,232,4,4,3,12,"{'ry': 8, 'measure': 4, 'barrier': 1}"
test_kernel,7,8,qksvc,233,4,4,3,12,"{'ry': 8, 'measure': 4, 'barrier': 1}"
test_kernel,7,9,qksvc,234,4,4,3,12,"{'ry': 8, 'measure': 4, 'barrier': 1}"
test_kernel,8,0,qksvc,235,4,4,3,12,"{'ry': 8, 'measure': 4, 'barrier': 1}"
test_kernel,8,1,qksvc,236,4,4,3,12,"{'ry': 8, 'measure': 4, 'barrier': 1}"
test_kernel,8,2,qksvc,237,4,4,3,12,"{'ry': 8, 'measure': 4, 'barrier': 1}"
test_kernel,8,3,qksvc,238,4,4,3,12,"{'ry': 8, 'measure': 4, 'barrier': 1}"
test_kernel,8,4,qksvc,239,4,4,3,12,"{'ry': 8, 'measure': 4, 'barrier': 1}"
test_kernel,8,5,qksvc,240,4,4,3,12,"{'ry': 8, 'measure': 4, 'barrier': 1}"
test_kernel,8,6,qksvc,241,4,4,3,12,"{'ry': 8, 'measure': 4, 'barrier': 1}"
test_kernel,8,7,qksvc,242,4,4,3,12,"{'ry': 8, 'measure': 4, 'barrier': 1}"
test_kernel,8,8,qksvc,243,4,4,3,12,"{'ry': 8, 'measure': 4, 'barrier': 1}"
test_kernel,8,9,qksvc,244,4,4,3,12,"{'ry': 8, 'measure': 4, 'barrier': 1}"
test_kernel,9,0,qksvc,245,4,4,3,12,"{'ry': 8, 'measure': 4, 'barrier': 1}"
test_kernel,9,1,qksvc,246,4,4,3,12,"{'ry': 8, 'measure': 4, 'barrier': 1}"
test_kernel,9,2,qksvc,247,4,4,3,12,"{'ry': 8, 'measure': 4, 'barrier': 1}"
test_kernel,9,3,qksvc,248,4,4,3,12,"{'ry': 8, 'measure': 4, 'barrier': 1}"
test_kernel,9,4,qksvc,249,4,4,3,12,"{'ry': 8, 'measure': 4, 'barrier': 1}"
test_kernel,9,5,qksvc,250,4,4,3,12,"{'ry': 8, 'measure': 4, 'barrier': 1}"
test_kernel,9,6,qksvc,251,4,4,3,12,"{'ry': 8, 'measure': 4, 'barrier': 1}"
test_kernel,9,7,qksvc,252,4,4,3,12,"{'ry': 8, 'measure': 4, 'barrier': 1}"
test_kernel,9,8,qksvc,253,4,4,3,12,"{'ry': 8, 'measure': 4, 'barrier': 1}"
test_kernel,9,9,qksvc,254,4,4,3,12,"{'ry': 8, 'measure': 4, 'barrier': 1}"
test_kernel,10,0,qksvc,255,4,4,3,12,"{'ry': 8, 'measure': 4, 'barrier': 1}"
test_kernel,10,1,qksvc,256,4,4,3,12,"{'ry': 8, 'measure': 4, 'barrier': 1}"
test_kernel,10,2,qksvc,257,4,4,3,12,"{'ry': 8, 'measure': 4, 'barrier': 1}"
test_kernel,10,3,qksvc,258,4,4,3,12,"{'ry': 8, 'measure': 4, 'barrier': 1}"
test_kernel,10,4,qksvc,259,4,4,3,12,"{'ry': 8, 'measure': 4, 'barrier': 1}"
test_kernel,10,5,qksvc,260,4,4,3,12,"{'ry': 8, 'measure': 4, 'barrier': 1}"
test_kernel,10,6,qksvc,261,4,4,3,12,"{'ry': 8, 'measure': 4, 'barrier': 1}"
test_kernel,10,7,qksvc,262,4,4,3,12,"{'ry': 8, 'measure': 4, 'barrier': 1}"
test_kernel,10,8,qksvc,263,4,4,3,12,"{'ry': 8, 'measure': 4, 'barrier': 1}"
test_kernel,10,9,qksvc,264,4,4,3,12,"{'ry': 8, 'measure': 4, 'barrier': 1}"
test_kernel,11,0,qksvc,265,4,4,3,12,"{'ry': 8, 'measure': 4, 'barrier': 1}"
test_kernel,11,1,qksvc,266,4,4,3,12,"{'ry': 8, 'measure': 4, 'barrier': 1}"
test_kernel,11,2,qksvc,267,4,4,3,12,"{'ry': 8, 'measure': 4, 'barrier': 1}"
test_kernel,11,3,qksvc,268,4,4,3,12,"{'ry': 8, 'measure': 4, 'barrier': 1}"
test_kernel,11,4,qksvc,269,4,4,3,12,"{'ry': 8, 'measure': 4, 'barrier': 1}"
test_kernel,11,5,qksvc,270,4,4,3,12,"{'ry': 8, 'measure': 4, 'barrier': 1}"
test_kernel,11,6,qksvc,271,4,4,3,12,"{'ry': 8, 'measure': 4, 'barrier': 1}"
test_kernel,11,7,qksvc,272,4,4,3,12,"{'ry': 8, 'measure': 4, 'barrier': 1}"
test_kernel,11,8,qksvc,273,4,4,3,12,"{'ry': 8, 'measure': 4, 'barrier': 1}"
test_kernel,11,9,qksvc,274,4,4,3,12,"{'ry': 8, 'measure': 4, 'barrier': 1}"
test_kernel,12,0,qksvc,275,4,4,3,12,"{'ry': 8, 'measure': 4, 'barrier': 1}"
test_kernel,12,1,qksvc,276,4,4,3,12,"{'ry': 8, 'measure': 4, 'barrier': 1}"
test_kernel,12,2,qksvc,277,4,4,3,12,"{'ry': 8, 'measure': 4, 'barrier': 1}"
test_kernel,12,3,qksvc,278,4,4,3,12,"{'ry': 8, 'measure': 4, 'barrier': 1}"
test_kernel,12,4,qksvc,279,4,4,3,12,"{'ry': 8, 'measure': 4, 'barrier': 1}"
test_kernel,12,5,qksvc,280,4,4,3,12,"{'ry': 8, 'measure': 4, 'barrier': 1}"
test_kernel,12,6,qksvc,281,4,4,3,12,"{'ry': 8, 'measure': 4, 'barrier': 1}"
test_kernel,12,7,qksvc,282,4,4,3,12,"{'ry': 8, 'measure': 4, 'barrier': 1}"
test_kernel,12,8,qksvc,283,4,4,3,12,"{'ry': 8, 'measure': 4, 'barrier': 1}"
test_kernel,12,9,qksvc,284,4,4,3,12,"{'ry': 8, 'measure': 4, 'barrier': 1}"
test_kernel,13,0,qksvc,285,4,4,3,12,"{'ry': 8, 'measure': 4, 'barrier': 1}"
test_kernel,13,1,qksvc,286,4,4,3,12,"{'ry': 8, 'measure': 4, 'barrier': 1}"
test_kernel,13,2,qksvc,287,4,4,3,12,"{'ry': 8, 'measure': 4, 'barrier': 1}"
test_kernel,13,3,qksvc,288,4,4,3,12,"{'ry': 8, 'measure': 4, 'barrier': 1}"
test_kernel,13,4,qksvc,289,4,4,3,12,"{'ry': 8, 'measure': 4, 'barrier': 1}"
test_kernel,13,5,qksvc,290,4,4,3,12,"{'ry': 8, 'measure': 4, 'barrier': 1}"
test_kernel,13,6,qksvc,291,4,4,3,12,"{'ry': 8, 'measure': 4, 'barrier': 1}"
test_kernel,13,7,qksvc,292,4,4,3,12,"{'ry': 8, 'measure': 4, 'barrier': 1}"
test_kernel,13,8,qksvc,293,4,4,3,12,"{'ry': 8, 'measure': 4, 'barrier': 1}"
test_kernel,13,9,qksvc,294,4,4,3,12,"{'ry': 8, 'measure': 4, 'barrier': 1}"
test_kernel,14,0,qksvc,295,4,4,3,12,"{'ry': 8, 'measure': 4, 'barrier': 1}"
test_kernel,14,1,qksvc,296,4,4,3,12,"{'ry': 8, 'measure': 4, 'barrier': 1}"
test_kernel,14,2,qksvc,297,4,4,3,12,"{'ry': 8, 'measure': 4, 'barrier': 1}"
test_kernel,14,3,qksvc,298,4,4,3,12,"{'ry': 8, 'measure': 4, 'barrier': 1}"
test_kernel,14,4,qksvc,299,4,4,3,12,"{'ry': 8, 'measure': 4, 'barrier': 1}"
test_kernel,14,5,qksvc,300,4,4,3,12,"{'ry': 8, 'measure': 4, 'barrier': 1}"
test_kernel,14,6,qksvc,301,4,4,3,12,"{'ry': 8, 'measure': 4, 'barrier': 1}"
test_kernel,14,7,qksvc,302,4,4,3,12,"{'ry': 8, 'measure': 4, 'barrier': 1}"
test_kernel,14,8,qksvc,303,4,4,3,12,"{'ry': 8, 'measure': 4, 'barrier': 1}"
test_kernel,14,9,qksvc,304,4,4,3,12,"{'ry': 8, 'measure': 4, 'barrier': 1}"
test_kernel,15,0,qksvc,305,4,4,3,12,"{'ry': 8, 'measure': 4, 'barrier': 1}"
test_kernel,15,1,qksvc,306,4,4,3,12,"{'ry': 8, 'measure': 4, 'barrier': 1}"
test_kernel,15,2,qksvc,307,4,4,3,12,"{'ry': 8, 'measure': 4, 'barrier': 1}"
test_kernel,15,3,qksvc,308,4,4,3,12,"{'ry': 8, 'measure': 4, 'barrier': 1}"
test_kernel,15,4,qksvc,309,4,4,3,12,"{'ry': 8, 'measure': 4, 'barrier': 1}"
test_kernel,15,5,qksvc,310,4,4,3,12,"{'ry': 8, 'measure': 4, 'barrier': 1}"
test_kernel,15,6,qksvc,311,4,4,3,12,"{'ry': 8, 'measure': 4, 'barrier': 1}"
test_kernel,15,7,qksvc,312,4,4,3,12,"{'ry': 8, 'measure': 4, 'barrier': 1}"
test_kernel,15,8,qksvc,313,4,4,3,12,"{'ry': 8, 'measure': 4, 'barrier': 1}"
test_kernel,15,9,qksvc,314,4,4,3,12,"{'ry': 8, 'measure': 4, 'barrier': 1}"
test_kernel,16,0,qksvc,315,4,4,3,12,"{'ry': 8, 'measure': 4, 'barrier': 1}"
test_kernel,16,1,qksvc,316,4,4,3,12,"{'ry': 8, 'measure': 4, 'barrier': 1}"
test_kernel,16,2,qksvc,317,4,4,3,12,"{'ry': 8, 'measure': 4, 'barrier': 1}"
test_kernel,16,3,qksvc,318,4,4,3,12,"{'ry': 8, 'measure': 4, 'barrier': 1}"
test_kernel,16,4,qksvc,319,4,4,3,12,"{'ry': 8, 'measure': 4, 'barrier': 1}"
test_kernel,16,5,qksvc,320,4,4,3,12,"{'ry': 8, 'measure': 4, 'barrier': 1}"
test_kernel,16,6,qksvc,321,4,4,3,12,"{'ry': 8, 'measure': 4, 'barrier': 1}"
test_kernel,16,7,qksvc,322,4,4,3,12,"{'ry': 8, 'measure': 4, 'barrier': 1}"
test_kernel,16,8,qksvc,323,4,4,3,12,"{'ry': 8, 'measure': 4, 'barrier': 1}"
test_kernel,16,9,qksvc,324,4,4,3,12,"{'ry': 8, 'measure': 4, 'barrier': 1}"
test_kernel,17,0,qksvc,325,4,4,3,12,"{'ry': 8, 'measure': 4, 'barrier': 1}"
test_kernel,17,1,qksvc,326,4,4,3,12,"{'ry': 8, 'measure': 4, 'barrier': 1}"
test_kernel,17,2,qksvc,327,4,4,3,12,"{'ry': 8, 'measure': 4, 'barrier': 1}"
test_kernel,17,3,qksvc,328,4,4,3,12,"{'ry': 8, 'measure': 4, 'barrier': 1}"
test_kernel,17,4,qksvc,329,4,4,3,12,"{'ry': 8, 'measure': 4, 'barrier': 1}"
test_kernel,17,5,qksvc,330,4,4,3,12,"{'ry': 8, 'measure': 4, 'barrier': 1}"
test_kernel,17,6,qksvc,331,4,4,3,12,"{'ry': 8, 'measure': 4, 'barrier': 1}"
test_kernel,17,7,qksvc,332,4,4,3,12,"{'ry': 8, 'measure': 4, 'barrier': 1}"
test_kernel,17,8,qksvc,333,4,4,3,12,"{'ry': 8, 'measure': 4, 'barrier': 1}"
test_kernel,17,9,qksvc,334,4,4,3,12,"{'ry': 8, 'measure': 4, 'barrier': 1}"
test_kernel,18,0,qksvc,335,4,4,3,12,"{'ry': 8, 'measure': 4, 'barrier': 1}"
test_kernel,18,1,qksvc,336,4,4,3,12,"{'ry': 8, 'measure': 4, 'barrier': 1}"
test_kernel,18,2,qksvc,337,4,4,3,12,"{'ry': 8, 'measure': 4, 'barrier': 1}"
test_kernel,18,3,qksvc,338,4,4,3,12,"{'ry': 8, 'measure': 4, 'barrier': 1}"
test_kernel,18,4,qksvc,339,4,4,3,12,"{'ry': 8, 'measure': 4, 'barrier': 1}"
test_kernel,18,5,qksvc,340,4,4,3,12,"{'ry': 8, 'measure': 4, 'barrier': 1}"
test_kernel,18,6,qksvc,341,4,4,3,12,"{'ry': 8, 'measure': 4, 'barrier': 1}"
test_kernel,18,7,qksvc,342,4,4,3,12,"{'ry': 8, 'measure': 4, 'barrier': 1}"
test_kernel,18,8,qksvc,343,4,4,3,12,"{'ry': 8, 'measure': 4, 'barrier': 1}"
test_kernel,18,9,qksvc,344,4,4,3,12,"{'ry': 8, 'measure': 4, 'barrier': 1}"
test_kernel,19,0,qksvc,345,4,4,3,12,"{'ry': 8, 'measure': 4, 'barrier': 1}"
test_kernel,19,1,qksvc,346,4,4,3,12,"{'ry': 8, 'measure': 4, 'barrier': 1}"
test_kernel,19,2,qksvc,347,4,4,3,12,"{'ry': 8, 'measure': 4, 'barrier': 1}"
test_kernel,19,3,qksvc,348,4,4,3,12,"{'ry': 8, 'measure': 4, 'barrier': 1}"
test_kernel,19,4,qksvc,349,4,4,3,12,"{'ry': 8, 'measure': 4, 'barrier': 1}"
test_kernel,19,5,qksvc,350,4,4,3,12,"{'ry': 8, 'measure': 4, 'barrier': 1}"
test_kernel,19,6,qksvc,351,4,4,3,12,"{'ry': 8, 'measure': 4, 'barrier': 1}"
test_kernel,19,7,qksvc,352,4,4,3,12,"{'ry': 8, 'measure': 4, 'barrier': 1}"
test_kernel,19,8,qksvc,353,4,4,3,12,"{'ry': 8, 'measure': 4, 'barrier': 1}"
test_kernel,19,9,qksvc,354,4,4,3,12,"{'ry': 8, 'measure': 4, 'barrier': 1}"
test_kernel,20,0,qksvc,355,4,4,3,12,"{'ry': 8, 'measure': 4, 'barrier': 1}"
test_kernel,20,1,qksvc,356,4,4,3,12,"{'ry': 8, 'measure': 4, 'barrier': 1}"
test_kernel,20,2,qksvc,357,4,4,3,12,"{'ry': 8, 'measure': 4, 'barrier': 1}"
test_kernel,20,3,qksvc,358,4,4,3,12,"{'ry': 8, 'measure': 4, 'barrier': 1}"
test_kernel,20,4,qksvc,359,4,4,3,12,"{'ry': 8, 'measure': 4, 'barrier': 1}"
test_kernel,20,5,qksvc,360,4,4,3,12,"{'ry': 8, 'measure': 4, 'barrier': 1}"
test_kernel,20,6,qksvc,361,4,4,3,12,"{'ry': 8, 'measure': 4, 'barrier': 1}"
test_kernel,20,7,qksvc,362,4,4,3,12,"{'ry': 8, 'measure': 4, 'barrier': 1}"
test_kernel,20,8,qksvc,363,4,4,3,12,"{'ry': 8, 'measure': 4, 'barrier': 1}"
test_kernel,20,9,qksvc,364,4,4,3,12,"{'ry': 8, 'measure': 4, 'barrier': 1}"
test_kernel,21,0,qksvc,365,4,4,3,12,"{'ry': 8, 'measure': 4, 'barrier': 1}"
test_kernel,21,1,qksvc,366,4,4,3,12,"{'ry': 8, 'measure': 4, 'barrier': 1}"
test_kernel,21,2,qksvc,367,4,4,3,12,"{'ry': 8, 'measure': 4, 'barrier': 1}"
test_kernel,21,3,qksvc,368,4,4,3,12,"{'ry': 8, 'measure': 4, 'barrier': 1}"
test_kernel,21,4,qksvc,369,4,4,3,12,"{'ry': 8, 'measure': 4, 'barrier': 1}"
test_kernel,21,5,qksvc,370,4,4,3,12,"{'ry': 8, 'measure': 4, 'barrier': 1}"
test_kernel,21,6,qksvc,371,4,4,3,12,"{'ry': 8, 'measure': 4, 'barrier': 1}"
test_kernel,21,7,qksvc,372,4,4,3,12,"{'ry': 8, 'measure': 4, 'barrier': 1}"
test_kernel,21,8,qksvc,373,4,4,3,12,"{'ry': 8, 'measure': 4, 'barrier': 1}"
test_kernel,21,9,qksvc,374,4,4,3,12,"{'ry': 8, 'measure': 4, 'barrier': 1}"
test_kernel,22,0,qksvc,375,4,4,3,12,"{'ry': 8, 'measure': 4, 'barrier': 1}"
test_kernel,22,1,qksvc,376,4,4,3,12,"{'ry': 8, 'measure': 4, 'barrier': 1}"
test_kernel,22,2,qksvc,377,4,4,3,12,"{'ry': 8, 'measure': 4, 'barrier': 1}"
test_kernel,22,3,qksvc,378,4,4,3,12,"{'ry': 8, 'measure': 4, 'barrier': 1}"
test_kernel,22,4,qksvc,379,4,4,3,12,"{'ry': 8, 'measure': 4, 'barrier': 1}"
test_kernel,22,5,qksvc,380,4,4,3,12,"{'ry': 8, 'measure': 4, 'barrier': 1}"
test_kernel,22,6,qksvc,381,4,4,3,12,"{'ry': 8, 'measure': 4, 'barrier': 1}"
test_kernel,22,7,qksvc,382,4,4,3,12,"{'ry': 8, 'measure': 4, 'barrier': 1}"
test_kernel,22,8,qksvc,383,4,4,3,12,"{'ry': 8, 'measure': 4, 'barrier': 1}"
test_kernel,22,9,qksvc,384,4,4,3,12,"{'ry': 8, 'measure': 4, 'barrier': 1}"
test_kernel,23,0,qksvc,385,4,4,3,12,"{'ry': 8, 'measure': 4, 'barrier': 1}"
test_kernel,23,1,qksvc,386,4,4,3,12,"{'ry': 8, 'measure': 4, 'barrier': 1}"
test_kernel,23,2,qksvc,387,4,4,3,12,"{'ry': 8, 'measure': 4, 'barrier': 1}"
test_kernel,23,3,qksvc,388,4,4,3,12,"{'ry': 8, 'measure': 4, 'barrier': 1}"
test_kernel,23,4,qksvc,389,4,4,3,12,"{'ry': 8, 'measure': 4, 'barrier': 1}"
test_kernel,23,5,qksvc,390,4,4,3,12,"{'ry': 8, 'measure': 4, 'barrier': 1}"
test_kernel,23,6,qksvc,391,4,4,3,12,"{'ry': 8, 'measure': 4, 'barrier': 1}"
test_kernel,23,7,qksvc,392,4,4,3,12,"{'ry': 8, 'measure': 4, 'barrier': 1}"
test_kernel,23,8,qksvc,393,4,4,3,12,"{'ry': 8, 'measure': 4, 'barrier': 1}"
test_kernel,23,9,qksvc,394,4,4,3,12,"{'ry': 8, 'measure': 4, 'barrier': 1}"
test_kernel,24,0,qksvc,395,4,4,3,12,"{'ry': 8, 'measure': 4, 'barrier': 1}"
test_kernel,24,1,qksvc,396,4,4,3,12,"{'ry': 8, 'measure': 4, 'barrier': 1}"
test_kernel,24,2,qksvc,397,4,4,3,12,"{'ry': 8, 'measure': 4, 'barrier': 1}"
test_kernel,24,3,qksvc,398,4,4,3,12,"{'ry': 8, 'measure': 4, 'barrier': 1}"
test_kernel,24,4,qksvc,399,4,4,3,12,"{'ry': 8, 'measure': 4, 'barrier': 1}"
test_kernel,24,5,qksvc,400,4,4,3,12,"{'ry': 8, 'measure': 4, 'barrier': 1}"
test_kernel,24,6,qksvc,401,4,4,3,12,"{'ry': 8, 'measure': 4, 'barrier': 1}"
test_kernel,24,7,qksvc,402,4,4,3,12,"{'ry': 8, 'measure': 4, 'barrier': 1}"
test_kernel,24,8,qksvc,403,4,4,3,12,"{'ry': 8, 'measure': 4, 'barrier': 1}"
test_kernel,24,9,qksvc,404,4,4,3,12,"{'ry': 8, 'measure': 4, 'barrier': 1}"
test_kernel,25,0,qksvc,405,4,4,3,12,"{'ry': 8, 'measure': 4, 'barrier': 1}"
test_kernel,25,1,qksvc,406,4,4,3,12,"{'ry': 8, 'measure': 4, 'barrier': 1}"
test_kernel,25,2,qksvc,407,4,4,3,12,"{'ry': 8, 'measure': 4, 'barrier': 1}"
test_kernel,25,3,qksvc,408,4,4,3,12,"{'ry': 8, 'measure': 4, 'barrier': 1}"
test_kernel,25,4,qksvc,409,4,4,3,12,"{'ry': 8, 'measure': 4, 'barrier': 1}"
test_kernel,25,5,qksvc,410,4,4,3,12,"{'ry': 8, 'measure': 4, 'barrier': 1}"
test_kernel,25,6,qksvc,411,4,4,3,12,"{'ry': 8, 'measure': 4, 'barrier': 1}"
test_kernel,25,7,qksvc,412,4,4,3,12,"{'ry': 8, 'measure': 4, 'barrier': 1}"
test_kernel,25,8,qksvc,413,4,4,3,12,"{'ry': 8, 'measure': 4, 'barrier': 1}"
test_kernel,25,9,qksvc,414,4,4,3,12,"{'ry': 8, 'measure': 4, 'barrier': 1}"
test_kernel,26,0,qksvc,415,4,4,3,12,"{'ry': 8, 'measure': 4, 'barrier': 1}"
test_kernel,26,1,qksvc,416,4,4,3,12,"{'ry': 8, 'measure': 4, 'barrier': 1}"
test_kernel,26,2,qksvc,417,4,4,3,12,"{'ry': 8, 'measure': 4, 'barrier': 1}"
test_kernel,26,3,qksvc,418,4,4,3,12,"{'ry': 8, 'measure': 4, 'barrier': 1}"
test_kernel,26,4,qksvc,419,4,4,3,12,"{'ry': 8, 'measure': 4, 'barrier': 1}"
test_kernel,26,5,qksvc,420,4,4,3,12,"{'ry': 8, 'measure': 4, 'barrier': 1}"
test_kernel,26,6,qksvc,421,4,4,3,12,"{'ry': 8, 'measure': 4, 'barrier': 1}"
test_kernel,26,7,qksvc,422,4,4,3,12,"{'ry': 8, 'measure': 4, 'barrier': 1}"
test_kernel,26,8,qksvc,423,4,4,3,12,"{'ry': 8, 'measure': 4, 'barrier': 1}"
test_kernel,26,9,qksvc,424,4,4,3,12,"{'ry': 8, 'measure': 4, 'barrier': 1}"
test_kernel,27,0,qksvc,425,4,4,3,12,"{'ry': 8, 'measure': 4, 'barrier': 1}"
test_kernel,27,1,qksvc,426,4,4,3,12,"{'ry': 8, 'measure': 4, 'barrier': 1}"
test_kernel,27,2,qksvc,427,4,4,3,12,"{'ry': 8, 'measure': 4, 'barrier': 1}"
test_kernel,27,3,qksvc,428,4,4,3,12,"{'ry': 8, 'measure': 4, 'barrier': 1}"
test_kernel,27,4,qksvc,429,4,4,3,12,"{'ry': 8, 'measure': 4, 'barrier': 1}"
test_kernel,27,5,qksvc,430,4,4,3,12,"{'ry': 8, 'measure': 4, 'barrier': 1}"
test_kernel,27,6,qksvc,431,4,4,3,12,"{'ry': 8, 'measure': 4, 'barrier': 1}"
test_kernel,27,7,qksvc,432,4,4,3,12,"{'ry': 8, 'measure': 4, 'barrier': 1}"
test_kernel,27,8,qksvc,433,4,4,3,12,"{'ry': 8, 'measure': 4, 'barrier': 1}"
test_kernel,27,9,qksvc,434,4,4,3,12,"{'ry': 8, 'measure': 4, 'barrier': 1}"
test_kernel,28,0,qksvc,435,4,4,3,12,"{'ry': 8, 'measure': 4, 'barrier': 1}"
test_kernel,28,1,qksvc,436,4,4,3,12,"{'ry': 8, 'measure': 4, 'barrier': 1}"
test_kernel,28,2,qksvc,437,4,4,3,12,"{'ry': 8, 'measure': 4, 'barrier': 1}"
test_kernel,28,3,qksvc,438,4,4,3,12,"{'ry': 8, 'measure': 4, 'barrier': 1}"
test_kernel,28,4,qksvc,439,4,4,3,12,"{'ry': 8, 'measure': 4, 'barrier': 1}"
test_kernel,28,5,qksvc,440,4,4,3,12,"{'ry': 8, 'measure': 4, 'barrier': 1}"
test_kernel,28,6,qksvc,441,4,4,3,12,"{'ry': 8, 'measure': 4, 'barrier': 1}"
test_kernel,28,7,qksvc,442,4,4,3,12,"{'ry': 8, 'measure': 4, 'barrier': 1}"
test_kernel,28,8,qksvc,443,4,4,3,12,"{'ry': 8, 'measure': 4, 'barrier': 1}"
test_kernel,28,9,qksvc,444,4,4,3,12,"{'ry': 8, 'measure': 4, 'barrier': 1}"
test_kernel,29,0,qksvc,445,4,4,3,12,"{'ry': 8, 'measure': 4, 'barrier': 1}"
test_kernel,29,1,qksvc,446,4,4,3,12,"{'ry': 8, 'measure': 4, 'barrier': 1}"
test_kernel,29,2,qksvc,447,4,4,3,12,"{'ry': 8, 'measure': 4, 'barrier': 1}"
test_kernel,29,3,qksvc,448,4,4,3,12,"{'ry': 8, 'measure': 4, 'barrier': 1}"
test_kernel,29,4,qksvc,449,4,4,3,12,"{'ry': 8, 'measure': 4, 'barrier': 1}"
test_kernel,29,5,qksvc,450,4,4,3,12,"{'ry': 8, 'measure': 4, 'barrier': 1}"
test_kernel,29,6,qksvc,451,4,4,3,12,"{'ry': 8, 'measure': 4, 'barrier': 1}"
test_kernel,29,7,qksvc,452,4,4,3,12,"{'ry': 8, 'measure': 4, 'barrier': 1}"
test_kernel,29,8,qksvc,453,4,4,3,12,"{'ry': 8, 'measure': 4, 'barrier': 1}"
test_kernel,29,9,qksvc,454,4,4,3,12,"{'ry': 8, 'measure': 4, 'barrier': 1}"
test_kernel,30,0,qksvc,455,4,4,3,12,"{'ry': 8, 'measure': 4, 'barrier': 1}"
test_kernel,30,1,qksvc,456,4,4,3,12,"{'ry': 8, 'measure': 4, 'barrier': 1}"
test_kernel,30,2,qksvc,457,4,4,3,12,"{'ry': 8, 'measure': 4, 'barrier': 1}"
test_kernel,30,3,qksvc,458,4,4,3,12,"{'ry': 8, 'measure': 4, 'barrier': 1}"
test_kernel,30,4,qksvc,459,4,4,3,12,"{'ry': 8, 'measure': 4, 'barrier': 1}"
test_kernel,30,5,qksvc,460,4,4,3,12,"{'ry': 8, 'measure': 4, 'barrier': 1}"
test_kernel,30,6,qksvc,461,4,4,3,12,"{'ry': 8, 'measure': 4, 'barrier': 1}"
test_kernel,30,7,qksvc,462,4,4,3,12,"{'ry': 8, 'measure': 4, 'barrier': 1}"
test_kernel,30,8,qksvc,463,4,4,3,12,"{'ry': 8, 'measure': 4, 'barrier': 1}"
test_kernel,30,9,qksvc,464,4,4,3,12,"{'ry': 8, 'measure': 4, 'barrier': 1}"
test_kernel,31,0,qksvc,465,4,4,3,12,"{'ry': 8, 'measure': 4, 'barrier': 1}"
test_kernel,31,1,qksvc,466,4,4,3,12,"{'ry': 8, 'measure': 4, 'barrier': 1}"
test_kernel,31,2,qksvc,467,4,4,3,12,"{'ry': 8, 'measure': 4, 'barrier': 1}"
test_kernel,31,3,qksvc,468,4,4,3,12,"{'ry': 8, 'measure': 4, 'barrier': 1}"
test_kernel,31,4,qksvc,469,4,4,3,12,"{'ry': 8, 'measure': 4, 'barrier': 1}"
test_kernel,31,5,qksvc,470,4,4,3,12,"{'ry': 8, 'measure': 4, 'barrier': 1}"
test_kernel,31,6,qksvc,471,4,4,3,12,"{'ry': 8, 'measure': 4, 'barrier': 1}"
test_kernel,31,7,qksvc,472,4,4,3,12,"{'ry': 8, 'measure': 4, 'barrier': 1}"
test_kernel,31,8,qksvc,473,4,4,3,12,"{'ry': 8, 'measure': 4, 'barrier': 1}"
test_kernel,31,9,qksvc,474,4,4,3,12,"{'ry': 8, 'measure': 4, 'barrier': 1}"
test_kernel,32,0,qksvc,475,4,4,3,12,"{'ry': 8, 'measure': 4, 'barrier': 1}"
test_kernel,32,1,qksvc,476,4,4,3,12,"{'ry': 8, 'measure': 4, 'barrier': 1}"
test_kernel,32,2,qksvc,477,4,4,3,12,"{'ry': 8, 'measure': 4, 'barrier': 1}"
test_kernel,32,3,qksvc,478,4,4,3,12,"{'ry': 8, 'measure': 4, 'barrier': 1}"
test_kernel,32,4,qksvc,479,4,4,3,12,"{'ry': 8, 'measure': 4, 'barrier': 1}"
test_kernel,32,5,qksvc,480,4,4,3,12,"{'ry': 8, 'measure': 4, 'barrier': 1}"
test_kernel,32,6,qksvc,481,4,4,3,12,"{'ry': 8, 'measure': 4, 'barrier': 1}"
test_kernel,32,7,qksvc,482,4,4,3,12,"{'ry': 8, 'measure': 4, 'barrier': 1}"
test_kernel,32,8,qksvc,483,4,4,3,12,"{'ry': 8, 'measure': 4, 'barrier': 1}"
test_kernel,32,9,qksvc,484,4,4,3,12,"{'ry': 8, 'measure': 4, 'barrier': 1}"
test_kernel,33,0,qksvc,485,4,4,3,12,"{'ry': 8, 'measure': 4, 'barrier': 1}"
test_kernel,33,1,qksvc,486,4,4,3,12,"{'ry': 8, 'measure': 4, 'barrier': 1}"
test_kernel,33,2,qksvc,487,4,4,3,12,"{'ry': 8, 'measure': 4, 'barrier': 1}"
test_kernel,33,3,qksvc,488,4,4,3,12,"{'ry': 8, 'measure': 4, 'barrier': 1}"
test_kernel,33,4,qksvc,489,4,4,3,12,"{'ry': 8, 'measure': 4, 'barrier': 1}"
test_kernel,33,5,qksvc,490,4,4,3,12,"{'ry': 8, 'measure': 4, 'barrier': 1}"
test_kernel,33,6,qksvc,491,4,4,3,12,"{'ry': 8, 'measure': 4, 'barrier': 1}"
test_kernel,33,7,qksvc,492,4,4,3,12,"{'ry': 8, 'measure': 4, 'barrier': 1}"
test_kernel,33,8,qksvc,493,4,4,3,12,"{'ry': 8, 'measure': 4, 'barrier': 1}"
test_kernel,33,9,qksvc,494,4,4,3,12,"{'ry': 8, 'measure': 4, 'barrier': 1}"
test_kernel,34,0,qksvc,495,4,4,3,12,"{'ry': 8, 'measure': 4, 'barrier': 1}"
test_kernel,34,1,qksvc,496,4,4,3,12,"{'ry': 8, 'measure': 4, 'barrier': 1}"
test_kernel,34,2,qksvc,497,4,4,3,12,"{'ry': 8, 'measure': 4, 'barrier': 1}"
test_kernel,34,3,qksvc,498,4,4,3,12,"{'ry': 8, 'measure': 4, 'barrier': 1}"
test_kernel,34,4,qksvc,499,4,4,3,12,"{'ry': 8, 'measure': 4, 'barrier': 1}"
test_kernel,34,5,qksvc,500,4,4,3,12,"{'ry': 8, 'measure': 4, 'barrier': 1}"
test_kernel,34,6,qksvc,501,4,4,3,12,"{'ry': 8, 'measure': 4, 'barrier': 1}"
test_kernel,34,7,qksvc,502,4,4,3,12,"{'ry': 8, 'measure': 4, 'barrier': 1}"
test_kernel,34,8,qksvc,503,4,4,3,12,"{'ry': 8, 'measure': 4, 'barrier': 1}"
test_kernel,34,9,qksvc,504,4,4,3,12,"{'ry': 8, 'measure': 4, 'barrier': 1}"
test_kernel,35,0,qksvc,505,4,4,3,12,"{'ry': 8, 'measure': 4, 'barrier': 1}"
test_kernel,35,1,qksvc,506,4,4,3,12,"{'ry': 8, 'measure': 4, 'barrier': 1}"
test_kernel,35,2,qksvc,507,4,4,3,12,"{'ry': 8, 'measure': 4, 'barrier': 1}"
test_kernel,35,3,qksvc,508,4,4,3,12,"{'ry': 8, 'measure': 4, 'barrier': 1}"
test_kernel,35,4,qksvc,509,4,4,3,12,"{'ry': 8, 'measure': 4, 'barrier': 1}"
test_kernel,35,5,qksvc,510,4,4,3,12,"{'ry': 8, 'measure': 4, 'barrier': 1}"
test_kernel,35,6,qksvc,511,4,4,3,12,"{'ry': 8, 'measure': 4, 'barrier': 1}"
test_kernel,35,7,qksvc,512,4,4,3,12,"{'ry': 8, 'measure': 4, 'barrier': 1}"
test_kernel,35,8,qksvc,513,4,4,3,12,"{'ry': 8, 'measure': 4, 'barrier': 1}"
test_kernel,35,9,qksvc,514,4,4,3,12,"{'ry': 8, 'measure': 4, 'barrier': 1}"
test_kernel,36,0,qksvc,515,4,4,3,12,"{'ry': 8, 'measure': 4, 'barrier': 1}"
test_kernel,36,1,qksvc,516,4,4,3,12,"{'ry': 8, 'measure': 4, 'barrier': 1}"
test_kernel,36,2,qksvc,517,4,4,3,12,"{'ry': 8, 'measure': 4, 'barrier': 1}"
test_kernel,36,3,qksvc,518,4,4,3,12,"{'ry': 8, 'measure': 4, 'barrier': 1}"
test_kernel,36,4,qksvc,519,4,4,3,12,"{'ry': 8, 'measure': 4, 'barrier': 1}"
test_kernel,36,5,qksvc,520,4,4,3,12,"{'ry': 8, 'measure': 4, 'barrier': 1}"
test_kernel,36,6,qksvc,521,4,4,3,12,"{'ry': 8, 'measure': 4, 'barrier': 1}"
test_kernel,36,7,qksvc,522,4,4,3,12,"{'ry': 8, 'measure': 4, 'barrier': 1}"
test_kernel,36,8,qksvc,523,4,4,3,12,"{'ry': 8, 'measure': 4, 'barrier': 1}"
test_kernel,36,9,qksvc,524,4,4,3,12,"{'ry': 8, 'measure': 4, 'barrier': 1}"
test_kernel,37,0,qksvc,525,4,4,3,12,"{'ry': 8, 'measure': 4, 'barrier': 1}"
test_kernel,37,1,qksvc,526,4,4,3,12,"{'ry': 8, 'measure': 4, 'barrier': 1}"
test_kernel,37,2,qksvc,527,4,4,3,12,"{'ry': 8, 'measure': 4, 'barrier': 1}"
test_kernel,37,3,qksvc,528,4,4,3,12,"{'ry': 8, 'measure': 4, 'barrier': 1}"
test_kernel,37,4,qksvc,529,4,4,3,12,"{'ry': 8, 'measure': 4, 'barrier': 1}"
test_kernel,37,5,qksvc,530,4,4,3,12,"{'ry': 8, 'measure': 4, 'barrier': 1}"
test_kernel,37,6,qksvc,531,4,4,3,12,"{'ry': 8, 'measure': 4, 'barrier': 1}"
test_kernel,37,7,qksvc,532,4,4,3,12,"{'ry': 8, 'measure': 4, 'barrier': 1}"
test_kernel,37,8,qksvc,533,4,4,3,12,"{'ry': 8, 'measure': 4, 'barrier': 1}"
test_kernel,37,9,qksvc,534,4,4,3,12,"{'ry': 8, 'measure': 4, 'barrier': 1}"
test_kernel,38,0,qksvc,535,4,4,3,12,"{'ry': 8, 'measure': 4, 'barrier': 1}"
test_kernel,38,1,qksvc,536,4,4,3,12,"{'ry': 8, 'measure': 4, 'barrier': 1}"
test_kernel,38,2,qksvc,537,4,4,3,12,"{'ry': 8, 'measure': 4, 'barrier': 1}"
test_kernel,38,3,qksvc,538,4,4,3,12,"{'ry': 8, 'measure': 4, 'barrier': 1}"
test_kernel,38,4,qksvc,539,4,4,3,12,"{'ry': 8, 'measure': 4, 'barrier': 1}"
test_kernel,38,5,qksvc,540,4,4,3,12,"{'ry': 8, 'measure': 4, 'barrier': 1}"
test_kernel,38,6,qksvc,541,4,4,3,12,"{'ry': 8, 'measure': 4, 'barrier': 1}"
test_kernel,38,7,qksvc,542,4,4,3,12,"{'ry': 8, 'measure': 4, 'barrier': 1}"
test_kernel,38,8,qksvc,543,4,4,3,12,"{'ry': 8, 'measure': 4, 'barrier': 1}"
test_kernel,38,9,qksvc,544,4,4,3,12,"{'ry': 8, 'measure': 4, 'barrier': 1}"
test_kernel,39,0,qksvc,545,4,4,3,12,"{'ry': 8, 'measure': 4, 'barrier': 1}"
test_kernel,39,1,qksvc,546,4,4,3,12,"{'ry': 8, 'measure': 4, 'barrier': 1}"
test_kernel,39,2,qksvc,547,4,4,3,12,"{'ry': 8, 'measure': 4, 'barrier': 1}"
test_kernel,39,3,qksvc,548,4,4,3,12,"{'ry': 8, 'measure': 4, 'barrier': 1}"
test_kernel,39,4,qksvc,549,4,4,3,12,"{'ry': 8, 'measure': 4, 'barrier': 1}"
test_kernel,39,5,qksvc,550,4,4,3,12,"{'ry': 8, 'measure': 4, 'barrier': 1}"
test_kernel,39,6,qksvc,551,4,4,3,12,"{'ry': 8, 'measure': 4, 'barrier': 1}"
test_kernel,39,7,qksvc,552,4,4,3,12,"{'ry': 8, 'measure': 4, 'barrier': 1}"
test_kernel,39,8,qksvc,553,4,4,3,12,"{'ry': 8, 'measure': 4, 'barrier': 1}"
test_kernel,39,9,qksvc,554,4,4,3,12,"{'ry': 8, 'measure': 4, 'barrier': 1}"
test_kernel,40,0,qksvc,555,4,4,3,12,"{'ry': 8, 'measure': 4, 'barrier': 1}"
test_kernel,40,1,qksvc,556,4,4,3,12,"{'ry': 8, 'measure': 4, 'barrier': 1}"
test_kernel,40,2,qksvc,557,4,4,3,12,"{'ry': 8, 'measure': 4, 'barrier': 1}"
test_kernel,40,3,qksvc,558,4,4,3,12,"{'ry': 8, 'measure': 4, 'barrier': 1}"
test_kernel,40,4,qksvc,559,4,4,3,12,"{'ry': 8, 'measure': 4, 'barrier': 1}"
test_kernel,40,5,qksvc,560,4,4,3,12,"{'ry': 8, 'measure': 4, 'barrier': 1}"
test_kernel,40,6,qksvc,561,4,4,3,12,"{'ry': 8, 'measure': 4, 'barrier': 1}"
test_kernel,40,7,qksvc,562,4,4,3,12,"{'ry': 8, 'measure': 4, 'barrier': 1}"
test_kernel,40,8,qksvc,563,4,4,3,12,"{'ry': 8, 'measure': 4, 'barrier': 1}"
test_kernel,40,9,qksvc,564,4,4,3,12,"{'ry': 8, 'measure': 4, 'barrier': 1}"
test_kernel,41,0,qksvc,565,4,4,3,12,"{'ry': 8, 'measure': 4, 'barrier': 1}"
test_kernel,41,1,qksvc,566,4,4,3,12,"{'ry': 8, 'measure': 4, 'barrier': 1}"
test_kernel,41,2,qksvc,567,4,4,3,12,"{'ry': 8, 'measure': 4, 'barrier': 1}"
test_kernel,41,3,qksvc,568,4,4,3,12,"{'ry': 8, 'measure': 4, 'barrier': 1}"
test_kernel,41,4,qksvc,569,4,4,3,12,"{'ry': 8, 'measure': 4, 'barrier': 1}"
test_kernel,41,5,qksvc,570,4,4,3,12,"{'ry': 8, 'measure': 4, 'barrier': 1}"
test_kernel,41,6,qksvc,571,4,4,3,12,"{'ry': 8, 'measure': 4, 'barrier': 1}"
test_kernel,41,7,qksvc,572,4,4,3,12,"{'ry': 8, 'measure': 4, 'barrier': 1}"
test_kernel,41,8,qksvc,573,4,4,3,12,"{'ry': 8, 'measure': 4, 'barrier': 1}"
test_kernel,41,9,qksvc,574,4,4,3,12,"{'ry': 8, 'measure': 4, 'barrier': 1}"
test_kernel,42,0,qksvc,575,4,4,3,12,"{'ry': 8, 'measure': 4, 'barrier': 1}"
test_kernel,42,1,qksvc,576,4,4,3,12,"{'ry': 8, 'measure': 4, 'barrier': 1}"
test_kernel,42,2,qksvc,577,4,4,3,12,"{'ry': 8, 'measure': 4, 'barrier': 1}"
test_kernel,42,3,qksvc,578,4,4,3,12,"{'ry': 8, 'measure': 4, 'barrier': 1}"
test_kernel,42,4,qksvc,579,4,4,3,12,"{'ry': 8, 'measure': 4, 'barrier': 1}"
test_kernel,42,5,qksvc,580,4,4,3,12,"{'ry': 8, 'measure': 4, 'barrier': 1}"
test_kernel,42,6,qksvc,581,4,4,3,12,"{'ry': 8, 'measure': 4, 'barrier': 1}"
test_kernel,42,7,qksvc,582,4,4,3,12,"{'ry': 8, 'measure': 4, 'barrier': 1}"
test_kernel,42,8,qksvc,583,4,4,3,12,"{'ry': 8, 'measure': 4, 'barrier': 1}"
test_kernel,42,9,qksvc,584,4,4,3,12,"{'ry': 8, 'measure': 4, 'barrier': 1}"
test_kernel,43,0,qksvc,585,4,4,3,12,"{'ry': 8, 'measure': 4, 'barrier': 1}"
test_kernel,43,1,qksvc,586,4,4,3,12,"{'ry': 8, 'measure': 4, 'barrier': 1}"
test_kernel,43,2,qksvc,587,4,4,3,12,"{'ry': 8, 'measure': 4, 'barrier': 1}"
test_kernel,43,3,qksvc,588,4,4,3,12,"{'ry': 8, 'measure': 4, 'barrier': 1}"
test_kernel,43,4,qksvc,589,4,4,3,12,"{'ry': 8, 'measure': 4, 'barrier': 1}"
test_kernel,43,5,qksvc,590,4,4,3,12,"{'ry': 8, 'measure': 4, 'barrier': 1}"
test_kernel,43,6,qksvc,591,4,4,3,12,"{'ry': 8, 'measure': 4, 'barrier': 1}"
test_kernel,43,7,qksvc,592,4,4,3,12,"{'ry': 8, 'measure': 4, 'barrier': 1}"
test_kernel,43,8,qksvc,593,4,4,3,12,"{'ry': 8, 'measure': 4, 'barrier': 1}"
test_kernel,43,9,qksvc,594,4,4,3,12,"{'ry': 8, 'measure': 4, 'barrier': 1}"
test_kernel,44,0,qksvc,595,4,4,3,12,"{'ry': 8, 'measure': 4, 'barrier': 1}"
test_kernel,44,1,qksvc,596,4,4,3,12,"{'ry': 8, 'measure': 4, 'barrier': 1}"
test_kernel,44,2,qksvc,597,4,4,3,12,"{'ry': 8, 'measure': 4, 'barrier': 1}"
test_kernel,44,3,qksvc,598,4,4,3,12,"{'ry': 8, 'measure': 4, 'barrier': 1}"
test_kernel,44,4,qksvc,599,4,4,3,12,"{'ry': 8, 'measure': 4, 'barrier': 1}"
test_kernel,44,5,qksvc,600,4,4,3,12,"{'ry': 8, 'measure': 4, 'barrier': 1}"
test_kernel,44,6,qksvc,601,4,4,3,12,"{'ry': 8, 'measure': 4, 'barrier': 1}"
test_kernel,44,7,qksvc,602,4,4,3,12,"{'ry': 8, 'measure': 4, 'barrier': 1}"
test_kernel,44,8,qksvc,603,4,4,3,12,"{'ry': 8, 'measure': 4, 'barrier': 1}"
test_kernel,44,9,qksvc,604,4,4,3,12,"{'ry': 8, 'measure': 4, 'barrier': 1}"
test_kernel,45,0,qksvc,605,4,4,3,12,"{'ry': 8, 'measure': 4, 'barrier': 1}"
test_kernel,45,1,qksvc,606,4,4,3,12,"{'ry': 8, 'measure': 4, 'barrier': 1}"
test_kernel,45,2,qksvc,607,4,4,3,12,"{'ry': 8, 'measure': 4, 'barrier': 1}"
test_kernel,45,3,qksvc,608,4,4,3,12,"{'ry': 8, 'measure': 4, 'barrier': 1}"
test_kernel,45,4,qksvc,609,4,4,3,12,"{'ry': 8, 'measure': 4, 'barrier': 1}"
test_kernel,45,5,qksvc,610,4,4,3,12,"{'ry': 8, 'measure': 4, 'barrier': 1}"
test_kernel,45,6,qksvc,611,4,4,3,12,"{'ry': 8, 'measure': 4, 'barrier': 1}"
test_kernel,45,7,qksvc,612,4,4,3,12,"{'ry': 8, 'measure': 4, 'barrier': 1}"
test_kernel,45,8,qksvc,613,4,4,3,12,"{'ry': 8, 'measure': 4, 'barrier': 1}"
test_kernel,45,9,qksvc,614,4,4,3,12,"{'ry': 8, 'measure': 4, 'barrier': 1}"
test_kernel,46,0,qksvc,615,4,4,3,12,"{'ry': 8, 'measure': 4, 'barrier': 1}"
test_kernel,46,1,qksvc,616,4,4,3,12,"{'ry': 8, 'measure': 4, 'barrier': 1}"
test_kernel,46,2,qksvc,617,4,4,3,12,"{'ry': 8, 'measure': 4, 'barrier': 1}"
test_kernel,46,3,qksvc,618,4,4,3,12,"{'ry': 8, 'measure': 4, 'barrier': 1}"
test_kernel,46,4,qksvc,619,4,4,3,12,"{'ry': 8, 'measure': 4, 'barrier': 1}"
test_kernel,46,5,qksvc,620,4,4,3,12,"{'ry': 8, 'measure': 4, 'barrier': 1}"
test_kernel,46,6,qksvc,621,4,4,3,12,"{'ry': 8, 'measure': 4, 'barrier': 1}"
test_kernel,46,7,qksvc,622,4,4,3,12,"{'ry': 8, 'measure': 4, 'barrier': 1}"
test_kernel,46,8,qksvc,623,4,4,3,12,"{'ry': 8, 'measure': 4, 'barrier': 1}"
test_kernel,46,9,qksvc,624,4,4,3,12,"{'ry': 8, 'measure': 4, 'barrier': 1}"
test_kernel,47,0,qksvc,625,4,4,3,12,"{'ry': 8, 'measure': 4, 'barrier': 1}"
test_kernel,47,1,qksvc,626,4,4,3,12,"{'ry': 8, 'measure': 4, 'barrier': 1}"
test_kernel,47,2,qksvc,627,4,4,3,12,"{'ry': 8, 'measure': 4, 'barrier': 1}"
test_kernel,47,3,qksvc,628,4,4,3,12,"{'ry': 8, 'measure': 4, 'barrier': 1}"
test_kernel,47,4,qksvc,629,4,4,3,12,"{'ry': 8, 'measure': 4, 'barrier': 1}"
test_kernel,47,5,qksvc,630,4,4,3,12,"{'ry': 8, 'measure': 4, 'barrier': 1}"
test_kernel,47,6,qksvc,631,4,4,3,12,"{'ry': 8, 'measure': 4, 'barrier': 1}"
test_kernel,47,7,qksvc,632,4,4,3,12,"{'ry': 8, 'measure': 4, 'barrier': 1}"
test_kernel,47,8,qksvc,633,4,4,3,12,"{'ry': 8, 'measure': 4, 'barrier': 1}"
test_kernel,47,9,qksvc,634,4,4,3,12,"{'ry': 8, 'measure': 4, 'barrier': 1}"
test_kernel,48,0,qksvc,635,4,4,3,12,"{'ry': 8, 'measure': 4, 'barrier': 1}"
test_kernel,48,1,qksvc,636,4,4,3,12,"{'ry': 8, 'measure': 4, 'barrier': 1}"
test_kernel,48,2,qksvc,637,4,4,3,12,"{'ry': 8, 'measure': 4, 'barrier': 1}"
test_kernel,48,3,qksvc,638,4,4,3,12,"{'ry': 8, 'measure': 4, 'barrier': 1}"
test_kernel,48,4,qksvc,639,4,4,3,12,"{'ry': 8, 'measure': 4, 'barrier': 1}"
test_kernel,48,5,qksvc,640,4,4,3,12,"{'ry': 8, 'measure': 4, 'barrier': 1}"
test_kernel,48,6,qksvc,641,4,4,3,12,"{'ry': 8, 'measure': 4, 'barrier': 1}"
test_kernel,48,7,qksvc,642,4,4,3,12,"{'ry': 8, 'measure': 4, 'barrier': 1}"
test_kernel,48,8,qksvc,643,4,4,3,12,"{'ry': 8, 'measure': 4, 'barrier': 1}"
test_kernel,48,9,qksvc,644,4,4,3,12,"{'ry': 8, 'measure': 4, 'barrier': 1}"
test_kernel,49,0,qksvc,645,4,4,3,12,"{'ry': 8, 'measure': 4, 'barrier': 1}"
test_kernel,49,1,qksvc,646,4,4,3,12,"{'ry': 8, 'measure': 4, 'barrier': 1}"
test_kernel,49,2,qksvc,647,4,4,3,12,"{'ry': 8, 'measure': 4, 'barrier': 1}"
test_kernel,49,3,qksvc,648,4,4,3,12,"{'ry': 8, 'measure': 4, 'barrier': 1}"
test_kernel,49,4,qksvc,649,4,4,3,12,"{'ry': 8, 'measure': 4, 'barrier': 1}"
test_kernel,49,5,qksvc,650,4,4,3,12,"{'ry': 8, 'measure': 4, 'barrier': 1}"
test_kernel,49,6,qksvc,651,4,4,3,12,"{'ry': 8, 'measure': 4, 'barrier': 1}"
test_kernel,49,7,qksvc,652,4,4,3,12,"{'ry': 8, 'measure': 4, 'barrier': 1}"
test_kernel,49,8,qksvc,653,4,4,3,12,"{'ry': 8, 'measure': 4, 'barrier': 1}"
test_kernel,49,9,qksvc,654,4,4,3,12,"{'ry': 8, 'measure': 4, 'barrier': 1}"
test_kernel,50,0,qksvc,655,4,4,3,12,"{'ry': 8, 'measure': 4, 'barrier': 1}"
test_kernel,50,1,qksvc,656,4,4,3,12,"{'ry': 8, 'measure': 4, 'barrier': 1}"
test_kernel,50,2,qksvc,657,4,4,3,12,"{'ry': 8, 'measure': 4, 'barrier': 1}"
test_kernel,50,3,qksvc,658,4,4,3,12,"{'ry': 8, 'measure': 4, 'barrier': 1}"
test_kernel,50,4,qksvc,659,4,4,3,12,"{'ry': 8, 'measure': 4, 'barrier': 1}"
test_kernel,50,5,qksvc,660,4,4,3,12,"{'ry': 8, 'measure': 4, 'barrier': 1}"
test_kernel,50,6,qksvc,661,4,4,3,12,"{'ry': 8, 'measure': 4, 'barrier': 1}"
test_kernel,50,7,qksvc,662,4,4,3,12,"{'ry': 8, 'measure': 4, 'barrier': 1}"
test_kernel,50,8,qksvc,663,4,4,3,12,"{'ry': 8, 'measure': 4, 'barrier': 1}"
test_kernel,50,9,qksvc,664,4,4,3,12,"{'ry': 8, 'measure': 4, 'barrier': 1}"
test_kernel,51,0,qksvc,665,4,4,3,12,"{'ry': 8, 'measure': 4, 'barrier': 1}"
test_kernel,51,1,qksvc,666,4,4,3,12,"{'ry': 8, 'measure': 4, 'barrier': 1}"
test_kernel,51,2,qksvc,667,4,4,3,12,"{'ry': 8, 'measure': 4, 'barrier': 1}"
test_kernel,51,3,qksvc,668,4,4,3,12,"{'ry': 8, 'measure': 4, 'barrier': 1}"
test_kernel,51,4,qksvc,669,4,4,3,12,"{'ry': 8, 'measure': 4, 'barrier': 1}"
test_kernel,51,5,qksvc,670,4,4,3,12,"{'ry': 8, 'measure': 4, 'barrier': 1}"
test_kernel,51,6,qksvc,671,4,4,3,12,"{'ry': 8, 'measure': 4, 'barrier': 1}"
test_kernel,51,7,qksvc,672,4,4,3,12,"{'ry': 8, 'measure': 4, 'barrier': 1}"
test_kernel,51,8,qksvc,673,4,4,3,12,"{'ry': 8, 'measure': 4, 'barrier': 1}"
test_kernel,51,9,qksvc,674,4,4,3,12,"{'ry': 8, 'measure': 4, 'barrier': 1}"
test_kernel,52,0,qksvc,675,4,4,3,12,"{'ry': 8, 'measure': 4, 'barrier': 1}"
test_kernel,52,1,qksvc,676,4,4,3,12,"{'ry': 8, 'measure': 4, 'barrier': 1}"
test_kernel,52,2,qksvc,677,4,4,3,12,"{'ry': 8, 'measure': 4, 'barrier': 1}"
test_kernel,52,3,qksvc,678,4,4,3,12,"{'ry': 8, 'measure': 4, 'barrier': 1}"
test_kernel,52,4,qksvc,679,4,4,3,12,"{'ry': 8, 'measure': 4, 'barrier': 1}"
test_kernel,52,5,qksvc,680,4,4,3,12,"{'ry': 8, 'measure': 4, 'barrier': 1}"
test_kernel,52,6,qksvc,681,4,4,3,12,"{'ry': 8, 'measure': 4, 'barrier': 1}"
test_kernel,52,7,qksvc,682,4,4,3,12,"{'ry': 8, 'measure': 4, 'barrier': 1}"
test_kernel,52,8,qksvc,683,4,4,3,12,"{'ry': 8, 'measure': 4, 'barrier': 1}"
test_kernel,52,9,qksvc,684,4,4,3,12,"{'ry': 8, 'measure': 4, 'barrier': 1}"
test_kernel,53,0,qksvc,685,4,4,3,12,"{'ry': 8, 'measure': 4, 'barrier': 1}"
test_kernel,53,1,qksvc,686,4,4,3,12,"{'ry': 8, 'measure': 4, 'barrier': 1}"
test_kernel,53,2,qksvc,687,4,4,3,12,"{'ry': 8, 'measure': 4, 'barrier': 1}"
test_kernel,53,3,qksvc,688,4,4,3,12,"{'ry': 8, 'measure': 4, 'barrier': 1}"
test_kernel,53,4,qksvc,689,4,4,3,12,"{'ry': 8, 'measure': 4, 'barrier': 1}"
test_kernel,53,5,qksvc,690,4,4,3,12,"{'ry': 8, 'measure': 4, 'barrier': 1}"
test_kernel,53,6,qksvc,691,4,4,3,12,"{'ry': 8, 'measure': 4, 'barrier': 1}"
test_kernel,53,7,qksvc,692,4,4,3,12,"{'ry': 8, 'measure': 4, 'barrier': 1}"
test_kernel,53,8,qksvc,693,4,4,3,12,"{'ry': 8, 'measure': 4, 'barrier': 1}"
test_kernel,53,9,qksvc,694,4,4,3,12,"{'ry': 8, 'measure': 4, 'barrier': 1}"
test_kernel,54,0,qksvc,695,4,4,3,12,"{'ry': 8, 'measure': 4, 'barrier': 1}"
test_kernel,54,1,qksvc,696,4,4,3,12,"{'ry': 8, 'measure': 4, 'barrier': 1}"
test_kernel,54,2,qksvc,697,4,4,3,12,"{'ry': 8, 'measure': 4, 'barrier': 1}"
test_kernel,54,3,qksvc,698,4,4,3,12,"{'ry': 8, 'measure': 4, 'barrier': 1}"
test_kernel,54,4,qksvc,699,4,4,3,12,"{'ry': 8, 'measure': 4, 'barrier': 1}"
test_kernel,54,5,qksvc,700,4,4,3,12,"{'ry': 8, 'measure': 4, 'barrier': 1}"
test_kernel,54,6,qksvc,701,4,4,3,12,"{'ry': 8, 'measure': 4, 'barrier': 1}"
test_kernel,54,7,qksvc,702,4,4,3,12,"{'ry': 8, 'measure': 4, 'barrier': 1}"
test_kernel,54,8,qksvc,703,4,4,3,12,"{'ry': 8, 'measure': 4, 'barrier': 1}"
test_kernel,54,9,qksvc,704,4,4,3,12,"{'ry': 8, 'measure': 4, 'barrier': 1}"
test_kernel,55,0,qksvc,705,4,4,3,12,"{'ry': 8, 'measure': 4, 'barrier': 1}"
test_kernel,55,1,qksvc,706,4,4,3,12,"{'ry': 8, 'measure': 4, 'barrier': 1}"
test_kernel,55,2,qksvc,707,4,4,3,12,"{'ry': 8, 'measure': 4, 'barrier': 1}"
test_kernel,55,3,qksvc,708,4,4,3,12,"{'ry': 8, 'measure': 4, 'barrier': 1}"
test_kernel,55,4,qksvc,709,4,4,3,12,"{'ry': 8, 'measure': 4, 'barrier': 1}"
test_kernel,55,5,qksvc,710,4,4,3,12,"{'ry': 8, 'measure': 4, 'barrier': 1}"
test_kernel,55,6,qksvc,711,4,4,3,12,"{'ry': 8, 'measure': 4, 'barrier': 1}"
test_kernel,55,7,qksvc,712,4,4,3,12,"{'ry': 8, 'measure': 4, 'barrier': 1}"
test_kernel,55,8,qksvc,713,4,4,3,12,"{'ry': 8, 'measure': 4, 'barrier': 1}"
test_kernel,55,9,qksvc,714,4,4,3,12,"{'ry': 8, 'measure': 4, 'barrier': 1}"
test_kernel,56,0,qksvc,715,4,4,3,12,"{'ry': 8, 'measure': 4, 'barrier': 1}"
test_kernel,56,1,qksvc,716,4,4,3,12,"{'ry': 8, 'measure': 4, 'barrier': 1}"
test_kernel,56,2,qksvc,717,4,4,3,12,"{'ry': 8, 'measure': 4, 'barrier': 1}"
test_kernel,56,3,qksvc,718,4,4,3,12,"{'ry': 8, 'measure': 4, 'barrier': 1}"
test_kernel,56,4,qksvc,719,4,4,3,12,"{'ry': 8, 'measure': 4, 'barrier': 1}"
test_kernel,56,5,qksvc,720,4,4,3,12,"{'ry': 8, 'measure': 4, 'barrier': 1}"
test_kernel,56,6,qksvc,721,4,4,3,12,"{'ry': 8, 'measure': 4, 'barrier': 1}"
test_kernel,56,7,qksvc,722,4,4,3,12,"{'ry': 8, 'measure': 4, 'barrier': 1}"
test_kernel,56,8,qksvc,723,4,4,3,12,"{'ry': 8, 'measure': 4, 'barrier': 1}"
test_kernel,56,9,qksvc,724,4,4,3,12,"{'ry': 8, 'measure': 4, 'barrier': 1}"
test_kernel,57,0,qksvc,725,4,4,3,12,"{'ry': 8, 'measure': 4, 'barrier': 1}"
test_kernel,57,1,qksvc,726,4,4,3,12,"{'ry': 8, 'measure': 4, 'barrier': 1}"
test_kernel,57,2,qksvc,727,4,4,3,12,"{'ry': 8, 'measure': 4, 'barrier': 1}"
test_kernel,57,3,qksvc,728,4,4,3,12,"{'ry': 8, 'measure': 4, 'barrier': 1}"
test_kernel,57,4,qksvc,729,4,4,3,12,"{'ry': 8, 'measure': 4, 'barrier': 1}"
test_kernel,57,5,qksvc,730,4,4,3,12,"{'ry': 8, 'measure': 4, 'barrier': 1}"
test_kernel,57,6,qksvc,731,4,4,3,12,"{'ry': 8, 'measure': 4, 'barrier': 1}"
test_kernel,57,7,qksvc,732,4,4,3,12,"{'ry': 8, 'measure': 4, 'barrier': 1}"
test_kernel,57,8,qksvc,733,4,4,3,12,"{'ry': 8, 'measure': 4, 'barrier': 1}"
test_kernel,57,9,qksvc,734,4,4,3,12,"{'ry': 8, 'measure': 4, 'barrier': 1}"
test_kernel,58,0,qksvc,735,4,4,3,12,"{'ry': 8, 'measure': 4, 'barrier': 1}"
test_kernel,58,1,qksvc,736,4,4,3,12,"{'ry': 8, 'measure': 4, 'barrier': 1}"
test_kernel,58,2,qksvc,737,4,4,3,12,"{'ry': 8, 'measure': 4, 'barrier': 1}"
test_kernel,58,3,qksvc,738,4,4,3,12,"{'ry': 8, 'measure': 4, 'barrier': 1}"
test_kernel,58,4,qksvc,739,4,4,3,12,"{'ry': 8, 'measure': 4, 'barrier': 1}"
test_kernel,58,5,qksvc,740,4,4,3,12,"{'ry': 8, 'measure': 4, 'barrier': 1}"
test_kernel,58,6,qksvc,741,4,4,3,12,"{'ry': 8, 'measure': 4, 'barrier': 1}"
test_kernel,58,7,qksvc,742,4,4,3,12,"{'ry': 8, 'measure': 4, 'barrier': 1}"
test_kernel,58,8,qksvc,743,4,4,3,12,"{'ry': 8, 'measure': 4, 'barrier': 1}"
test_kernel,58,9,qksvc,744,4,4,3,12,"{'ry': 8, 'measure': 4, 'barrier': 1}"
test_kernel,59,0,qksvc,745,4,4,3,12,"{'ry': 8, 'measure': 4, 'barrier': 1}"
test_kernel,59,1,qksvc,746,4,4,3,12,"{'ry': 8, 'measure': 4, 'barrier': 1}"
test_kernel,59,2,qksvc,747,4,4,3,12,"{'ry': 8, 'measure': 4, 'barrier': 1}"
test_kernel,59,3,qksvc,748,4,4,3,12,"{'ry': 8, 'measure': 4, 'barrier': 1}"
test_kernel,59,4,qksvc,749,4,4,3,12,"{'ry': 8, 'measure': 4, 'barrier': 1}"
test_kernel,59,5,qksvc,750,4,4,3,12,"{'ry': 8, 'measure': 4, 'barrier': 1}"
test_kernel,59,6,qksvc,751,4,4,3,12,"{'ry': 8, 'measure': 4, 'barrier': 1}"
test_kernel,59,7,qksvc,752,4,4,3,12,"{'ry': 8, 'measure': 4, 'barrier': 1}"
test_kernel,59,8,qksvc,753,4,4,3,12,"{'ry': 8, 'measure': 4, 'barrier': 1}"
test_kernel,59,9,qksvc,754,4,4,3,12,"{'ry': 8, 'measure': 4, 'barrier': 1}"
test_kernel,60,0,qksvc,755,4,4,3,12,"{'ry': 8, 'measure': 4, 'barrier': 1}"
test_kernel,60,1,qksvc,756,4,4,3,12,"{'ry': 8, 'measure': 4, 'barrier': 1}"
test_kernel,60,2,qksvc,757,4,4,3,12,"{'ry': 8, 'measure': 4, 'barrier': 1}"
test_kernel,60,3,qksvc,758,4,4,3,12,"{'ry': 8, 'measure': 4, 'barrier': 1}"
test_kernel,60,4,qksvc,759,4,4,3,12,"{'ry': 8, 'measure': 4, 'barrier': 1}"
test_kernel,60,5,qksvc,760,4,4,3,12,"{'ry': 8, 'measure': 4, 'barrier': 1}"
test_kernel,60,6,qksvc,761,4,4,3,12,"{'ry': 8, 'measure': 4, 'barrier': 1}"
test_kernel,60,7,qksvc,762,4,4,3,12,"{'ry': 8, 'measure': 4, 'barrier': 1}"
test_kernel,60,8,qksvc,763,4,4,3,12,"{'ry': 8, 'measure': 4, 'barrier': 1}"
test_kernel,60,9,qksvc,764,4,4,3,12,"{'ry': 8, 'measure': 4, 'barrier': 1}"
test_kernel,61,0,qksvc,765,4,4,3,12,"{'ry': 8, 'measure': 4, 'barrier': 1}"
test_kernel,61,1,qksvc,766,4,4,3,12,"{'ry': 8, 'measure': 4, 'barrier': 1}"
test_kernel,61,2,qksvc,767,4,4,3,12,"{'ry': 8, 'measure': 4, 'barrier': 1}"
test_kernel,61,3,qksvc,768,4,4,3,12,"{'ry': 8, 'measure': 4, 'barrier': 1}"
test_kernel,61,4,qksvc,769,4,4,3,12,"{'ry': 8, 'measure': 4, 'barrier': 1}"
test_kernel,61,5,qksvc,770,4,4,3,12,"{'ry': 8, 'measure': 4, 'barrier': 1}"
test_kernel,61,6,qksvc,771,4,4,3,12,"{'ry': 8, 'measure': 4, 'barrier': 1}"
test_kernel,61,7,qksvc,772,4,4,3,12,"{'ry': 8, 'measure': 4, 'barrier': 1}"
test_kernel,61,8,qksvc,773,4,4,3,12,"{'ry': 8, 'measure': 4, 'barrier': 1}"
test_kernel,61,9,qksvc,774,4,4,3,12,"{'ry': 8, 'measure': 4, 'barrier': 1}"
test_kernel,62,0,qksvc,775,4,4,3,12,"{'ry': 8, 'measure': 4, 'barrier': 1}"
test_kernel,62,1,qksvc,776,4,4,3,12,"{'ry': 8, 'measure': 4, 'barrier': 1}"
test_kernel,62,2,qksvc,777,4,4,3,12,"{'ry': 8, 'measure': 4, 'barrier': 1}"
test_kernel,62,3,qksvc,778,4,4,3,12,"{'ry': 8, 'measure': 4, 'barrier': 1}"
test_kernel,62,4,qksvc,779,4,4,3,12,"{'ry': 8, 'measure': 4, 'barrier': 1}"
test_kernel,62,5,qksvc,780,4,4,3,12,"{'ry': 8, 'measure': 4, 'barrier': 1}"
test_kernel,62,6,qksvc,781,4,4,3,12,"{'ry': 8, 'measure': 4, 'barrier': 1}"
test_kernel,62,7,qksvc,782,4,4,3,12,"{'ry': 8, 'measure': 4, 'barrier': 1}"
test_kernel,62,8,qksvc,783,4,4,3,12,"{'ry': 8, 'measure': 4, 'barrier': 1}"
test_kernel,62,9,qksvc,784,4,4,3,12,"{'ry': 8, 'measure': 4, 'barrier': 1}"
test_kernel,63,0,qksvc,785,4,4,3,12,"{'ry': 8, 'measure': 4, 'barrier': 1}"
test_kernel,63,1,qksvc,786,4,4,3,12,"{'ry': 8, 'measure': 4, 'barrier': 1}"
test_kernel,63,2,qksvc,787,4,4,3,12,"{'ry': 8, 'measure': 4, 'barrier': 1}"
test_kernel,63,3,qksvc,788,4,4,3,12,"{'ry': 8, 'measure': 4, 'barrier': 1}"
test_kernel,63,4,qksvc,789,4,4,3,12,"{'ry': 8, 'measure': 4, 'barrier': 1}"
test_kernel,63,5,qksvc,790,4,4,3,12,"{'ry': 8, 'measure': 4, 'barrier': 1}"
test_kernel,63,6,qksvc,791,4,4,3,12,"{'ry': 8, 'measure': 4, 'barrier': 1}"
test_kernel,63,7,qksvc,792,4,4,3,12,"{'ry': 8, 'measure': 4, 'barrier': 1}"
test_kernel,63,8,qksvc,793,4,4,3,12,"{'ry': 8, 'measure': 4, 'barrier': 1}"
test_kernel,63,9,qksvc,794,4,4,3,12,"{'ry': 8, 'measure': 4, 'barrier': 1}"
test_kernel,64,0,qksvc,795,4,4,3,12,"{'ry': 8, 'measure': 4, 'barrier': 1}"
test_kernel,64,1,qksvc,796,4,4,3,12,"{'ry': 8, 'measure': 4, 'barrier': 1}"
test_kernel,64,2,qksvc,797,4,4,3,12,"{'ry': 8, 'measure': 4, 'barrier': 1}"
test_kernel,64,3,qksvc,798,4,4,3,12,"{'ry': 8, 'measure': 4, 'barrier': 1}"
test_kernel,64,4,qksvc,799,4,4,3,12,"{'ry': 8, 'measure': 4, 'barrier': 1}"
test_kernel,64,5,qksvc,800,4,4,3,12,"{'ry': 8, 'measure': 4, 'barrier': 1}"
test_kernel,64,6,qksvc,801,4,4,3,12,"{'ry': 8, 'measure': 4, 'barrier': 1}"
test_kernel,64,7,qksvc,802,4,4,3,12,"{'ry': 8, 'measure': 4, 'barrier': 1}"
test_kernel,64,8,qksvc,803,4,4,3,12,"{'ry': 8, 'measure': 4, 'barrier': 1}"
test_kernel,64,9,qksvc,804,4,4,3,12,"{'ry': 8, 'measure': 4, 'barrier': 1}"
test_kernel,65,0,qksvc,805,4,4,3,12,"{'ry': 8, 'measure': 4, 'barrier': 1}"
test_kernel,65,1,qksvc,806,4,4,3,12,"{'ry': 8, 'measure': 4, 'barrier': 1}"
test_kernel,65,2,qksvc,807,4,4,3,12,"{'ry': 8, 'measure': 4, 'barrier': 1}"
test_kernel,65,3,qksvc,808,4,4,3,12,"{'ry': 8, 'measure': 4, 'barrier': 1}"
test_kernel,65,4,qksvc,809,4,4,3,12,"{'ry': 8, 'measure': 4, 'barrier': 1}"
test_kernel,65,5,qksvc,810,4,4,3,12,"{'ry': 8, 'measure': 4, 'barrier': 1}"
test_kernel,65,6,qksvc,811,4,4,3,12,"{'ry': 8, 'measure': 4, 'barrier': 1}"
test_kernel,65,7,qksvc,812,4,4,3,12,"{'ry': 8, 'measure': 4, 'barrier': 1}"
test_kernel,65,8,qksvc,813,4,4,3,12,"{'ry': 8, 'measure': 4, 'barrier': 1}"
test_kernel,65,9,qksvc,814,4,4,3,12,"{'ry': 8, 'measure': 4, 'barrier': 1}"
test_kernel,66,0,qksvc,815,4,4,3,12,"{'ry': 8, 'measure': 4, 'barrier': 1}"
test_kernel,66,1,qksvc,816,4,4,3,12,"{'ry': 8, 'measure': 4, 'barrier': 1}"
test_kernel,66,2,qksvc,817,4,4,3,12,"{'ry': 8, 'measure': 4, 'barrier': 1}"
test_kernel,66,3,qksvc,818,4,4,3,12,"{'ry': 8, 'measure': 4, 'barrier': 1}"
test_kernel,66,4,qksvc,819,4,4,3,12,"{'ry': 8, 'measure': 4, 'barrier': 1}"
test_kernel,66,5,qksvc,820,4,4,3,12,"{'ry': 8, 'measure': 4, 'barrier': 1}"
test_kernel,66,6,qksvc,821,4,4,3,12,"{'ry': 8, 'measure': 4, 'barrier': 1}"
test_kernel,66,7,qksvc,822,4,4,3,12,"{'ry': 8, 'measure': 4, 'barrier': 1}"
test_kernel,66,8,qksvc,823,4,4,3,12,"{'ry': 8, 'measure': 4, 'barrier': 1}"
test_kernel,66,9,qksvc,824,4,4,3,12,"{'ry': 8, 'measure': 4, 'barrier': 1}"
test_kernel,67,0,qksvc,825,4,4,3,12,"{'ry': 8, 'measure': 4, 'barrier': 1}"
test_kernel,67,1,qksvc,826,4,4,3,12,"{'ry': 8, 'measure': 4, 'barrier': 1}"
test_kernel,67,2,qksvc,827,4,4,3,12,"{'ry': 8, 'measure': 4, 'barrier': 1}"
test_kernel,67,3,qksvc,828,4,4,3,12,"{'ry': 8, 'measure': 4, 'barrier': 1}"
test_kernel,67,4,qksvc,829,4,4,3,12,"{'ry': 8, 'measure': 4, 'barrier': 1}"
test_kernel,67,5,qksvc,830,4,4,3,12,"{'ry': 8, 'measure': 4, 'barrier': 1}"
test_kernel,67,6,qksvc,831,4,4,3,12,"{'ry': 8, 'measure': 4, 'barrier': 1}"
test_kernel,67,7,qksvc,832,4,4,3,12,"{'ry': 8, 'measure': 4, 'barrier': 1}"
test_kernel,67,8,qksvc,833,4,4,3,12,"{'ry': 8, 'measure': 4, 'barrier': 1}"
test_kernel,67,9,qksvc,834,4,4,3,12,"{'ry': 8, 'measure': 4, 'barrier': 1}"
test_kernel,68,0,qksvc,835,4,4,3,12,"{'ry': 8, 'measure': 4, 'barrier': 1}"
test_kernel,68,1,qksvc,836,4,4,3,12,"{'ry': 8, 'measure': 4, 'barrier': 1}"
test_kernel,68,2,qksvc,837,4,4,3,12,"{'ry': 8, 'measure': 4, 'barrier': 1}"
test_kernel,68,3,qksvc,838,4,4,3,12,"{'ry': 8, 'measure': 4, 'barrier': 1}"
test_kernel,68,4,qksvc,839,4,4,3,12,"{'ry': 8, 'measure': 4, 'barrier': 1}"
test_kernel,68,5,qksvc,840,4,4,3,12,"{'ry': 8, 'measure': 4, 'barrier': 1}"
test_kernel,68,6,qksvc,841,4,4,3,12,"{'ry': 8, 'measure': 4, 'barrier': 1}"
test_kernel,68,7,qksvc,842,4,4,3,12,"{'ry': 8, 'measure': 4, 'barrier': 1}"
test_kernel,68,8,qksvc,843,4,4,3,12,"{'ry': 8, 'measure': 4, 'barrier': 1}"
test_kernel,68,9,qksvc,844,4,4,3,12,"{'ry': 8, 'measure': 4, 'barrier': 1}"
test_kernel,69,0,qksvc,845,4,4,3,12,"{'ry': 8, 'measure': 4, 'barrier': 1}"
test_kernel,69,1,qksvc,846,4,4,3,12,"{'ry': 8, 'measure': 4, 'barrier': 1}"
test_kernel,69,2,qksvc,847,4,4,3,12,"{'ry': 8, 'measure': 4, 'barrier': 1}"
test_kernel,69,3,qksvc,848,4,4,3,12,"{'ry': 8, 'measure': 4, 'barrier': 1}"
test_kernel,69,4,qksvc,849,4,4,3,12,"{'ry': 8, 'measure': 4, 'barrier': 1}"
test_kernel,69,5,qksvc,850,4,4,3,12,"{'ry': 8, 'measure': 4, 'barrier': 1}"
test_kernel,69,6,qksvc,851,4,4,3,12,"{'ry': 8, 'measure': 4, 'barrier': 1}"
test_kernel,69,7,qksvc,852,4,4,3,12,"{'ry': 8, 'measure': 4, 'barrier': 1}"
test_kernel,69,8,qksvc,853,4,4,3,12,"{'ry': 8, 'measure': 4, 'barrier': 1}"
test_kernel,69,9,qksvc,854,4,4,3,12,"{'ry': 8, 'measure': 4, 'barrier': 1}"
test_kernel,70,0,qksvc,855,4,4,3,12,"{'ry': 8, 'measure': 4, 'barrier': 1}"
test_kernel,70,1,qksvc,856,4,4,3,12,"{'ry': 8, 'measure': 4, 'barrier': 1}"
test_kernel,70,2,qksvc,857,4,4,3,12,"{'ry': 8, 'measure': 4, 'barrier': 1}"
test_kernel,70,3,qksvc,858,4,4,3,12,"{'ry': 8, 'measure': 4, 'barrier': 1}"
test_kernel,70,4,qksvc,859,4,4,3,12,"{'ry': 8, 'measure': 4, 'barrier': 1}"
test_kernel,70,5,qksvc,860,4,4,3,12,"{'ry': 8, 'measure': 4, 'barrier': 1}"
test_kernel,70,6,qksvc,861,4,4,3,12,"{'ry': 8, 'measure': 4, 'barrier': 1}"
test_kernel,70,7,qksvc,862,4,4,3,12,"{'ry': 8, 'measure': 4, 'barrier': 1}"
test_kernel,70,8,qksvc,863,4,4,3,12,"{'ry': 8, 'measure': 4, 'barrier': 1}"
test_kernel,70,9,qksvc,864,4,4,3,12,"{'ry': 8, 'measure': 4, 'barrier': 1}"
test_kernel,71,0,qksvc,865,4,4,3,12,"{'ry': 8, 'measure': 4, 'barrier': 1}"
test_kernel,71,1,qksvc,866,4,4,3,12,"{'ry': 8, 'measure': 4, 'barrier': 1}"
test_kernel,71,2,qksvc,867,4,4,3,12,"{'ry': 8, 'measure': 4, 'barrier': 1}"
test_kernel,71,3,qksvc,868,4,4,3,12,"{'ry': 8, 'measure': 4, 'barrier': 1}"
test_kernel,71,4,qksvc,869,4,4,3,12,"{'ry': 8, 'measure': 4, 'barrier': 1}"
test_kernel,71,5,qksvc,870,4,4,3,12,"{'ry': 8, 'measure': 4, 'barrier': 1}"
test_kernel,71,6,qksvc,871,4,4,3,12,"{'ry': 8, 'measure': 4, 'barrier': 1}"
test_kernel,71,7,qksvc,872,4,4,3,12,"{'ry': 8, 'measure': 4, 'barrier': 1}"
test_kernel,71,8,qksvc,873,4,4,3,12,"{'ry': 8, 'measure': 4, 'barrier': 1}"
test_kernel,71,9,qksvc,874,4,4,3,12,"{'ry': 8, 'measure': 4, 'barrier': 1}"
test_kernel,72,0,qksvc,875,4,4,3,12,"{'ry': 8, 'measure': 4, 'barrier': 1}"
test_kernel,72,1,qksvc,876,4,4,3,12,"{'ry': 8, 'measure': 4, 'barrier': 1}"
test_kernel,72,2,qksvc,877,4,4,3,12,"{'ry': 8, 'measure': 4, 'barrier': 1}"
test_kernel,72,3,qksvc,878,4,4,3,12,"{'ry': 8, 'measure': 4, 'barrier': 1}"
test_kernel,72,4,qksvc,879,4,4,3,12,"{'ry': 8, 'measure': 4, 'barrier': 1}"
test_kernel,72,5,qksvc,880,4,4,3,12,"{'ry': 8, 'measure': 4, 'barrier': 1}"
test_kernel,72,6,qksvc,881,4,4,3,12,"{'ry': 8, 'measure': 4, 'barrier': 1}"
test_kernel,72,7,qksvc,882,4,4,3,12,"{'ry': 8, 'measure': 4, 'barrier': 1}"
test_kernel,72,8,qksvc,883,4,4,3,12,"{'ry': 8, 'measure': 4, 'barrier': 1}"
test_kernel,72,9,qksvc,884,4,4,3,12,"{'ry': 8, 'measure': 4, 'barrier': 1}"
test_kernel,73,0,qksvc,885,4,4,3,12,"{'ry': 8, 'measure': 4, 'barrier': 1}"
test_kernel,73,1,qksvc,886,4,4,3,12,"{'ry': 8, 'measure': 4, 'barrier': 1}"
test_kernel,73,2,qksvc,887,4,4,3,12,"{'ry': 8, 'measure': 4, 'barrier': 1}"
test_kernel,73,3,qksvc,888,4,4,3,12,"{'ry': 8, 'measure': 4, 'barrier': 1}"
test_kernel,73,4,qksvc,889,4,4,3,12,"{'ry': 8, 'measure': 4, 'barrier': 1}"
test_kernel,73,5,qksvc,890,4,4,3,12,"{'ry': 8, 'measure': 4, 'barrier': 1}"
test_kernel,73,6,qksvc,891,4,4,3,12,"{'ry': 8, 'measure': 4, 'barrier': 1}"
test_kernel,73,7,qksvc,892,4,4,3,12,"{'ry': 8, 'measure': 4, 'barrier': 1}"
test_kernel,73,8,qksvc,893,4,4,3,12,"{'ry': 8, 'measure': 4, 'barrier': 1}"
test_kernel,73,9,qksvc,894,4,4,3,12,"{'ry': 8, 'measure': 4, 'barrier': 1}"
test_kernel,74,0,qksvc,895,4,4,3,12,"{'ry': 8, 'measure': 4, 'barrier': 1}"
test_kernel,74,1,qksvc,896,4,4,3,12,"{'ry': 8, 'measure': 4, 'barrier': 1}"
test_kernel,74,2,qksvc,897,4,4,3,12,"{'ry': 8, 'measure': 4, 'barrier': 1}"
test_kernel,74,3,qksvc,898,4,4,3,12,"{'ry': 8, 'measure': 4, 'barrier': 1}"
test_kernel,74,4,qksvc,899,4,4,3,12,"{'ry': 8, 'measure': 4, 'barrier': 1}"
test_kernel,74,5,qksvc,900,4,4,3,12,"{'ry': 8, 'measure': 4, 'barrier': 1}"
test_kernel,74,6,qksvc,901,4,4,3,12,"{'ry': 8, 'measure': 4, 'barrier': 1}"
test_kernel,74,7,qksvc,902,4,4,3,12,"{'ry': 8, 'measure': 4, 'barrier': 1}"
test_kernel,74,8,qksvc,903,4,4,3,12,"{'ry': 8, 'measure': 4, 'barrier': 1}"
test_kernel,74,9,qksvc,904,4,4,3,12,"{'ry': 8, 'measure': 4, 'barrier': 1}"
test_kernel,75,0,qksvc,905,4,4,3,12,"{'ry': 8, 'measure': 4, 'barrier': 1}"
test_kernel,75,1,qksvc,906,4,4,3,12,"{'ry': 8, 'measure': 4, 'barrier': 1}"
test_kernel,75,2,qksvc,907,4,4,3,12,"{'ry': 8, 'measure': 4, 'barrier': 1}"
test_kernel,75,3,qksvc,908,4,4,3,12,"{'ry': 8, 'measure': 4, 'barrier': 1}"
test_kernel,75,4,qksvc,909,4,4,3,12,"{'ry': 8, 'measure': 4, 'barrier': 1}"
test_kernel,75,5,qksvc,910,4,4,3,12,"{'ry': 8, 'measure': 4, 'barrier': 1}"
test_kernel,75,6,qksvc,911,4,4,3,12,"{'ry': 8, 'measure': 4, 'barrier': 1}"
test_kernel,75,7,qksvc,912,4,4,3,12,"{'ry': 8, 'measure': 4, 'barrier': 1}"
test_kernel,75,8,qksvc,913,4,4,3,12,"{'ry': 8, 'measure': 4, 'barrier': 1}"
test_kernel,75,9,qksvc,914,4,4,3,12,"{'ry': 8, 'measure': 4, 'barrier': 1}"
test_kernel,76,0,qksvc,915,4,4,3,12,"{'ry': 8, 'measure': 4, 'barrier': 1}"
test_kernel,76,1,qksvc,916,4,4,3,12,"{'ry': 8, 'measure': 4, 'barrier': 1}"
test_kernel,76,2,qksvc,917,4,4,3,12,"{'ry': 8, 'measure': 4, 'barrier': 1}"
test_kernel,76,3,qksvc,918,4,4,3,12,"{'ry': 8, 'measure': 4, 'barrier': 1}"
test_kernel,76,4,qksvc,919,4,4,3,12,"{'ry': 8, 'measure': 4, 'barrier': 1}"
test_kernel,76,5,qksvc,920,4,4,3,12,"{'ry': 8, 'measure': 4, 'barrier': 1}"
test_kernel,76,6,qksvc,921,4,4,3,12,"{'ry': 8, 'measure': 4, 'barrier': 1}"
test_kernel,76,7,qksvc,922,4,4,3,12,"{'ry': 8, 'measure': 4, 'barrier': 1}"
test_kernel,76,8,qksvc,923,4,4,3,12,"{'ry': 8, 'measure': 4, 'barrier': 1}"
test_kernel,76,9,qksvc,924,4,4,3,12,"{'ry': 8, 'measure': 4, 'barrier': 1}"
test_kernel,77,0,qksvc,925,4,4,3,12,"{'ry': 8, 'measure': 4, 'barrier': 1}"
test_kernel,77,1,qksvc,926,4,4,3,12,"{'ry': 8, 'measure': 4, 'barrier': 1}"
test_kernel,77,2,qksvc,927,4,4,3,12,"{'ry': 8, 'measure': 4, 'barrier': 1}"
test_kernel,77,3,qksvc,928,4,4,3,12,"{'ry': 8, 'measure': 4, 'barrier': 1}"
test_kernel,77,4,qksvc,929,4,4,3,12,"{'ry': 8, 'measure': 4, 'barrier': 1}"
test_kernel,77,5,qksvc,930,4,4,3,12,"{'ry': 8, 'measure': 4, 'barrier': 1}"
test_kernel,77,6,qksvc,931,4,4,3,12,"{'ry': 8, 'measure': 4, 'barrier': 1}"
test_kernel,77,7,qksvc,932,4,4,3,12,"{'ry': 8, 'measure': 4, 'barrier': 1}"
test_kernel,77,8,qksvc,933,4,4,3,12,"{'ry': 8, 'measure': 4, 'barrier': 1}"
test_kernel,77,9,qksvc,934,4,4,3,12,"{'ry': 8, 'measure': 4, 'barrier': 1}"
test_kernel,78,0,qksvc,935,4,4,3,12,"{'ry': 8, 'measure': 4, 'barrier': 1}"
test_kernel,78,1,qksvc,936,4,4,3,12,"{'ry': 8, 'measure': 4, 'barrier': 1}"
test_kernel,78,2,qksvc,937,4,4,3,12,"{'ry': 8, 'measure': 4, 'barrier': 1}"
test_kernel,78,3,qksvc,938,4,4,3,12,"{'ry': 8, 'measure': 4, 'barrier': 1}"
test_kernel,78,4,qksvc,939,4,4,3,12,"{'ry': 8, 'measure': 4, 'barrier': 1}"
test_kernel,78,5,qksvc,940,4,4,3,12,"{'ry': 8, 'measure': 4, 'barrier': 1}"
test_kernel,78,6,qksvc,941,4,4,3,12,"{'ry': 8, 'measure': 4, 'barrier': 1}"
test_kernel,78,7,qksvc,942,4,4,3,12,"{'ry': 8, 'measure': 4, 'barrier': 1}"
test_kernel,78,8,qksvc,943,4,4,3,12,"{'ry': 8, 'measure': 4, 'barrier': 1}"
test_kernel,78,9,qksvc,944,4,4,3,12,"{'ry': 8, 'measure': 4, 'barrier': 1}"
test_kernel,79,0,qksvc,945,4,4,3,12,"{'ry': 8, 'measure': 4, 'barrier': 1}"
test_kernel,79,1,qksvc,946,4,4,3,12,"{'ry': 8, 'measure': 4, 'barrier': 1}"
test_kernel,79,2,qksvc,947,4,4,3,12,"{'ry': 8, 'measure': 4, 'barrier': 1}"
test_kernel,79,3,qksvc,948,4,4,3,12,"{'ry': 8, 'measure': 4, 'barrier': 1}"
test_kernel,79,4,qksvc,949,4,4,3,12,"{'ry': 8, 'measure': 4, 'barrier': 1}"
test_kernel,79,5,qksvc,950,4,4,3,12,"{'ry': 8, 'measure': 4, 'barrier': 1}"
test_kernel,79,6,qksvc,951,4,4,3,12,"{'ry': 8, 'measure': 4, 'barrier': 1}"
test_kernel,79,7,qksvc,952,4,4,3,12,"{'ry': 8, 'measure': 4, 'barrier': 1}"
test_kernel,79,8,qksvc,953,4,4,3,12,"{'ry': 8, 'measure': 4, 'barrier': 1}"
test_kernel,79,9,qksvc,954,4,4,3,12,"{'ry': 8, 'measure': 4, 'barrier': 1}"
test_kernel,80,0,qksvc,955,4,4,3,12,"{'ry': 8, 'measure': 4, 'barrier': 1}"
test_kernel,80,1,qksvc,956,4,4,3,12,"{'ry': 8, 'measure': 4, 'barrier': 1}"
test_kernel,80,2,qksvc,957,4,4,3,12,"{'ry': 8, 'measure': 4, 'barrier': 1}"
test_kernel,80,3,qksvc,958,4,4,3,12,"{'ry': 8, 'measure': 4, 'barrier': 1}"
test_kernel,80,4,qksvc,959,4,4,3,12,"{'ry': 8, 'measure': 4, 'barrier': 1}"
test_kernel,80,5,qksvc,960,4,4,3,12,"{'ry': 8, 'measure': 4, 'barrier': 1}"
test_kernel,80,6,qksvc,961,4,4,3,12,"{'ry': 8, 'measure': 4, 'barrier': 1}"
test_kernel,80,7,qksvc,962,4,4,3,12,"{'ry': 8, 'measure': 4, 'barrier': 1}"
test_kernel,80,8,qksvc,963,4,4,3,12,"{'ry': 8, 'measure': 4, 'barrier': 1}"
test_kernel,80,9,qksvc,964,4,4,3,12,"{'ry': 8, 'measure': 4, 'barrier': 1}"
test_kernel,81,0,qksvc,965,4,4,3,12,"{'ry': 8, 'measure': 4, 'barrier': 1}"
test_kernel,81,1,qksvc,966,4,4,3,12,"{'ry': 8, 'measure': 4, 'barrier': 1}"
test_kernel,81,2,qksvc,967,4,4,3,12,"{'ry': 8, 'measure': 4, 'barrier': 1}"
test_kernel,81,3,qksvc,968,4,4,3,12,"{'ry': 8, 'measure': 4, 'barrier': 1}"
test_kernel,81,4,qksvc,969,4,4,3,12,"{'ry': 8, 'measure': 4, 'barrier': 1}"
test_kernel,81,5,qksvc,970,4,4,3,12,"{'ry': 8, 'measure': 4, 'barrier': 1}"
test_kernel,81,6,qksvc,971,4,4,3,12,"{'ry': 8, 'measure': 4, 'barrier': 1}"
test_kernel,81,7,qksvc,972,4,4,3,12,"{'ry': 8, 'measure': 4, 'barrier': 1}"
test_kernel,81,8,qksvc,973,4,4,3,12,"{'ry': 8, 'measure': 4, 'barrier': 1}"
test_kernel,81,9,qksvc,974,4,4,3,12,"{'ry': 8, 'measure': 4, 'barrier': 1}"
test_kernel,82,0,qksvc,975,4,4,3,12,"{'ry': 8, 'measure': 4, 'barrier': 1}"
test_kernel,82,1,qksvc,976,4,4,3,12,"{'ry': 8, 'measure': 4, 'barrier': 1}"
test_kernel,82,2,qksvc,977,4,4,3,12,"{'ry': 8, 'measure': 4, 'barrier': 1}"
test_kernel,82,3,qksvc,978,4,4,3,12,"{'ry': 8, 'measure': 4, 'barrier': 1}"
test_kernel,82,4,qksvc,979,4,4,3,12,"{'ry': 8, 'measure': 4, 'barrier': 1}"
test_kernel,82,5,qksvc,980,4,4,3,12,"{'ry': 8, 'measure': 4, 'barrier': 1}"
test_kernel,82,6,qksvc,981,4,4,3,12,"{'ry': 8, 'measure': 4, 'barrier': 1}"
test_kernel,82,7,qksvc,982,4,4,3,12,"{'ry': 8, 'measure': 4, 'barrier': 1}"
test_kernel,82,8,qksvc,983,4,4,3,12,"{'ry': 8, 'measure': 4, 'barrier': 1}"
test_kernel,82,9,qksvc,984,4,4,3,12,"{'ry': 8, 'measure': 4, 'barrier': 1}"
test_kernel,83,0,qksvc,985,4,4,3,12,"{'ry': 8, 'measure': 4, 'barrier': 1}"
test_kernel,83,1,qksvc,986,4,4,3,12,"{'ry': 8, 'measure': 4, 'barrier': 1}"
test_kernel,83,2,qksvc,987,4,4,3,12,"{'ry': 8, 'measure': 4, 'barrier': 1}"
test_kernel,83,3,qksvc,988,4,4,3,12,"{'ry': 8, 'measure': 4, 'barrier': 1}"
test_kernel,83,4,qksvc,989,4,4,3,12,"{'ry': 8, 'measure': 4, 'barrier': 1}"
test_kernel,83,5,qksvc,990,4,4,3,12,"{'ry': 8, 'measure': 4, 'barrier': 1}"
test_kernel,83,6,qksvc,991,4,4,3,12,"{'ry': 8, 'measure': 4, 'barrier': 1}"
test_kernel,83,7,qksvc,992,4,4,3,12,"{'ry': 8, 'measure': 4, 'barrier': 1}"
test_kernel,83,8,qksvc,993,4,4,3,12,"{'ry': 8, 'measure': 4, 'barrier': 1}"
test_kernel,83,9,qksvc,994,4,4,3,12,"{'ry': 8, 'measure': 4, 'barrier': 1}"
test_kernel,84,0,qksvc,995,4,4,3,12,"{'ry': 8, 'measure': 4, 'barrier': 1}"
test_kernel,84,1,qksvc,996,4,4,3,12,"{'ry': 8, 'measure': 4, 'barrier': 1}"
test_kernel,84,2,qksvc,997,4,4,3,12,"{'ry': 8, 'measure': 4, 'barrier': 1}"
test_kernel,84,3,qksvc,998,4,4,3,12,"{'ry': 8, 'measure': 4, 'barrier': 1}"
test_kernel,84,4,qksvc,999,4,4,3,12,"{'ry': 8, 'measure': 4, 'barrier': 1}"
test_kernel,84,5,qksvc,1000,4,4,3,12,"{'ry': 8, 'measure': 4, 'barrier': 1}"
test_kernel,84,6,qksvc,1001,4,4,3,12,"{'ry': 8, 'measure': 4, 'barrier': 1}"
test_kernel,84,7,qksvc,1002,4,4,3,12,"{'ry': 8, 'measure': 4, 'barrier': 1}"
test_kernel,84,8,qksvc,1003,4,4,3,12,"{'ry': 8, 'measure': 4, 'barrier': 1}"
test_kernel,84,9,qksvc,1004,4,4,3,12,"{'ry': 8, 'measure': 4, 'barrier': 1}"
test_kernel,85,0,qksvc,1005,4,4,3,12,"{'ry': 8, 'measure': 4, 'barrier': 1}"
test_kernel,85,1,qksvc,1006,4,4,3,12,"{'ry': 8, 'measure': 4, 'barrier': 1}"
test_kernel,85,2,qksvc,1007,4,4,3,12,"{'ry': 8, 'measure': 4, 'barrier': 1}"
test_kernel,85,3,qksvc,1008,4,4,3,12,"{'ry': 8, 'measure': 4, 'barrier': 1}"
test_kernel,85,4,qksvc,1009,4,4,3,12,"{'ry': 8, 'measure': 4, 'barrier': 1}"
test_kernel,85,5,qksvc,1010,4,4,3,12,"{'ry': 8, 'measure': 4, 'barrier': 1}"
test_kernel,85,6,qksvc,1011,4,4,3,12,"{'ry': 8, 'measure': 4, 'barrier': 1}"
test_kernel,85,7,qksvc,1012,4,4,3,12,"{'ry': 8, 'measure': 4, 'barrier': 1}"
test_kernel,85,8,qksvc,1013,4,4,3,12,"{'ry': 8, 'measure': 4, 'barrier': 1}"
test_kernel,85,9,qksvc,1014,4,4,3,12,"{'ry': 8, 'measure': 4, 'barrier': 1}"
test_kernel,86,0,qksvc,1015,4,4,3,12,"{'ry': 8, 'measure': 4, 'barrier': 1}"
test_kernel,86,1,qksvc,1016,4,4,3,12,"{'ry': 8, 'measure': 4, 'barrier': 1}"
test_kernel,86,2,qksvc,1017,4,4,3,12,"{'ry': 8, 'measure': 4, 'barrier': 1}"
test_kernel,86,3,qksvc,1018,4,4,3,12,"{'ry': 8, 'measure': 4, 'barrier': 1}"
test_kernel,86,4,qksvc,1019,4,4,3,12,"{'ry': 8, 'measure': 4, 'barrier': 1}"
test_kernel,86,5,qksvc,1020,4,4,3,12,"{'ry': 8, 'measure': 4, 'barrier': 1}"
test_kernel,86,6,qksvc,1021,4,4,3,12,"{'ry': 8, 'measure': 4, 'barrier': 1}"
test_kernel,86,7,qksvc,1022,4,4,3,12,"{'ry': 8, 'measure': 4, 'barrier': 1}"
test_kernel,86,8,qksvc,1023,4,4,3,12,"{'ry': 8, 'measure': 4, 'barrier': 1}"
test_kernel,86,9,qksvc,1024,4,4,3,12,"{'ry': 8, 'measure': 4, 'barrier': 1}"
test_kernel,87,0,qksvc,1025,4,4,3,12,"{'ry': 8, 'measure': 4, 'barrier': 1}"
test_kernel,87,1,qksvc,1026,4,4,3,12,"{'ry': 8, 'measure': 4, 'barrier': 1}"
test_kernel,87,2,qksvc,1027,4,4,3,12,"{'ry': 8, 'measure': 4, 'barrier': 1}"
test_kernel,87,3,qksvc,1028,4,4,3,12,"{'ry': 8, 'measure': 4, 'barrier': 1}"
test_kernel,87,4,qksvc,1029,4,4,3,12,"{'ry': 8, 'measure': 4, 'barrier': 1}"
test_kernel,87,5,qksvc,1030,4,4,3,12,"{'ry': 8, 'measure': 4, 'barrier': 1}"
test_kernel,87,6,qksvc,1031,4,4,3,12,"{'ry': 8, 'measure': 4, 'barrier': 1}"
test_kernel,87,7,qksvc,1032,4,4,3,12,"{'ry': 8, 'measure': 4, 'barrier': 1}"
test_kernel,87,8,qksvc,1033,4,4,3,12,"{'ry': 8, 'measure': 4, 'barrier': 1}"
test_kernel,87,9,qksvc,1034,4,4,3,12,"{'ry': 8, 'measure': 4, 'barrier': 1}"
test_kernel,88,0,qksvc,1035,4,4,3,12,"{'ry': 8, 'measure': 4, 'barrier': 1}"
test_kernel,88,1,qksvc,1036,4,4,3,12,"{'ry': 8, 'measure': 4, 'barrier': 1}"
test_kernel,88,2,qksvc,1037,4,4,3,12,"{'ry': 8, 'measure': 4, 'barrier': 1}"
test_kernel,88,3,qksvc,1038,4,4,3,12,"{'ry': 8, 'measure': 4, 'barrier': 1}"
test_kernel,88,4,qksvc,1039,4,4,3,12,"{'ry': 8, 'measure': 4, 'barrier': 1}"
test_kernel,88,5,qksvc,1040,4,4,3,12,"{'ry': 8, 'measure': 4, 'barrier': 1}"
test_kernel,88,6,qksvc,1041,4,4,3,12,"{'ry': 8, 'measure': 4, 'barrier': 1}"
test_kernel,88,7,qksvc,1042,4,4,3,12,"{'ry': 8, 'measure': 4, 'barrier': 1}"
test_kernel,88,8,qksvc,1043,4,4,3,12,"{'ry': 8, 'measure': 4, 'barrier': 1}"
test_kernel,88,9,qksvc,1044,4,4,3,12,"{'ry': 8, 'measure': 4, 'barrier': 1}"
test_kernel,89,0,qksvc,1045,4,4,3,12,"{'ry': 8, 'measure': 4, 'barrier': 1}"
test_kernel,89,1,qksvc,1046,4,4,3,12,"{'ry': 8, 'measure': 4, 'barrier': 1}"
test_kernel,89,2,qksvc,1047,4,4,3,12,"{'ry': 8, 'measure': 4, 'barrier': 1}"
test_kernel,89,3,qksvc,1048,4,4,3,12,"{'ry': 8, 'measure': 4, 'barrier': 1}"
test_kernel,89,4,qksvc,1049,4,4,3,12,"{'ry': 8, 'measure': 4, 'barrier': 1}"
test_kernel,89,5,qksvc,1050,4,4,3,12,"{'ry': 8, 'measure': 4, 'barrier': 1}"
test_kernel,89,6,qksvc,1051,4,4,3,12,"{'ry': 8, 'measure': 4, 'barrier': 1}"
test_kernel,89,7,qksvc,1052,4,4,3,12,"{'ry': 8, 'measure': 4, 'barrier': 1}"
test_kernel,89,8,qksvc,1053,4,4,3,12,"{'ry': 8, 'measure': 4, 'barrier': 1}"
test_kernel,89,9,qksvc,1054,4,4,3,12,"{'ry': 8, 'measure': 4, 'barrier': 1}"
test_kernel,90,0,qksvc,1055,4,4,3,12,"{'ry': 8, 'measure': 4, 'barrier': 1}"
test_kernel,90,1,qksvc,1056,4,4,3,12,"{'ry': 8, 'measure': 4, 'barrier': 1}"
test_kernel,90,2,qksvc,1057,4,4,3,12,"{'ry': 8, 'measure': 4, 'barrier': 1}"
test_kernel,90,3,qksvc,1058,4,4,3,12,"{'ry': 8, 'measure': 4, 'barrier': 1}"
test_kernel,90,4,qksvc,1059,4,4,3,12,"{'ry': 8, 'measure': 4, 'barrier': 1}"
test_kernel,90,5,qksvc,1060,4,4,3,12,"{'ry': 8, 'measure': 4, 'barrier': 1}"
test_kernel,90,6,qksvc,1061,4,4,3,12,"{'ry': 8, 'measure': 4, 'barrier': 1}"
test_kernel,90,7,qksvc,1062,4,4,3,12,"{'ry': 8, 'measure': 4, 'barrier': 1}"
test_kernel,90,8,qksvc,1063,4,4,3,12,"{'ry': 8, 'measure': 4, 'barrier': 1}"
test_kernel,90,9,qksvc,1064,4,4,3,12,"{'ry': 8, 'measure': 4, 'barrier': 1}"
test_kernel,91,0,qksvc,1065,4,4,3,12,"{'ry': 8, 'measure': 4, 'barrier': 1}"
test_kernel,91,1,qksvc,1066,4,4,3,12,"{'ry': 8, 'measure': 4, 'barrier': 1}"
test_kernel,91,2,qksvc,1067,4,4,3,12,"{'ry': 8, 'measure': 4, 'barrier': 1}"
test_kernel,91,3,qksvc,1068,4,4,3,12,"{'ry': 8, 'measure': 4, 'barrier': 1}"
test_kernel,91,4,qksvc,1069,4,4,3,12,"{'ry': 8, 'measure': 4, 'barrier': 1}"
test_kernel,91,5,qksvc,1070,4,4,3,12,"{'ry': 8, 'measure': 4, 'barrier': 1}"
test_kernel,91,6,qksvc,1071,4,4,3,12,"{'ry': 8, 'measure': 4, 'barrier': 1}"
test_kernel,91,7,qksvc,1072,4,4,3,12,"{'ry': 8, 'measure': 4, 'barrier': 1}"
test_kernel,91,8,qksvc,1073,4,4,3,12,"{'ry': 8, 'measure': 4, 'barrier': 1}"
test_kernel,91,9,qksvc,1074,4,4,3,12,"{'ry': 8, 'measure': 4, 'barrier': 1}"
test_kernel,92,0,qksvc,1075,4,4,3,12,"{'ry': 8, 'measure': 4, 'barrier': 1}"
test_kernel,92,1,qksvc,1076,4,4,3,12,"{'ry': 8, 'measure': 4, 'barrier': 1}"
test_kernel,92,2,qksvc,1077,4,4,3,12,"{'ry': 8, 'measure': 4, 'barrier': 1}"
test_kernel,92,3,qksvc,1078,4,4,3,12,"{'ry': 8, 'measure': 4, 'barrier': 1}"
test_kernel,92,4,qksvc,1079,4,4,3,12,"{'ry': 8, 'measure': 4, 'barrier': 1}"
test_kernel,92,5,qksvc,1080,4,4,3,12,"{'ry': 8, 'measure': 4, 'barrier': 1}"
test_kernel,92,6,qksvc,1081,4,4,3,12,"{'ry': 8, 'measure': 4, 'barrier': 1}"
test_kernel,92,7,qksvc,1082,4,4,3,12,"{'ry': 8, 'measure': 4, 'barrier': 1}"
test_kernel,92,8,qksvc,1083,4,4,3,12,"{'ry': 8, 'measure': 4, 'barrier': 1}"
test_kernel,92,9,qksvc,1084,4,4,3,12,"{'ry': 8, 'measure': 4, 'barrier': 1}"
test_kernel,93,0,qksvc,1085,4,4,3,12,"{'ry': 8, 'measure': 4, 'barrier': 1}"
test_kernel,93,1,qksvc,1086,4,4,3,12,"{'ry': 8, 'measure': 4, 'barrier': 1}"
test_kernel,93,2,qksvc,1087,4,4,3,12,"{'ry': 8, 'measure': 4, 'barrier': 1}"
test_kernel,93,3,qksvc,1088,4,4,3,12,"{'ry': 8, 'measure': 4, 'barrier': 1}"
test_kernel,93,4,qksvc,1089,4,4,3,12,"{'ry': 8, 'measure': 4, 'barrier': 1}"
test_kernel,93,5,qksvc,1090,4,4,3,12,"{'ry': 8, 'measure': 4, 'barrier': 1}"
test_kernel,93,6,qksvc,1091,4,4,3,12,"{'ry': 8, 'measure': 4, 'barrier': 1}"
test_kernel,93,7,qksvc,1092,4,4,3,12,"{'ry': 8, 'measure': 4, 'barrier': 1}"
test_kernel,93,8,qksvc,1093,4,4,3,12,"{'ry': 8, 'measure': 4, 'barrier': 1}"
test_kernel,93,9,qksvc,1094,4,4,3,12,"{'ry': 8, 'measure': 4, 'barrier': 1}"
test_kernel,94,0,qksvc,1095,4,4,3,12,"{'ry': 8, 'measure': 4, 'barrier': 1}"
test_kernel,94,1,qksvc,1096,4,4,3,12,"{'ry': 8, 'measure': 4, 'barrier': 1}"
test_kernel,94,2,qksvc,1097,4,4,3,12,"{'ry': 8, 'measure': 4, 'barrier': 1}"
test_kernel,94,3,qksvc,1098,4,4,3,12,"{'ry': 8, 'measure': 4, 'barrier': 1}"
test_kernel,94,4,qksvc,1099,4,4,3,12,"{'ry': 8, 'measure': 4, 'barrier': 1}"
test_kernel,94,5,qksvc,1100,4,4,3,12,"{'ry': 8, 'measure': 4, 'barrier': 1}"
test_kernel,94,6,qksvc,1101,4,4,3,12,"{'ry': 8, 'measure': 4, 'barrier': 1}"
test_kernel,94,7,qksvc,1102,4,4,3,12,"{'ry': 8, 'measure': 4, 'barrier': 1}"
test_kernel,94,8,qksvc,1103,4,4,3,12,"{'ry': 8, 'measure': 4, 'barrier': 1}"
test_kernel,94,9,qksvc,1104,4,4,3,12,"{'ry': 8, 'measure': 4, 'barrier': 1}"
test_kernel,95,0,qksvc,1105,4,4,3,12,"{'ry': 8, 'measure': 4, 'barrier': 1}"
test_kernel,95,1,qksvc,1106,4,4,3,12,"{'ry': 8, 'measure': 4, 'barrier': 1}"
test_kernel,95,2,qksvc,1107,4,4,3,12,"{'ry': 8, 'measure': 4, 'barrier': 1}"
test_kernel,95,3,qksvc,1108,4,4,3,12,"{'ry': 8, 'measure': 4, 'barrier': 1}"
test_kernel,95,4,qksvc,1109,4,4,3,12,"{'ry': 8, 'measure': 4, 'barrier': 1}"
test_kernel,95,5,qksvc,1110,4,4,3,12,"{'ry': 8, 'measure': 4, 'barrier': 1}"
test_kernel,95,6,qksvc,1111,4,4,3,12,"{'ry': 8, 'measure': 4, 'barrier': 1}"
test_kernel,95,7,qksvc,1112,4,4,3,12,"{'ry': 8, 'measure': 4, 'barrier': 1}"
test_kernel,95,8,qksvc,1113,4,4,3,12,"{'ry': 8, 'measure': 4, 'barrier': 1}"
test_kernel,95,9,qksvc,1114,4,4,3,12,"{'ry': 8, 'measure': 4, 'barrier': 1}"
test_kernel,96,0,qksvc,1115,4,4,3,12,"{'ry': 8, 'measure': 4, 'barrier': 1}"
test_kernel,96,1,qksvc,1116,4,4,3,12,"{'ry': 8, 'measure': 4, 'barrier': 1}"
test_kernel,96,2,qksvc,1117,4,4,3,12,"{'ry': 8, 'measure': 4, 'barrier': 1}"
test_kernel,96,3,qksvc,1118,4,4,3,12,"{'ry': 8, 'measure': 4, 'barrier': 1}"
test_kernel,96,4,qksvc,1119,4,4,3,12,"{'ry': 8, 'measure': 4, 'barrier': 1}"
test_kernel,96,5,qksvc,1120,4,4,3,12,"{'ry': 8, 'measure': 4, 'barrier': 1}"
test_kernel,96,6,qksvc,1121,4,4,3,12,"{'ry': 8, 'measure': 4, 'barrier': 1}"
test_kernel,96,7,qksvc,1122,4,4,3,12,"{'ry': 8, 'measure': 4, 'barrier': 1}"
test_kernel,96,8,qksvc,1123,4,4,3,12,"{'ry': 8, 'measure': 4, 'barrier': 1}"
test_kernel,96,9,qksvc,1124,4,4,3,12,"{'ry': 8, 'measure': 4, 'barrier': 1}"
test_kernel,97,0,qksvc,1125,4,4,3,12,"{'ry': 8, 'measure': 4, 'barrier': 1}"
test_kernel,97,1,qksvc,1126,4,4,3,12,"{'ry': 8, 'measure': 4, 'barrier': 1}"
test_kernel,97,2,qksvc,1127,4,4,3,12,"{'ry': 8, 'measure': 4, 'barrier': 1}"
test_kernel,97,3,qksvc,1128,4,4,3,12,"{'ry': 8, 'measure': 4, 'barrier': 1}"
test_kernel,97,4,qksvc,1129,4,4,3,12,"{'ry': 8, 'measure': 4, 'barrier': 1}"
test_kernel,97,5,qksvc,1130,4,4,3,12,"{'ry': 8, 'measure': 4, 'barrier': 1}"
test_kernel,97,6,qksvc,1131,4,4,3,12,"{'ry': 8, 'measure': 4, 'barrier': 1}"
test_kernel,97,7,qksvc,1132,4,4,3,12,"{'ry': 8, 'measure': 4, 'barrier': 1}"
test_kernel,97,8,qksvc,1133,4,4,3,12,"{'ry': 8, 'measure': 4, 'barrier': 1}"
test_kernel,97,9,qksvc,1134,4,4,3,12,"{'ry': 8, 'measure': 4, 'barrier': 1}"
test_kernel,98,0,qksvc,1135,4,4,3,12,"{'ry': 8, 'measure': 4, 'barrier': 1}"
test_kernel,98,1,qksvc,1136,4,4,3,12,"{'ry': 8, 'measure': 4, 'barrier': 1}"
test_kernel,98,2,qksvc,1137,4,4,3,12,"{'ry': 8, 'measure': 4, 'barrier': 1}"
test_kernel,98,3,qksvc,1138,4,4,3,12,"{'ry': 8, 'measure': 4, 'barrier': 1}"
test_kernel,98,4,qksvc,1139,4,4,3,12,"{'ry': 8, 'measure': 4, 'barrier': 1}"
test_kernel,98,5,qksvc,1140,4,4,3,12,"{'ry': 8, 'measure': 4, 'barrier': 1}"
test_kernel,98,6,qksvc,1141,4,4,3,12,"{'ry': 8, 'measure': 4, 'barrier': 1}"
test_kernel,98,7,qksvc,1142,4,4,3,12,"{'ry': 8, 'measure': 4, 'barrier': 1}"
test_kernel,98,8,qksvc,1143,4,4,3,12,"{'ry': 8, 'measure': 4, 'barrier': 1}"
test_kernel,98,9,qksvc,1144,4,4,3,12,"{'ry': 8, 'measure': 4, 'barrier': 1}"
test_kernel,99,0,qksvc,1145,4,4,3,12,"{'ry': 8, 'measure': 4, 'barrier': 1}"
test_kernel,99,1,qksvc,1146,4,4,3,12,"{'ry': 8, 'measure': 4, 'barrier': 1}"
test_kernel,99,2,qksvc,1147,4,4,3,12,"{'ry': 8, 'measure': 4, 'barrier': 1}"
test_kernel,99,3,qksvc,1148,4,4,3,12,"{'ry': 8, 'measure': 4, 'barrier': 1}"
test_kernel,99,4,qksvc,1149,4,4,3,12,"{'ry': 8, 'measure': 4, 'barrier': 1}"
test_kernel,99,5,qksvc,1150,4,4,3,12,"{'ry': 8, 'measure': 4, 'barrier': 1}"
test_kernel,99,6,qksvc,1151,4,4,3,12,"{'ry': 8, 'measure': 4, 'barrier': 1}"
test_kernel,99,7,qksvc,1152,4,4,3,12,"{'ry': 8, 'measure': 4, 'barrier': 1}"
test_kernel,99,8,qksvc,1153,4,4,3,12,"{'ry': 8, 'measure': 4, 'barrier': 1}"
test_kernel,99,9,qksvc,1154,4,4,3,12,"{'ry': 8, 'measure': 4, 'barrier': 1}"
test_kernel,100,0,qksvc,1155,4,4,3,12,"{'ry': 8, 'measure': 4, 'barrier': 1}"
test_kernel,100,1,qksvc,1156,4,4,3,12,"{'ry': 8, 'measure': 4, 'barrier': 1}"
test_kernel,100,2,qksvc,1157,4,4,3,12,"{'ry': 8, 'measure': 4, 'barrier': 1}"
test_kernel,100,3,qksvc,1158,4,4,3,12,"{'ry': 8, 'measure': 4, 'barrier': 1}"
test_kernel,100,4,qksvc,1159,4,4,3,12,"{'ry': 8, 'measure': 4, 'barrier': 1}"
test_kernel,100,5,qksvc,1160,4,4,3,12,"{'ry': 8, 'measure': 4, 'barrier': 1}"
test_kernel,100,6,qksvc,1161,4,4,3,12,"{'ry': 8, 'measure': 4, 'barrier': 1}"
test_kernel,100,7,qksvc,1162,4,4,3,12,"{'ry': 8, 'measure': 4, 'barrier': 1}"
test_kernel,100,8,qksvc,1163,4,4,3,12,"{'ry': 8, 'measure': 4, 'barrier': 1}"
test_kernel,100,9,qksvc,1164,4,4,3,12,"{'ry': 8, 'measure': 4, 'barrier': 1}"
test_kernel,101,0,qksvc,1165,4,4,3,12,"{'ry': 8, 'measure': 4, 'barrier': 1}"
test_kernel,101,1,qksvc,1166,4,4,3,12,"{'ry': 8, 'measure': 4, 'barrier': 1}"
test_kernel,101,2,qksvc,1167,4,4,3,12,"{'ry': 8, 'measure': 4, 'barrier': 1}"
test_kernel,101,3,qksvc,1168,4,4,3,12,"{'ry': 8, 'measure': 4, 'barrier': 1}"
test_kernel,101,4,qksvc,1169,4,4,3,12,"{'ry': 8, 'measure': 4, 'barrier': 1}"
test_kernel,101,5,qksvc,1170,4,4,3,12,"{'ry': 8, 'measure': 4, 'barrier': 1}"
test_kernel,101,6,qksvc,1171,4,4,3,12,"{'ry': 8, 'measure': 4, 'barrier': 1}"
test_kernel,101,7,qksvc,1172,4,4,3,12,"{'ry': 8, 'measure': 4, 'barrier': 1}"
test_kernel,101,8,qksvc,1173,4,4,3,12,"{'ry': 8, 'measure': 4, 'barrier': 1}"
test_kernel,101,9,qksvc,1174,4,4,3,12,"{'ry': 8, 'measure': 4, 'barrier': 1}"
test_kernel,102,0,qksvc,1175,4,4,3,12,"{'ry': 8, 'measure': 4, 'barrier': 1}"
test_kernel,102,1,qksvc,1176,4,4,3,12,"{'ry': 8, 'measure': 4, 'barrier': 1}"
test_kernel,102,2,qksvc,1177,4,4,3,12,"{'ry': 8, 'measure': 4, 'barrier': 1}"
test_kernel,102,3,qksvc,1178,4,4,3,12,"{'ry': 8, 'measure': 4, 'barrier': 1}"
test_kernel,102,4,qksvc,1179,4,4,3,12,"{'ry': 8, 'measure': 4, 'barrier': 1}"
test_kernel,102,5,qksvc,1180,4,4,3,12,"{'ry': 8, 'measure': 4, 'barrier': 1}"
test_kernel,102,6,qksvc,1181,4,4,3,12,"{'ry': 8, 'measure': 4, 'barrier': 1}"
test_kernel,102,7,qksvc,1182,4,4,3,12,"{'ry': 8, 'measure': 4, 'barrier': 1}"
test_kernel,102,8,qksvc,1183,4,4,3,12,"{'ry': 8, 'measure': 4, 'barrier': 1}"
test_kernel,102,9,qksvc,1184,4,4,3,12,"{'ry': 8, 'measure': 4, 'barrier': 1}"
test_kernel,103,0,qksvc,1185,4,4,3,12,"{'ry': 8, 'measure': 4, 'barrier': 1}"
test_kernel,103,1,qksvc,1186,4,4,3,12,"{'ry': 8, 'measure': 4, 'barrier': 1}"
test_kernel,103,2,qksvc,1187,4,4,3,12,"{'ry': 8, 'measure': 4, 'barrier': 1}"
test_kernel,103,3,qksvc,1188,4,4,3,12,"{'ry': 8, 'measure': 4, 'barrier': 1}"
test_kernel,103,4,qksvc,1189,4,4,3,12,"{'ry': 8, 'measure': 4, 'barrier': 1}"
test_kernel,103,5,qksvc,1190,4,4,3,12,"{'ry': 8, 'measure': 4, 'barrier': 1}"
test_kernel,103,6,qksvc,1191,4,4,3,12,"{'ry': 8, 'measure': 4, 'barrier': 1}"
test_kernel,103,7,qksvc,1192,4,4,3,12,"{'ry': 8, 'measure': 4, 'barrier': 1}"
test_kernel,103,8,qksvc,1193,4,4,3,12,"{'ry': 8, 'measure': 4, 'barrier': 1}"
test_kernel,103,9,qksvc,1194,4,4,3,12,"{'ry': 8, 'measure': 4, 'barrier': 1}"
test_kernel,104,0,qksvc,1195,4,4,3,12,"{'ry': 8, 'measure': 4, 'barrier': 1}"
test_kernel,104,1,qksvc,1196,4,4,3,12,"{'ry': 8, 'measure': 4, 'barrier': 1}"
test_kernel,104,2,qksvc,1197,4,4,3,12,"{'ry': 8, 'measure': 4, 'barrier': 1}"
test_kernel,104,3,qksvc,1198,4,4,3,12,"{'ry': 8, 'measure': 4, 'barrier': 1}"
test_kernel,104,4,qksvc,1199,4,4,3,12,"{'ry': 8, 'measure': 4, 'barrier': 1}"
test_kernel,104,5,qksvc,1200,4,4,3,12,"{'ry': 8, 'measure': 4, 'barrier': 1}"
test_kernel,104,6,qksvc,1201,4,4,3,12,"{'ry': 8, 'measure': 4, 'barrier': 1}"
test_kernel,104,7,qksvc,1202,4,4,3,12,"{'ry': 8, 'measure': 4, 'barrier': 1}"
test_kernel,104,8,qksvc,1203,4,4,3,12,"{'ry': 8, 'measure': 4, 'barrier': 1}"
test_kernel,104,9,qksvc,1204,4,4,3,12,"{'ry': 8, 'measure': 4, 'barrier': 1}"
test_kernel,105,0,qksvc,1205,4,4,3,12,"{'ry': 8, 'measure': 4, 'barrier': 1}"
test_kernel,105,1,qksvc,1206,4,4,3,12,"{'ry': 8, 'measure': 4, 'barrier': 1}"
test_kernel,105,2,qksvc,1207,4,4,3,12,"{'ry': 8, 'measure': 4, 'barrier': 1}"
test_kernel,105,3,qksvc,1208,4,4,3,12,"{'ry': 8, 'measure': 4, 'barrier': 1}"
test_kernel,105,4,qksvc,1209,4,4,3,12,"{'ry': 8, 'measure': 4, 'barrier': 1}"
test_kernel,105,5,qksvc,1210,4,4,3,12,"{'ry': 8, 'measure': 4, 'barrier': 1}"
test_kernel,105,6,qksvc,1211,4,4,3,12,"{'ry': 8, 'measure': 4, 'barrier': 1}"
test_kernel,105,7,qksvc,1212,4,4,3,12,"{'ry': 8, 'measure': 4, 'barrier': 1}"
test_kernel,105,8,qksvc,1213,4,4,3,12,"{'ry': 8, 'measure': 4, 'barrier': 1}"
test_kernel,105,9,qksvc,1214,4,4,3,12,"{'ry': 8, 'measure': 4, 'barrier': 1}"
test_kernel,106,0,qksvc,1215,4,4,3,12,"{'ry': 8, 'measure': 4, 'barrier': 1}"
test_kernel,106,1,qksvc,1216,4,4,3,12,"{'ry': 8, 'measure': 4, 'barrier': 1}"
test_kernel,106,2,qksvc,1217,4,4,3,12,"{'ry': 8, 'measure': 4, 'barrier': 1}"
test_kernel,106,3,qksvc,1218,4,4,3,12,"{'ry': 8, 'measure': 4, 'barrier': 1}"
test_kernel,106,4,qksvc,1219,4,4,3,12,"{'ry': 8, 'measure': 4, 'barrier': 1}"
test_kernel,106,5,qksvc,1220,4,4,3,12,"{'ry': 8, 'measure': 4, 'barrier': 1}"
test_kernel,106,6,qksvc,1221,4,4,3,12,"{'ry': 8, 'measure': 4, 'barrier': 1}"
test_kernel,106,7,qksvc,1222,4,4,3,12,"{'ry': 8, 'measure': 4, 'barrier': 1}"
test_kernel,106,8,qksvc,1223,4,4,3,12,"{'ry': 8, 'measure': 4, 'barrier': 1}"
test_kernel,106,9,qksvc,1224,4,4,3,12,"{'ry': 8, 'measure': 4, 'barrier': 1}"
test_kernel,107,0,qksvc,1225,4,4,3,12,"{'ry': 8, 'measure': 4, 'barrier': 1}"
test_kernel,107,1,qksvc,1226,4,4,3,12,"{'ry': 8, 'measure': 4, 'barrier': 1}"
test_kernel,107,2,qksvc,1227,4,4,3,12,"{'ry': 8, 'measure': 4, 'barrier': 1}"
test_kernel,107,3,qksvc,1228,4,4,3,12,"{'ry': 8, 'measure': 4, 'barrier': 1}"
test_kernel,107,4,qksvc,1229,4,4,3,12,"{'ry': 8, 'measure': 4, 'barrier': 1}"
test_kernel,107,5,qksvc,1230,4,4,3,12,"{'ry': 8, 'measure': 4, 'barrier': 1}"
test_kernel,107,6,qksvc,1231,4,4,3,12,"{'ry': 8, 'measure': 4, 'barrier': 1}"
test_kernel,107,7,qksvc,1232,4,4,3,12,"{'ry': 8, 'measure': 4, 'barrier': 1}"
test_kernel,107,8,qksvc,1233,4,4,3,12,"{'ry': 8, 'measure': 4, 'barrier': 1}"
test_kernel,107,9,qksvc,1234,4,4,3,12,"{'ry': 8, 'measure': 4, 'barrier': 1}"
test_kernel,108,0,qksvc,1235,4,4,3,12,"{'ry': 8, 'measure': 4, 'barrier': 1}"
test_kernel,108,1,qksvc,1236,4,4,3,12,"{'ry': 8, 'measure': 4, 'barrier': 1}"
test_kernel,108,2,qksvc,1237,4,4,3,12,"{'ry': 8, 'measure': 4, 'barrier': 1}"
test_kernel,108,3,qksvc,1238,4,4,3,12,"{'ry': 8, 'measure': 4, 'barrier': 1}"
test_kernel,108,4,qksvc,1239,4,4,3,12,"{'ry': 8, 'measure': 4, 'barrier': 1}"
test_kernel,108,5,qksvc,1240,4,4,3,12,"{'ry': 8, 'measure': 4, 'barrier': 1}"
test_kernel,108,6,qksvc,1241,4,4,3,12,"{'ry': 8, 'measure': 4, 'barrier': 1}"
test_kernel,108,7,qksvc,1242,4,4,3,12,"{'ry': 8, 'measure': 4, 'barrier': 1}"
test_kernel,108,8,qksvc,1243,4,4,3,12,"{'ry': 8, 'measure': 4, 'barrier': 1}"
test_kernel,108,9,qksvc,1244,4,4,3,12,"{'ry': 8, 'measure': 4, 'barrier': 1}"
test_kernel,109,0,qksvc,1245,4,4,3,12,"{'ry': 8, 'measure': 4, 'barrier': 1}"
test_kernel,109,1,qksvc,1246,4,4,3,12,"{'ry': 8, 'measure': 4, 'barrier': 1}"
test_kernel,109,2,qksvc,1247,4,4,3,12,"{'ry': 8, 'measure': 4, 'barrier': 1}"
test_kernel,109,3,qksvc,1248,4,4,3,12,"{'ry': 8, 'measure': 4, 'barrier': 1}"
test_kernel,109,4,qksvc,1249,4,4,3,12,"{'ry': 8, 'measure': 4, 'barrier': 1}"
test_kernel,109,5,qksvc,1250,4,4,3,12,"{'ry': 8, 'measure': 4, 'barrier': 1}"
test_kernel,109,6,qksvc,1251,4,4,3,12,"{'ry': 8, 'measure': 4, 'barrier': 1}"
test_kernel,109,7,qksvc,1252,4,4,3,12,"{'ry': 8, 'measure': 4, 'barrier': 1}"
test_kernel,109,8,qksvc,1253,4,4,3,12,"{'ry': 8, 'measure': 4, 'barrier': 1}"
test_kernel,109,9,qksvc,1254,4,4,3,12,"{'ry': 8, 'measure': 4, 'barrier': 1}"
test_kernel,110,0,qksvc,1255,4,4,3,12,"{'ry': 8, 'measure': 4, 'barrier': 1}"
test_kernel,110,1,qksvc,1256,4,4,3,12,"{'ry': 8, 'measure': 4, 'barrier': 1}"
test_kernel,110,2,qksvc,1257,4,4,3,12,"{'ry': 8, 'measure': 4, 'barrier': 1}"
test_kernel,110,3,qksvc,1258,4,4,3,12,"{'ry': 8, 'measure': 4, 'barrier': 1}"
test_kernel,110,4,qksvc,1259,4,4,3,12,"{'ry': 8, 'measure': 4, 'barrier': 1}"
test_kernel,110,5,qksvc,1260,4,4,3,12,"{'ry': 8, 'measure': 4, 'barrier': 1}"
test_kernel,110,6,qksvc,1261,4,4,3,12,"{'ry': 8, 'measure': 4, 'barrier': 1}"
test_kernel,110,7,qksvc,1262,4,4,3,12,"{'ry': 8, 'measure': 4, 'barrier': 1}"
test_kernel,110,8,qksvc,1263,4,4,3,12,"{'ry': 8, 'measure': 4, 'barrier': 1}"
test_kernel,110,9,qksvc,1264,4,4,3,12,"{'ry': 8, 'measure': 4, 'barrier': 1}"
test_kernel,111,0,qksvc,1265,4,4,3,12,"{'ry': 8, 'measure': 4, 'barrier': 1}"
test_kernel,111,1,qksvc,1266,4,4,3,12,"{'ry': 8, 'measure': 4, 'barrier': 1}"
test_kernel,111,2,qksvc,1267,4,4,3,12,"{'ry': 8, 'measure': 4, 'barrier': 1}"
test_kernel,111,3,qksvc,1268,4,4,3,12,"{'ry': 8, 'measure': 4, 'barrier': 1}"
test_kernel,111,4,qksvc,1269,4,4,3,12,"{'ry': 8, 'measure': 4, 'barrier': 1}"
test_kernel,111,5,qksvc,1270,4,4,3,12,"{'ry': 8, 'measure': 4, 'barrier': 1}"
test_kernel,111,6,qksvc,1271,4,4,3,12,"{'ry': 8, 'measure': 4, 'barrier': 1}"
test_kernel,111,7,qksvc,1272,4,4,3,12,"{'ry': 8, 'measure': 4, 'barrier': 1}"
test_kernel,111,8,qksvc,1273,4,4,3,12,"{'ry': 8, 'measure': 4, 'barrier': 1}"
test_kernel,111,9,qksvc,1274,4,4,3,12,"{'ry': 8, 'measure': 4, 'barrier': 1}"
test_kernel,112,0,qksvc,1275,4,4,3,12,"{'ry': 8, 'measure': 4, 'barrier': 1}"
test_kernel,112,1,qksvc,1276,4,4,3,12,"{'ry': 8, 'measure': 4, 'barrier': 1}"
test_kernel,112,2,qksvc,1277,4,4,3,12,"{'ry': 8, 'measure': 4, 'barrier': 1}"
test_kernel,112,3,qksvc,1278,4,4,3,12,"{'ry': 8, 'measure': 4, 'barrier': 1}"
test_kernel,112,4,qksvc,1279,4,4,3,12,"{'ry': 8, 'measure': 4, 'barrier': 1}"
test_kernel,112,5,qksvc,1280,4,4,3,12,"{'ry': 8, 'measure': 4, 'barrier': 1}"
test_kernel,112,6,qksvc,1281,4,4,3,12,"{'ry': 8, 'measure': 4, 'barrier': 1}"
test_kernel,112,7,qksvc,1282,4,4,3,12,"{'ry': 8, 'measure': 4, 'barrier': 1}"
test_kernel,112,8,qksvc,1283,4,4,3,12,"{'ry': 8, 'measure': 4, 'barrier': 1}"
test_kernel,112,9,qksvc,1284,4,4,3,12,"{'ry': 8, 'measure': 4, 'barrier': 1}"
test_kernel,113,0,qksvc,1285,4,4,3,12,"{'ry': 8, 'measure': 4, 'barrier': 1}"
test_kernel,113,1,qksvc,1286,4,4,3,12,"{'ry': 8, 'measure': 4, 'barrier': 1}"
test_kernel,113,2,qksvc,1287,4,4,3,12,"{'ry': 8, 'measure': 4, 'barrier': 1}"
test_kernel,113,3,qksvc,1288,4,4,3,12,"{'ry': 8, 'measure': 4, 'barrier': 1}"
test_kernel,113,4,qksvc,1289,4,4,3,12,"{'ry': 8, 'measure': 4, 'barrier': 1}"
test_kernel,113,5,qksvc,1290,4,4,3,12,"{'ry': 8, 'measure': 4, 'barrier': 1}"
test_kernel,113,6,qksvc,1291,4,4,3,12,"{'ry': 8, 'measure': 4, 'barrier': 1}"
test_kernel,113,7,qksvc,1292,4,4,3,12,"{'ry': 8, 'measure': 4, 'barrier': 1}"
test_kernel,113,8,qksvc,1293,4,4,3,12,"{'ry': 8, 'measure': 4, 'barrier': 1}"
test_kernel,113,9,qksvc,1294,4,4,3,12,"{'ry': 8, 'measure': 4, 'barrier': 1}"
test_kernel,114,0,qksvc,1295,4,4,3,12,"{'ry': 8, 'measure': 4, 'barrier': 1}"
test_kernel,114,1,qksvc,1296,4,4,3,12,"{'ry': 8, 'measure': 4, 'barrier': 1}"
test_kernel,114,2,qksvc,1297,4,4,3,12,"{'ry': 8, 'measure': 4, 'barrier': 1}"
test_kernel,114,3,qksvc,1298,4,4,3,12,"{'ry': 8, 'measure': 4, 'barrier': 1}"
test_kernel,114,4,qksvc,1299,4,4,3,12,"{'ry': 8, 'measure': 4, 'barrier': 1}"
test_kernel,114,5,qksvc,1300,4,4,3,12,"{'ry': 8, 'measure': 4, 'barrier': 1}"
test_kernel,114,6,qksvc,1301,4,4,3,12,"{'ry': 8, 'measure': 4, 'barrier': 1}"
test_kernel,114,7,qksvc,1302,4,4,3,12,"{'ry': 8, 'measure': 4, 'barrier': 1}"
test_kernel,114,8,qksvc,1303,4,4,3,12,"{'ry': 8, 'measure': 4, 'barrier': 1}"
test_kernel,114,9,qksvc,1304,4,4,3,12,"{'ry': 8, 'measure': 4, 'barrier': 1}"
test_kernel,115,0,qksvc,1305,4,4,3,12,"{'ry': 8, 'measure': 4, 'barrier': 1}"
test_kernel,115,1,qksvc,1306,4,4,3,12,"{'ry': 8, 'measure': 4, 'barrier': 1}"
test_kernel,115,2,qksvc,1307,4,4,3,12,"{'ry': 8, 'measure': 4, 'barrier': 1}"
test_kernel,115,3,qksvc,1308,4,4,3,12,"{'ry': 8, 'measure': 4, 'barrier': 1}"
test_kernel,115,4,qksvc,1309,4,4,3,12,"{'ry': 8, 'measure': 4, 'barrier': 1}"
test_kernel,115,5,qksvc,1310,4,4,3,12,"{'ry': 8, 'measure': 4, 'barrier': 1}"
test_kernel,115,6,qksvc,1311,4,4,3,12,"{'ry': 8, 'measure': 4, 'barrier': 1}"
test_kernel,115,7,qksvc,1312,4,4,3,12,"{'ry': 8, 'measure': 4, 'barrier': 1}"
test_kernel,115,8,qksvc,1313,4,4,3,12,"{'ry': 8, 'measure': 4, 'barrier': 1}"
test_kernel,115,9,qksvc,1314,4,4,3,12,"{'ry': 8, 'measure': 4, 'barrier': 1}"
test_kernel,116,0,qksvc,1315,4,4,3,12,"{'ry': 8, 'measure': 4, 'barrier': 1}"
test_kernel,116,1,qksvc,1316,4,4,3,12,"{'ry': 8, 'measure': 4, 'barrier': 1}"
test_kernel,116,2,qksvc,1317,4,4,3,12,"{'ry': 8, 'measure': 4, 'barrier': 1}"
test_kernel,116,3,qksvc,1318,4,4,3,12,"{'ry': 8, 'measure': 4, 'barrier': 1}"
test_kernel,116,4,qksvc,1319,4,4,3,12,"{'ry': 8, 'measure': 4, 'barrier': 1}"
test_kernel,116,5,qksvc,1320,4,4,3,12,"{'ry': 8, 'measure': 4, 'barrier': 1}"
test_kernel,116,6,qksvc,1321,4,4,3,12,"{'ry': 8, 'measure': 4, 'barrier': 1}"
test_kernel,116,7,qksvc,1322,4,4,3,12,"{'ry': 8, 'measure': 4, 'barrier': 1}"
test_kernel,116,8,qksvc,1323,4,4,3,12,"{'ry': 8, 'measure': 4, 'barrier': 1}"
test_kernel,116,9,qksvc,1324,4,4,3,12,"{'ry': 8, 'measure': 4, 'barrier': 1}"
test_kernel,117,0,qksvc,1325,4,4,3,12,"{'ry': 8, 'measure': 4, 'barrier': 1}"
test_kernel,117,1,qksvc,1326,4,4,3,12,"{'ry': 8, 'measure': 4, 'barrier': 1}"
test_kernel,117,2,qksvc,1327,4,4,3,12,"{'ry': 8, 'measure': 4, 'barrier': 1}"
test_kernel,117,3,qksvc,1328,4,4,3,12,"{'ry': 8, 'measure': 4, 'barrier': 1}"
test_kernel,117,4,qksvc,1329,4,4,3,12,"{'ry': 8, 'measure': 4, 'barrier': 1}"
test_kernel,117,5,qksvc,1330,4,4,3,12,"{'ry': 8, 'measure': 4, 'barrier': 1}"
test_kernel,117,6,qksvc,1331,4,4,3,12,"{'ry': 8, 'measure': 4, 'barrier': 1}"
test_kernel,117,7,qksvc,1332,4,4,3,12,"{'ry': 8, 'measure': 4, 'barrier': 1}"
test_kernel,117,8,qksvc,1333,4,4,3,12,"{'ry': 8, 'measure': 4, 'barrier': 1}"
test_kernel,117,9,qksvc,1334,4,4,3,12,"{'ry': 8, 'measure': 4, 'barrier': 1}"
test_kernel,118,0,qksvc,1335,4,4,3,12,"{'ry': 8, 'measure': 4, 'barrier': 1}"
test_kernel,118,1,qksvc,1336,4,4,3,12,"{'ry': 8, 'measure': 4, 'barrier': 1}"
test_kernel,118,2,qksvc,1337,4,4,3,12,"{'ry': 8, 'measure': 4, 'barrier': 1}"
test_kernel,118,3,qksvc,1338,4,4,3,12,"{'ry': 8, 'measure': 4, 'barrier': 1}"
test_kernel,118,4,qksvc,1339,4,4,3,12,"{'ry': 8, 'measure': 4, 'barrier': 1}"
test_kernel,118,5,qksvc,1340,4,4,3,12,"{'ry': 8, 'measure': 4, 'barrier': 1}"
test_kernel,118,6,qksvc,1341,4,4,3,12,"{'ry': 8, 'measure': 4, 'barrier': 1}"
test_kernel,118,7,qksvc,1342,4,4,3,12,"{'ry': 8, 'measure': 4, 'barrier': 1}"
test_kernel,118,8,qksvc,1343,4,4,3,12,"{'ry': 8, 'measure': 4, 'barrier': 1}"
test_kernel,118,9,qksvc,1344,4,4,3,12,"{'ry': 8, 'measure': 4, 'barrier': 1}"
test_kernel,119,0,qksvc,1345,4,4,3,12,"{'ry': 8, 'measure': 4, 'barrier': 1}"
test_kernel,119,1,qksvc,1346,4,4,3,12,"{'ry': 8, 'measure': 4, 'barrier': 1}"
test_kernel,119,2,qksvc,1347,4,4,3,12,"{'ry': 8, 'measure': 4, 'barrier': 1}"
test_kernel,119,3,qksvc,1348,4,4,3,12,"{'ry': 8, 'measure': 4, 'barrier': 1}"
test_kernel,119,4,qksvc,1349,4,4,3,12,"{'ry': 8, 'measure': 4, 'barrier': 1}"
test_kernel,119,5,qksvc,1350,4,4,3,12,"{'ry': 8, 'measure': 4, 'barrier': 1}"
test_kernel,119,6,qksvc,1351,4,4,3,12,"{'ry': 8, 'measure': 4, 'barrier': 1}"
test_kernel,119,7,qksvc,1352,4,4,3,12,"{'ry': 8, 'measure': 4, 'barrier': 1}"
test_kernel,119,8,qksvc,1353,4,4,3,12,"{'ry': 8, 'measure': 4, 'barrier': 1}"
test_kernel,119,9,qksvc,1354,4,4,3,12,"{'ry': 8, 'measure': 4, 'barrier': 1}"
test_kernel,120,0,qksvc,1355,4,4,3,12,"{'ry': 8, 'measure': 4, 'barrier': 1}"
test_kernel,120,1,qksvc,1356,4,4,3,12,"{'ry': 8, 'measure': 4, 'barrier': 1}"
test_kernel,120,2,qksvc,1357,4,4,3,12,"{'ry': 8, 'measure': 4, 'barrier': 1}"
test_kernel,120,3,qksvc,1358,4,4,3,12,"{'ry': 8, 'measure': 4, 'barrier': 1}"
test_kernel,120,4,qksvc,1359,4,4,3,12,"{'ry': 8, 'measure': 4, 'barrier': 1}"
test_kernel,120,5,qksvc,1360,4,4,3,12,"{'ry': 8, 'measure': 4, 'barrier': 1}"
test_kernel,120,6,qksvc,1361,4,4,3,12,"{'ry': 8, 'measure': 4, 'barrier': 1}"
test_kernel,120,7,qksvc,1362,4,4,3,12,"{'ry': 8, 'measure': 4, 'barrier': 1}"
test_kernel,120,8,qksvc,1363,4,4,3,12,"{'ry': 8, 'measure': 4, 'barrier': 1}"
test_kernel,120,9,qksvc,1364,4,4,3,12,"{'ry': 8, 'measure': 4, 'barrier': 1}"
test_kernel,121,0,qksvc,1365,4,4,3,12,"{'ry': 8, 'measure': 4, 'barrier': 1}"
test_kernel,121,1,qksvc,1366,4,4,3,12,"{'ry': 8, 'measure': 4, 'barrier': 1}"
test_kernel,121,2,qksvc,1367,4,4,3,12,"{'ry': 8, 'measure': 4, 'barrier': 1}"
test_kernel,121,3,qksvc,1368,4,4,3,12,"{'ry': 8, 'measure': 4, 'barrier': 1}"
test_kernel,121,4,qksvc,1369,4,4,3,12,"{'ry': 8, 'measure': 4, 'barrier': 1}"
test_kernel,121,5,qksvc,1370,4,4,3,12,"{'ry': 8, 'measure': 4, 'barrier': 1}"
test_kernel,121,6,qksvc,1371,4,4,3,12,"{'ry': 8, 'measure': 4, 'barrier': 1}"
test_kernel,121,7,qksvc,1372,4,4,3,12,"{'ry': 8, 'measure': 4, 'barrier': 1}"
test_kernel,121,8,qksvc,1373,4,4,3,12,"{'ry': 8, 'measure': 4, 'barrier': 1}"
test_kernel,121,9,qksvc,1374,4,4,3,12,"{'ry': 8, 'measure': 4, 'barrier': 1}"
test_kernel,122,0,qksvc,1375,4,4,3,12,"{'ry': 8, 'measure': 4, 'barrier': 1}"
test_kernel,122,1,qksvc,1376,4,4,3,12,"{'ry': 8, 'measure': 4, 'barrier': 1}"
test_kernel,122,2,qksvc,1377,4,4,3,12,"{'ry': 8, 'measure': 4, 'barrier': 1}"
test_kernel,122,3,qksvc,1378,4,4,3,12,"{'ry': 8, 'measure': 4, 'barrier': 1}"
test_kernel,122,4,qksvc,1379,4,4,3,12,"{'ry': 8, 'measure': 4, 'barrier': 1}"
test_kernel,122,5,qksvc,1380,4,4,3,12,"{'ry': 8, 'measure': 4, 'barrier': 1}"
test_kernel,122,6,qksvc,1381,4,4,3,12,"{'ry': 8, 'measure': 4, 'barrier': 1}"
test_kernel,122,7,qksvc,1382,4,4,3,12,"{'ry': 8, 'measure': 4, 'barrier': 1}"
test_kernel,122,8,qksvc,1383,4,4,3,12,"{'ry': 8, 'measure': 4, 'barrier': 1}"
test_kernel,122,9,qksvc,1384,4,4,3,12,"{'ry': 8, 'measure': 4, 'barrier': 1}"
test_kernel,123,0,qksvc,1385,4,4,3,12,"{'ry': 8, 'measure': 4, 'barrier': 1}"
test_kernel,123,1,qksvc,1386,4,4,3,12,"{'ry': 8, 'measure': 4, 'barrier': 1}"
test_kernel,123,2,qksvc,1387,4,4,3,12,"{'ry': 8, 'measure': 4, 'barrier': 1}"
test_kernel,123,3,qksvc,1388,4,4,3,12,"{'ry': 8, 'measure': 4, 'barrier': 1}"
test_kernel,123,4,qksvc,1389,4,4,3,12,"{'ry': 8, 'measure': 4, 'barrier': 1}"
test_kernel,123,5,qksvc,1390,4,4,3,12,"{'ry': 8, 'measure': 4, 'barrier': 1}"
test_kernel,123,6,qksvc,1391,4,4,3,12,"{'ry': 8, 'measure': 4, 'barrier': 1}"
test_kernel,123,7,qksvc,1392,4,4,3,12,"{'ry': 8, 'measure': 4, 'barrier': 1}"
test_kernel,123,8,qksvc,1393,4,4,3,12,"{'ry': 8, 'measure': 4, 'barrier': 1}"
test_kernel,123,9,qksvc,1394,4,4,3,12,"{'ry': 8, 'measure': 4, 'barrier': 1}"
test_kernel,124,0,qksvc,1395,4,4,3,12,"{'ry': 8, 'measure': 4, 'barrier': 1}"
test_kernel,124,1,qksvc,1396,4,4,3,12,"{'ry': 8, 'measure': 4, 'barrier': 1}"
test_kernel,124,2,qksvc,1397,4,4,3,12,"{'ry': 8, 'measure': 4, 'barrier': 1}"
test_kernel,124,3,qksvc,1398,4,4,3,12,"{'ry': 8, 'measure': 4, 'barrier': 1}"
test_kernel,124,4,qksvc,1399,4,4,3,12,"{'ry': 8, 'measure': 4, 'barrier': 1}"
test_kernel,124,5,qksvc,1400,4,4,3,12,"{'ry': 8, 'measure': 4, 'barrier': 1}"
test_kernel,124,6,qksvc,1401,4,4,3,12,"{'ry': 8, 'measure': 4, 'barrier': 1}"
test_kernel,124,7,qksvc,1402,4,4,3,12,"{'ry': 8, 'measure': 4, 'barrier': 1}"
test_kernel,124,8,qksvc,1403,4,4,3,12,"{'ry': 8, 'measure': 4, 'barrier': 1}"
test_kernel,124,9,qksvc,1404,4,4,3,12,"{'ry': 8, 'measure': 4, 'barrier': 1}"
test_kernel,125,0,qksvc,1405,4,4,3,12,"{'ry': 8, 'measure': 4, 'barrier': 1}"
test_kernel,125,1,qksvc,1406,4,4,3,12,"{'ry': 8, 'measure': 4, 'barrier': 1}"
test_kernel,125,2,qksvc,1407,4,4,3,12,"{'ry': 8, 'measure': 4, 'barrier': 1}"
test_kernel,125,3,qksvc,1408,4,4,3,12,"{'ry': 8, 'measure': 4, 'barrier': 1}"
test_kernel,125,4,qksvc,1409,4,4,3,12,"{'ry': 8, 'measure': 4, 'barrier': 1}"
test_kernel,125,5,qksvc,1410,4,4,3,12,"{'ry': 8, 'measure': 4, 'barrier': 1}"
test_kernel,125,6,qksvc,1411,4,4,3,12,"{'ry': 8, 'measure': 4, 'barrier': 1}"
test_kernel,125,7,qksvc,1412,4,4,3,12,"{'ry': 8, 'measure': 4, 'barrier': 1}"
test_kernel,125,8,qksvc,1413,4,4,3,12,"{'ry': 8, 'measure': 4, 'barrier': 1}"
test_kernel,125,9,qksvc,1414,4,4,3,12,"{'ry': 8, 'measure': 4, 'barrier': 1}"
test_kernel,126,0,qksvc,1415,4,4,3,12,"{'ry': 8, 'measure': 4, 'barrier': 1}"
test_kernel,126,1,qksvc,1416,4,4,3,12,"{'ry': 8, 'measure': 4, 'barrier': 1}"
test_kernel,126,2,qksvc,1417,4,4,3,12,"{'ry': 8, 'measure': 4, 'barrier': 1}"
test_kernel,126,3,qksvc,1418,4,4,3,12,"{'ry': 8, 'measure': 4, 'barrier': 1}"
test_kernel,126,4,qksvc,1419,4,4,3,12,"{'ry': 8, 'measure': 4, 'barrier': 1}"
test_kernel,126,5,qksvc,1420,4,4,3,12,"{'ry': 8, 'measure': 4, 'barrier': 1}"
test_kernel,126,6,qksvc,1421,4,4,3,12,"{'ry': 8, 'measure': 4, 'barrier': 1}"
test_kernel,126,7,qksvc,1422,4,4,3,12,"{'ry': 8, 'measure': 4, 'barrier': 1}"
test_kernel,126,8,qksvc,1423,4,4,3,12,"{'ry': 8, 'measure': 4, 'barrier': 1}"
test_kernel,126,9,qksvc,1424,4,4,3,12,"{'ry': 8, 'measure': 4, 'barrier': 1}"
test_kernel,127,0,qksvc,1425,4,4,3,12,"{'ry': 8, 'measure': 4, 'barrier': 1}"
test_kernel,127,1,qksvc,1426,4,4,3,12,"{'ry': 8, 'measure': 4, 'barrier': 1}"
test_kernel,127,2,qksvc,1427,4,4,3,12,"{'ry': 8, 'measure': 4, 'barrier': 1}"
test_kernel,127,3,qksvc,1428,4,4,3,12,"{'ry': 8, 'measure': 4, 'barrier': 1}"
test_kernel,127,4,qksvc,1429,4,4,3,12,"{'ry': 8, 'measure': 4, 'barrier': 1}"
test_kernel,127,5,qksvc,1430,4,4,3,12,"{'ry': 8, 'measure': 4, 'barrier': 1}"
test_kernel,127,6,qksvc,1431,4,4,3,12,"{'ry': 8, 'measure': 4, 'barrier': 1}"
test_kernel,127,7,qksvc,1432,4,4,3,12,"{'ry': 8, 'measure': 4, 'barrier': 1}"
test_kernel,127,8,qksvc,1433,4,4,3,12,"{'ry': 8, 'measure': 4, 'barrier': 1}"
test_kernel,127,9,qksvc,1434,4,4,3,12,"{'ry': 8, 'measure': 4, 'barrier': 1}"
test_kernel,128,0,qksvc,1435,4,4,3,12,"{'ry': 8, 'measure': 4, 'barrier': 1}"
test_kernel,128,1,qksvc,1436,4,4,3,12,"{'ry': 8, 'measure': 4, 'barrier': 1}"
test_kernel,128,2,qksvc,1437,4,4,3,12,"{'ry': 8, 'measure': 4, 'barrier': 1}"
test_kernel,128,3,qksvc,1438,4,4,3,12,"{'ry': 8, 'measure': 4, 'barrier': 1}"
test_kernel,128,4,qksvc,1439,4,4,3,12,"{'ry': 8, 'measure': 4, 'barrier': 1}"
test_kernel,128,5,qksvc,1440,4,4,3,12,"{'ry': 8, 'measure': 4, 'barrier': 1}"
test_kernel,128,6,qksvc,1441,4,4,3,12,"{'ry': 8, 'measure': 4, 'barrier': 1}"
test_kernel,128,7,qksvc,1442,4,4,3,12,"{'ry': 8, 'measure': 4, 'barrier': 1}"
test_kernel,128,8,qksvc,1443,4,4,3,12,"{'ry': 8, 'measure': 4, 'barrier': 1}"
test_kernel,128,9,qksvc,1444,4,4,3,12,"{'ry': 8, 'measure': 4, 'barrier': 1}"
test_kernel,129,0,qksvc,1445,4,4,3,12,"{'ry': 8, 'measure': 4, 'barrier': 1}"
test_kernel,129,1,qksvc,1446,4,4,3,12,"{'ry': 8, 'measure': 4, 'barrier': 1}"
test_kernel,129,2,qksvc,1447,4,4,3,12,"{'ry': 8, 'measure': 4, 'barrier': 1}"
test_kernel,129,3,qksvc,1448,4,4,3,12,"{'ry': 8, 'measure': 4, 'barrier': 1}"
test_kernel,129,4,qksvc,1449,4,4,3,12,"{'ry': 8, 'measure': 4, 'barrier': 1}"
test_kernel,129,5,qksvc,1450,4,4,3,12,"{'ry': 8, 'measure': 4, 'barrier': 1}"
test_kernel,129,6,qksvc,1451,4,4,3,12,"{'ry': 8, 'measure': 4, 'barrier': 1}"
test_kernel,129,7,qksvc,1452,4,4,3,12,"{'ry': 8, 'measure': 4, 'barrier': 1}"
test_kernel,129,8,qksvc,1453,4,4,3,12,"{'ry': 8, 'measure': 4, 'barrier': 1}"
test_kernel,129,9,qksvc,1454,4,4,3,12,"{'ry': 8, 'measure': 4, 'barrier': 1}"
test_kernel,130,0,qksvc,1455,4,4,3,12,"{'ry': 8, 'measure': 4, 'barrier': 1}"
test_kernel,130,1,qksvc,1456,4,4,3,12,"{'ry': 8, 'measure': 4, 'barrier': 1}"
test_kernel,130,2,qksvc,1457,4,4,3,12,"{'ry': 8, 'measure': 4, 'barrier': 1}"
test_kernel,130,3,qksvc,1458,4,4,3,12,"{'ry': 8, 'measure': 4, 'barrier': 1}"
test_kernel,130,4,qksvc,1459,4,4,3,12,"{'ry': 8, 'measure': 4, 'barrier': 1}"
test_kernel,130,5,qksvc,1460,4,4,3,12,"{'ry': 8, 'measure': 4, 'barrier': 1}"
test_kernel,130,6,qksvc,1461,4,4,3,12,"{'ry': 8, 'measure': 4, 'barrier': 1}"
test_kernel,130,7,qksvc,1462,4,4,3,12,"{'ry': 8, 'measure': 4, 'barrier': 1}"
test_kernel,130,8,qksvc,1463,4,4,3,12,"{'ry': 8, 'measure': 4, 'barrier': 1}"
test_kernel,130,9,qksvc,1464,4,4,3,12,"{'ry': 8, 'measure': 4, 'barrier': 1}"
test_kernel,131,0,qksvc,1465,4,4,3,12,"{'ry': 8, 'measure': 4, 'barrier': 1}"
test_kernel,131,1,qksvc,1466,4,4,3,12,"{'ry': 8, 'measure': 4, 'barrier': 1}"
test_kernel,131,2,qksvc,1467,4,4,3,12,"{'ry': 8, 'measure': 4, 'barrier': 1}"
test_kernel,131,3,qksvc,1468,4,4,3,12,"{'ry': 8, 'measure': 4, 'barrier': 1}"
test_kernel,131,4,qksvc,1469,4,4,3,12,"{'ry': 8, 'measure': 4, 'barrier': 1}"
test_kernel,131,5,qksvc,1470,4,4,3,12,"{'ry': 8, 'measure': 4, 'barrier': 1}"
test_kernel,131,6,qksvc,1471,4,4,3,12,"{'ry': 8, 'measure': 4, 'barrier': 1}"
test_kernel,131,7,qksvc,1472,4,4,3,12,"{'ry': 8, 'measure': 4, 'barrier': 1}"
test_kernel,131,8,qksvc,1473,4,4,3,12,"{'ry': 8, 'measure': 4, 'barrier': 1}"
test_kernel,131,9,qksvc,1474,4,4,3,12,"{'ry': 8, 'measure': 4, 'barrier': 1}"
test_kernel,132,0,qksvc,1475,4,4,3,12,"{'ry': 8, 'measure': 4, 'barrier': 1}"
test_kernel,132,1,qksvc,1476,4,4,3,12,"{'ry': 8, 'measure': 4, 'barrier': 1}"
test_kernel,132,2,qksvc,1477,4,4,3,12,"{'ry': 8, 'measure': 4, 'barrier': 1}"
test_kernel,132,3,qksvc,1478,4,4,3,12,"{'ry': 8, 'measure': 4, 'barrier': 1}"
test_kernel,132,4,qksvc,1479,4,4,3,12,"{'ry': 8, 'measure': 4, 'barrier': 1}"
test_kernel,132,5,qksvc,1480,4,4,3,12,"{'ry': 8, 'measure': 4, 'barrier': 1}"
test_kernel,132,6,qksvc,1481,4,4,3,12,"{'ry': 8, 'measure': 4, 'barrier': 1}"
test_kernel,132,7,qksvc,1482,4,4,3,12,"{'ry': 8, 'measure': 4, 'barrier': 1}"
test_kernel,132,8,qksvc,1483,4,4,3,12,"{'ry': 8, 'measure': 4, 'barrier': 1}"
test_kernel,132,9,qksvc,1484,4,4,3,12,"{'ry': 8, 'measure': 4, 'barrier': 1}"
test_kernel,133,0,qksvc,1485,4,4,3,12,"{'ry': 8, 'measure': 4, 'barrier': 1}"
test_kernel,133,1,qksvc,1486,4,4,3,12,"{'ry': 8, 'measure': 4, 'barrier': 1}"
test_kernel,133,2,qksvc,1487,4,4,3,12,"{'ry': 8, 'measure': 4, 'barrier': 1}"
test_kernel,133,3,qksvc,1488,4,4,3,12,"{'ry': 8, 'measure': 4, 'barrier': 1}"
test_kernel,133,4,qksvc,1489,4,4,3,12,"{'ry': 8, 'measure': 4, 'barrier': 1}"
test_kernel,133,5,qksvc,1490,4,4,3,12,"{'ry': 8, 'measure': 4, 'barrier': 1}"
test_kernel,133,6,qksvc,1491,4,4,3,12,"{'ry': 8, 'measure': 4, 'barrier': 1}"
test_kernel,133,7,qksvc,1492,4,4,3,12,"{'ry': 8, 'measure': 4, 'barrier': 1}"
test_kernel,133,8,qksvc,1493,4,4,3,12,"{'ry': 8, 'measure': 4, 'barrier': 1}"
test_kernel,133,9,qksvc,1494,4,4,3,12,"{'ry': 8, 'measure': 4, 'barrier': 1}"
test_kernel,134,0,qksvc,1495,4,4,3,12,"{'ry': 8, 'measure': 4, 'barrier': 1}"
test_kernel,134,1,qksvc,1496,4,4,3,12,"{'ry': 8, 'measure': 4, 'barrier': 1}"
test_kernel,134,2,qksvc,1497,4,4,3,12,"{'ry': 8, 'measure': 4, 'barrier': 1}"
test_kernel,134,3,qksvc,1498,4,4,3,12,"{'ry': 8, 'measure': 4, 'barrier': 1}"
test_kernel,134,4,qksvc,1499,4,4,3,12,"{'ry': 8, 'measure': 4, 'barrier': 1}"
test_kernel,134,5,qksvc,1500,4,4,3,12,"{'ry': 8, 'measure': 4, 'barrier': 1}"
test_kernel,134,6,qksvc,1501,4,4,3,12,"{'ry': 8, 'measure': 4, 'barrier': 1}"
test_kernel,134,7,qksvc,1502,4,4,3,12,"{'ry': 8, 'measure': 4, 'barrier': 1}"
test_kernel,134,8,qksvc,1503,4,4,3,12,"{'ry': 8, 'measure': 4, 'barrier': 1}"
test_kernel,134,9,qksvc,1504,4,4,3,12,"{'ry': 8, 'measure': 4, 'barrier': 1}"
test_kernel,135,0,qksvc,1505,4,4,3,12,"{'ry': 8, 'measure': 4, 'barrier': 1}"
test_kernel,135,1,qksvc,1506,4,4,3,12,"{'ry': 8, 'measure': 4, 'barrier': 1}"
test_kernel,135,2,qksvc,1507,4,4,3,12,"{'ry': 8, 'measure': 4, 'barrier': 1}"
test_kernel,135,3,qksvc,1508,4,4,3,12,"{'ry': 8, 'measure': 4, 'barrier': 1}"
test_kernel,135,4,qksvc,1509,4,4,3,12,"{'ry': 8, 'measure': 4, 'barrier': 1}"
test_kernel,135,5,qksvc,1510,4,4,3,12,"{'ry': 8, 'measure': 4, 'barrier': 1}"
test_kernel,135,6,qksvc,1511,4,4,3,12,"{'ry': 8, 'measure': 4, 'barrier': 1}"
test_kernel,135,7,qksvc,1512,4,4,3,12,"{'ry': 8, 'measure': 4, 'barrier': 1}"
test_kernel,135,8,qksvc,1513,4,4,3,12,"{'ry': 8, 'measure': 4, 'barrier': 1}"
test_kernel,135,9,qksvc,1514,4,4,3,12,"{'ry': 8, 'measure': 4, 'barrier': 1}"
test_kernel,136,0,qksvc,1515,4,4,3,12,"{'ry': 8, 'measure': 4, 'barrier': 1}"
test_kernel,136,1,qksvc,1516,4,4,3,12,"{'ry': 8, 'measure': 4, 'barrier': 1}"
test_kernel,136,2,qksvc,1517,4,4,3,12,"{'ry': 8, 'measure': 4, 'barrier': 1}"
test_kernel,136,3,qksvc,1518,4,4,3,12,"{'ry': 8, 'measure': 4, 'barrier': 1}"
test_kernel,136,4,qksvc,1519,4,4,3,12,"{'ry': 8, 'measure': 4, 'barrier': 1}"
test_kernel,136,5,qksvc,1520,4,4,3,12,"{'ry': 8, 'measure': 4, 'barrier': 1}"
test_kernel,136,6,qksvc,1521,4,4,3,12,"{'ry': 8, 'measure': 4, 'barrier': 1}"
test_kernel,136,7,qksvc,1522,4,4,3,12,"{'ry': 8, 'measure': 4, 'barrier': 1}"
test_kernel,136,8,qksvc,1523,4,4,3,12,"{'ry': 8, 'measure': 4, 'barrier': 1}"
test_kernel,136,9,qksvc,1524,4,4,3,12,"{'ry': 8, 'measure': 4, 'barrier': 1}"
test_kernel,137,0,qksvc,1525,4,4,3,12,"{'ry': 8, 'measure': 4, 'barrier': 1}"
test_kernel,137,1,qksvc,1526,4,4,3,12,"{'ry': 8, 'measure': 4, 'barrier': 1}"
test_kernel,137,2,qksvc,1527,4,4,3,12,"{'ry': 8, 'measure': 4, 'barrier': 1}"
test_kernel,137,3,qksvc,1528,4,4,3,12,"{'ry': 8, 'measure': 4, 'barrier': 1}"
test_kernel,137,4,qksvc,1529,4,4,3,12,"{'ry': 8, 'measure': 4, 'barrier': 1}"
test_kernel,137,5,qksvc,1530,4,4,3,12,"{'ry': 8, 'measure': 4, 'barrier': 1}"
test_kernel,137,6,qksvc,1531,4,4,3,12,"{'ry': 8, 'measure': 4, 'barrier': 1}"
test_kernel,137,7,qksvc,1532,4,4,3,12,"{'ry': 8, 'measure': 4, 'barrier': 1}"
test_kernel,137,8,qksvc,1533,4,4,3,12,"{'ry': 8, 'measure': 4, 'barrier': 1}"
test_kernel,137,9,qksvc,1534,4,4,3,12,"{'ry': 8, 'measure': 4, 'barrier': 1}"
test_kernel,138,0,qksvc,1535,4,4,3,12,"{'ry': 8, 'measure': 4, 'barrier': 1}"
test_kernel,138,1,qksvc,1536,4,4,3,12,"{'ry': 8, 'measure': 4, 'barrier': 1}"
test_kernel,138,2,qksvc,1537,4,4,3,12,"{'ry': 8, 'measure': 4, 'barrier': 1}"
test_kernel,138,3,qksvc,1538,4,4,3,12,"{'ry': 8, 'measure': 4, 'barrier': 1}"
test_kernel,138,4,qksvc,1539,4,4,3,12,"{'ry': 8, 'measure': 4, 'barrier': 1}"
test_kernel,138,5,qksvc,1540,4,4,3,12,"{'ry': 8, 'measure': 4, 'barrier': 1}"
test_kernel,138,6,qksvc,1541,4,4,3,12,"{'ry': 8, 'measure': 4, 'barrier': 1}"
test_kernel,138,7,qksvc,1542,4,4,3,12,"{'ry': 8, 'measure': 4, 'barrier': 1}"
test_kernel,138,8,qksvc,1543,4,4,3,12,"{'ry': 8, 'measure': 4, 'barrier': 1}"
test_kernel,138,9,qksvc,1544,4,4,3,12,"{'ry': 8, 'measure': 4, 'barrier': 1}"
test_kernel,139,0,qksvc,1545,4,4,3,12,"{'ry': 8, 'measure': 4, 'barrier': 1}"
test_kernel,139,1,qksvc,1546,4,4,3,12,"{'ry': 8, 'measure': 4, 'barrier': 1}"
test_kernel,139,2,qksvc,1547,4,4,3,12,"{'ry': 8, 'measure': 4, 'barrier': 1}"
test_kernel,139,3,qksvc,1548,4,4,3,12,"{'ry': 8, 'measure': 4, 'barrier': 1}"
test_kernel,139,4,qksvc,1549,4,4,3,12,"{'ry': 8, 'measure': 4, 'barrier': 1}"
test_kernel,139,5,qksvc,1550,4,4,3,12,"{'ry': 8, 'measure': 4, 'barrier': 1}"
test_kernel,139,6,qksvc,1551,4,4,3,12,"{'ry': 8, 'measure': 4, 'barrier': 1}"
test_kernel,139,7,qksvc,1552,4,4,3,12,"{'ry': 8, 'measure': 4, 'barrier': 1}"
test_kernel,139,8,qksvc,1553,4,4,3,12,"{'ry': 8, 'measure': 4, 'barrier': 1}"
test_kernel,139,9,qksvc,1554,4,4,3,12,"{'ry': 8, 'measure': 4, 'barrier': 1}"
test_kernel,140,0,qksvc,1555,4,4,3,12,"{'ry': 8, 'measure': 4, 'barrier': 1}"
test_kernel,140,1,qksvc,1556,4,4,3,12,"{'ry': 8, 'measure': 4, 'barrier': 1}"
test_kernel,140,2,qksvc,1557,4,4,3,12,"{'ry': 8, 'measure': 4, 'barrier': 1}"
test_kernel,140,3,qksvc,1558,4,4,3,12,"{'ry': 8, 'measure': 4, 'barrier': 1}"
test_kernel,140,4,qksvc,1559,4,4,3,12,"{'ry': 8, 'measure': 4, 'barrier': 1}"
test_kernel,140,5,qksvc,1560,4,4,3,12,"{'ry': 8, 'measure': 4, 'barrier': 1}"
test_kernel,140,6,qksvc,1561,4,4,3,12,"{'ry': 8, 'measure': 4, 'barrier': 1}"
test_kernel,140,7,qksvc,1562,4,4,3,12,"{'ry': 8, 'measure': 4, 'barrier': 1}"
test_kernel,140,8,qksvc,1563,4,4,3,12,"{'ry': 8, 'measure': 4, 'barrier': 1}"
test_kernel,140,9,qksvc,1564,4,4,3,12,"{'ry': 8, 'measure': 4, 'barrier': 1}"
test_kernel,141,0,qksvc,1565,4,4,3,12,"{'ry': 8, 'measure': 4, 'barrier': 1}"
test_kernel,141,1,qksvc,1566,4,4,3,12,"{'ry': 8, 'measure': 4, 'barrier': 1}"
test_kernel,141,2,qksvc,1567,4,4,3,12,"{'ry': 8, 'measure': 4, 'barrier': 1}"
test_kernel,141,3,qksvc,1568,4,4,3,12,"{'ry': 8, 'measure': 4, 'barrier': 1}"
test_kernel,141,4,qksvc,1569,4,4,3,12,"{'ry': 8, 'measure': 4, 'barrier': 1}"
test_kernel,141,5,qksvc,1570,4,4,3,12,"{'ry': 8, 'measure': 4, 'barrier': 1}"
test_kernel,141,6,qksvc,1571,4,4,3,12,"{'ry': 8, 'measure': 4, 'barrier': 1}"
test_kernel,141,7,qksvc,1572,4,4,3,12,"{'ry': 8, 'measure': 4, 'barrier': 1}"
test_kernel,141,8,qksvc,1573,4,4,3,12,"{'ry': 8, 'measure': 4, 'barrier': 1}"
test_kernel,141,9,qksvc,1574,4,4,3,12,"{'ry': 8, 'measure': 4, 'barrier': 1}"
test_kernel,142,0,qksvc,1575,4,4,3,12,"{'ry': 8, 'measure': 4, 'barrier': 1}"
test_kernel,142,1,qksvc,1576,4,4,3,12,"{'ry': 8, 'measure': 4, 'barrier': 1}"
test_kernel,142,2,qksvc,1577,4,4,3,12,"{'ry': 8, 'measure': 4, 'barrier': 1}"
test_kernel,142,3,qksvc,1578,4,4,3,12,"{'ry': 8, 'measure': 4, 'barrier': 1}"
test_kernel,142,4,qksvc,1579,4,4,3,12,"{'ry': 8, 'measure': 4, 'barrier': 1}"
test_kernel,142,5,qksvc,1580,4,4,3,12,"{'ry': 8, 'measure': 4, 'barrier': 1}"
test_kernel,142,6,qksvc,1581,4,4,3,12,"{'ry': 8, 'measure': 4, 'barrier': 1}"
test_kernel,142,7,qksvc,1582,4,4,3,12,"{'ry': 8, 'measure': 4, 'barrier': 1}"
test_kernel,142,8,qksvc,1583,4,4,3,12,"{'ry': 8, 'measure': 4, 'barrier': 1}"
test_kernel,142,9,qksvc,1584,4,4,3,12,"{'ry': 8, 'measure': 4, 'barrier': 1}"
test_kernel,143,0,qksvc,1585,4,4,3,12,"{'ry': 8, 'measure': 4, 'barrier': 1}"
test_kernel,143,1,qksvc,1586,4,4,3,12,"{'ry': 8, 'measure': 4, 'barrier': 1}"
test_kernel,143,2,qksvc,1587,4,4,3,12,"{'ry': 8, 'measure': 4, 'barrier': 1}"
test_kernel,143,3,qksvc,1588,4,4,3,12,"{'ry': 8, 'measure': 4, 'barrier': 1}"
test_kernel,143,4,qksvc,1589,4,4,3,12,"{'ry': 8, 'measure': 4, 'barrier': 1}"
test_kernel,143,5,qksvc,1590,4,4,3,12,"{'ry': 8, 'measure': 4, 'barrier': 1}"
test_kernel,143,6,qksvc,1591,4,4,3,12,"{'ry': 8, 'measure': 4, 'barrier': 1}"
test_kernel,143,7,qksvc,1592,4,4,3,12,"{'ry': 8, 'measure': 4, 'barrier': 1}"
test_kernel,143,8,qksvc,1593,4,4,3,12,"{'ry': 8, 'measure': 4, 'barrier': 1}"
test_kernel,143,9,qksvc,1594,4,4,3,12,"{'ry': 8, 'measure': 4, 'barrier': 1}"
test_kernel,144,0,qksvc,1595,4,4,3,12,"{'ry': 8, 'measure': 4, 'barrier': 1}"
test_kernel,144,1,qksvc,1596,4,4,3,12,"{'ry': 8, 'measure': 4, 'barrier': 1}"
test_kernel,144,2,qksvc,1597,4,4,3,12,"{'ry': 8, 'measure': 4, 'barrier': 1}"
test_kernel,144,3,qksvc,1598,4,4,3,12,"{'ry': 8, 'measure': 4, 'barrier': 1}"
test_kernel,144,4,qksvc,1599,4,4,3,12,"{'ry': 8, 'measure': 4, 'barrier': 1}"
test_kernel,144,5,qksvc,1600,4,4,3,12,"{'ry': 8, 'measure': 4, 'barrier': 1}"
test_kernel,144,6,qksvc,1601,4,4,3,12,"{'ry': 8, 'measure': 4, 'barrier': 1}"
test_kernel,144,7,qksvc,1602,4,4,3,12,"{'ry': 8, 'measure': 4, 'barrier': 1}"
test_kernel,144,8,qksvc,1603,4,4,3,12,"{'ry': 8, 'measure': 4, 'barrier': 1}"
test_kernel,144,9,qksvc,1604,4,4,3,12,"{'ry': 8, 'measure': 4, 'barrier': 1}"
test_kernel,145,0,qksvc,1605,4,4,3,12,"{'ry': 8, 'measure': 4, 'barrier': 1}"
test_kernel,145,1,qksvc,1606,4,4,3,12,"{'ry': 8, 'measure': 4, 'barrier': 1}"
test_kernel,145,2,qksvc,1607,4,4,3,12,"{'ry': 8, 'measure': 4, 'barrier': 1}"
test_kernel,145,3,qksvc,1608,4,4,3,12,"{'ry': 8, 'measure': 4, 'barrier': 1}"
test_kernel,145,4,qksvc,1609,4,4,3,12,"{'ry': 8, 'measure': 4, 'barrier': 1}"
test_kernel,145,5,qksvc,1610,4,4,3,12,"{'ry': 8, 'measure': 4, 'barrier': 1}"
test_kernel,145,6,qksvc,1611,4,4,3,12,"{'ry': 8, 'measure': 4, 'barrier': 1}"
test_kernel,145,7,qksvc,1612,4,4,3,12,"{'ry': 8, 'measure': 4, 'barrier': 1}"
test_kernel,145,8,qksvc,1613,4,4,3,12,"{'ry': 8, 'measure': 4, 'barrier': 1}"
test_kernel,145,9,qksvc,1614,4,4,3,12,"{'ry': 8, 'measure': 4, 'barrier': 1}"
test_kernel,146,0,qksvc,1615,4,4,3,12,"{'ry': 8, 'measure': 4, 'barrier': 1}"
test_kernel,146,1,qksvc,1616,4,4,3,12,"{'ry': 8, 'measure': 4, 'barrier': 1}"
test_kernel,146,2,qksvc,1617,4,4,3,12,"{'ry': 8, 'measure': 4, 'barrier': 1}"
test_kernel,146,3,qksvc,1618,4,4,3,12,"{'ry': 8, 'measure': 4, 'barrier': 1}"
test_kernel,146,4,qksvc,1619,4,4,3,12,"{'ry': 8, 'measure': 4, 'barrier': 1}"
test_kernel,146,5,qksvc,1620,4,4,3,12,"{'ry': 8, 'measure': 4, 'barrier': 1}"
test_kernel,146,6,qksvc,1621,4,4,3,12,"{'ry': 8, 'measure': 4, 'barrier': 1}"
test_kernel,146,7,qksvc,1622,4,4,3,12,"{'ry': 8, 'measure': 4, 'barrier': 1}"
test_kernel,146,8,qksvc,1623,4,4,3,12,"{'ry': 8, 'measure': 4, 'barrier': 1}"
test_kernel,146,9,qksvc,1624,4,4,3,12,"{'ry': 8, 'measure': 4, 'barrier': 1}"
test_kernel,147,0,qksvc,1625,4,4,3,12,"{'ry': 8, 'measure': 4, 'barrier': 1}"
test_kernel,147,1,qksvc,1626,4,4,3,12,"{'ry': 8, 'measure': 4, 'barrier': 1}"
test_kernel,147,2,qksvc,1627,4,4,3,12,"{'ry': 8, 'measure': 4, 'barrier': 1}"
test_kernel,147,3,qksvc,1628,4,4,3,12,"{'ry': 8, 'measure': 4, 'barrier': 1}"
test_kernel,147,4,qksvc,1629,4,4,3,12,"{'ry': 8, 'measure': 4, 'barrier': 1}"
test_kernel,147,5,qksvc,1630,4,4,3,12,"{'ry': 8, 'measure': 4, 'barrier': 1}"
test_kernel,147,6,qksvc,1631,4,4,3,12,"{'ry': 8, 'measure': 4, 'barrier': 1}"
test_kernel,147,7,qksvc,1632,4,4,3,12,"{'ry': 8, 'measure': 4, 'barrier': 1}"
test_kernel,147,8,qksvc,1633,4,4,3,12,"{'ry': 8, 'measure': 4, 'barrier': 1}"
test_kernel,147,9,qksvc,1634,4,4,3,12,"{'ry': 8, 'measure': 4, 'barrier': 1}"
test_kernel,148,0,qksvc,1635,4,4,3,12,"{'ry': 8, 'measure': 4, 'barrier': 1}"
test_kernel,148,1,qksvc,1636,4,4,3,12,"{'ry': 8, 'measure': 4, 'barrier': 1}"
test_kernel,148,2,qksvc,1637,4,4,3,12,"{'ry': 8, 'measure': 4, 'barrier': 1}"
test_kernel,148,3,qksvc,1638,4,4,3,12,"{'ry': 8, 'measure': 4, 'barrier': 1}"
test_kernel,148,4,qksvc,1639,4,4,3,12,"{'ry': 8, 'measure': 4, 'barrier': 1}"
test_kernel,148,5,qksvc,1640,4,4,3,12,"{'ry': 8, 'measure': 4, 'barrier': 1}"
test_kernel,148,6,qksvc,1641,4,4,3,12,"{'ry': 8, 'measure': 4, 'barrier': 1}"
test_kernel,148,7,qksvc,1642,4,4,3,12,"{'ry': 8, 'measure': 4, 'barrier': 1}"
test_kernel,148,8,qksvc,1643,4,4,3,12,"{'ry': 8, 'measure': 4, 'barrier': 1}"
test_kernel,148,9,qksvc,1644,4,4,3,12,"{'ry': 8, 'measure': 4, 'barrier': 1}"
test_kernel,149,0,qksvc,1645,4,4,3,12,"{'ry': 8, 'measure': 4, 'barrier': 1}"
test_kernel,149,1,qksvc,1646,4,4,3,12,"{'ry': 8, 'measure': 4, 'barrier': 1}"
test_kernel,149,2,qksvc,1647,4,4,3,12,"{'ry': 8, 'measure': 4, 'barrier': 1}"
test_kernel,149,3,qksvc,1648,4,4,3,12,"{'ry': 8, 'measure': 4, 'barrier': 1}"
test_kernel,149,4,qksvc,1649,4,4,3,12,"{'ry': 8, 'measure': 4, 'barrier': 1}"
test_kernel,149,5,qksvc,1650,4,4,3,12,"{'ry': 8, 'measure': 4, 'barrier': 1}"
test_kernel,149,6,qksvc,1651,4,4,3,12,"{'ry': 8, 'measure': 4, 'barrier': 1}"
test_kernel,149,7,qksvc,1652,4,4,3,12,"{'ry': 8, 'measure': 4, 'barrier': 1}"
test_kernel,149,8,qksvc,1653,4,4,3,12,"{'ry': 8, 'measure': 4, 'barrier': 1}"
test_kernel,149,9,qksvc,1654,4,4,3,12,"{'ry': 8, 'measure': 4, 'barrier': 1}"
test_kernel,150,0,qksvc,1655,4,4,3,12,"{'ry': 8, 'measure': 4, 'barrier': 1}"
test_kernel,150,1,qksvc,1656,4,4,3,12,"{'ry': 8, 'measure': 4, 'barrier': 1}"
test_kernel,150,2,qksvc,1657,4,4,3,12,"{'ry': 8, 'measure': 4, 'barrier': 1}"
test_kernel,150,3,qksvc,1658,4,4,3,12,"{'ry': 8, 'measure': 4, 'barrier': 1}"
test_kernel,150,4,qksvc,1659,4,4,3,12,"{'ry': 8, 'measure': 4, 'barrier': 1}"
test_kernel,150,5,qksvc,1660,4,4,3,12,"{'ry': 8, 'measure': 4, 'barrier': 1}"
test_kernel,150,6,qksvc,1661,4,4,3,12,"{'ry': 8, 'measure': 4, 'barrier': 1}"
test_kernel,150,7,qksvc,1662,4,4,3,12,"{'ry': 8, 'measure': 4, 'barrier': 1}"
test_kernel,150,8,qksvc,1663,4,4,3,12,"{'ry': 8, 'measure': 4, 'barrier': 1}"
test_kernel,150,9,qksvc,1664,4,4,3,12,"{'ry': 8, 'measure': 4, 'barrier': 1}"
test_kernel,151,0,qksvc,1665,4,4,3,12,"{'ry': 8, 'measure': 4, 'barrier': 1}"
test_kernel,151,1,qksvc,1666,4,4,3,12,"{'ry': 8, 'measure': 4, 'barrier': 1}"
test_kernel,151,2,qksvc,1667,4,4,3,12,"{'ry': 8, 'measure': 4, 'barrier': 1}"
test_kernel,151,3,qksvc,1668,4,4,3,12,"{'ry': 8, 'measure': 4, 'barrier': 1}"
test_kernel,151,4,qksvc,1669,4,4,3,12,"{'ry': 8, 'measure': 4, 'barrier': 1}"
test_kernel,151,5,qksvc,1670,4,4,3,12,"{'ry': 8, 'measure': 4, 'barrier': 1}"
test_kernel,151,6,qksvc,1671,4,4,3,12,"{'ry': 8, 'measure': 4, 'barrier': 1}"
test_kernel,151,7,qksvc,1672,4,4,3,12,"{'ry': 8, 'measure': 4, 'barrier': 1}"
test_kernel,151,8,qksvc,1673,4,4,3,12,"{'ry': 8, 'measure': 4, 'barrier': 1}"
test_kernel,151,9,qksvc,1674,4,4,3,12,"{'ry': 8, 'measure': 4, 'barrier': 1}"
test_kernel,152,0,qksvc,1675,4,4,3,12,"{'ry': 8, 'measure': 4, 'barrier': 1}"
test_kernel,152,1,qksvc,1676,4,4,3,12,"{'ry': 8, 'measure': 4, 'barrier': 1}"
test_kernel,152,2,qksvc,1677,4,4,3,12,"{'ry': 8, 'measure': 4, 'barrier': 1}"
test_kernel,152,3,qksvc,1678,4,4,3,12,"{'ry': 8, 'measure': 4, 'barrier': 1}"
test_kernel,152,4,qksvc,1679,4,4,3,12,"{'ry': 8, 'measure': 4, 'barrier': 1}"
test_kernel,152,5,qksvc,1680,4,4,3,12,"{'ry': 8, 'measure': 4, 'barrier': 1}"
test_kernel,152,6,qksvc,1681,4,4,3,12,"{'ry': 8, 'measure': 4, 'barrier': 1}"
test_kernel,152,7,qksvc,1682,4,4,3,12,"{'ry': 8, 'measure': 4, 'barrier': 1}"
test_kernel,152,8,qksvc,1683,4,4,3,12,"{'ry': 8, 'measure': 4, 'barrier': 1}"
test_kernel,152,9,qksvc,1684,4,4,3,12,"{'ry': 8, 'measure': 4, 'barrier': 1}"
test_kernel,153,0,qksvc,1685,4,4,3,12,"{'ry': 8, 'measure': 4, 'barrier': 1}"
test_kernel,153,1,qksvc,1686,4,4,3,12,"{'ry': 8, 'measure': 4, 'barrier': 1}"
test_kernel,153,2,qksvc,1687,4,4,3,12,"{'ry': 8, 'measure': 4, 'barrier': 1}"
test_kernel,153,3,qksvc,1688,4,4,3,12,"{'ry': 8, 'measure': 4, 'barrier': 1}"
test_kernel,153,4,qksvc,1689,4,4,3,12,"{'ry': 8, 'measure': 4, 'barrier': 1}"
test_kernel,153,5,qksvc,1690,4,4,3,12,"{'ry': 8, 'measure': 4, 'barrier': 1}"
test_kernel,153,6,qksvc,1691,4,4,3,12,"{'ry': 8, 'measure': 4, 'barrier': 1}"
test_kernel,153,7,qksvc,1692,4,4,3,12,"{'ry': 8, 'measure': 4, 'barrier': 1}"
test_kernel,153,8,qksvc,1693,4,4,3,12,"{'ry': 8, 'measure': 4, 'barrier': 1}"
test_kernel,153,9,qksvc,1694,4,4,3,12,"{'ry': 8, 'measure': 4, 'barrier': 1}"
test_kernel,154,0,qksvc,1695,4,4,3,12,"{'ry': 8, 'measure': 4, 'barrier': 1}"
test_kernel,154,1,qksvc,1696,4,4,3,12,"{'ry': 8, 'measure': 4, 'barrier': 1}"
test_kernel,154,2,qksvc,1697,4,4,3,12,"{'ry': 8, 'measure': 4, 'barrier': 1}"
test_kernel,154,3,qksvc,1698,4,4,3,12,"{'ry': 8, 'measure': 4, 'barrier': 1}"
test_kernel,154,4,qksvc,1699,4,4,3,12,"{'ry': 8, 'measure': 4, 'barrier': 1}"
test_kernel,154,5,qksvc,1700,4,4,3,12,"{'ry': 8, 'measure': 4, 'barrier': 1}"
test_kernel,154,6,qksvc,1701,4,4,3,12,"{'ry': 8, 'measure': 4, 'barrier': 1}"
test_kernel,154,7,qksvc,1702,4,4,3,12,"{'ry': 8, 'measure': 4, 'barrier': 1}"
test_kernel,154,8,qksvc,1703,4,4,3,12,"{'ry': 8, 'measure': 4, 'barrier': 1}"
test_kernel,154,9,qksvc,1704,4,4,3,12,"{'ry': 8, 'measure': 4, 'barrier': 1}"
test_kernel,155,0,qksvc,1705,4,4,3,12,"{'ry': 8, 'measure': 4, 'barrier': 1}"
test_kernel,155,1,qksvc,1706,4,4,3,12,"{'ry': 8, 'measure': 4, 'barrier': 1}"
test_kernel,155,2,qksvc,1707,4,4,3,12,"{'ry': 8, 'measure': 4, 'barrier': 1}"
test_kernel,155,3,qksvc,1708,4,4,3,12,"{'ry': 8, 'measure': 4, 'barrier': 1}"
test_kernel,155,4,qksvc,1709,4,4,3,12,"{'ry': 8, 'measure': 4, 'barrier': 1}"
test_kernel,155,5,qksvc,1710,4,4,3,12,"{'ry': 8, 'measure': 4, 'barrier': 1}"
test_kernel,155,6,qksvc,1711,4,4,3,12,"{'ry': 8, 'measure': 4, 'barrier': 1}"
test_kernel,155,7,qksvc,1712,4,4,3,12,"{'ry': 8, 'measure': 4, 'barrier': 1}"
test_kernel,155,8,qksvc,1713,4,4,3,12,"{'ry': 8, 'measure': 4, 'barrier': 1}"
test_kernel,155,9,qksvc,1714,4,4,3,12,"{'ry': 8, 'measure': 4, 'barrier': 1}"
test_kernel,156,0,qksvc,1715,4,4,3,12,"{'ry': 8, 'measure': 4, 'barrier': 1}"
test_kernel,156,1,qksvc,1716,4,4,3,12,"{'ry': 8, 'measure': 4, 'barrier': 1}"
test_kernel,156,2,qksvc,1717,4,4,3,12,"{'ry': 8, 'measure': 4, 'barrier': 1}"
test_kernel,156,3,qksvc,1718,4,4,3,12,"{'ry': 8, 'measure': 4, 'barrier': 1}"
test_kernel,156,4,qksvc,1719,4,4,3,12,"{'ry': 8, 'measure': 4, 'barrier': 1}"
test_kernel,156,5,qksvc,1720,4,4,3,12,"{'ry': 8, 'measure': 4, 'barrier': 1}"
test_kernel,156,6,qksvc,1721,4,4,3,12,"{'ry': 8, 'measure': 4, 'barrier': 1}"
test_kernel,156,7,qksvc,1722,4,4,3,12,"{'ry': 8, 'measure': 4, 'barrier': 1}"
test_kernel,156,8,qksvc,1723,4,4,3,12,"{'ry': 8, 'measure': 4, 'barrier': 1}"
test_kernel,156,9,qksvc,1724,4,4,3,12,"{'ry': 8, 'measure': 4, 'barrier': 1}"
test_kernel,157,0,qksvc,1725,4,4,3,12,"{'ry': 8, 'measure': 4, 'barrier': 1}"
test_kernel,157,1,qksvc,1726,4,4,3,12,"{'ry': 8, 'measure': 4, 'barrier': 1}"
test_kernel,157,2,qksvc,1727,4,4,3,12,"{'ry': 8, 'measure': 4, 'barrier': 1}"
test_kernel,157,3,qksvc,1728,4,4,3,12,"{'ry': 8, 'measure': 4, 'barrier': 1}"
test_kernel,157,4,qksvc,1729,4,4,3,12,"{'ry': 8, 'measure': 4, 'barrier': 1}"
test_kernel,157,5,qksvc,1730,4,4,3,12,"{'ry': 8, 'measure': 4, 'barrier': 1}"
test_kernel,157,6,qksvc,1731,4,4,3,12,"{'ry': 8, 'measure': 4, 'barrier': 1}"
test_kernel,157,7,qksvc,1732,4,4,3,12,"{'ry': 8, 'measure': 4, 'barrier': 1}"
test_kernel,157,8,qksvc,1733,4,4,3,12,"{'ry': 8, 'measure': 4, 'barrier': 1}"
test_kernel,157,9,qksvc,1734,4,4,3,12,"{'ry': 8, 'measure': 4, 'barrier': 1}"
test_kernel,158,0,qksvc,1735,4,4,3,12,"{'ry': 8, 'measure': 4, 'barrier': 1}"
test_kernel,158,1,qksvc,1736,4,4,3,12,"{'ry': 8, 'measure': 4, 'barrier': 1}"
test_kernel,158,2,qksvc,1737,4,4,3,12,"{'ry': 8, 'measure': 4, 'barrier': 1}"
test_kernel,158,3,qksvc,1738,4,4,3,12,"{'ry': 8, 'measure': 4, 'barrier': 1}"
test_kernel,158,4,qksvc,1739,4,4,3,12,"{'ry': 8, 'measure': 4, 'barrier': 1}"
test_kernel,158,5,qksvc,1740,4,4,3,12,"{'ry': 8, 'measure': 4, 'barrier': 1}"
test_kernel,158,6,qksvc,1741,4,4,3,12,"{'ry': 8, 'measure': 4, 'barrier': 1}"
test_kernel,158,7,qksvc,1742,4,4,3,12,"{'ry': 8, 'measure': 4, 'barrier': 1}"
test_kernel,158,8,qksvc,1743,4,4,3,12,"{'ry': 8, 'measure': 4, 'barrier': 1}"
test_kernel,158,9,qksvc,1744,4,4,3,12,"{'ry': 8, 'measure': 4, 'barrier': 1}"
test_kernel,159,0,qksvc,1745,4,4,3,12,"{'ry': 8, 'measure': 4, 'barrier': 1}"
test_kernel,159,1,qksvc,1746,4,4,3,12,"{'ry': 8, 'measure': 4, 'barrier': 1}"
test_kernel,159,2,qksvc,1747,4,4,3,12,"{'ry': 8, 'measure': 4, 'barrier': 1}"
test_kernel,159,3,qksvc,1748,4,4,3,12,"{'ry': 8, 'measure': 4, 'barrier': 1}"
test_kernel,159,4,qksvc,1749,4,4,3,12,"{'ry': 8, 'measure': 4, 'barrier': 1}"
test_kernel,159,5,qksvc,1750,4,4,3,12,"{'ry': 8, 'measure': 4, 'barrier': 1}"
test_kernel,159,6,qksvc,1751,4,4,3,12,"{'ry': 8, 'measure': 4, 'barrier': 1}"
test_kernel,159,7,qksvc,1752,4,4,3,12,"{'ry': 8, 'measure': 4, 'barrier': 1}"
test_kernel,159,8,qksvc,1753,4,4,3,12,"{'ry': 8, 'measure': 4, 'barrier': 1}"
test_kernel,159,9,qksvc,1754,4,4,3,12,"{'ry': 8, 'measure': 4, 'barrier': 1}"
test_kernel,160,0,qksvc,1755,4,4,3,12,"{'ry': 8, 'measure': 4, 'barrier': 1}"
test_kernel,160,1,qksvc,1756,4,4,3,12,"{'ry': 8, 'measure': 4, 'barrier': 1}"
test_kernel,160,2,qksvc,1757,4,4,3,12,"{'ry': 8, 'measure': 4, 'barrier': 1}"
test_kernel,160,3,qksvc,1758,4,4,3,12,"{'ry': 8, 'measure': 4, 'barrier': 1}"
test_kernel,160,4,qksvc,1759,4,4,3,12,"{'ry': 8, 'measure': 4, 'barrier': 1}"
test_kernel,160,5,qksvc,1760,4,4,3,12,"{'ry': 8, 'measure': 4, 'barrier': 1}"
test_kernel,160,6,qksvc,1761,4,4,3,12,"{'ry': 8, 'measure': 4, 'barrier': 1}"
test_kernel,160,7,qksvc,1762,4,4,3,12,"{'ry': 8, 'measure': 4, 'barrier': 1}"
test_kernel,160,8,qksvc,1763,4,4,3,12,"{'ry': 8, 'measure': 4, 'barrier': 1}"
test_kernel,160,9,qksvc,1764,4,4,3,12,"{'ry': 8, 'measure': 4, 'barrier': 1}"
test_kernel,161,0,qksvc,1765,4,4,3,12,"{'ry': 8, 'measure': 4, 'barrier': 1}"
test_kernel,161,1,qksvc,1766,4,4,3,12,"{'ry': 8, 'measure': 4, 'barrier': 1}"
test_kernel,161,2,qksvc,1767,4,4,3,12,"{'ry': 8, 'measure': 4, 'barrier': 1}"
test_kernel,161,3,qksvc,1768,4,4,3,12,"{'ry': 8, 'measure': 4, 'barrier': 1}"
test_kernel,161,4,qksvc,1769,4,4,3,12,"{'ry': 8, 'measure': 4, 'barrier': 1}"
test_kernel,161,5,qksvc,1770,4,4,3,12,"{'ry': 8, 'measure': 4, 'barrier': 1}"
test_kernel,161,6,qksvc,1771,4,4,3,12,"{'ry': 8, 'measure': 4, 'barrier': 1}"
test_kernel,161,7,qksvc,1772,4,4,3,12,"{'ry': 8, 'measure': 4, 'barrier': 1}"
test_kernel,161,8,qksvc,1773,4,4,3,12,"{'ry': 8, 'measure': 4, 'barrier': 1}"
test_kernel,161,9,qksvc,1774,4,4,3,12,"{'ry': 8, 'measure': 4, 'barrier': 1}"
test_kernel,162,0,qksvc,1775,4,4,3,12,"{'ry': 8, 'measure': 4, 'barrier': 1}"
test_kernel,162,1,qksvc,1776,4,4,3,12,"{'ry': 8, 'measure': 4, 'barrier': 1}"
test_kernel,162,2,qksvc,1777,4,4,3,12,"{'ry': 8, 'measure': 4, 'barrier': 1}"
test_kernel,162,3,qksvc,1778,4,4,3,12,"{'ry': 8, 'measure': 4, 'barrier': 1}"
test_kernel,162,4,qksvc,1779,4,4,3,12,"{'ry': 8, 'measure': 4, 'barrier': 1}"
test_kernel,162,5,qksvc,1780,4,4,3,12,"{'ry': 8, 'measure': 4, 'barrier': 1}"
test_kernel,162,6,qksvc,1781,4,4,3,12,"{'ry': 8, 'measure': 4, 'barrier': 1}"
test_kernel,162,7,qksvc,1782,4,4,3,12,"{'ry': 8, 'measure': 4, 'barrier': 1}"
test_kernel,162,8,qksvc,1783,4,4,3,12,"{'ry': 8, 'measure': 4, 'barrier': 1}"
test_kernel,162,9,qksvc,1784,4,4,3,12,"{'ry': 8, 'measure': 4, 'barrier': 1}"
test_kernel,163,0,qksvc,1785,4,4,3,12,"{'ry': 8, 'measure': 4, 'barrier': 1}"
test_kernel,163,1,qksvc,1786,4,4,3,12,"{'ry': 8, 'measure': 4, 'barrier': 1}"
test_kernel,163,2,qksvc,1787,4,4,3,12,"{'ry': 8, 'measure': 4, 'barrier': 1}"
test_kernel,163,3,qksvc,1788,4,4,3,12,"{'ry': 8, 'measure': 4, 'barrier': 1}"
test_kernel,163,4,qksvc,1789,4,4,3,12,"{'ry': 8, 'measure': 4, 'barrier': 1}"
test_kernel,163,5,qksvc,1790,4,4,3,12,"{'ry': 8, 'measure': 4, 'barrier': 1}"
test_kernel,163,6,qksvc,1791,4,4,3,12,"{'ry': 8, 'measure': 4, 'barrier': 1}"
test_kernel,163,7,qksvc,1792,4,4,3,12,"{'ry': 8, 'measure': 4, 'barrier': 1}"
test_kernel,163,8,qksvc,1793,4,4,3,12,"{'ry': 8, 'measure': 4, 'barrier': 1}"
test_kernel,163,9,qksvc,1794,4,4,3,12,"{'ry': 8, 'measure': 4, 'barrier': 1}"
test_kernel,164,0,qksvc,1795,4,4,3,12,"{'ry': 8, 'measure': 4, 'barrier': 1}"
test_kernel,164,1,qksvc,1796,4,4,3,12,"{'ry': 8, 'measure': 4, 'barrier': 1}"
test_kernel,164,2,qksvc,1797,4,4,3,12,"{'ry': 8, 'measure': 4, 'barrier': 1}"
test_kernel,164,3,qksvc,1798,4,4,3,12,"{'ry': 8, 'measure': 4, 'barrier': 1}"
test_kernel,164,4,qksvc,1799,4,4,3,12,"{'ry': 8, 'measure': 4, 'barrier': 1}"
test_kernel,164,5,qksvc,1800,4,4,3,12,"{'ry': 8, 'measure': 4, 'barrier': 1}"
test_kernel,164,6,qksvc,1801,4,4,3,12,"{'ry': 8, 'measure': 4, 'barrier': 1}"
test_kernel,164,7,qksvc,1802,4,4,3,12,"{'ry': 8, 'measure': 4, 'barrier': 1}"
test_kernel,164,8,qksvc,1803,4,4,3,12,"{'ry': 8, 'measure': 4, 'barrier': 1}"
test_kernel,164,9,qksvc,1804,4,4,3,12,"{'ry': 8, 'measure': 4, 'barrier': 1}"
test_kernel,165,0,qksvc,1805,4,4,3,12,"{'ry': 8, 'measure': 4, 'barrier': 1}"
test_kernel,165,1,qksvc,1806,4,4,3,12,"{'ry': 8, 'measure': 4, 'barrier': 1}"
test_kernel,165,2,qksvc,1807,4,4,3,12,"{'ry': 8, 'measure': 4, 'barrier': 1}"
test_kernel,165,3,qksvc,1808,4,4,3,12,"{'ry': 8, 'measure': 4, 'barrier': 1}"
test_kernel,165,4,qksvc,1809,4,4,3,12,"{'ry': 8, 'measure': 4, 'barrier': 1}"
test_kernel,165,5,qksvc,1810,4,4,3,12,"{'ry': 8, 'measure': 4, 'barrier': 1}"
test_kernel,165,6,qksvc,1811,4,4,3,12,"{'ry': 8, 'measure': 4, 'barrier': 1}"
test_kernel,165,7,qksvc,1812,4,4,3,12,"{'ry': 8, 'measure': 4, 'barrier': 1}"
test_kernel,165,8,qksvc,1813,4,4,3,12,"{'ry': 8, 'measure': 4, 'barrier': 1}"
test_kernel,165,9,qksvc,1814,4,4,3,12,"{'ry': 8, 'measure': 4, 'barrier': 1}"
test_kernel,166,0,qksvc,1815,4,4,3,12,"{'ry': 8, 'measure': 4, 'barrier': 1}"
test_kernel,166,1,qksvc,1816,4,4,3,12,"{'ry': 8, 'measure': 4, 'barrier': 1}"
test_kernel,166,2,qksvc,1817,4,4,3,12,"{'ry': 8, 'measure': 4, 'barrier': 1}"
test_kernel,166,3,qksvc,1818,4,4,3,12,"{'ry': 8, 'measure': 4, 'barrier': 1}"
test_kernel,166,4,qksvc,1819,4,4,3,12,"{'ry': 8, 'measure': 4, 'barrier': 1}"
test_kernel,166,5,qksvc,1820,4,4,3,12,"{'ry': 8, 'measure': 4, 'barrier': 1}"
test_kernel,166,6,qksvc,1821,4,4,3,12,"{'ry': 8, 'measure': 4, 'barrier': 1}"
test_kernel,166,7,qksvc,1822,4,4,3,12,"{'ry': 8, 'measure': 4, 'barrier': 1}"
test_kernel,166,8,qksvc,1823,4,4,3,12,"{'ry': 8, 'measure': 4, 'barrier': 1}"
test_kernel,166,9,qksvc,1824,4,4,3,12,"{'ry': 8, 'measure': 4, 'barrier': 1}"
test_kernel,167,0,qksvc,1825,4,4,3,12,"{'ry': 8, 'measure': 4, 'barrier': 1}"
test_kernel,167,1,qksvc,1826,4,4,3,12,"{'ry': 8, 'measure': 4, 'barrier': 1}"
test_kernel,167,2,qksvc,1827,4,4,3,12,"{'ry': 8, 'measure': 4, 'barrier': 1}"
test_kernel,167,3,qksvc,1828,4,4,3,12,"{'ry': 8, 'measure': 4, 'barrier': 1}"
test_kernel,167,4,qksvc,1829,4,4,3,12,"{'ry': 8, 'measure': 4, 'barrier': 1}"
test_kernel,167,5,qksvc,1830,4,4,3,12,"{'ry': 8, 'measure': 4, 'barrier': 1}"
test_kernel,167,6,qksvc,1831,4,4,3,12,"{'ry': 8, 'measure': 4, 'barrier': 1}"
test_kernel,167,7,qksvc,1832,4,4,3,12,"{'ry': 8, 'measure': 4, 'barrier': 1}"
test_kernel,167,8,qksvc,1833,4,4,3,12,"{'ry': 8, 'measure': 4, 'barrier': 1}"
test_kernel,167,9,qksvc,1834,4,4,3,12,"{'ry': 8, 'measure': 4, 'barrier': 1}"
test_kernel,168,0,qksvc,1835,4,4,3,12,"{'ry': 8, 'measure': 4, 'barrier': 1}"
test_kernel,168,1,qksvc,1836,4,4,3,12,"{'ry': 8, 'measure': 4, 'barrier': 1}"
test_kernel,168,2,qksvc,1837,4,4,3,12,"{'ry': 8, 'measure': 4, 'barrier': 1}"
test_kernel,168,3,qksvc,1838,4,4,3,12,"{'ry': 8, 'measure': 4, 'barrier': 1}"
test_kernel,168,4,qksvc,1839,4,4,3,12,"{'ry': 8, 'measure': 4, 'barrier': 1}"
test_kernel,168,5,qksvc,1840,4,4,3,12,"{'ry': 8, 'measure': 4, 'barrier': 1}"
test_kernel,168,6,qksvc,1841,4,4,3,12,"{'ry': 8, 'measure': 4, 'barrier': 1}"
test_kernel,168,7,qksvc,1842,4,4,3,12,"{'ry': 8, 'measure': 4, 'barrier': 1}"
test_kernel,168,8,qksvc,1843,4,4,3,12,"{'ry': 8, 'measure': 4, 'barrier': 1}"
test_kernel,168,9,qksvc,1844,4,4,3,12,"{'ry': 8, 'measure': 4, 'barrier': 1}"
test_kernel,169,0,qksvc,1845,4,4,3,12,"{'ry': 8, 'measure': 4, 'barrier': 1}"
test_kernel,169,1,qksvc,1846,4,4,3,12,"{'ry': 8, 'measure': 4, 'barrier': 1}"
test_kernel,169,2,qksvc,1847,4,4,3,12,"{'ry': 8, 'measure': 4, 'barrier': 1}"
test_kernel,169,3,qksvc,1848,4,4,3,12,"{'ry': 8, 'measure': 4, 'barrier': 1}"
test_kernel,169,4,qksvc,1849,4,4,3,12,"{'ry': 8, 'measure': 4, 'barrier': 1}"
test_kernel,169,5,qksvc,1850,4,4,3,12,"{'ry': 8, 'measure': 4, 'barrier': 1}"
test_kernel,169,6,qksvc,1851,4,4,3,12,"{'ry': 8, 'measure': 4, 'barrier': 1}"
test_kernel,169,7,qksvc,1852,4,4,3,12,"{'ry': 8, 'measure': 4, 'barrier': 1}"
test_kernel,169,8,qksvc,1853,4,4,3,12,"{'ry': 8, 'measure': 4, 'barrier': 1}"
test_kernel,169,9,qksvc,1854,4,4,3,12,"{'ry': 8, 'measure': 4, 'barrier': 1}"
test_kernel,170,0,qksvc,1855,4,4,3,12,"{'ry': 8, 'measure': 4, 'barrier': 1}"
test_kernel,170,1,qksvc,1856,4,4,3,12,"{'ry': 8, 'measure': 4, 'barrier': 1}"
test_kernel,170,2,qksvc,1857,4,4,3,12,"{'ry': 8, 'measure': 4, 'barrier': 1}"
test_kernel,170,3,qksvc,1858,4,4,3,12,"{'ry': 8, 'measure': 4, 'barrier': 1}"
test_kernel,170,4,qksvc,1859,4,4,3,12,"{'ry': 8, 'measure': 4, 'barrier': 1}"
test_kernel,170,5,qksvc,1860,4,4,3,12,"{'ry': 8, 'measure': 4, 'barrier': 1}"
test_kernel,170,6,qksvc,1861,4,4,3,12,"{'ry': 8, 'measure': 4, 'barrier': 1}"
test_kernel,170,7,qksvc,1862,4,4,3,12,"{'ry': 8, 'measure': 4, 'barrier': 1}"
test_kernel,170,8,qksvc,1863,4,4,3,12,"{'ry': 8, 'measure': 4, 'barrier': 1}"
test_kernel,170,9,qksvc,1864,4,4,3,12,"{'ry': 8, 'measure': 4, 'barrier': 1}"
test_kernel,171,0,qksvc,1865,4,4,3,12,"{'ry': 8, 'measure': 4, 'barrier': 1}"
test_kernel,171,1,qksvc,1866,4,4,3,12,"{'ry': 8, 'measure': 4, 'barrier': 1}"
test_kernel,171,2,qksvc,1867,4,4,3,12,"{'ry': 8, 'measure': 4, 'barrier': 1}"
test_kernel,171,3,qksvc,1868,4,4,3,12,"{'ry': 8, 'measure': 4, 'barrier': 1}"
test_kernel,171,4,qksvc,1869,4,4,3,12,"{'ry': 8, 'measure': 4, 'barrier': 1}"
test_kernel,171,5,qksvc,1870,4,4,3,12,"{'ry': 8, 'measure': 4, 'barrier': 1}"
test_kernel,171,6,qksvc,1871,4,4,3,12,"{'ry': 8, 'measure': 4, 'barrier': 1}"
test_kernel,171,7,qksvc,1872,4,4,3,12,"{'ry': 8, 'measure': 4, 'barrier': 1}"
test_kernel,171,8,qksvc,1873,4,4,3,12,"{'ry': 8, 'measure': 4, 'barrier': 1}"
test_kernel,171,9,qksvc,1874,4,4,3,12,"{'ry': 8, 'measure': 4, 'barrier': 1}"
test_kernel,172,0,qksvc,1875,4,4,3,12,"{'ry': 8, 'measure': 4, 'barrier': 1}"
test_kernel,172,1,qksvc,1876,4,4,3,12,"{'ry': 8, 'measure': 4, 'barrier': 1}"
test_kernel,172,2,qksvc,1877,4,4,3,12,"{'ry': 8, 'measure': 4, 'barrier': 1}"
test_kernel,172,3,qksvc,1878,4,4,3,12,"{'ry': 8, 'measure': 4, 'barrier': 1}"
test_kernel,172,4,qksvc,1879,4,4,3,12,"{'ry': 8, 'measure': 4, 'barrier': 1}"
test_kernel,172,5,qksvc,1880,4,4,3,12,"{'ry': 8, 'measure': 4, 'barrier': 1}"
test_kernel,172,6,qksvc,1881,4,4,3,12,"{'ry': 8, 'measure': 4, 'barrier': 1}"
test_kernel,172,7,qksvc,1882,4,4,3,12,"{'ry': 8, 'measure': 4, 'barrier': 1}"
test_kernel,172,8,qksvc,1883,4,4,3,12,"{'ry': 8, 'measure': 4, 'barrier': 1}"
test_kernel,172,9,qksvc,1884,4,4,3,12,"{'ry': 8, 'measure': 4, 'barrier': 1}"
test_kernel,173,0,qksvc,1885,4,4,3,12,"{'ry': 8, 'measure': 4, 'barrier': 1}"
test_kernel,173,1,qksvc,1886,4,4,3,12,"{'ry': 8, 'measure': 4, 'barrier': 1}"
test_kernel,173,2,qksvc,1887,4,4,3,12,"{'ry': 8, 'measure': 4, 'barrier': 1}"
test_kernel,173,3,qksvc,1888,4,4,3,12,"{'ry': 8, 'measure': 4, 'barrier': 1}"
test_kernel,173,4,qksvc,1889,4,4,3,12,"{'ry': 8, 'measure': 4, 'barrier': 1}"
test_kernel,173,5,qksvc,1890,4,4,3,12,"{'ry': 8, 'measure': 4, 'barrier': 1}"
test_kernel,173,6,qksvc,1891,4,4,3,12,"{'ry': 8, 'measure': 4, 'barrier': 1}"
test_kernel,173,7,qksvc,1892,4,4,3,12,"{'ry': 8, 'measure': 4, 'barrier': 1}"
test_kernel,173,8,qksvc,1893,4,4,3,12,"{'ry': 8, 'measure': 4, 'barrier': 1}"
test_kernel,173,9,qksvc,1894,4,4,3,12,"{'ry': 8, 'measure': 4, 'barrier': 1}"
test_kernel,174,0,qksvc,1895,4,4,3,12,"{'ry': 8, 'measure': 4, 'barrier': 1}"
test_kernel,174,1,qksvc,1896,4,4,3,12,"{'ry': 8, 'measure': 4, 'barrier': 1}"
test_kernel,174,2,qksvc,1897,4,4,3,12,"{'ry': 8, 'measure': 4, 'barrier': 1}"
test_kernel,174,3,qksvc,1898,4,4,3,12,"{'ry': 8, 'measure': 4, 'barrier': 1}"
test_kernel,174,4,qksvc,1899,4,4,3,12,"{'ry': 8, 'measure': 4, 'barrier': 1}"
test_kernel,174,5,qksvc,1900,4,4,3,12,"{'ry': 8, 'measure': 4, 'barrier': 1}"
test_kernel,174,6,qksvc,1901,4,4,3,12,"{'ry': 8, 'measure': 4, 'barrier': 1}"
test_kernel,174,7,qksvc,1902,4,4,3,12,"{'ry': 8, 'measure': 4, 'barrier': 1}"
test_kernel,174,8,qksvc,1903,4,4,3,12,"{'ry': 8, 'measure': 4, 'barrier': 1}"
test_kernel,174,9,qksvc,1904,4,4,3,12,"{'ry': 8, 'measure': 4, 'barrier': 1}"
test_kernel,175,0,qksvc,1905,4,4,3,12,"{'ry': 8, 'measure': 4, 'barrier': 1}"
test_kernel,175,1,qksvc,1906,4,4,3,12,"{'ry': 8, 'measure': 4, 'barrier': 1}"
test_kernel,175,2,qksvc,1907,4,4,3,12,"{'ry': 8, 'measure': 4, 'barrier': 1}"
test_kernel,175,3,qksvc,1908,4,4,3,12,"{'ry': 8, 'measure': 4, 'barrier': 1}"
test_kernel,175,4,qksvc,1909,4,4,3,12,"{'ry': 8, 'measure': 4, 'barrier': 1}"
test_kernel,175,5,qksvc,1910,4,4,3,12,"{'ry': 8, 'measure': 4, 'barrier': 1}"
test_kernel,175,6,qksvc,1911,4,4,3,12,"{'ry': 8, 'measure': 4, 'barrier': 1}"
test_kernel,175,7,qksvc,1912,4,4,3,12,"{'ry': 8, 'measure': 4, 'barrier': 1}"
test_kernel,175,8,qksvc,1913,4,4,3,12,"{'ry': 8, 'measure': 4, 'barrier': 1}"
test_kernel,175,9,qksvc,1914,4,4,3,12,"{'ry': 8, 'measure': 4, 'barrier': 1}"
test_kernel,176,0,qksvc,1915,4,4,3,12,"{'ry': 8, 'measure': 4, 'barrier': 1}"
test_kernel,176,1,qksvc,1916,4,4,3,12,"{'ry': 8, 'measure': 4, 'barrier': 1}"
test_kernel,176,2,qksvc,1917,4,4,3,12,"{'ry': 8, 'measure': 4, 'barrier': 1}"
test_kernel,176,3,qksvc,1918,4,4,3,12,"{'ry': 8, 'measure': 4, 'barrier': 1}"
test_kernel,176,4,qksvc,1919,4,4,3,12,"{'ry': 8, 'measure': 4, 'barrier': 1}"
test_kernel,176,5,qksvc,1920,4,4,3,12,"{'ry': 8, 'measure': 4, 'barrier': 1}"
test_kernel,176,6,qksvc,1921,4,4,3,12,"{'ry': 8, 'measure': 4, 'barrier': 1}"
test_kernel,176,7,qksvc,1922,4,4,3,12,"{'ry': 8, 'measure': 4, 'barrier': 1}"
test_kernel,176,8,qksvc,1923,4,4,3,12,"{'ry': 8, 'measure': 4, 'barrier': 1}"
test_kernel,176,9,qksvc,1924,4,4,3,12,"{'ry': 8, 'measure': 4, 'barrier': 1}"
test_kernel,177,0,qksvc,1925,4,4,3,12,"{'ry': 8, 'measure': 4, 'barrier': 1}"
test_kernel,177,1,qksvc,1926,4,4,3,12,"{'ry': 8, 'measure': 4, 'barrier': 1}"
test_kernel,177,2,qksvc,1927,4,4,3,12,"{'ry': 8, 'measure': 4, 'barrier': 1}"
test_kernel,177,3,qksvc,1928,4,4,3,12,"{'ry': 8, 'measure': 4, 'barrier': 1}"
test_kernel,177,4,qksvc,1929,4,4,3,12,"{'ry': 8, 'measure': 4, 'barrier': 1}"
test_kernel,177,5,qksvc,1930,4,4,3,12,"{'ry': 8, 'measure': 4, 'barrier': 1}"
test_kernel,177,6,qksvc,1931,4,4,3,12,"{'ry': 8, 'measure': 4, 'barrier': 1}"
test_kernel,177,7,qksvc,1932,4,4,3,12,"{'ry': 8, 'measure': 4, 'barrier': 1}"
test_kernel,177,8,qksvc,1933,4,4,3,12,"{'ry': 8, 'measure': 4, 'barrier': 1}"
test_kernel,177,9,qksvc,1934,4,4,3,12,"{'ry': 8, 'measure': 4, 'barrier': 1}"
test_kernel,178,0,qksvc,1935,4,4,3,12,"{'ry': 8, 'measure': 4, 'barrier': 1}"
test_kernel,178,1,qksvc,1936,4,4,3,12,"{'ry': 8, 'measure': 4, 'barrier': 1}"
test_kernel,178,2,qksvc,1937,4,4,3,12,"{'ry': 8, 'measure': 4, 'barrier': 1}"
test_kernel,178,3,qksvc,1938,4,4,3,12,"{'ry': 8, 'measure': 4, 'barrier': 1}"
test_kernel,178,4,qksvc,1939,4,4,3,12,"{'ry': 8, 'measure': 4, 'barrier': 1}"
test_kernel,178,5,qksvc,1940,4,4,3,12,"{'ry': 8, 'measure': 4, 'barrier': 1}"
test_kernel,178,6,qksvc,1941,4,4,3,12,"{'ry': 8, 'measure': 4, 'barrier': 1}"
test_kernel,178,7,qksvc,1942,4,4,3,12,"{'ry': 8, 'measure': 4, 'barrier': 1}"
test_kernel,178,8,qksvc,1943,4,4,3,12,"{'ry': 8, 'measure': 4, 'barrier': 1}"
test_kernel,178,9,qksvc,1944,4,4,3,12,"{'ry': 8, 'measure': 4, 'barrier': 1}"
test_kernel,179,0,qksvc,1945,4,4,3,12,"{'ry': 8, 'measure': 4, 'barrier': 1}"
test_kernel,179,1,qksvc,1946,4,4,3,12,"{'ry': 8, 'measure': 4, 'barrier': 1}"
test_kernel,179,2,qksvc,1947,4,4,3,12,"{'ry': 8, 'measure': 4, 'barrier': 1}"
test_kernel,179,3,qksvc,1948,4,4,3,12,"{'ry': 8, 'measure': 4, 'barrier': 1}"
test_kernel,179,4,qksvc,1949,4,4,3,12,"{'ry': 8, 'measure': 4, 'barrier': 1}"
test_kernel,179,5,qksvc,1950,4,4,3,12,"{'ry': 8, 'measure': 4, 'barrier': 1}"
test_kernel,179,6,qksvc,1951,4,4,3,12,"{'ry': 8, 'measure': 4, 'barrier': 1}"
test_kernel,179,7,qksvc,1952,4,4,3,12,"{'ry': 8, 'measure': 4, 'barrier': 1}"
test_kernel,179,8,qksvc,1953,4,4,3,12,"{'ry': 8, 'measure': 4, 'barrier': 1}"
test_kernel,179,9,qksvc,1954,4,4,3,12,"{'ry': 8, 'measure': 4, 'barrier': 1}"
test_kernel,180,0,qksvc,1955,4,4,3,12,"{'ry': 8, 'measure': 4, 'barrier': 1}"
test_kernel,180,1,qksvc,1956,4,4,3,12,"{'ry': 8, 'measure': 4, 'barrier': 1}"
test_kernel,180,2,qksvc,1957,4,4,3,12,"{'ry': 8, 'measure': 4, 'barrier': 1}"
test_kernel,180,3,qksvc,1958,4,4,3,12,"{'ry': 8, 'measure': 4, 'barrier': 1}"
test_kernel,180,4,qksvc,1959,4,4,3,12,"{'ry': 8, 'measure': 4, 'barrier': 1}"
test_kernel,180,5,qksvc,1960,4,4,3,12,"{'ry': 8, 'measure': 4, 'barrier': 1}"
test_kernel,180,6,qksvc,1961,4,4,3,12,"{'ry': 8, 'measure': 4, 'barrier': 1}"
test_kernel,180,7,qksvc,1962,4,4,3,12,"{'ry': 8, 'measure': 4, 'barrier': 1}"
test_kernel,180,8,qksvc,1963,4,4,3,12,"{'ry': 8, 'measure': 4, 'barrier': 1}"
test_kernel,180,9,qksvc,1964,4,4,3,12,"{'ry': 8, 'measure': 4, 'barrier': 1}"
test_kernel,181,0,qksvc,1965,4,4,3,12,"{'ry': 8, 'measure': 4, 'barrier': 1}"
test_kernel,181,1,qksvc,1966,4,4,3,12,"{'ry': 8, 'measure': 4, 'barrier': 1}"
test_kernel,181,2,qksvc,1967,4,4,3,12,"{'ry': 8, 'measure': 4, 'barrier': 1}"
test_kernel,181,3,qksvc,1968,4,4,3,12,"{'ry': 8, 'measure': 4, 'barrier': 1}"
test_kernel,181,4,qksvc,1969,4,4,3,12,"{'ry': 8, 'measure': 4, 'barrier': 1}"
test_kernel,181,5,qksvc,1970,4,4,3,12,"{'ry': 8, 'measure': 4, 'barrier': 1}"
test_kernel,181,6,qksvc,1971,4,4,3,12,"{'ry': 8, 'measure': 4, 'barrier': 1}"
test_kernel,181,7,qksvc,1972,4,4,3,12,"{'ry': 8, 'measure': 4, 'barrier': 1}"
test_kernel,181,8,qksvc,1973,4,4,3,12,"{'ry': 8, 'measure': 4, 'barrier': 1}"
test_kernel,181,9,qksvc,1974,4,4,3,12,"{'ry': 8, 'measure': 4, 'barrier': 1}"
test_kernel,182,0,qksvc,1975,4,4,3,12,"{'ry': 8, 'measure': 4, 'barrier': 1}"
test_kernel,182,1,qksvc,1976,4,4,3,12,"{'ry': 8, 'measure': 4, 'barrier': 1}"
test_kernel,182,2,qksvc,1977,4,4,3,12,"{'ry': 8, 'measure': 4, 'barrier': 1}"
test_kernel,182,3,qksvc,1978,4,4,3,12,"{'ry': 8, 'measure': 4, 'barrier': 1}"
test_kernel,182,4,qksvc,1979,4,4,3,12,"{'ry': 8, 'measure': 4, 'barrier': 1}"
test_kernel,182,5,qksvc,1980,4,4,3,12,"{'ry': 8, 'measure': 4, 'barrier': 1}"
test_kernel,182,6,qksvc,1981,4,4,3,12,"{'ry': 8, 'measure': 4, 'barrier': 1}"
test_kernel,182,7,qksvc,1982,4,4,3,12,"{'ry': 8, 'measure': 4, 'barrier': 1}"
test_kernel,182,8,qksvc,1983,4,4,3,12,"{'ry': 8, 'measure': 4, 'barrier': 1}"
test_kernel,182,9,qksvc,1984,4,4,3,12,"{'ry': 8, 'measure': 4, 'barrier': 1}"
test_kernel,183,0,qksvc,1985,4,4,3,12,"{'ry': 8, 'measure': 4, 'barrier': 1}"
test_kernel,183,1,qksvc,1986,4,4,3,12,"{'ry': 8, 'measure': 4, 'barrier': 1}"
test_kernel,183,2,qksvc,1987,4,4,3,12,"{'ry': 8, 'measure': 4, 'barrier': 1}"
test_kernel,183,3,qksvc,1988,4,4,3,12,"{'ry': 8, 'measure': 4, 'barrier': 1}"
test_kernel,183,4,qksvc,1989,4,4,3,12,"{'ry': 8, 'measure': 4, 'barrier': 1}"
test_kernel,183,5,qksvc,1990,4,4,3,12,"{'ry': 8, 'measure': 4, 'barrier': 1}"
test_kernel,183,6,qksvc,1991,4,4,3,12,"{'ry': 8, 'measure': 4, 'barrier': 1}"
test_kernel,183,7,qksvc,1992,4,4,3,12,"{'ry': 8, 'measure': 4, 'barrier': 1}"
test_kernel,183,8,qksvc,1993,4,4,3,12,"{'ry': 8, 'measure': 4, 'barrier': 1}"
test_kernel,183,9,qksvc,1994,4,4,3,12,"{'ry': 8, 'measure': 4, 'barrier': 1}"
test_kernel,184,0,qksvc,1995,4,4,3,12,"{'ry': 8, 'measure': 4, 'barrier': 1}"
test_kernel,184,1,qksvc,1996,4,4,3,12,"{'ry': 8, 'measure': 4, 'barrier': 1}"
test_kernel,184,2,qksvc,1997,4,4,3,12,"{'ry': 8, 'measure': 4, 'barrier': 1}"
test_kernel,184,3,qksvc,1998,4,4,3,12,"{'ry': 8, 'measure': 4, 'barrier': 1}"
test_kernel,184,4,qksvc,1999,4,4,3,12,"{'ry': 8, 'measure': 4, 'barrier': 1}"
test_kernel,184,5,qksvc,2000,4,4,3,12,"{'ry': 8, 'measure': 4, 'barrier': 1}"
test_kernel,184,6,qksvc,2001,4,4,3,12,"{'ry': 8, 'measure': 4, 'barrier': 1}"
test_kernel,184,7,qksvc,2002,4,4,3,12,"{'ry': 8, 'measure': 4, 'barrier': 1}"
test_kernel,184,8,qksvc,2003,4,4,3,12,"{'ry': 8, 'measure': 4, 'barrier': 1}"
test_kernel,184,9,qksvc,2004,4,4,3,12,"{'ry': 8, 'measure': 4, 'barrier': 1}"
test_kernel,185,0,qksvc,2005,4,4,3,12,"{'ry': 8, 'measure': 4, 'barrier': 1}"
test_kernel,185,1,qksvc,2006,4,4,3,12,"{'ry': 8, 'measure': 4, 'barrier': 1}"
test_kernel,185,2,qksvc,2007,4,4,3,12,"{'ry': 8, 'measure': 4, 'barrier': 1}"
test_kernel,185,3,qksvc,2008,4,4,3,12,"{'ry': 8, 'measure': 4, 'barrier': 1}"
test_kernel,185,4,qksvc,2009,4,4,3,12,"{'ry': 8, 'measure': 4, 'barrier': 1}"
test_kernel,185,5,qksvc,2010,4,4,3,12,"{'ry': 8, 'measure': 4, 'barrier': 1}"
test_kernel,185,6,qksvc,2011,4,4,3,12,"{'ry': 8, 'measure': 4, 'barrier': 1}"
test_kernel,185,7,qksvc,2012,4,4,3,12,"{'ry': 8, 'measure': 4, 'barrier': 1}"
test_kernel,185,8,qksvc,2013,4,4,3,12,"{'ry': 8, 'measure': 4, 'barrier': 1}"
test_kernel,185,9,qksvc,2014,4,4,3,12,"{'ry': 8, 'measure': 4, 'barrier': 1}"
test_kernel,186,0,qksvc,2015,4,4,3,12,"{'ry': 8, 'measure': 4, 'barrier': 1}"
test_kernel,186,1,qksvc,2016,4,4,3,12,"{'ry': 8, 'measure': 4, 'barrier': 1}"
test_kernel,186,2,qksvc,2017,4,4,3,12,"{'ry': 8, 'measure': 4, 'barrier': 1}"
test_kernel,186,3,qksvc,2018,4,4,3,12,"{'ry': 8, 'measure': 4, 'barrier': 1}"
test_kernel,186,4,qksvc,2019,4,4,3,12,"{'ry': 8, 'measure': 4, 'barrier': 1}"
test_kernel,186,5,qksvc,2020,4,4,3,12,"{'ry': 8, 'measure': 4, 'barrier': 1}"
test_kernel,186,6,qksvc,2021,4,4,3,12,"{'ry': 8, 'measure': 4, 'barrier': 1}"
test_kernel,186,7,qksvc,2022,4,4,3,12,"{'ry': 8, 'measure': 4, 'barrier': 1}"
test_kernel,186,8,qksvc,2023,4,4,3,12,"{'ry': 8, 'measure': 4, 'barrier': 1}"
test_kernel,186,9,qksvc,2024,4,4,3,12,"{'ry': 8, 'measure': 4, 'barrier': 1}"
test_kernel,187,0,qksvc,2025,4,4,3,12,"{'ry': 8, 'measure': 4, 'barrier': 1}"
test_kernel,187,1,qksvc,2026,4,4,3,12,"{'ry': 8, 'measure': 4, 'barrier': 1}"
test_kernel,187,2,qksvc,2027,4,4,3,12,"{'ry': 8, 'measure': 4, 'barrier': 1}"
test_kernel,187,3,qksvc,2028,4,4,3,12,"{'ry': 8, 'measure': 4, 'barrier': 1}"
test_kernel,187,4,qksvc,2029,4,4,3,12,"{'ry': 8, 'measure': 4, 'barrier': 1}"
test_kernel,187,5,qksvc,2030,4,4,3,12,"{'ry': 8, 'measure': 4, 'barrier': 1}"
test_kernel,187,6,qksvc,2031,4,4,3,12,"{'ry': 8, 'measure': 4, 'barrier': 1}"
test_kernel,187,7,qksvc,2032,4,4,3,12,"{'ry': 8, 'measure': 4, 'barrier': 1}"
test_kernel,187,8,qksvc,2033,4,4,3,12,"{'ry': 8, 'measure': 4, 'barrier': 1}"
test_kernel,187,9,qksvc,2034,4,4,3,12,"{'ry': 8, 'measure': 4, 'barrier': 1}"
test_kernel,188,0,qksvc,2035,4,4,3,12,"{'ry': 8, 'measure': 4, 'barrier': 1}"
test_kernel,188,1,qksvc,2036,4,4,3,12,"{'ry': 8, 'measure': 4, 'barrier': 1}"
test_kernel,188,2,qksvc,2037,4,4,3,12,"{'ry': 8, 'measure': 4, 'barrier': 1}"
test_kernel,188,3,qksvc,2038,4,4,3,12,"{'ry': 8, 'measure': 4, 'barrier': 1}"
test_kernel,188,4,qksvc,2039,4,4,3,12,"{'ry': 8, 'measure': 4, 'barrier': 1}"
test_kernel,188,5,qksvc,2040,4,4,3,12,"{'ry': 8, 'measure': 4, 'barrier': 1}"
test_kernel,188,6,qksvc,2041,4,4,3,12,"{'ry': 8, 'measure': 4, 'barrier': 1}"
test_kernel,188,7,qksvc,2042,4,4,3,12,"{'ry': 8, 'measure': 4, 'barrier': 1}"
test_kernel,188,8,qksvc,2043,4,4,3,12,"{'ry': 8, 'measure': 4, 'barrier': 1}"
test_kernel,188,9,qksvc,2044,4,4,3,12,"{'ry': 8, 'measure': 4, 'barrier': 1}"
test_kernel,189,0,qksvc,2045,4,4,3,12,"{'ry': 8, 'measure': 4, 'barrier': 1}"
test_kernel,189,1,qksvc,2046,4,4,3,12,"{'ry': 8, 'measure': 4, 'barrier': 1}"
test_kernel,189,2,qksvc,2047,4,4,3,12,"{'ry': 8, 'measure': 4, 'barrier': 1}"
test_kernel,189,3,qksvc,2048,4,4,3,12,"{'ry': 8, 'measure': 4, 'barrier': 1}"
test_kernel,189,4,qksvc,2049,4,4,3,12,"{'ry': 8, 'measure': 4, 'barrier': 1}"
test_kernel,189,5,qksvc,2050,4,4,3,12,"{'ry': 8, 'measure': 4, 'barrier': 1}"
test_kernel,189,6,qksvc,2051,4,4,3,12,"{'ry': 8, 'measure': 4, 'barrier': 1}"
test_kernel,189,7,qksvc,2052,4,4,3,12,"{'ry': 8, 'measure': 4, 'barrier': 1}"
test_kernel,189,8,qksvc,2053,4,4,3,12,"{'ry': 8, 'measure': 4, 'barrier': 1}"
test_kernel,189,9,qksvc,2054,4,4,3,12,"{'ry': 8, 'measure': 4, 'barrier': 1}"
test_kernel,190,0,qksvc,2055,4,4,3,12,"{'ry': 8, 'measure': 4, 'barrier': 1}"
test_kernel,190,1,qksvc,2056,4,4,3,12,"{'ry': 8, 'measure': 4, 'barrier': 1}"
test_kernel,190,2,qksvc,2057,4,4,3,12,"{'ry': 8, 'measure': 4, 'barrier': 1}"
test_kernel,190,3,qksvc,2058,4,4,3,12,"{'ry': 8, 'measure': 4, 'barrier': 1}"
test_kernel,190,4,qksvc,2059,4,4,3,12,"{'ry': 8, 'measure': 4, 'barrier': 1}"
test_kernel,190,5,qksvc,2060,4,4,3,12,"{'ry': 8, 'measure': 4, 'barrier': 1}"
test_kernel,190,6,qksvc,2061,4,4,3,12,"{'ry': 8, 'measure': 4, 'barrier': 1}"
test_kernel,190,7,qksvc,2062,4,4,3,12,"{'ry': 8, 'measure': 4, 'barrier': 1}"
test_kernel,190,8,qksvc,2063,4,4,3,12,"{'ry': 8, 'measure': 4, 'barrier': 1}"
test_kernel,190,9,qksvc,2064,4,4,3,12,"{'ry': 8, 'measure': 4, 'barrier': 1}"
test_kernel,191,0,qksvc,2065,4,4,3,12,"{'ry': 8, 'measure': 4, 'barrier': 1}"
test_kernel,191,1,qksvc,2066,4,4,3,12,"{'ry': 8, 'measure': 4, 'barrier': 1}"
test_kernel,191,2,qksvc,2067,4,4,3,12,"{'ry': 8, 'measure': 4, 'barrier': 1}"
test_kernel,191,3,qksvc,2068,4,4,3,12,"{'ry': 8, 'measure': 4, 'barrier': 1}"
test_kernel,191,4,qksvc,2069,4,4,3,12,"{'ry': 8, 'measure': 4, 'barrier': 1}"
test_kernel,191,5,qksvc,2070,4,4,3,12,"{'ry': 8, 'measure': 4, 'barrier': 1}"
test_kernel,191,6,qksvc,2071,4,4,3,12,"{'ry': 8, 'measure': 4, 'barrier': 1}"
test_kernel,191,7,qksvc,2072,4,4,3,12,"{'ry': 8, 'measure': 4, 'barrier': 1}"
test_kernel,191,8,qksvc,2073,4,4,3,12,"{'ry': 8, 'measure': 4, 'barrier': 1}"
test_kernel,191,9,qksvc,2074,4,4,3,12,"{'ry': 8, 'measure': 4, 'barrier': 1}"
test_kernel,192,0,qksvc,2075,4,4,3,12,"{'ry': 8, 'measure': 4, 'barrier': 1}"
test_kernel,192,1,qksvc,2076,4,4,3,12,"{'ry': 8, 'measure': 4, 'barrier': 1}"
test_kernel,192,2,qksvc,2077,4,4,3,12,"{'ry': 8, 'measure': 4, 'barrier': 1}"
test_kernel,192,3,qksvc,2078,4,4,3,12,"{'ry': 8, 'measure': 4, 'barrier': 1}"
test_kernel,192,4,qksvc,2079,4,4,3,12,"{'ry': 8, 'measure': 4, 'barrier': 1}"
test_kernel,192,5,qksvc,2080,4,4,3,12,"{'ry': 8, 'measure': 4, 'barrier': 1}"
test_kernel,192,6,qksvc,2081,4,4,3,12,"{'ry': 8, 'measure': 4, 'barrier': 1}"
test_kernel,192,7,qksvc,2082,4,4,3,12,"{'ry': 8, 'measure': 4, 'barrier': 1}"
test_kernel,192,8,qksvc,2083,4,4,3,12,"{'ry': 8, 'measure': 4, 'barrier': 1}"
test_kernel,192,9,qksvc,2084,4,4,3,12,"{'ry': 8, 'measure': 4, 'barrier': 1}"
test_kernel,193,0,qksvc,2085,4,4,3,12,"{'ry': 8, 'measure': 4, 'barrier': 1}"
test_kernel,193,1,qksvc,2086,4,4,3,12,"{'ry': 8, 'measure': 4, 'barrier': 1}"
test_kernel,193,2,qksvc,2087,4,4,3,12,"{'ry': 8, 'measure': 4, 'barrier': 1}"
test_kernel,193,3,qksvc,2088,4,4,3,12,"{'ry': 8, 'measure': 4, 'barrier': 1}"
test_kernel,193,4,qksvc,2089,4,4,3,12,"{'ry': 8, 'measure': 4, 'barrier': 1}"
test_kernel,193,5,qksvc,2090,4,4,3,12,"{'ry': 8, 'measure': 4, 'barrier': 1}"
test_kernel,193,6,qksvc,2091,4,4,3,12,"{'ry': 8, 'measure': 4, 'barrier': 1}"
test_kernel,193,7,qksvc,2092,4,4,3,12,"{'ry': 8, 'measure': 4, 'barrier': 1}"
test_kernel,193,8,qksvc,2093,4,4,3,12,"{'ry': 8, 'measure': 4, 'barrier': 1}"
test_kernel,193,9,qksvc,2094,4,4,3,12,"{'ry': 8, 'measure': 4, 'barrier': 1}"
test_kernel,194,0,qksvc,2095,4,4,3,12,"{'ry': 8, 'measure': 4, 'barrier': 1}"
test_kernel,194,1,qksvc,2096,4,4,3,12,"{'ry': 8, 'measure': 4, 'barrier': 1}"
test_kernel,194,2,qksvc,2097,4,4,3,12,"{'ry': 8, 'measure': 4, 'barrier': 1}"
test_kernel,194,3,qksvc,2098,4,4,3,12,"{'ry': 8, 'measure': 4, 'barrier': 1}"
test_kernel,194,4,qksvc,2099,4,4,3,12,"{'ry': 8, 'measure': 4, 'barrier': 1}"
test_kernel,194,5,qksvc,2100,4,4,3,12,"{'ry': 8, 'measure': 4, 'barrier': 1}"
test_kernel,194,6,qksvc,2101,4,4,3,12,"{'ry': 8, 'measure': 4, 'barrier': 1}"
test_kernel,194,7,qksvc,2102,4,4,3,12,"{'ry': 8, 'measure': 4, 'barrier': 1}"
test_kernel,194,8,qksvc,2103,4,4,3,12,"{'ry': 8, 'measure': 4, 'barrier': 1}"
test_kernel,194,9,qksvc,2104,4,4,3,12,"{'ry': 8, 'measure': 4, 'barrier': 1}"
test_kernel,195,0,qksvc,2105,4,4,3,12,"{'ry': 8, 'measure': 4, 'barrier': 1}"
test_kernel,195,1,qksvc,2106,4,4,3,12,"{'ry': 8, 'measure': 4, 'barrier': 1}"
test_kernel,195,2,qksvc,2107,4,4,3,12,"{'ry': 8, 'measure': 4, 'barrier': 1}"
test_kernel,195,3,qksvc,2108,4,4,3,12,"{'ry': 8, 'measure': 4, 'barrier': 1}"
test_kernel,195,4,qksvc,2109,4,4,3,12,"{'ry': 8, 'measure': 4, 'barrier': 1}"
test_kernel,195,5,qksvc,2110,4,4,3,12,"{'ry': 8, 'measure': 4, 'barrier': 1}"
test_kernel,195,6,qksvc,2111,4,4,3,12,"{'ry': 8, 'measure': 4, 'barrier': 1}"
test_kernel,195,7,qksvc,2112,4,4,3,12,"{'ry': 8, 'measure': 4, 'barrier': 1}"
test_kernel,195,8,qksvc,2113,4,4,3,12,"{'ry': 8, 'measure': 4, 'barrier': 1}"
test_kernel,195,9,qksvc,2114,4,4,3,12,"{'ry': 8, 'measure': 4, 'barrier': 1}"
test_kernel,196,0,qksvc,2115,4,4,3,12,"{'ry': 8, 'measure': 4, 'barrier': 1}"
test_kernel,196,1,qksvc,2116,4,4,3,12,"{'ry': 8, 'measure': 4, 'barrier': 1}"
test_kernel,196,2,qksvc,2117,4,4,3,12,"{'ry': 8, 'measure': 4, 'barrier': 1}"
test_kernel,196,3,qksvc,2118,4,4,3,12,"{'ry': 8, 'measure': 4, 'barrier': 1}"
test_kernel,196,4,qksvc,2119,4,4,3,12,"{'ry': 8, 'measure': 4, 'barrier': 1}"
test_kernel,196,5,qksvc,2120,4,4,3,12,"{'ry': 8, 'measure': 4, 'barrier': 1}"
test_kernel,196,6,qksvc,2121,4,4,3,12,"{'ry': 8, 'measure': 4, 'barrier': 1}"
test_kernel,196,7,qksvc,2122,4,4,3,12,"{'ry': 8, 'measure': 4, 'barrier': 1}"
test_kernel,196,8,qksvc,2123,4,4,3,12,"{'ry': 8, 'measure': 4, 'barrier': 1}"
test_kernel,196,9,qksvc,2124,4,4,3,12,"{'ry': 8, 'measure': 4, 'barrier': 1}"
test_kernel,197,0,qksvc,2125,4,4,3,12,"{'ry': 8, 'measure': 4, 'barrier': 1}"
test_kernel,197,1,qksvc,2126,4,4,3,12,"{'ry': 8, 'measure': 4, 'barrier': 1}"
test_kernel,197,2,qksvc,2127,4,4,3,12,"{'ry': 8, 'measure': 4, 'barrier': 1}"
test_kernel,197,3,qksvc,2128,4,4,3,12,"{'ry': 8, 'measure': 4, 'barrier': 1}"
test_kernel,197,4,qksvc,2129,4,4,3,12,"{'ry': 8, 'measure': 4, 'barrier': 1}"
test_kernel,197,5,qksvc,2130,4,4,3,12,"{'ry': 8, 'measure': 4, 'barrier': 1}"
test_kernel,197,6,qksvc,2131,4,4,3,12,"{'ry': 8, 'measure': 4, 'barrier': 1}"
test_kernel,197,7,qksvc,2132,4,4,3,12,"{'ry': 8, 'measure': 4, 'barrier': 1}"
test_kernel,197,8,qksvc,2133,4,4,3,12,"{'ry': 8, 'measure': 4, 'barrier': 1}"
test_kernel,197,9,qksvc,2134,4,4,3,12,"{'ry': 8, 'measure': 4, 'barrier': 1}"
test_kernel,198,0,qksvc,2135,4,4,3,12,"{'ry': 8, 'measure': 4, 'barrier': 1}"
test_kernel,198,1,qksvc,2136,4,4,3,12,"{'ry': 8, 'measure': 4, 'barrier': 1}"
test_kernel,198,2,qksvc,2137,4,4,3,12,"{'ry': 8, 'measure': 4, 'barrier': 1}"
test_kernel,198,3,qksvc,2138,4,4,3,12,"{'ry': 8, 'measure': 4, 'barrier': 1}"
test_kernel,198,4,qksvc,2139,4,4,3,12,"{'ry': 8, 'measure': 4, 'barrier': 1}"
test_kernel,198,5,qksvc,2140,4,4,3,12,"{'ry': 8, 'measure': 4, 'barrier': 1}"
test_kernel,198,6,qksvc,2141,4,4,3,12,"{'ry': 8, 'measure': 4, 'barrier': 1}"
test_kernel,198,7,qksvc,2142,4,4,3,12,"{'ry': 8, 'measure': 4, 'barrier': 1}"
test_kernel,198,8,qksvc,2143,4,4,3,12,"{'ry': 8, 'measure': 4, 'barrier': 1}"
test_kernel,198,9,qksvc,2144,4,4,3,12,"{'ry': 8, 'measure': 4, 'barrier': 1}"
test_kernel,199,0,qksvc,2145,4,4,3,12,"{'ry': 8, 'measure': 4, 'barrier': 1}"
test_kernel,199,1,qksvc,2146,4,4,3,12,"{'ry': 8, 'measure': 4, 'barrier': 1}"
test_kernel,199,2,qksvc,2147,4,4,3,12,"{'ry': 8, 'measure': 4, 'barrier': 1}"
test_kernel,199,3,qksvc,2148,4,4,3,12,"{'ry': 8, 'measure': 4, 'barrier': 1}"
test_kernel,199,4,qksvc,2149,4,4,3,12,"{'ry': 8, 'measure': 4, 'barrier': 1}"
test_kernel,199,5,qksvc,2150,4,4,3,12,"{'ry': 8, 'measure': 4, 'barrier': 1}"
test_kernel,199,6,qksvc,2151,4,4,3,12,"{'ry': 8, 'measure': 4, 'barrier': 1}"
test_kernel,199,7,qksvc,2152,4,4,3,12,"{'ry': 8, 'measure': 4, 'barrier': 1}"
test_kernel,199,8,qksvc,2153,4,4,3,12,"{'ry': 8, 'measure': 4, 'barrier': 1}"
test_kernel,199,9,qksvc,2154,4,4,3,12,"{'ry': 8, 'measure': 4, 'barrier': 1}"
test_kernel,200,0,qksvc,2155,4,4,3,12,"{'ry': 8, 'measure': 4, 'barrier': 1}"
test_kernel,200,1,qksvc,2156,4,4,3,12,"{'ry': 8, 'measure': 4, 'barrier': 1}"
test_kernel,200,2,qksvc,2157,4,4,3,12,"{'ry': 8, 'measure': 4, 'barrier': 1}"
test_kernel,200,3,qksvc,2158,4,4,3,12,"{'ry': 8, 'measure': 4, 'barrier': 1}"
test_kernel,200,4,qksvc,2159,4,4,3,12,"{'ry': 8, 'measure': 4, 'barrier': 1}"
test_kernel,200,5,qksvc,2160,4,4,3,12,"{'ry': 8, 'measure': 4, 'barrier': 1}"
test_kernel,200,6,qksvc,2161,4,4,3,12,"{'ry': 8, 'measure': 4, 'barrier': 1}"
test_kernel,200,7,qksvc,2162,4,4,3,12,"{'ry': 8, 'measure': 4, 'barrier': 1}"
test_kernel,200,8,qksvc,2163,4,4,3,12,"{'ry': 8, 'measure': 4, 'barrier': 1}"
test_kernel,200,9,qksvc,2164,4,4,3,12,"{'ry': 8, 'measure': 4, 'barrier': 1}"
test_kernel,201,0,qksvc,2165,4,4,3,12,"{'ry': 8, 'measure': 4, 'barrier': 1}"
test_kernel,201,1,qksvc,2166,4,4,3,12,"{'ry': 8, 'measure': 4, 'barrier': 1}"
test_kernel,201,2,qksvc,2167,4,4,3,12,"{'ry': 8, 'measure': 4, 'barrier': 1}"
test_kernel,201,3,qksvc,2168,4,4,3,12,"{'ry': 8, 'measure': 4, 'barrier': 1}"
test_kernel,201,4,qksvc,2169,4,4,3,12,"{'ry': 8, 'measure': 4, 'barrier': 1}"
test_kernel,201,5,qksvc,2170,4,4,3,12,"{'ry': 8, 'measure': 4, 'barrier': 1}"
test_kernel,201,6,qksvc,2171,4,4,3,12,"{'ry': 8, 'measure': 4, 'barrier': 1}"
test_kernel,201,7,qksvc,2172,4,4,3,12,"{'ry': 8, 'measure': 4, 'barrier': 1}"
test_kernel,201,8,qksvc,2173,4,4,3,12,"{'ry': 8, 'measure': 4, 'barrier': 1}"
test_kernel,201,9,qksvc,2174,4,4,3,12,"{'ry': 8, 'measure': 4, 'barrier': 1}"
test_kernel,202,0,qksvc,2175,4,4,3,12,"{'ry': 8, 'measure': 4, 'barrier': 1}"
test_kernel,202,1,qksvc,2176,4,4,3,12,"{'ry': 8, 'measure': 4, 'barrier': 1}"
test_kernel,202,2,qksvc,2177,4,4,3,12,"{'ry': 8, 'measure': 4, 'barrier': 1}"
test_kernel,202,3,qksvc,2178,4,4,3,12,"{'ry': 8, 'measure': 4, 'barrier': 1}"
test_kernel,202,4,qksvc,2179,4,4,3,12,"{'ry': 8, 'measure': 4, 'barrier': 1}"
test_kernel,202,5,qksvc,2180,4,4,3,12,"{'ry': 8, 'measure': 4, 'barrier': 1}"
test_kernel,202,6,qksvc,2181,4,4,3,12,"{'ry': 8, 'measure': 4, 'barrier': 1}"
test_kernel,202,7,qksvc,2182,4,4,3,12,"{'ry': 8, 'measure': 4, 'barrier': 1}"
test_kernel,202,8,qksvc,2183,4,4,3,12,"{'ry': 8, 'measure': 4, 'barrier': 1}"
test_kernel,202,9,qksvc,2184,4,4,3,12,"{'ry': 8, 'measure': 4, 'barrier': 1}"
test_kernel,203,0,qksvc,2185,4,4,3,12,"{'ry': 8, 'measure': 4, 'barrier': 1}"
test_kernel,203,1,qksvc,2186,4,4,3,12,"{'ry': 8, 'measure': 4, 'barrier': 1}"
test_kernel,203,2,qksvc,2187,4,4,3,12,"{'ry': 8, 'measure': 4, 'barrier': 1}"
test_kernel,203,3,qksvc,2188,4,4,3,12,"{'ry': 8, 'measure': 4, 'barrier': 1}"
test_kernel,203,4,qksvc,2189,4,4,3,12,"{'ry': 8, 'measure': 4, 'barrier': 1}"
test_kernel,203,5,qksvc,2190,4,4,3,12,"{'ry': 8, 'measure': 4, 'barrier': 1}"
test_kernel,203,6,qksvc,2191,4,4,3,12,"{'ry': 8, 'measure': 4, 'barrier': 1}"
test_kernel,203,7,qksvc,2192,4,4,3,12,"{'ry': 8, 'measure': 4, 'barrier': 1}"
test_kernel,203,8,qksvc,2193,4,4,3,12,"{'ry': 8, 'measure': 4, 'barrier': 1}"
test_kernel,203,9,qksvc,2194,4,4,3,12,"{'ry': 8, 'measure': 4, 'barrier': 1}"
test_kernel,204,0,qksvc,2195,4,4,3,12,"{'ry': 8, 'measure': 4, 'barrier': 1}"
test_kernel,204,1,qksvc,2196,4,4,3,12,"{'ry': 8, 'measure': 4, 'barrier': 1}"
test_kernel,204,2,qksvc,2197,4,4,3,12,"{'ry': 8, 'measure': 4, 'barrier': 1}"
test_kernel,204,3,qksvc,2198,4,4,3,12,"{'ry': 8, 'measure': 4, 'barrier': 1}"
test_kernel,204,4,qksvc,2199,4,4,3,12,"{'ry': 8, 'measure': 4, 'barrier': 1}"
test_kernel,204,5,qksvc,2200,4,4,3,12,"{'ry': 8, 'measure': 4, 'barrier': 1}"
test_kernel,204,6,qksvc,2201,4,4,3,12,"{'ry': 8, 'measure': 4, 'barrier': 1}"
test_kernel,204,7,qksvc,2202,4,4,3,12,"{'ry': 8, 'measure': 4, 'barrier': 1}"
test_kernel,204,8,qksvc,2203,4,4,3,12,"{'ry': 8, 'measure': 4, 'barrier': 1}"
test_kernel,204,9,qksvc,2204,4,4,3,12,"{'ry': 8, 'measure': 4, 'barrier': 1}"
test_kernel,205,0,qksvc,2205,4,4,3,12,"{'ry': 8, 'measure': 4, 'barrier': 1}"
test_kernel,205,1,qksvc,2206,4,4,3,12,"{'ry': 8, 'measure': 4, 'barrier': 1}"
test_kernel,205,2,qksvc,2207,4,4,3,12,"{'ry': 8, 'measure': 4, 'barrier': 1}"
test_kernel,205,3,qksvc,2208,4,4,3,12,"{'ry': 8, 'measure': 4, 'barrier': 1}"
test_kernel,205,4,qksvc,2209,4,4,3,12,"{'ry': 8, 'measure': 4, 'barrier': 1}"
test_kernel,205,5,qksvc,2210,4,4,3,12,"{'ry': 8, 'measure': 4, 'barrier': 1}"
test_kernel,205,6,qksvc,2211,4,4,3,12,"{'ry': 8, 'measure': 4, 'barrier': 1}"
test_kernel,205,7,qksvc,2212,4,4,3,12,"{'ry': 8, 'measure': 4, 'barrier': 1}"
test_kernel,205,8,qksvc,2213,4,4,3,12,"{'ry': 8, 'measure': 4, 'barrier': 1}"
test_kernel,205,9,qksvc,2214,4,4,3,12,"{'ry': 8, 'measure': 4, 'barrier': 1}"
test_kernel,206,0,qksvc,2215,4,4,3,12,"{'ry': 8, 'measure': 4, 'barrier': 1}"
test_kernel,206,1,qksvc,2216,4,4,3,12,"{'ry': 8, 'measure': 4, 'barrier': 1}"
test_kernel,206,2,qksvc,2217,4,4,3,12,"{'ry': 8, 'measure': 4, 'barrier': 1}"
test_kernel,206,3,qksvc,2218,4,4,3,12,"{'ry': 8, 'measure': 4, 'barrier': 1}"
test_kernel,206,4,qksvc,2219,4,4,3,12,"{'ry': 8, 'measure': 4, 'barrier': 1}"
test_kernel,206,5,qksvc,2220,4,4,3,12,"{'ry': 8, 'measure': 4, 'barrier': 1}"
test_kernel,206,6,qksvc,2221,4,4,3,12,"{'ry': 8, 'measure': 4, 'barrier': 1}"
test_kernel,206,7,qksvc,2222,4,4,3,12,"{'ry': 8, 'measure': 4, 'barrier': 1}"
test_kernel,206,8,qksvc,2223,4,4,3,12,"{'ry': 8, 'measure': 4, 'barrier': 1}"
test_kernel,206,9,qksvc,2224,4,4,3,12,"{'ry': 8, 'measure': 4, 'barrier': 1}"
test_kernel,207,0,qksvc,2225,4,4,3,12,"{'ry': 8, 'measure': 4, 'barrier': 1}"
test_kernel,207,1,qksvc,2226,4,4,3,12,"{'ry': 8, 'measure': 4, 'barrier': 1}"
test_kernel,207,2,qksvc,2227,4,4,3,12,"{'ry': 8, 'measure': 4, 'barrier': 1}"
test_kernel,207,3,qksvc,2228,4,4,3,12,"{'ry': 8, 'measure': 4, 'barrier': 1}"
test_kernel,207,4,qksvc,2229,4,4,3,12,"{'ry': 8, 'measure': 4, 'barrier': 1}"
test_kernel,207,5,qksvc,2230,4,4,3,12,"{'ry': 8, 'measure': 4, 'barrier': 1}"
test_kernel,207,6,qksvc,2231,4,4,3,12,"{'ry': 8, 'measure': 4, 'barrier': 1}"
test_kernel,207,7,qksvc,2232,4,4,3,12,"{'ry': 8, 'measure': 4, 'barrier': 1}"
test_kernel,207,8,qksvc,2233,4,4,3,12,"{'ry': 8, 'measure': 4, 'barrier': 1}"
test_kernel,207,9,qksvc,2234,4,4,3,12,"{'ry': 8, 'measure': 4, 'barrier': 1}"
test_kernel,208,0,qksvc,2235,4,4,3,12,"{'ry': 8, 'measure': 4, 'barrier': 1}"
test_kernel,208,1,qksvc,2236,4,4,3,12,"{'ry': 8, 'measure': 4, 'barrier': 1}"
test_kernel,208,2,qksvc,2237,4,4,3,12,"{'ry': 8, 'measure': 4, 'barrier': 1}"
test_kernel,208,3,qksvc,2238,4,4,3,12,"{'ry': 8, 'measure': 4, 'barrier': 1}"
test_kernel,208,4,qksvc,2239,4,4,3,12,"{'ry': 8, 'measure': 4, 'barrier': 1}"
test_kernel,208,5,qksvc,2240,4,4,3,12,"{'ry': 8, 'measure': 4, 'barrier': 1}"
test_kernel,208,6,qksvc,2241,4,4,3,12,"{'ry': 8, 'measure': 4, 'barrier': 1}"
test_kernel,208,7,qksvc,2242,4,4,3,12,"{'ry': 8, 'measure': 4, 'barrier': 1}"
test_kernel,208,8,qksvc,2243,4,4,3,12,"{'ry': 8, 'measure': 4, 'barrier': 1}"
test_kernel,208,9,qksvc,2244,4,4,3,12,"{'ry': 8, 'measure': 4, 'barrier': 1}"
test_kernel,209,0,qksvc,2245,4,4,3,12,"{'ry': 8, 'measure': 4, 'barrier': 1}"
test_kernel,209,1,qksvc,2246,4,4,3,12,"{'ry': 8, 'measure': 4, 'barrier': 1}"
test_kernel,209,2,qksvc,2247,4,4,3,12,"{'ry': 8, 'measure': 4, 'barrier': 1}"
test_kernel,209,3,qksvc,2248,4,4,3,12,"{'ry': 8, 'measure': 4, 'barrier': 1}"
test_kernel,209,4,qksvc,2249,4,4,3,12,"{'ry': 8, 'measure': 4, 'barrier': 1}"
test_kernel,209,5,qksvc,2250,4,4,3,12,"{'ry': 8, 'measure': 4, 'barrier': 1}"
test_kernel,209,6,qksvc,2251,4,4,3,12,"{'ry': 8, 'measure': 4, 'barrier': 1}"
test_kernel,209,7,qksvc,2252,4,4,3,12,"{'ry': 8, 'measure': 4, 'barrier': 1}"
test_kernel,209,8,qksvc,2253,4,4,3,12,"{'ry': 8, 'measure': 4, 'barrier': 1}"
test_kernel,209,9,qksvc,2254,4,4,3,12,"{'ry': 8, 'measure': 4, 'barrier': 1}"
test_kernel,210,0,qksvc,2255,4,4,3,12,"{'ry': 8, 'measure': 4, 'barrier': 1}"
test_kernel,210,1,qksvc,2256,4,4,3,12,"{'ry': 8, 'measure': 4, 'barrier': 1}"
test_kernel,210,2,qksvc,2257,4,4,3,12,"{'ry': 8, 'measure': 4, 'barrier': 1}"
test_kernel,210,3,qksvc,2258,4,4,3,12,"{'ry': 8, 'measure': 4, 'barrier': 1}"
test_kernel,210,4,qksvc,2259,4,4,3,12,"{'ry': 8, 'measure': 4, 'barrier': 1}"
test_kernel,210,5,qksvc,2260,4,4,3,12,"{'ry': 8, 'measure': 4, 'barrier': 1}"
test_kernel,210,6,qksvc,2261,4,4,3,12,"{'ry': 8, 'measure': 4, 'barrier': 1}"
test_kernel,210,7,qksvc,2262,4,4,3,12,"{'ry': 8, 'measure': 4, 'barrier': 1}"
test_kernel,210,8,qksvc,2263,4,4,3,12,"{'ry': 8, 'measure': 4, 'barrier': 1}"
test_kernel,210,9,qksvc,2264,4,4,3,12,"{'ry': 8, 'measure': 4, 'barrier': 1}"
test_kernel,211,0,qksvc,2265,4,4,3,12,"{'ry': 8, 'measure': 4, 'barrier': 1}"
test_kernel,211,1,qksvc,2266,4,4,3,12,"{'ry': 8, 'measure': 4, 'barrier': 1}"
test_kernel,211,2,qksvc,2267,4,4,3,12,"{'ry': 8, 'measure': 4, 'barrier': 1}"
test_kernel,211,3,qksvc,2268,4,4,3,12,"{'ry': 8, 'measure': 4, 'barrier': 1}"
test_kernel,211,4,qksvc,2269,4,4,3,12,"{'ry': 8, 'measure': 4, 'barrier': 1}"
test_kernel,211,5,qksvc,2270,4,4,3,12,"{'ry': 8, 'measure': 4, 'barrier': 1}"
test_kernel,211,6,qksvc,2271,4,4,3,12,"{'ry': 8, 'measure': 4, 'barrier': 1}"
test_kernel,211,7,qksvc,2272,4,4,3,12,"{'ry': 8, 'measure': 4, 'barrier': 1}"
test_kernel,211,8,qksvc,2273,4,4,3,12,"{'ry': 8, 'measure': 4, 'barrier': 1}"
test_kernel,211,9,qksvc,2274,4,4,3,12,"{'ry': 8, 'measure': 4, 'barrier': 1}"
test_kernel,212,0,qksvc,2275,4,4,3,12,"{'ry': 8, 'measure': 4, 'barrier': 1}"
test_kernel,212,1,qksvc,2276,4,4,3,12,"{'ry': 8, 'measure': 4, 'barrier': 1}"
test_kernel,212,2,qksvc,2277,4,4,3,12,"{'ry': 8, 'measure': 4, 'barrier': 1}"
test_kernel,212,3,qksvc,2278,4,4,3,12,"{'ry': 8, 'measure': 4, 'barrier': 1}"
test_kernel,212,4,qksvc,2279,4,4,3,12,"{'ry': 8, 'measure': 4, 'barrier': 1}"
test_kernel,212,5,qksvc,2280,4,4,3,12,"{'ry': 8, 'measure': 4, 'barrier': 1}"
test_kernel,212,6,qksvc,2281,4,4,3,12,"{'ry': 8, 'measure': 4, 'barrier': 1}"
test_kernel,212,7,qksvc,2282,4,4,3,12,"{'ry': 8, 'measure': 4, 'barrier': 1}"
test_kernel,212,8,qksvc,2283,4,4,3,12,"{'ry': 8, 'measure': 4, 'barrier': 1}"
test_kernel,212,9,qksvc,2284,4,4,3,12,"{'ry': 8, 'measure': 4, 'barrier': 1}"
test_kernel,213,0,qksvc,2285,4,4,3,12,"{'ry': 8, 'measure': 4, 'barrier': 1}"
test_kernel,213,1,qksvc,2286,4,4,3,12,"{'ry': 8, 'measure': 4, 'barrier': 1}"
test_kernel,213,2,qksvc,2287,4,4,3,12,"{'ry': 8, 'measure': 4, 'barrier': 1}"
test_kernel,213,3,qksvc,2288,4,4,3,12,"{'ry': 8, 'measure': 4, 'barrier': 1}"
test_kernel,213,4,qksvc,2289,4,4,3,12,"{'ry': 8, 'measure': 4, 'barrier': 1}"
test_kernel,213,5,qksvc,2290,4,4,3,12,"{'ry': 8, 'measure': 4, 'barrier': 1}"
test_kernel,213,6,qksvc,2291,4,4,3,12,"{'ry': 8, 'measure': 4, 'barrier': 1}"
test_kernel,213,7,qksvc,2292,4,4,3,12,"{'ry': 8, 'measure': 4, 'barrier': 1}"
test_kernel,213,8,qksvc,2293,4,4,3,12,"{'ry': 8, 'measure': 4, 'barrier': 1}"
test_kernel,213,9,qksvc,2294,4,4,3,12,"{'ry': 8, 'measure': 4, 'barrier': 1}"
test_kernel,214,0,qksvc,2295,4,4,3,12,"{'ry': 8, 'measure': 4, 'barrier': 1}"
test_kernel,214,1,qksvc,2296,4,4,3,12,"{'ry': 8, 'measure': 4, 'barrier': 1}"
test_kernel,214,2,qksvc,2297,4,4,3,12,"{'ry': 8, 'measure': 4, 'barrier': 1}"
test_kernel,214,3,qksvc,2298,4,4,3,12,"{'ry': 8, 'measure': 4, 'barrier': 1}"
test_kernel,214,4,qksvc,2299,4,4,3,12,"{'ry': 8, 'measure': 4, 'barrier': 1}"
test_kernel,214,5,qksvc,2300,4,4,3,12,"{'ry': 8, 'measure': 4, 'barrier': 1}"
test_kernel,214,6,qksvc,2301,4,4,3,12,"{'ry': 8, 'measure': 4, 'barrier': 1}"
test_kernel,214,7,qksvc,2302,4,4,3,12,"{'ry': 8, 'measure': 4, 'barrier': 1}"
test_kernel,214,8,qksvc,2303,4,4,3,12,"{'ry': 8, 'measure': 4, 'barrier': 1}"
test_kernel,214,9,qksvc,2304,4,4,3,12,"{'ry': 8, 'measure': 4, 'barrier': 1}"
test_kernel,215,0,qksvc,2305,4,4,3,12,"{'ry': 8, 'measure': 4, 'barrier': 1}"
test_kernel,215,1,qksvc,2306,4,4,3,12,"{'ry': 8, 'measure': 4, 'barrier': 1}"
test_kernel,215,2,qksvc,2307,4,4,3,12,"{'ry': 8, 'measure': 4, 'barrier': 1}"
test_kernel,215,3,qksvc,2308,4,4,3,12,"{'ry': 8, 'measure': 4, 'barrier': 1}"
test_kernel,215,4,qksvc,2309,4,4,3,12,"{'ry': 8, 'measure': 4, 'barrier': 1}"
test_kernel,215,5,qksvc,2310,4,4,3,12,"{'ry': 8, 'measure': 4, 'barrier': 1}"
test_kernel,215,6,qksvc,2311,4,4,3,12,"{'ry': 8, 'measure': 4, 'barrier': 1}"
test_kernel,215,7,qksvc,2312,4,4,3,12,"{'ry': 8, 'measure': 4, 'barrier': 1}"
test_kernel,215,8,qksvc,2313,4,4,3,12,"{'ry': 8, 'measure': 4, 'barrier': 1}"
test_kernel,215,9,qksvc,2314,4,4,3,12,"{'ry': 8, 'measure': 4, 'barrier': 1}"
test_kernel,216,0,qksvc,2315,4,4,3,12,"{'ry': 8, 'measure': 4, 'barrier': 1}"
test_kernel,216,1,qksvc,2316,4,4,3,12,"{'ry': 8, 'measure': 4, 'barrier': 1}"
test_kernel,216,2,qksvc,2317,4,4,3,12,"{'ry': 8, 'measure': 4, 'barrier': 1}"
test_kernel,216,3,qksvc,2318,4,4,3,12,"{'ry': 8, 'measure': 4, 'barrier': 1}"
test_kernel,216,4,qksvc,2319,4,4,3,12,"{'ry': 8, 'measure': 4, 'barrier': 1}"
test_kernel,216,5,qksvc,2320,4,4,3,12,"{'ry': 8, 'measure': 4, 'barrier': 1}"
test_kernel,216,6,qksvc,2321,4,4,3,12,"{'ry': 8, 'measure': 4, 'barrier': 1}"
test_kernel,216,7,qksvc,2322,4,4,3,12,"{'ry': 8, 'measure': 4, 'barrier': 1}"
test_kernel,216,8,qksvc,2323,4,4,3,12,"{'ry': 8, 'measure': 4, 'barrier': 1}"
test_kernel,216,9,qksvc,2324,4,4,3,12,"{'ry': 8, 'measure': 4, 'barrier': 1}"
test_kernel,217,0,qksvc,2325,4,4,3,12,"{'ry': 8, 'measure': 4, 'barrier': 1}"
test_kernel,217,1,qksvc,2326,4,4,3,12,"{'ry': 8, 'measure': 4, 'barrier': 1}"
test_kernel,217,2,qksvc,2327,4,4,3,12,"{'ry': 8, 'measure': 4, 'barrier': 1}"
test_kernel,217,3,qksvc,2328,4,4,3,12,"{'ry': 8, 'measure': 4, 'barrier': 1}"
test_kernel,217,4,qksvc,2329,4,4,3,12,"{'ry': 8, 'measure': 4, 'barrier': 1}"
test_kernel,217,5,qksvc,2330,4,4,3,12,"{'ry': 8, 'measure': 4, 'barrier': 1}"
test_kernel,217,6,qksvc,2331,4,4,3,12,"{'ry': 8, 'measure': 4, 'barrier': 1}"
test_kernel,217,7,qksvc,2332,4,4,3,12,"{'ry': 8, 'measure': 4, 'barrier': 1}"
test_kernel,217,8,qksvc,2333,4,4,3,12,"{'ry': 8, 'measure': 4, 'barrier': 1}"
test_kernel,217,9,qksvc,2334,4,4,3,12,"{'ry': 8, 'measure': 4, 'barrier': 1}"
test_kernel,218,0,qksvc,2335,4,4,3,12,"{'ry': 8, 'measure': 4, 'barrier': 1}"
test_kernel,218,1,qksvc,2336,4,4,3,12,"{'ry': 8, 'measure': 4, 'barrier': 1}"
test_kernel,218,2,qksvc,2337,4,4,3,12,"{'ry': 8, 'measure': 4, 'barrier': 1}"
test_kernel,218,3,qksvc,2338,4,4,3,12,"{'ry': 8, 'measure': 4, 'barrier': 1}"
test_kernel,218,4,qksvc,2339,4,4,3,12,"{'ry': 8, 'measure': 4, 'barrier': 1}"
test_kernel,218,5,qksvc,2340,4,4,3,12,"{'ry': 8, 'measure': 4, 'barrier': 1}"
test_kernel,218,6,qksvc,2341,4,4,3,12,"{'ry': 8, 'measure': 4, 'barrier': 1}"
test_kernel,218,7,qksvc,2342,4,4,3,12,"{'ry': 8, 'measure': 4, 'barrier': 1}"
test_kernel,218,8,qksvc,2343,4,4,3,12,"{'ry': 8, 'measure': 4, 'barrier': 1}"
test_kernel,218,9,qksvc,2344,4,4,3,12,"{'ry': 8, 'measure': 4, 'barrier': 1}"
test_kernel,219,0,qksvc,2345,4,4,3,12,"{'ry': 8, 'measure': 4, 'barrier': 1}"
test_kernel,219,1,qksvc,2346,4,4,3,12,"{'ry': 8, 'measure': 4, 'barrier': 1}"
test_kernel,219,2,qksvc,2347,4,4,3,12,"{'ry': 8, 'measure': 4, 'barrier': 1}"
test_kernel,219,3,qksvc,2348,4,4,3,12,"{'ry': 8, 'measure': 4, 'barrier': 1}"
test_kernel,219,4,qksvc,2349,4,4,3,12,"{'ry': 8, 'measure': 4, 'barrier': 1}"
test_kernel,219,5,qksvc,2350,4,4,3,12,"{'ry': 8, 'measure': 4, 'barrier': 1}"
test_kernel,219,6,qksvc,2351,4,4,3,12,"{'ry': 8, 'measure': 4, 'barrier': 1}"
test_kernel,219,7,qksvc,2352,4,4,3,12,"{'ry': 8, 'measure': 4, 'barrier': 1}"
test_kernel,219,8,qksvc,2353,4,4,3,12,"{'ry': 8, 'measure': 4, 'barrier': 1}"
test_kernel,219,9,qksvc,2354,4,4,3,12,"{'ry': 8, 'measure': 4, 'barrier': 1}"
test_kernel,220,0,qksvc,2355,4,4,3,12,"{'ry': 8, 'measure': 4, 'barrier': 1}"
test_kernel,220,1,qksvc,2356,4,4,3,12,"{'ry': 8, 'measure': 4, 'barrier': 1}"
test_kernel,220,2,qksvc,2357,4,4,3,12,"{'ry': 8, 'measure': 4, 'barrier': 1}"
test_kernel,220,3,qksvc,2358,4,4,3,12,"{'ry': 8, 'measure': 4, 'barrier': 1}"
test_kernel,220,4,qksvc,2359,4,4,3,12,"{'ry': 8, 'measure': 4, 'barrier': 1}"
test_kernel,220,5,qksvc,2360,4,4,3,12,"{'ry': 8, 'measure': 4, 'barrier': 1}"
test_kernel,220,6,qksvc,2361,4,4,3,12,"{'ry': 8, 'measure': 4, 'barrier': 1}"
test_kernel,220,7,qksvc,2362,4,4,3,12,"{'ry': 8, 'measure': 4, 'barrier': 1}"
test_kernel,220,8,qksvc,2363,4,4,3,12,"{'ry': 8, 'measure': 4, 'barrier': 1}"
test_kernel,220,9,qksvc,2364,4,4,3,12,"{'ry': 8, 'measure': 4, 'barrier': 1}"
test_kernel,221,0,qksvc,2365,4,4,3,12,"{'ry': 8, 'measure': 4, 'barrier': 1}"
test_kernel,221,1,qksvc,2366,4,4,3,12,"{'ry': 8, 'measure': 4, 'barrier': 1}"
test_kernel,221,2,qksvc,2367,4,4,3,12,"{'ry': 8, 'measure': 4, 'barrier': 1}"
test_kernel,221,3,qksvc,2368,4,4,3,12,"{'ry': 8, 'measure': 4, 'barrier': 1}"
test_kernel,221,4,qksvc,2369,4,4,3,12,"{'ry': 8, 'measure': 4, 'barrier': 1}"
test_kernel,221,5,qksvc,2370,4,4,3,12,"{'ry': 8, 'measure': 4, 'barrier': 1}"
test_kernel,221,6,qksvc,2371,4,4,3,12,"{'ry': 8, 'measure': 4, 'barrier': 1}"
test_kernel,221,7,qksvc,2372,4,4,3,12,"{'ry': 8, 'measure': 4, 'barrier': 1}"
test_kernel,221,8,qksvc,2373,4,4,3,12,"{'ry': 8, 'measure': 4, 'barrier': 1}"
test_kernel,221,9,qksvc,2374,4,4,3,12,"{'ry': 8, 'measure': 4, 'barrier': 1}"
test_kernel,222,0,qksvc,2375,4,4,3,12,"{'ry': 8, 'measure': 4, 'barrier': 1}"
test_kernel,222,1,qksvc,2376,4,4,3,12,"{'ry': 8, 'measure': 4, 'barrier': 1}"
test_kernel,222,2,qksvc,2377,4,4,3,12,"{'ry': 8, 'measure': 4, 'barrier': 1}"
test_kernel,222,3,qksvc,2378,4,4,3,12,"{'ry': 8, 'measure': 4, 'barrier': 1}"
test_kernel,222,4,qksvc,2379,4,4,3,12,"{'ry': 8, 'measure': 4, 'barrier': 1}"
test_kernel,222,5,qksvc,2380,4,4,3,12,"{'ry': 8, 'measure': 4, 'barrier': 1}"
test_kernel,222,6,qksvc,2381,4,4,3,12,"{'ry': 8, 'measure': 4, 'barrier': 1}"
test_kernel,222,7,qksvc,2382,4,4,3,12,"{'ry': 8, 'measure': 4, 'barrier': 1}"
test_kernel,222,8,qksvc,2383,4,4,3,12,"{'ry': 8, 'measure': 4, 'barrier': 1}"
test_kernel,222,9,qksvc,2384,4,4,3,12,"{'ry': 8, 'measure': 4, 'barrier': 1}"
test_kernel,223,0,qksvc,2385,4,4,3,12,"{'ry': 8, 'measure': 4, 'barrier': 1}"
test_kernel,223,1,qksvc,2386,4,4,3,12,"{'ry': 8, 'measure': 4, 'barrier': 1}"
test_kernel,223,2,qksvc,2387,4,4,3,12,"{'ry': 8, 'measure': 4, 'barrier': 1}"
test_kernel,223,3,qksvc,2388,4,4,3,12,"{'ry': 8, 'measure': 4, 'barrier': 1}"
test_kernel,223,4,qksvc,2389,4,4,3,12,"{'ry': 8, 'measure': 4, 'barrier': 1}"
test_kernel,223,5,qksvc,2390,4,4,3,12,"{'ry': 8, 'measure': 4, 'barrier': 1}"
test_kernel,223,6,qksvc,2391,4,4,3,12,"{'ry': 8, 'measure': 4, 'barrier': 1}"
test_kernel,223,7,qksvc,2392,4,4,3,12,"{'ry': 8, 'measure': 4, 'barrier': 1}"
test_kernel,223,8,qksvc,2393,4,4,3,12,"{'ry': 8, 'measure': 4, 'barrier': 1}"
test_kernel,223,9,qksvc,2394,4,4,3,12,"{'ry': 8, 'measure': 4, 'barrier': 1}"
test_kernel,224,0,qksvc,2395,4,4,3,12,"{'ry': 8, 'measure': 4, 'barrier': 1}"
test_kernel,224,1,qksvc,2396,4,4,3,12,"{'ry': 8, 'measure': 4, 'barrier': 1}"
test_kernel,224,2,qksvc,2397,4,4,3,12,"{'ry': 8, 'measure': 4, 'barrier': 1}"
test_kernel,224,3,qksvc,2398,4,4,3,12,"{'ry': 8, 'measure': 4, 'barrier': 1}"
test_kernel,224,4,qksvc,2399,4,4,3,12,"{'ry': 8, 'measure': 4, 'barrier': 1}"
test_kernel,224,5,qksvc,2400,4,4,3,12,"{'ry': 8, 'measure': 4, 'barrier': 1}"
test_kernel,224,6,qksvc,2401,4,4,3,12,"{'ry': 8, 'measure': 4, 'barrier': 1}"
test_kernel,224,7,qksvc,2402,4,4,3,12,"{'ry': 8, 'measure': 4, 'barrier': 1}"
test_kernel,224,8,qksvc,2403,4,4,3,12,"{'ry': 8, 'measure': 4, 'barrier': 1}"
test_kernel,224,9,qksvc,2404,4,4,3,12,"{'ry': 8, 'measure': 4, 'barrier': 1}"
test_kernel,225,0,qksvc,2405,4,4,3,12,"{'ry': 8, 'measure': 4, 'barrier': 1}"
test_kernel,225,1,qksvc,2406,4,4,3,12,"{'ry': 8, 'measure': 4, 'barrier': 1}"
test_kernel,225,2,qksvc,2407,4,4,3,12,"{'ry': 8, 'measure': 4, 'barrier': 1}"
test_kernel,225,3,qksvc,2408,4,4,3,12,"{'ry': 8, 'measure': 4, 'barrier': 1}"
test_kernel,225,4,qksvc,2409,4,4,3,12,"{'ry': 8, 'measure': 4, 'barrier': 1}"
test_kernel,225,5,qksvc,2410,4,4,3,12,"{'ry': 8, 'measure': 4, 'barrier': 1}"
test_kernel,225,6,qksvc,2411,4,4,3,12,"{'ry': 8, 'measure': 4, 'barrier': 1}"
test_kernel,225,7,qksvc,2412,4,4,3,12,"{'ry': 8, 'measure': 4, 'barrier': 1}"
test_kernel,225,8,qksvc,2413,4,4,3,12,"{'ry': 8, 'measure': 4, 'barrier': 1}"
test_kernel,225,9,qksvc,2414,4,4,3,12,"{'ry': 8, 'measure': 4, 'barrier': 1}"
test_kernel,226,0,qksvc,2415,4,4,3,12,"{'ry': 8, 'measure': 4, 'barrier': 1}"
test_kernel,226,1,qksvc,2416,4,4,3,12,"{'ry': 8, 'measure': 4, 'barrier': 1}"
test_kernel,226,2,qksvc,2417,4,4,3,12,"{'ry': 8, 'measure': 4, 'barrier': 1}"
test_kernel,226,3,qksvc,2418,4,4,3,12,"{'ry': 8, 'measure': 4, 'barrier': 1}"
test_kernel,226,4,qksvc,2419,4,4,3,12,"{'ry': 8, 'measure': 4, 'barrier': 1}"
test_kernel,226,5,qksvc,2420,4,4,3,12,"{'ry': 8, 'measure': 4, 'barrier': 1}"
test_kernel,226,6,qksvc,2421,4,4,3,12,"{'ry': 8, 'measure': 4, 'barrier': 1}"
test_kernel,226,7,qksvc,2422,4,4,3,12,"{'ry': 8, 'measure': 4, 'barrier': 1}"
test_kernel,226,8,qksvc,2423,4,4,3,12,"{'ry': 8, 'measure': 4, 'barrier': 1}"
test_kernel,226,9,qksvc,2424,4,4,3,12,"{'ry': 8, 'measure': 4, 'barrier': 1}"
test_kernel,227,0,qksvc,2425,4,4,3,12,"{'ry': 8, 'measure': 4, 'barrier': 1}"
test_kernel,227,1,qksvc,2426,4,4,3,12,"{'ry': 8, 'measure': 4, 'barrier': 1}"
test_kernel,227,2,qksvc,2427,4,4,3,12,"{'ry': 8, 'measure': 4, 'barrier': 1}"
test_kernel,227,3,qksvc,2428,4,4,3,12,"{'ry': 8, 'measure': 4, 'barrier': 1}"
test_kernel,227,4,qksvc,2429,4,4,3,12,"{'ry': 8, 'measure': 4, 'barrier': 1}"
test_kernel,227,5,qksvc,2430,4,4,3,12,"{'ry': 8, 'measure': 4, 'barrier': 1}"
test_kernel,227,6,qksvc,2431,4,4,3,12,"{'ry': 8, 'measure': 4, 'barrier': 1}"
test_kernel,227,7,qksvc,2432,4,4,3,12,"{'ry': 8, 'measure': 4, 'barrier': 1}"
test_kernel,227,8,qksvc,2433,4,4,3,12,"{'ry': 8, 'measure': 4, 'barrier': 1}"
test_kernel,227,9,qksvc,2434,4,4,3,12,"{'ry': 8, 'measure': 4, 'barrier': 1}"
test_kernel,228,0,qksvc,2435,4,4,3,12,"{'ry': 8, 'measure': 4, 'barrier': 1}"
test_kernel,228,1,qksvc,2436,4,4,3,12,"{'ry': 8, 'measure': 4, 'barrier': 1}"
test_kernel,228,2,qksvc,2437,4,4,3,12,"{'ry': 8, 'measure': 4, 'barrier': 1}"
test_kernel,228,3,qksvc,2438,4,4,3,12,"{'ry': 8, 'measure': 4, 'barrier': 1}"
test_kernel,228,4,qksvc,2439,4,4,3,12,"{'ry': 8, 'measure': 4, 'barrier': 1}"
test_kernel,228,5,qksvc,2440,4,4,3,12,"{'ry': 8, 'measure': 4, 'barrier': 1}"
test_kernel,228,6,qksvc,2441,4,4,3,12,"{'ry': 8, 'measure': 4, 'barrier': 1}"
test_kernel,228,7,qksvc,2442,4,4,3,12,"{'ry': 8, 'measure': 4, 'barrier': 1}"
test_kernel,228,8,qksvc,2443,4,4,3,12,"{'ry': 8, 'measure': 4, 'barrier': 1}"
test_kernel,228,9,qksvc,2444,4,4,3,12,"{'ry': 8, 'measure': 4, 'barrier': 1}"
test_kernel,229,0,qksvc,2445,4,4,3,12,"{'ry': 8, 'measure': 4, 'barrier': 1}"
test_kernel,229,1,qksvc,2446,4,4,3,12,"{'ry': 8, 'measure': 4, 'barrier': 1}"
test_kernel,229,2,qksvc,2447,4,4,3,12,"{'ry': 8, 'measure': 4, 'barrier': 1}"
test_kernel,229,3,qksvc,2448,4,4,3,12,"{'ry': 8, 'measure': 4, 'barrier': 1}"
test_kernel,229,4,qksvc,2449,4,4,3,12,"{'ry': 8, 'measure': 4, 'barrier': 1}"
test_kernel,229,5,qksvc,2450,4,4,3,12,"{'ry': 8, 'measure': 4, 'barrier': 1}"
test_kernel,229,6,qksvc,2451,4,4,3,12,"{'ry': 8, 'measure': 4, 'barrier': 1}"
test_kernel,229,7,qksvc,2452,4,4,3,12,"{'ry': 8, 'measure': 4, 'barrier': 1}"
test_kernel,229,8,qksvc,2453,4,4,3,12,"{'ry': 8, 'measure': 4, 'barrier': 1}"
test_kernel,229,9,qksvc,2454,4,4,3,12,"{'ry': 8, 'measure': 4, 'barrier': 1}"
test_kernel,230,0,qksvc,2455,4,4,3,12,"{'ry': 8, 'measure': 4, 'barrier': 1}"
test_kernel,230,1,qksvc,2456,4,4,3,12,"{'ry': 8, 'measure': 4, 'barrier': 1}"
test_kernel,230,2,qksvc,2457,4,4,3,12,"{'ry': 8, 'measure': 4, 'barrier': 1}"
test_kernel,230,3,qksvc,2458,4,4,3,12,"{'ry': 8, 'measure': 4, 'barrier': 1}"
test_kernel,230,4,qksvc,2459,4,4,3,12,"{'ry': 8, 'measure': 4, 'barrier': 1}"
test_kernel,230,5,qksvc,2460,4,4,3,12,"{'ry': 8, 'measure': 4, 'barrier': 1}"
test_kernel,230,6,qksvc,2461,4,4,3,12,"{'ry': 8, 'measure': 4, 'barrier': 1}"
test_kernel,230,7,qksvc,2462,4,4,3,12,"{'ry': 8, 'measure': 4, 'barrier': 1}"
test_kernel,230,8,qksvc,2463,4,4,3,12,"{'ry': 8, 'measure': 4, 'barrier': 1}"
test_kernel,230,9,qksvc,2464,4,4,3,12,"{'ry': 8, 'measure': 4, 'barrier': 1}"
test_kernel,231,0,qksvc,2465,4,4,3,12,"{'ry': 8, 'measure': 4, 'barrier': 1}"
test_kernel,231,1,qksvc,2466,4,4,3,12,"{'ry': 8, 'measure': 4, 'barrier': 1}"
test_kernel,231,2,qksvc,2467,4,4,3,12,"{'ry': 8, 'measure': 4, 'barrier': 1}"
test_kernel,231,3,qksvc,2468,4,4,3,12,"{'ry': 8, 'measure': 4, 'barrier': 1}"
test_kernel,231,4,qksvc,2469,4,4,3,12,"{'ry': 8, 'measure': 4, 'barrier': 1}"
test_kernel,231,5,qksvc,2470,4,4,3,12,"{'ry': 8, 'measure': 4, 'barrier': 1}"
test_kernel,231,6,qksvc,2471,4,4,3,12,"{'ry': 8, 'measure': 4, 'barrier': 1}"
test_kernel,231,7,qksvc,2472,4,4,3,12,"{'ry': 8, 'measure': 4, 'barrier': 1}"
test_kernel,231,8,qksvc,2473,4,4,3,12,"{'ry': 8, 'measure': 4, 'barrier': 1}"
test_kernel,231,9,qksvc,2474,4,4,3,12,"{'ry': 8, 'measure': 4, 'barrier': 1}"
test_kernel,232,0,qksvc,2475,4,4,3,12,"{'ry': 8, 'measure': 4, 'barrier': 1}"
test_kernel,232,1,qksvc,2476,4,4,3,12,"{'ry': 8, 'measure': 4, 'barrier': 1}"
test_kernel,232,2,qksvc,2477,4,4,3,12,"{'ry': 8, 'measure': 4, 'barrier': 1}"
test_kernel,232,3,qksvc,2478,4,4,3,12,"{'ry': 8, 'measure': 4, 'barrier': 1}"
test_kernel,232,4,qksvc,2479,4,4,3,12,"{'ry': 8, 'measure': 4, 'barrier': 1}"
test_kernel,232,5,qksvc,2480,4,4,3,12,"{'ry': 8, 'measure': 4, 'barrier': 1}"
test_kernel,232,6,qksvc,2481,4,4,3,12,"{'ry': 8, 'measure': 4, 'barrier': 1}"
test_kernel,232,7,qksvc,2482,4,4,3,12,"{'ry': 8, 'measure': 4, 'barrier': 1}"
test_kernel,232,8,qksvc,2483,4,4,3,12,"{'ry': 8, 'measure': 4, 'barrier': 1}"
test_kernel,232,9,qksvc,2484,4,4,3,12,"{'ry': 8, 'measure': 4, 'barrier': 1}"
test_kernel,233,0,qksvc,2485,4,4,3,12,"{'ry': 8, 'measure': 4, 'barrier': 1}"
test_kernel,233,1,qksvc,2486,4,4,3,12,"{'ry': 8, 'measure': 4, 'barrier': 1}"
test_kernel,233,2,qksvc,2487,4,4,3,12,"{'ry': 8, 'measure': 4, 'barrier': 1}"
test_kernel,233,3,qksvc,2488,4,4,3,12,"{'ry': 8, 'measure': 4, 'barrier': 1}"
test_kernel,233,4,qksvc,2489,4,4,3,12,"{'ry': 8, 'measure': 4, 'barrier': 1}"
test_kernel,233,5,qksvc,2490,4,4,3,12,"{'ry': 8, 'measure': 4, 'barrier': 1}"
test_kernel,233,6,qksvc,2491,4,4,3,12,"{'ry': 8, 'measure': 4, 'barrier': 1}"
test_kernel,233,7,qksvc,2492,4,4,3,12,"{'ry': 8, 'measure': 4, 'barrier': 1}"
test_kernel,233,8,qksvc,2493,4,4,3,12,"{'ry': 8, 'measure': 4, 'barrier': 1}"
test_kernel,233,9,qksvc,2494,4,4,3,12,"{'ry': 8, 'measure': 4, 'barrier': 1}"
test_kernel,234,0,qksvc,2495,4,4,3,12,"{'ry': 8, 'measure': 4, 'barrier': 1}"
test_kernel,234,1,qksvc,2496,4,4,3,12,"{'ry': 8, 'measure': 4, 'barrier': 1}"
test_kernel,234,2,qksvc,2497,4,4,3,12,"{'ry': 8, 'measure': 4, 'barrier': 1}"
test_kernel,234,3,qksvc,2498,4,4,3,12,"{'ry': 8, 'measure': 4, 'barrier': 1}"
test_kernel,234,4,qksvc,2499,4,4,3,12,"{'ry': 8, 'measure': 4, 'barrier': 1}"
test_kernel,234,5,qksvc,2500,4,4,3,12,"{'ry': 8, 'measure': 4, 'barrier': 1}"
test_kernel,234,6,qksvc,2501,4,4,3,12,"{'ry': 8, 'measure': 4, 'barrier': 1}"
test_kernel,234,7,qksvc,2502,4,4,3,12,"{'ry': 8, 'measure': 4, 'barrier': 1}"
test_kernel,234,8,qksvc,2503,4,4,3,12,"{'ry': 8, 'measure': 4, 'barrier': 1}"
test_kernel,234,9,qksvc,2504,4,4,3,12,"{'ry': 8, 'measure': 4, 'barrier': 1}"
test_kernel,235,0,qksvc,2505,4,4,3,12,"{'ry': 8, 'measure': 4, 'barrier': 1}"
test_kernel,235,1,qksvc,2506,4,4,3,12,"{'ry': 8, 'measure': 4, 'barrier': 1}"
test_kernel,235,2,qksvc,2507,4,4,3,12,"{'ry': 8, 'measure': 4, 'barrier': 1}"
test_kernel,235,3,qksvc,2508,4,4,3,12,"{'ry': 8, 'measure': 4, 'barrier': 1}"
test_kernel,235,4,qksvc,2509,4,4,3,12,"{'ry': 8, 'measure': 4, 'barrier': 1}"
test_kernel,235,5,qksvc,2510,4,4,3,12,"{'ry': 8, 'measure': 4, 'barrier': 1}"
test_kernel,235,6,qksvc,2511,4,4,3,12,"{'ry': 8, 'measure': 4, 'barrier': 1}"
test_kernel,235,7,qksvc,2512,4,4,3,12,"{'ry': 8, 'measure': 4, 'barrier': 1}"
test_kernel,235,8,qksvc,2513,4,4,3,12,"{'ry': 8, 'measure': 4, 'barrier': 1}"
test_kernel,235,9,qksvc,2514,4,4,3,12,"{'ry': 8, 'measure': 4, 'barrier': 1}"
test_kernel,236,0,qksvc,2515,4,4,3,12,"{'ry': 8, 'measure': 4, 'barrier': 1}"
test_kernel,236,1,qksvc,2516,4,4,3,12,"{'ry': 8, 'measure': 4, 'barrier': 1}"
test_kernel,236,2,qksvc,2517,4,4,3,12,"{'ry': 8, 'measure': 4, 'barrier': 1}"
test_kernel,236,3,qksvc,2518,4,4,3,12,"{'ry': 8, 'measure': 4, 'barrier': 1}"
test_kernel,236,4,qksvc,2519,4,4,3,12,"{'ry': 8, 'measure': 4, 'barrier': 1}"
test_kernel,236,5,qksvc,2520,4,4,3,12,"{'ry': 8, 'measure': 4, 'barrier': 1}"
test_kernel,236,6,qksvc,2521,4,4,3,12,"{'ry': 8, 'measure': 4, 'barrier': 1}"
test_kernel,236,7,qksvc,2522,4,4,3,12,"{'ry': 8, 'measure': 4, 'barrier': 1}"
test_kernel,236,8,qksvc,2523,4,4,3,12,"{'ry': 8, 'measure': 4, 'barrier': 1}"
test_kernel,236,9,qksvc,2524,4,4,3,12,"{'ry': 8, 'measure': 4, 'barrier': 1}"
test_kernel,237,0,qksvc,2525,4,4,3,12,"{'ry': 8, 'measure': 4, 'barrier': 1}"
test_kernel,237,1,qksvc,2526,4,4,3,12,"{'ry': 8, 'measure': 4, 'barrier': 1}"
test_kernel,237,2,qksvc,2527,4,4,3,12,"{'ry': 8, 'measure': 4, 'barrier': 1}"
test_kernel,237,3,qksvc,2528,4,4,3,12,"{'ry': 8, 'measure': 4, 'barrier': 1}"
test_kernel,237,4,qksvc,2529,4,4,3,12,"{'ry': 8, 'measure': 4, 'barrier': 1}"
test_kernel,237,5,qksvc,2530,4,4,3,12,"{'ry': 8, 'measure': 4, 'barrier': 1}"
test_kernel,237,6,qksvc,2531,4,4,3,12,"{'ry': 8, 'measure': 4, 'barrier': 1}"
test_kernel,237,7,qksvc,2532,4,4,3,12,"{'ry': 8, 'measure': 4, 'barrier': 1}"
test_kernel,237,8,qksvc,2533,4,4,3,12,"{'ry': 8, 'measure': 4, 'barrier': 1}"
test_kernel,237,9,qksvc,2534,4,4,3,12,"{'ry': 8, 'measure': 4, 'barrier': 1}"
test_kernel,238,0,qksvc,2535,4,4,3,12,"{'ry': 8, 'measure': 4, 'barrier': 1}"
test_kernel,238,1,qksvc,2536,4,4,3,12,"{'ry': 8, 'measure': 4, 'barrier': 1}"
test_kernel,238,2,qksvc,2537,4,4,3,12,"{'ry': 8, 'measure': 4, 'barrier': 1}"
test_kernel,238,3,qksvc,2538,4,4,3,12,"{'ry': 8, 'measure': 4, 'barrier': 1}"
test_kernel,238,4,qksvc,2539,4,4,3,12,"{'ry': 8, 'measure': 4, 'barrier': 1}"
test_kernel,238,5,qksvc,2540,4,4,3,12,"{'ry': 8, 'measure': 4, 'barrier': 1}"
test_kernel,238,6,qksvc,2541,4,4,3,12,"{'ry': 8, 'measure': 4, 'barrier': 1}"
test_kernel,238,7,qksvc,2542,4,4,3,12,"{'ry': 8, 'measure': 4, 'barrier': 1}"
test_kernel,238,8,qksvc,2543,4,4,3,12,"{'ry': 8, 'measure': 4, 'barrier': 1}"
test_kernel,238,9,qksvc,2544,4,4,3,12,"{'ry': 8, 'measure': 4, 'barrier': 1}"
test_kernel,239,0,qksvc,2545,4,4,3,12,"{'ry': 8, 'measure': 4, 'barrier': 1}"
test_kernel,239,1,qksvc,2546,4,4,3,12,"{'ry': 8, 'measure': 4, 'barrier': 1}"
test_kernel,239,2,qksvc,2547,4,4,3,12,"{'ry': 8, 'measure': 4, 'barrier': 1}"
test_kernel,239,3,qksvc,2548,4,4,3,12,"{'ry': 8, 'measure': 4, 'barrier': 1}"
test_kernel,239,4,qksvc,2549,4,4,3,12,"{'ry': 8, 'measure': 4, 'barrier': 1}"
test_kernel,239,5,qksvc,2550,4,4,3,12,"{'ry': 8, 'measure': 4, 'barrier': 1}"
test_kernel,239,6,qksvc,2551,4,4,3,12,"{'ry': 8, 'measure': 4, 'barrier': 1}"
test_kernel,239,7,qksvc,2552,4,4,3,12,"{'ry': 8, 'measure': 4, 'barrier': 1}"
test_kernel,239,8,qksvc,2553,4,4,3,12,"{'ry': 8, 'measure': 4, 'barrier': 1}"
test_kernel,239,9,qksvc,2554,4,4,3,12,"{'ry': 8, 'measure': 4, 'barrier': 1}"
test_kernel,240,0,qksvc,2555,4,4,3,12,"{'ry': 8, 'measure': 4, 'barrier': 1}"
test_kernel,240,1,qksvc,2556,4,4,3,12,"{'ry': 8, 'measure': 4, 'barrier': 1}"
test_kernel,240,2,qksvc,2557,4,4,3,12,"{'ry': 8, 'measure': 4, 'barrier': 1}"
test_kernel,240,3,qksvc,2558,4,4,3,12,"{'ry': 8, 'measure': 4, 'barrier': 1}"
test_kernel,240,4,qksvc,2559,4,4,3,12,"{'ry': 8, 'measure': 4, 'barrier': 1}"
test_kernel,240,5,qksvc,2560,4,4,3,12,"{'ry': 8, 'measure': 4, 'barrier': 1}"
test_kernel,240,6,qksvc,2561,4,4,3,12,"{'ry': 8, 'measure': 4, 'barrier': 1}"
test_kernel,240,7,qksvc,2562,4,4,3,12,"{'ry': 8, 'measure': 4, 'barrier': 1}"
test_kernel,240,8,qksvc,2563,4,4,3,12,"{'ry': 8, 'measure': 4, 'barrier': 1}"
test_kernel,240,9,qksvc,2564,4,4,3,12,"{'ry': 8, 'measure': 4, 'barrier': 1}"
test_kernel,241,0,qksvc,2565,4,4,3,12,"{'ry': 8, 'measure': 4, 'barrier': 1}"
test_kernel,241,1,qksvc,2566,4,4,3,12,"{'ry': 8, 'measure': 4, 'barrier': 1}"
test_kernel,241,2,qksvc,2567,4,4,3,12,"{'ry': 8, 'measure': 4, 'barrier': 1}"
test_kernel,241,3,qksvc,2568,4,4,3,12,"{'ry': 8, 'measure': 4, 'barrier': 1}"
test_kernel,241,4,qksvc,2569,4,4,3,12,"{'ry': 8, 'measure': 4, 'barrier': 1}"
test_kernel,241,5,qksvc,2570,4,4,3,12,"{'ry': 8, 'measure': 4, 'barrier': 1}"
test_kernel,241,6,qksvc,2571,4,4,3,12,"{'ry': 8, 'measure': 4, 'barrier': 1}"
test_kernel,241,7,qksvc,2572,4,4,3,12,"{'ry': 8, 'measure': 4, 'barrier': 1}"
test_kernel,241,8,qksvc,2573,4,4,3,12,"{'ry': 8, 'measure': 4, 'barrier': 1}"
test_kernel,241,9,qksvc,2574,4,4,3,12,"{'ry': 8, 'measure': 4, 'barrier': 1}"
test_kernel,242,0,qksvc,2575,4,4,3,12,"{'ry': 8, 'measure': 4, 'barrier': 1}"
test_kernel,242,1,qksvc,2576,4,4,3,12,"{'ry': 8, 'measure': 4, 'barrier': 1}"
test_kernel,242,2,qksvc,2577,4,4,3,12,"{'ry': 8, 'measure': 4, 'barrier': 1}"
test_kernel,242,3,qksvc,2578,4,4,3,12,"{'ry': 8, 'measure': 4, 'barrier': 1}"
test_kernel,242,4,qksvc,2579,4,4,3,12,"{'ry': 8, 'measure': 4, 'barrier': 1}"
test_kernel,242,5,qksvc,2580,4,4,3,12,"{'ry': 8, 'measure': 4, 'barrier': 1}"
test_kernel,242,6,qksvc,2581,4,4,3,12,"{'ry': 8, 'measure': 4, 'barrier': 1}"
test_kernel,242,7,qksvc,2582,4,4,3,12,"{'ry': 8, 'measure': 4, 'barrier': 1}"
test_kernel,242,8,qksvc,2583,4,4,3,12,"{'ry': 8, 'measure': 4, 'barrier': 1}"
test_kernel,242,9,qksvc,2584,4,4,3,12,"{'ry': 8, 'measure': 4, 'barrier': 1}"
test_kernel,243,0,qksvc,2585,4,4,3,12,"{'ry': 8, 'measure': 4, 'barrier': 1}"
test_kernel,243,1,qksvc,2586,4,4,3,12,"{'ry': 8, 'measure': 4, 'barrier': 1}"
test_kernel,243,2,qksvc,2587,4,4,3,12,"{'ry': 8, 'measure': 4, 'barrier': 1}"
test_kernel,243,3,qksvc,2588,4,4,3,12,"{'ry': 8, 'measure': 4, 'barrier': 1}"
test_kernel,243,4,qksvc,2589,4,4,3,12,"{'ry': 8, 'measure': 4, 'barrier': 1}"
test_kernel,243,5,qksvc,2590,4,4,3,12,"{'ry': 8, 'measure': 4, 'barrier': 1}"
test_kernel,243,6,qksvc,2591,4,4,3,12,"{'ry': 8, 'measure': 4, 'barrier': 1}"
test_kernel,243,7,qksvc,2592,4,4,3,12,"{'ry': 8, 'measure': 4, 'barrier': 1}"
test_kernel,243,8,qksvc,2593,4,4,3,12,"{'ry': 8, 'measure': 4, 'barrier': 1}"
test_kernel,243,9,qksvc,2594,4,4,3,12,"{'ry': 8, 'measure': 4, 'barrier': 1}"
test_kernel,244,0,qksvc,2595,4,4,3,12,"{'ry': 8, 'measure': 4, 'barrier': 1}"
test_kernel,244,1,qksvc,2596,4,4,3,12,"{'ry': 8, 'measure': 4, 'barrier': 1}"
test_kernel,244,2,qksvc,2597,4,4,3,12,"{'ry': 8, 'measure': 4, 'barrier': 1}"
test_kernel,244,3,qksvc,2598,4,4,3,12,"{'ry': 8, 'measure': 4, 'barrier': 1}"
test_kernel,244,4,qksvc,2599,4,4,3,12,"{'ry': 8, 'measure': 4, 'barrier': 1}"
test_kernel,244,5,qksvc,2600,4,4,3,12,"{'ry': 8, 'measure': 4, 'barrier': 1}"
test_kernel,244,6,qksvc,2601,4,4,3,12,"{'ry': 8, 'measure': 4, 'barrier': 1}"
test_kernel,244,7,qksvc,2602,4,4,3,12,"{'ry': 8, 'measure': 4, 'barrier': 1}"
test_kernel,244,8,qksvc,2603,4,4,3,12,"{'ry': 8, 'measure': 4, 'barrier': 1}"
test_kernel,244,9,qksvc,2604,4,4,3,12,"{'ry': 8, 'measure': 4, 'barrier': 1}"
test_kernel,245,0,qksvc,2605,4,4,3,12,"{'ry': 8, 'measure': 4, 'barrier': 1}"
test_kernel,245,1,qksvc,2606,4,4,3,12,"{'ry': 8, 'measure': 4, 'barrier': 1}"
test_kernel,245,2,qksvc,2607,4,4,3,12,"{'ry': 8, 'measure': 4, 'barrier': 1}"
test_kernel,245,3,qksvc,2608,4,4,3,12,"{'ry': 8, 'measure': 4, 'barrier': 1}"
test_kernel,245,4,qksvc,2609,4,4,3,12,"{'ry': 8, 'measure': 4, 'barrier': 1}"
test_kernel,245,5,qksvc,2610,4,4,3,12,"{'ry': 8, 'measure': 4, 'barrier': 1}"
test_kernel,245,6,qksvc,2611,4,4,3,12,"{'ry': 8, 'measure': 4, 'barrier': 1}"
test_kernel,245,7,qksvc,2612,4,4,3,12,"{'ry': 8, 'measure': 4, 'barrier': 1}"
test_kernel,245,8,qksvc,2613,4,4,3,12,"{'ry': 8, 'measure': 4, 'barrier': 1}"
test_kernel,245,9,qksvc,2614,4,4,3,12,"{'ry': 8, 'measure': 4, 'barrier': 1}"
test_kernel,246,0,qksvc,2615,4,4,3,12,"{'ry': 8, 'measure': 4, 'barrier': 1}"
test_kernel,246,1,qksvc,2616,4,4,3,12,"{'ry': 8, 'measure': 4, 'barrier': 1}"
test_kernel,246,2,qksvc,2617,4,4,3,12,"{'ry': 8, 'measure': 4, 'barrier': 1}"
test_kernel,246,3,qksvc,2618,4,4,3,12,"{'ry': 8, 'measure': 4, 'barrier': 1}"
test_kernel,246,4,qksvc,2619,4,4,3,12,"{'ry': 8, 'measure': 4, 'barrier': 1}"
test_kernel,246,5,qksvc,2620,4,4,3,12,"{'ry': 8, 'measure': 4, 'barrier': 1}"
test_kernel,246,6,qksvc,2621,4,4,3,12,"{'ry': 8, 'measure': 4, 'barrier': 1}"
test_kernel,246,7,qksvc,2622,4,4,3,12,"{'ry': 8, 'measure': 4, 'barrier': 1}"
test_kernel,246,8,qksvc,2623,4,4,3,12,"{'ry': 8, 'measure': 4, 'barrier': 1}"
test_kernel,246,9,qksvc,2624,4,4,3,12,"{'ry': 8, 'measure': 4, 'barrier': 1}"
test_kernel,247,0,qksvc,2625,4,4,3,12,"{'ry': 8, 'measure': 4, 'barrier': 1}"
test_kernel,247,1,qksvc,2626,4,4,3,12,"{'ry': 8, 'measure': 4, 'barrier': 1}"
test_kernel,247,2,qksvc,2627,4,4,3,12,"{'ry': 8, 'measure': 4, 'barrier': 1}"
test_kernel,247,3,qksvc,2628,4,4,3,12,"{'ry': 8, 'measure': 4, 'barrier': 1}"
test_kernel,247,4,qksvc,2629,4,4,3,12,"{'ry': 8, 'measure': 4, 'barrier': 1}"
test_kernel,247,5,qksvc,2630,4,4,3,12,"{'ry': 8, 'measure': 4, 'barrier': 1}"
test_kernel,247,6,qksvc,2631,4,4,3,12,"{'ry': 8, 'measure': 4, 'barrier': 1}"
test_kernel,247,7,qksvc,2632,4,4,3,12,"{'ry': 8, 'measure': 4, 'barrier': 1}"
test_kernel,247,8,qksvc,2633,4,4,3,12,"{'ry': 8, 'measure': 4, 'barrier': 1}"
test_kernel,247,9,qksvc,2634,4,4,3,12,"{'ry': 8, 'measure': 4, 'barrier': 1}"
test_kernel,248,0,qksvc,2635,4,4,3,12,"{'ry': 8, 'measure': 4, 'barrier': 1}"
test_kernel,248,1,qksvc,2636,4,4,3,12,"{'ry': 8, 'measure': 4, 'barrier': 1}"
test_kernel,248,2,qksvc,2637,4,4,3,12,"{'ry': 8, 'measure': 4, 'barrier': 1}"
test_kernel,248,3,qksvc,2638,4,4,3,12,"{'ry': 8, 'measure': 4, 'barrier': 1}"
test_kernel,248,4,qksvc,2639,4,4,3,12,"{'ry': 8, 'measure': 4, 'barrier': 1}"
test_kernel,248,5,qksvc,2640,4,4,3,12,"{'ry': 8, 'measure': 4, 'barrier': 1}"
test_kernel,248,6,qksvc,2641,4,4,3,12,"{'ry': 8, 'measure': 4, 'barrier': 1}"
test_kernel,248,7,qksvc,2642,4,4,3,12,"{'ry': 8, 'measure': 4, 'barrier': 1}"
test_kernel,248,8,qksvc,2643,4,4,3,12,"{'ry': 8, 'measure': 4, 'barrier': 1}"
test_kernel,248,9,qksvc,2644,4,4,3,12,"{'ry': 8, 'measure': 4, 'barrier': 1}"
test_kernel,249,0,qksvc,2645,4,4,3,12,"{'ry': 8, 'measure': 4, 'barrier': 1}"
test_kernel,249,1,qksvc,2646,4,4,3,12,"{'ry': 8, 'measure': 4, 'barrier': 1}"
test_kernel,249,2,qksvc,2647,4,4,3,12,"{'ry': 8, 'measure': 4, 'barrier': 1}"
test_kernel,249,3,qksvc,2648,4,4,3,12,"{'ry': 8, 'measure': 4, 'barrier': 1}"
test_kernel,249,4,qksvc,2649,4,4,3,12,"{'ry': 8, 'measure': 4, 'barrier': 1}"
test_kernel,249,5,qksvc,2650,4,4,3,12,"{'ry': 8, 'measure': 4, 'barrier': 1}"
test_kernel,249,6,qksvc,2651,4,4,3,12,"{'ry': 8, 'measure': 4, 'barrier': 1}"
test_kernel,249,7,qksvc,2652,4,4,3,12,"{'ry': 8, 'measure': 4, 'barrier': 1}"
test_kernel,249,8,qksvc,2653,4,4,3,12,"{'ry': 8, 'measure': 4, 'barrier': 1}"
test_kernel,249,9,qksvc,2654,4,4,3,12,"{'ry': 8, 'measure': 4, 'barrier': 1}"
test_kernel,250,0,qksvc,2655,4,4,3,12,"{'ry': 8, 'measure': 4, 'barrier': 1}"
test_kernel,250,1,qksvc,2656,4,4,3,12,"{'ry': 8, 'measure': 4, 'barrier': 1}"
test_kernel,250,2,qksvc,2657,4,4,3,12,"{'ry': 8, 'measure': 4, 'barrier': 1}"
test_kernel,250,3,qksvc,2658,4,4,3,12,"{'ry': 8, 'measure': 4, 'barrier': 1}"
test_kernel,250,4,qksvc,2659,4,4,3,12,"{'ry': 8, 'measure': 4, 'barrier': 1}"
test_kernel,250,5,qksvc,2660,4,4,3,12,"{'ry': 8, 'measure': 4, 'barrier': 1}"
test_kernel,250,6,qksvc,2661,4,4,3,12,"{'ry': 8, 'measure': 4, 'barrier': 1}"
test_kernel,250,7,qksvc,2662,4,4,3,12,"{'ry': 8, 'measure': 4, 'barrier': 1}"
test_kernel,250,8,qksvc,2663,4,4,3,12,"{'ry': 8, 'measure': 4, 'barrier': 1}"
test_kernel,250,9,qksvc,2664,4,4,3,12,"{'ry': 8, 'measure': 4, 'barrier': 1}"
test_kernel,251,0,qksvc,2665,4,4,3,12,"{'ry': 8, 'measure': 4, 'barrier': 1}"
test_kernel,251,1,qksvc,2666,4,4,3,12,"{'ry': 8, 'measure': 4, 'barrier': 1}"
test_kernel,251,2,qksvc,2667,4,4,3,12,"{'ry': 8, 'measure': 4, 'barrier': 1}"
test_kernel,251,3,qksvc,2668,4,4,3,12,"{'ry': 8, 'measure': 4, 'barrier': 1}"
test_kernel,251,4,qksvc,2669,4,4,3,12,"{'ry': 8, 'measure': 4, 'barrier': 1}"
test_kernel,251,5,qksvc,2670,4,4,3,12,"{'ry': 8, 'measure': 4, 'barrier': 1}"
test_kernel,251,6,qksvc,2671,4,4,3,12,"{'ry': 8, 'measure': 4, 'barrier': 1}"
test_kernel,251,7,qksvc,2672,4,4,3,12,"{'ry': 8, 'measure': 4, 'barrier': 1}"
test_kernel,251,8,qksvc,2673,4,4,3,12,"{'ry': 8, 'measure': 4, 'barrier': 1}"
test_kernel,251,9,qksvc,2674,4,4,3,12,"{'ry': 8, 'measure': 4, 'barrier': 1}"
test_kernel,252,0,qksvc,2675,4,4,3,12,"{'ry': 8, 'measure': 4, 'barrier': 1}"
test_kernel,252,1,qksvc,2676,4,4,3,12,"{'ry': 8, 'measure': 4, 'barrier': 1}"
test_kernel,252,2,qksvc,2677,4,4,3,12,"{'ry': 8, 'measure': 4, 'barrier': 1}"
test_kernel,252,3,qksvc,2678,4,4,3,12,"{'ry': 8, 'measure': 4, 'barrier': 1}"
test_kernel,252,4,qksvc,2679,4,4,3,12,"{'ry': 8, 'measure': 4, 'barrier': 1}"
test_kernel,252,5,qksvc,2680,4,4,3,12,"{'ry': 8, 'measure': 4, 'barrier': 1}"
test_kernel,252,6,qksvc,2681,4,4,3,12,"{'ry': 8, 'measure': 4, 'barrier': 1}"
test_kernel,252,7,qksvc,2682,4,4,3,12,"{'ry': 8, 'measure': 4, 'barrier': 1}"
test_kernel,252,8,qksvc,2683,4,4,3,12,"{'ry': 8, 'measure': 4, 'barrier': 1}"
test_kernel,252,9,qksvc,2684,4,4,3,12,"{'ry': 8, 'measure': 4, 'barrier': 1}"
test_kernel,253,0,qksvc,2685,4,4,3,12,"{'ry': 8, 'measure': 4, 'barrier': 1}"
test_kernel,253,1,qksvc,2686,4,4,3,12,"{'ry': 8, 'measure': 4, 'barrier': 1}"
test_kernel,253,2,qksvc,2687,4,4,3,12,"{'ry': 8, 'measure': 4, 'barrier': 1}"
test_kernel,253,3,qksvc,2688,4,4,3,12,"{'ry': 8, 'measure': 4, 'barrier': 1}"
test_kernel,253,4,qksvc,2689,4,4,3,12,"{'ry': 8, 'measure': 4, 'barrier': 1}"
test_kernel,253,5,qksvc,2690,4,4,3,12,"{'ry': 8, 'measure': 4, 'barrier': 1}"
test_kernel,253,6,qksvc,2691,4,4,3,12,"{'ry': 8, 'measure': 4, 'barrier': 1}"
test_kernel,253,7,qksvc,2692,4,4,3,12,"{'ry': 8, 'measure': 4, 'barrier': 1}"
test_kernel,253,8,qksvc,2693,4,4,3,12,"{'ry': 8, 'measure': 4, 'barrier': 1}"
test_kernel,253,9,qksvc,2694,4,4,3,12,"{'ry': 8, 'measure': 4, 'barrier': 1}"
test_kernel,254,0,qksvc,2695,4,4,3,12,"{'ry': 8, 'measure': 4, 'barrier': 1}"
test_kernel,254,1,qksvc,2696,4,4,3,12,"{'ry': 8, 'measure': 4, 'barrier': 1}"
test_kernel,254,2,qksvc,2697,4,4,3,12,"{'ry': 8, 'measure': 4, 'barrier': 1}"
test_kernel,254,3,qksvc,2698,4,4,3,12,"{'ry': 8, 'measure': 4, 'barrier': 1}"
test_kernel,254,4,qksvc,2699,4,4,3,12,"{'ry': 8, 'measure': 4, 'barrier': 1}"
test_kernel,254,5,qksvc,2700,4,4,3,12,"{'ry': 8, 'measure': 4, 'barrier': 1}"
test_kernel,254,6,qksvc,2701,4,4,3,12,"{'ry': 8, 'measure': 4, 'barrier': 1}"
test_kernel,254,7,qksvc,2702,4,4,3,12,"{'ry': 8, 'measure': 4, 'barrier': 1}"
test_kernel,254,8,qksvc,2703,4,4,3,12,"{'ry': 8, 'measure': 4, 'barrier': 1}"
test_kernel,254,9,qksvc,2704,4,4,3,12,"{'ry': 8, 'measure': 4, 'barrier': 1}"
test_kernel,255,0,qksvc,2705,4,4,3,12,"{'ry': 8, 'measure': 4, 'barrier': 1}"
test_kernel,255,1,qksvc,2706,4,4,3,12,"{'ry': 8, 'measure': 4, 'barrier': 1}"
test_kernel,255,2,qksvc,2707,4,4,3,12,"{'ry': 8, 'measure': 4, 'barrier': 1}"
test_kernel,255,3,qksvc,2708,4,4,3,12,"{'ry': 8, 'measure': 4, 'barrier': 1}"
test_kernel,255,4,qksvc,2709,4,4,3,12,"{'ry': 8, 'measure': 4, 'barrier': 1}"
test_kernel,255,5,qksvc,2710,4,4,3,12,"{'ry': 8, 'measure': 4, 'barrier': 1}"
test_kernel,255,6,qksvc,2711,4,4,3,12,"{'ry': 8, 'measure': 4, 'barrier': 1}"
test_kernel,255,7,qksvc,2712,4,4,3,12,"{'ry': 8, 'measure': 4, 'barrier': 1}"
test_kernel,255,8,qksvc,2713,4,4,3,12,"{'ry': 8, 'measure': 4, 'barrier': 1}"
test_kernel,255,9,qksvc,2714,4,4,3,12,"{'ry': 8, 'measure': 4, 'barrier': 1}"
test_kernel,256,0,qksvc,2715,4,4,3,12,"{'ry': 8, 'measure': 4, 'barrier': 1}"
test_kernel,256,1,qksvc,2716,4,4,3,12,"{'ry': 8, 'measure': 4, 'barrier': 1}"
test_kernel,256,2,qksvc,2717,4,4,3,12,"{'ry': 8, 'measure': 4, 'barrier': 1}"
test_kernel,256,3,qksvc,2718,4,4,3,12,"{'ry': 8, 'measure': 4, 'barrier': 1}"
test_kernel,256,4,qksvc,2719,4,4,3,12,"{'ry': 8, 'measure': 4, 'barrier': 1}"
test_kernel,256,5,qksvc,2720,4,4,3,12,"{'ry': 8, 'measure': 4, 'barrier': 1}"
test_kernel,256,6,qksvc,2721,4,4,3,12,"{'ry': 8, 'measure': 4, 'barrier': 1}"
test_kernel,256,7,qksvc,2722,4,4,3,12,"{'ry': 8, 'measure': 4, 'barrier': 1}"
test_kernel,256,8,qksvc,2723,4,4,3,12,"{'ry': 8, 'measure': 4, 'barrier': 1}"
test_kernel,256,9,qksvc,2724,4,4,3,12,"{'ry': 8, 'measure': 4, 'barrier': 1}"
test_kernel,257,0,qksvc,2725,4,4,3,12,"{'ry': 8, 'measure': 4, 'barrier': 1}"
test_kernel,257,1,qksvc,2726,4,4,3,12,"{'ry': 8, 'measure': 4, 'barrier': 1}"
test_kernel,257,2,qksvc,2727,4,4,3,12,"{'ry': 8, 'measure': 4, 'barrier': 1}"
test_kernel,257,3,qksvc,2728,4,4,3,12,"{'ry': 8, 'measure': 4, 'barrier': 1}"
test_kernel,257,4,qksvc,2729,4,4,3,12,"{'ry': 8, 'measure': 4, 'barrier': 1}"
test_kernel,257,5,qksvc,2730,4,4,3,12,"{'ry': 8, 'measure': 4, 'barrier': 1}"
test_kernel,257,6,qksvc,2731,4,4,3,12,"{'ry': 8, 'measure': 4, 'barrier': 1}"
test_kernel,257,7,qksvc,2732,4,4,3,12,"{'ry': 8, 'measure': 4, 'barrier': 1}"
test_kernel,257,8,qksvc,2733,4,4,3,12,"{'ry': 8, 'measure': 4, 'barrier': 1}"
test_kernel,257,9,qksvc,2734,4,4,3,12,"{'ry': 8, 'measure': 4, 'barrier': 1}"
test_kernel,258,0,qksvc,2735,4,4,3,12,"{'ry': 8, 'measure': 4, 'barrier': 1}"
test_kernel,258,1,qksvc,2736,4,4,3,12,"{'ry': 8, 'measure': 4, 'barrier': 1}"
test_kernel,258,2,qksvc,2737,4,4,3,12,"{'ry': 8, 'measure': 4, 'barrier': 1}"
test_kernel,258,3,qksvc,2738,4,4,3,12,"{'ry': 8, 'measure': 4, 'barrier': 1}"
test_kernel,258,4,qksvc,2739,4,4,3,12,"{'ry': 8, 'measure': 4, 'barrier': 1}"
test_kernel,258,5,qksvc,2740,4,4,3,12,"{'ry': 8, 'measure': 4, 'barrier': 1}"
test_kernel,258,6,qksvc,2741,4,4,3,12,"{'ry': 8, 'measure': 4, 'barrier': 1}"
test_kernel,258,7,qksvc,2742,4,4,3,12,"{'ry': 8, 'measure': 4, 'barrier': 1}"
test_kernel,258,8,qksvc,2743,4,4,3,12,"{'ry': 8, 'measure': 4, 'barrier': 1}"
test_kernel,258,9,qksvc,2744,4,4,3,12,"{'ry': 8, 'measure': 4, 'barrier': 1}"
test_kernel,259,0,qksvc,2745,4,4,3,12,"{'ry': 8, 'measure': 4, 'barrier': 1}"
test_kernel,259,1,qksvc,2746,4,4,3,12,"{'ry': 8, 'measure': 4, 'barrier': 1}"
test_kernel,259,2,qksvc,2747,4,4,3,12,"{'ry': 8, 'measure': 4, 'barrier': 1}"
test_kernel,259,3,qksvc,2748,4,4,3,12,"{'ry': 8, 'measure': 4, 'barrier': 1}"
test_kernel,259,4,qksvc,2749,4,4,3,12,"{'ry': 8, 'measure': 4, 'barrier': 1}"
test_kernel,259,5,qksvc,2750,4,4,3,12,"{'ry': 8, 'measure': 4, 'barrier': 1}"
test_kernel,259,6,qksvc,2751,4,4,3,12,"{'ry': 8, 'measure': 4, 'barrier': 1}"
test_kernel,259,7,qksvc,2752,4,4,3,12,"{'ry': 8, 'measure': 4, 'barrier': 1}"
test_kernel,259,8,qksvc,2753,4,4,3,12,"{'ry': 8, 'measure': 4, 'barrier': 1}"
test_kernel,259,9,qksvc,2754,4,4,3,12,"{'ry': 8, 'measure': 4, 'barrier': 1}"
test_kernel,260,0,qksvc,2755,4,4,3,12,"{'ry': 8, 'measure': 4, 'barrier': 1}"
test_kernel,260,1,qksvc,2756,4,4,3,12,"{'ry': 8, 'measure': 4, 'barrier': 1}"
test_kernel,260,2,qksvc,2757,4,4,3,12,"{'ry': 8, 'measure': 4, 'barrier': 1}"
test_kernel,260,3,qksvc,2758,4,4,3,12,"{'ry': 8, 'measure': 4, 'barrier': 1}"
test_kernel,260,4,qksvc,2759,4,4,3,12,"{'ry': 8, 'measure': 4, 'barrier': 1}"
test_kernel,260,5,qksvc,2760,4,4,3,12,"{'ry': 8, 'measure': 4, 'barrier': 1}"
test_kernel,260,6,qksvc,2761,4,4,3,12,"{'ry': 8, 'measure': 4, 'barrier': 1}"
test_kernel,260,7,qksvc,2762,4,4,3,12,"{'ry': 8, 'measure': 4, 'barrier': 1}"
test_kernel,260,8,qksvc,2763,4,4,3,12,"{'ry': 8, 'measure': 4, 'barrier': 1}"
test_kernel,260,9,qksvc,2764,4,4,3,12,"{'ry': 8, 'measure': 4, 'barrier': 1}"
test_kernel,261,0,qksvc,2765,4,4,3,12,"{'ry': 8, 'measure': 4, 'barrier': 1}"
test_kernel,261,1,qksvc,2766,4,4,3,12,"{'ry': 8, 'measure': 4, 'barrier': 1}"
test_kernel,261,2,qksvc,2767,4,4,3,12,"{'ry': 8, 'measure': 4, 'barrier': 1}"
test_kernel,261,3,qksvc,2768,4,4,3,12,"{'ry': 8, 'measure': 4, 'barrier': 1}"
test_kernel,261,4,qksvc,2769,4,4,3,12,"{'ry': 8, 'measure': 4, 'barrier': 1}"
test_kernel,261,5,qksvc,2770,4,4,3,12,"{'ry': 8, 'measure': 4, 'barrier': 1}"
test_kernel,261,6,qksvc,2771,4,4,3,12,"{'ry': 8, 'measure': 4, 'barrier': 1}"
test_kernel,261,7,qksvc,2772,4,4,3,12,"{'ry': 8, 'measure': 4, 'barrier': 1}"
test_kernel,261,8,qksvc,2773,4,4,3,12,"{'ry': 8, 'measure': 4, 'barrier': 1}"
test_kernel,261,9,qksvc,2774,4,4,3,12,"{'ry': 8, 'measure': 4, 'barrier': 1}"
test_kernel,262,0,qksvc,2775,4,4,3,12,"{'ry': 8, 'measure': 4, 'barrier': 1}"
test_kernel,262,1,qksvc,2776,4,4,3,12,"{'ry': 8, 'measure': 4, 'barrier': 1}"
test_kernel,262,2,qksvc,2777,4,4,3,12,"{'ry': 8, 'measure': 4, 'barrier': 1}"
test_kernel,262,3,qksvc,2778,4,4,3,12,"{'ry': 8, 'measure': 4, 'barrier': 1}"
test_kernel,262,4,qksvc,2779,4,4,3,12,"{'ry': 8, 'measure': 4, 'barrier': 1}"
test_kernel,262,5,qksvc,2780,4,4,3,12,"{'ry': 8, 'measure': 4, 'barrier': 1}"
test_kernel,262,6,qksvc,2781,4,4,3,12,"{'ry': 8, 'measure': 4, 'barrier': 1}"
test_kernel,262,7,qksvc,2782,4,4,3,12,"{'ry': 8, 'measure': 4, 'barrier': 1}"
test_kernel,262,8,qksvc,2783,4,4,3,12,"{'ry': 8, 'measure': 4, 'barrier': 1}"
test_kernel,262,9,qksvc,2784,4,4,3,12,"{'ry': 8, 'measure': 4, 'barrier': 1}"
test_kernel,263,0,qksvc,2785,4,4,3,12,"{'ry': 8, 'measure': 4, 'barrier': 1}"
test_kernel,263,1,qksvc,2786,4,4,3,12,"{'ry': 8, 'measure': 4, 'barrier': 1}"
test_kernel,263,2,qksvc,2787,4,4,3,12,"{'ry': 8, 'measure': 4, 'barrier': 1}"
test_kernel,263,3,qksvc,2788,4,4,3,12,"{'ry': 8, 'measure': 4, 'barrier': 1}"
test_kernel,263,4,qksvc,2789,4,4,3,12,"{'ry': 8, 'measure': 4, 'barrier': 1}"
test_kernel,263,5,qksvc,2790,4,4,3,12,"{'ry': 8, 'measure': 4, 'barrier': 1}"
test_kernel,263,6,qksvc,2791,4,4,3,12,"{'ry': 8, 'measure': 4, 'barrier': 1}"
test_kernel,263,7,qksvc,2792,4,4,3,12,"{'ry': 8, 'measure': 4, 'barrier': 1}"
test_kernel,263,8,qksvc,2793,4,4,3,12,"{'ry': 8, 'measure': 4, 'barrier': 1}"
test_kernel,263,9,qksvc,2794,4,4,3,12,"{'ry': 8, 'measure': 4, 'barrier': 1}"
test_kernel,264,0,qksvc,2795,4,4,3,12,"{'ry': 8, 'measure': 4, 'barrier': 1}"
test_kernel,264,1,qksvc,2796,4,4,3,12,"{'ry': 8, 'measure': 4, 'barrier': 1}"
test_kernel,264,2,qksvc,2797,4,4,3,12,"{'ry': 8, 'measure': 4, 'barrier': 1}"
test_kernel,264,3,qksvc,2798,4,4,3,12,"{'ry': 8, 'measure': 4, 'barrier': 1}"
test_kernel,264,4,qksvc,2799,4,4,3,12,"{'ry': 8, 'measure': 4, 'barrier': 1}"
test_kernel,264,5,qksvc,2800,4,4,3,12,"{'ry': 8, 'measure': 4, 'barrier': 1}"
test_kernel,264,6,qksvc,2801,4,4,3,12,"{'ry': 8, 'measure': 4, 'barrier': 1}"
test_kernel,264,7,qksvc,2802,4,4,3,12,"{'ry': 8, 'measure': 4, 'barrier': 1}"
test_kernel,264,8,qksvc,2803,4,4,3,12,"{'ry': 8, 'measure': 4, 'barrier': 1}"
test_kernel,264,9,qksvc,2804,4,4,3,12,"{'ry': 8, 'measure': 4, 'barrier': 1}"
test_kernel,265,0,qksvc,2805,4,4,3,12,"{'ry': 8, 'measure': 4, 'barrier': 1}"
test_kernel,265,1,qksvc,2806,4,4,3,12,"{'ry': 8, 'measure': 4, 'barrier': 1}"
test_kernel,265,2,qksvc,2807,4,4,3,12,"{'ry': 8, 'measure': 4, 'barrier': 1}"
test_kernel,265,3,qksvc,2808,4,4,3,12,"{'ry': 8, 'measure': 4, 'barrier': 1}"
test_kernel,265,4,qksvc,2809,4,4,3,12,"{'ry': 8, 'measure': 4, 'barrier': 1}"
test_kernel,265,5,qksvc,2810,4,4,3,12,"{'ry': 8, 'measure': 4, 'barrier': 1}"
test_kernel,265,6,qksvc,2811,4,4,3,12,"{'ry': 8, 'measure': 4, 'barrier': 1}"
test_kernel,265,7,qksvc,2812,4,4,3,12,"{'ry': 8, 'measure': 4, 'barrier': 1}"
test_kernel,265,8,qksvc,2813,4,4,3,12,"{'ry': 8, 'measure': 4, 'barrier': 1}"
test_kernel,265,9,qksvc,2814,4,4,3,12,"{'ry': 8, 'measure': 4, 'barrier': 1}"
test_kernel,266,0,qksvc,2815,4,4,3,12,"{'ry': 8, 'measure': 4, 'barrier': 1}"
test_kernel,266,1,qksvc,2816,4,4,3,12,"{'ry': 8, 'measure': 4, 'barrier': 1}"
test_kernel,266,2,qksvc,2817,4,4,3,12,"{'ry': 8, 'measure': 4, 'barrier': 1}"
test_kernel,266,3,qksvc,2818,4,4,3,12,"{'ry': 8, 'measure': 4, 'barrier': 1}"
test_kernel,266,4,qksvc,2819,4,4,3,12,"{'ry': 8, 'measure': 4, 'barrier': 1}"
test_kernel,266,5,qksvc,2820,4,4,3,12,"{'ry': 8, 'measure': 4, 'barrier': 1}"
test_kernel,266,6,qksvc,2821,4,4,3,12,"{'ry': 8, 'measure': 4, 'barrier': 1}"
test_kernel,266,7,qksvc,2822,4,4,3,12,"{'ry': 8, 'measure': 4, 'barrier': 1}"
test_kernel,266,8,qksvc,2823,4,4,3,12,"{'ry': 8, 'measure': 4, 'barrier': 1}"
test_kernel,266,9,qksvc,2824,4,4,3,12,"{'ry': 8, 'measure': 4, 'barrier': 1}"
test_kernel,267,0,qksvc,2825,4,4,3,12,"{'ry': 8, 'measure': 4, 'barrier': 1}"
test_kernel,267,1,qksvc,2826,4,4,3,12,"{'ry': 8, 'measure': 4, 'barrier': 1}"
test_kernel,267,2,qksvc,2827,4,4,3,12,"{'ry': 8, 'measure': 4, 'barrier': 1}"
test_kernel,267,3,qksvc,2828,4,4,3,12,"{'ry': 8, 'measure': 4, 'barrier': 1}"
test_kernel,267,4,qksvc,2829,4,4,3,12,"{'ry': 8, 'measure': 4, 'barrier': 1}"
test_kernel,267,5,qksvc,2830,4,4,3,12,"{'ry': 8, 'measure': 4, 'barrier': 1}"
test_kernel,267,6,qksvc,2831,4,4,3,12,"{'ry': 8, 'measure': 4, 'barrier': 1}"
test_kernel,267,7,qksvc,2832,4,4,3,12,"{'ry': 8, 'measure': 4, 'barrier': 1}"
test_kernel,267,8,qksvc,2833,4,4,3,12,"{'ry': 8, 'measure': 4, 'barrier': 1}"
test_kernel,267,9,qksvc,2834,4,4,3,12,"{'ry': 8, 'measure': 4, 'barrier': 1}"
test_kernel,268,0,qksvc,2835,4,4,3,12,"{'ry': 8, 'measure': 4, 'barrier': 1}"
test_kernel,268,1,qksvc,2836,4,4,3,12,"{'ry': 8, 'measure': 4, 'barrier': 1}"
test_kernel,268,2,qksvc,2837,4,4,3,12,"{'ry': 8, 'measure': 4, 'barrier': 1}"
test_kernel,268,3,qksvc,2838,4,4,3,12,"{'ry': 8, 'measure': 4, 'barrier': 1}"
test_kernel,268,4,qksvc,2839,4,4,3,12,"{'ry': 8, 'measure': 4, 'barrier': 1}"
test_kernel,268,5,qksvc,2840,4,4,3,12,"{'ry': 8, 'measure': 4, 'barrier': 1}"
test_kernel,268,6,qksvc,2841,4,4,3,12,"{'ry': 8, 'measure': 4, 'barrier': 1}"
test_kernel,268,7,qksvc,2842,4,4,3,12,"{'ry': 8, 'measure': 4, 'barrier': 1}"
test_kernel,268,8,qksvc,2843,4,4,3,12,"{'ry': 8, 'measure': 4, 'barrier': 1}"
test_kernel,268,9,qksvc,2844,4,4,3,12,"{'ry': 8, 'measure': 4, 'barrier': 1}"
test_kernel,269,0,qksvc,2845,4,4,3,12,"{'ry': 8, 'measure': 4, 'barrier': 1}"
test_kernel,269,1,qksvc,2846,4,4,3,12,"{'ry': 8, 'measure': 4, 'barrier': 1}"
test_kernel,269,2,qksvc,2847,4,4,3,12,"{'ry': 8, 'measure': 4, 'barrier': 1}"
test_kernel,269,3,qksvc,2848,4,4,3,12,"{'ry': 8, 'measure': 4, 'barrier': 1}"
test_kernel,269,4,qksvc,2849,4,4,3,12,"{'ry': 8, 'measure': 4, 'barrier': 1}"
test_kernel,269,5,qksvc,2850,4,4,3,12,"{'ry': 8, 'measure': 4, 'barrier': 1}"
test_kernel,269,6,qksvc,2851,4,4,3,12,"{'ry': 8, 'measure': 4, 'barrier': 1}"
test_kernel,269,7,qksvc,2852,4,4,3,12,"{'ry': 8, 'measure': 4, 'barrier': 1}"
test_kernel,269,8,qksvc,2853,4,4,3,12,"{'ry': 8, 'measure': 4, 'barrier': 1}"
test_kernel,269,9,qksvc,2854,4,4,3,12,"{'ry': 8, 'measure': 4, 'barrier': 1}"
test_kernel,270,0,qksvc,2855,4,4,3,12,"{'ry': 8, 'measure': 4, 'barrier': 1}"
test_kernel,270,1,qksvc,2856,4,4,3,12,"{'ry': 8, 'measure': 4, 'barrier': 1}"
test_kernel,270,2,qksvc,2857,4,4,3,12,"{'ry': 8, 'measure': 4, 'barrier': 1}"
test_kernel,270,3,qksvc,2858,4,4,3,12,"{'ry': 8, 'measure': 4, 'barrier': 1}"
test_kernel,270,4,qksvc,2859,4,4,3,12,"{'ry': 8, 'measure': 4, 'barrier': 1}"
test_kernel,270,5,qksvc,2860,4,4,3,12,"{'ry': 8, 'measure': 4, 'barrier': 1}"
test_kernel,270,6,qksvc,2861,4,4,3,12,"{'ry': 8, 'measure': 4, 'barrier': 1}"
test_kernel,270,7,qksvc,2862,4,4,3,12,"{'ry': 8, 'measure': 4, 'barrier': 1}"
test_kernel,270,8,qksvc,2863,4,4,3,12,"{'ry': 8, 'measure': 4, 'barrier': 1}"
test_kernel,270,9,qksvc,2864,4,4,3,12,"{'ry': 8, 'measure': 4, 'barrier': 1}"
test_kernel,271,0,qksvc,2865,4,4,3,12,"{'ry': 8, 'measure': 4, 'barrier': 1}"
test_kernel,271,1,qksvc,2866,4,4,3,12,"{'ry': 8, 'measure': 4, 'barrier': 1}"
test_kernel,271,2,qksvc,2867,4,4,3,12,"{'ry': 8, 'measure': 4, 'barrier': 1}"
test_kernel,271,3,qksvc,2868,4,4,3,12,"{'ry': 8, 'measure': 4, 'barrier': 1}"
test_kernel,271,4,qksvc,2869,4,4,3,12,"{'ry': 8, 'measure': 4, 'barrier': 1}"
test_kernel,271,5,qksvc,2870,4,4,3,12,"{'ry': 8, 'measure': 4, 'barrier': 1}"
test_kernel,271,6,qksvc,2871,4,4,3,12,"{'ry': 8, 'measure': 4, 'barrier': 1}"
test_kernel,271,7,qksvc,2872,4,4,3,12,"{'ry': 8, 'measure': 4, 'barrier': 1}"
test_kernel,271,8,qksvc,2873,4,4,3,12,"{'ry': 8, 'measure': 4, 'barrier': 1}"
test_kernel,271,9,qksvc,2874,4,4,3,12,"{'ry': 8, 'measure': 4, 'barrier': 1}"
test_kernel,272,0,qksvc,2875,4,4,3,12,"{'ry': 8, 'measure': 4, 'barrier': 1}"
test_kernel,272,1,qksvc,2876,4,4,3,12,"{'ry': 8, 'measure': 4, 'barrier': 1}"
test_kernel,272,2,qksvc,2877,4,4,3,12,"{'ry': 8, 'measure': 4, 'barrier': 1}"
test_kernel,272,3,qksvc,2878,4,4,3,12,"{'ry': 8, 'measure': 4, 'barrier': 1}"
test_kernel,272,4,qksvc,2879,4,4,3,12,"{'ry': 8, 'measure': 4, 'barrier': 1}"
test_kernel,272,5,qksvc,2880,4,4,3,12,"{'ry': 8, 'measure': 4, 'barrier': 1}"
test_kernel,272,6,qksvc,2881,4,4,3,12,"{'ry': 8, 'measure': 4, 'barrier': 1}"
test_kernel,272,7,qksvc,2882,4,4,3,12,"{'ry': 8, 'measure': 4, 'barrier': 1}"
test_kernel,272,8,qksvc,2883,4,4,3,12,"{'ry': 8, 'measure': 4, 'barrier': 1}"
test_kernel,272,9,qksvc,2884,4,4,3,12,"{'ry': 8, 'measure': 4, 'barrier': 1}"
test_kernel,273,0,qksvc,2885,4,4,3,12,"{'ry': 8, 'measure': 4, 'barrier': 1}"
test_kernel,273,1,qksvc,2886,4,4,3,12,"{'ry': 8, 'measure': 4, 'barrier': 1}"
test_kernel,273,2,qksvc,2887,4,4,3,12,"{'ry': 8, 'measure': 4, 'barrier': 1}"
test_kernel,273,3,qksvc,2888,4,4,3,12,"{'ry': 8, 'measure': 4, 'barrier': 1}"
test_kernel,273,4,qksvc,2889,4,4,3,12,"{'ry': 8, 'measure': 4, 'barrier': 1}"
test_kernel,273,5,qksvc,2890,4,4,3,12,"{'ry': 8, 'measure': 4, 'barrier': 1}"
test_kernel,273,6,qksvc,2891,4,4,3,12,"{'ry': 8, 'measure': 4, 'barrier': 1}"
test_kernel,273,7,qksvc,2892,4,4,3,12,"{'ry': 8, 'measure': 4, 'barrier': 1}"
test_kernel,273,8,qksvc,2893,4,4,3,12,"{'ry': 8, 'measure': 4, 'barrier': 1}"
test_kernel,273,9,qksvc,2894,4,4,3,12,"{'ry': 8, 'measure': 4, 'barrier': 1}"
test_kernel,274,0,qksvc,2895,4,4,3,12,"{'ry': 8, 'measure': 4, 'barrier': 1}"
test_kernel,274,1,qksvc,2896,4,4,3,12,"{'ry': 8, 'measure': 4, 'barrier': 1}"
test_kernel,274,2,qksvc,2897,4,4,3,12,"{'ry': 8, 'measure': 4, 'barrier': 1}"
test_kernel,274,3,qksvc,2898,4,4,3,12,"{'ry': 8, 'measure': 4, 'barrier': 1}"
test_kernel,274,4,qksvc,2899,4,4,3,12,"{'ry': 8, 'measure': 4, 'barrier': 1}"
test_kernel,274,5,qksvc,2900,4,4,3,12,"{'ry': 8, 'measure': 4, 'barrier': 1}"
test_kernel,274,6,qksvc,2901,4,4,3,12,"{'ry': 8, 'measure': 4, 'barrier': 1}"
test_kernel,274,7,qksvc,2902,4,4,3,12,"{'ry': 8, 'measure': 4, 'barrier': 1}"
test_kernel,274,8,qksvc,2903,4,4,3,12,"{'ry': 8, 'measure': 4, 'barrier': 1}"
test_kernel,274,9,qksvc,2904,4,4,3,12,"{'ry': 8, 'measure': 4, 'barrier': 1}"
test_kernel,275,0,qksvc,2905,4,4,3,12,"{'ry': 8, 'measure': 4, 'barrier': 1}"
test_kernel,275,1,qksvc,2906,4,4,3,12,"{'ry': 8, 'measure': 4, 'barrier': 1}"
test_kernel,275,2,qksvc,2907,4,4,3,12,"{'ry': 8, 'measure': 4, 'barrier': 1}"
test_kernel,275,3,qksvc,2908,4,4,3,12,"{'ry': 8, 'measure': 4, 'barrier': 1}"
test_kernel,275,4,qksvc,2909,4,4,3,12,"{'ry': 8, 'measure': 4, 'barrier': 1}"
test_kernel,275,5,qksvc,2910,4,4,3,12,"{'ry': 8, 'measure': 4, 'barrier': 1}"
test_kernel,275,6,qksvc,2911,4,4,3,12,"{'ry': 8, 'measure': 4, 'barrier': 1}"
test_kernel,275,7,qksvc,2912,4,4,3,12,"{'ry': 8, 'measure': 4, 'barrier': 1}"
test_kernel,275,8,qksvc,2913,4,4,3,12,"{'ry': 8, 'measure': 4, 'barrier': 1}"
test_kernel,275,9,qksvc,2914,4,4,3,12,"{'ry': 8, 'measure': 4, 'barrier': 1}"
test_kernel,276,0,qksvc,2915,4,4,3,12,"{'ry': 8, 'measure': 4, 'barrier': 1}"
test_kernel,276,1,qksvc,2916,4,4,3,12,"{'ry': 8, 'measure': 4, 'barrier': 1}"
test_kernel,276,2,qksvc,2917,4,4,3,12,"{'ry': 8, 'measure': 4, 'barrier': 1}"
test_kernel,276,3,qksvc,2918,4,4,3,12,"{'ry': 8, 'measure': 4, 'barrier': 1}"
test_kernel,276,4,qksvc,2919,4,4,3,12,"{'ry': 8, 'measure': 4, 'barrier': 1}"
test_kernel,276,5,qksvc,2920,4,4,3,12,"{'ry': 8, 'measure': 4, 'barrier': 1}"
test_kernel,276,6,qksvc,2921,4,4,3,12,"{'ry': 8, 'measure': 4, 'barrier': 1}"
test_kernel,276,7,qksvc,2922,4,4,3,12,"{'ry': 8, 'measure': 4, 'barrier': 1}"
test_kernel,276,8,qksvc,2923,4,4,3,12,"{'ry': 8, 'measure': 4, 'barrier': 1}"
test_kernel,276,9,qksvc,2924,4,4,3,12,"{'ry': 8, 'measure': 4, 'barrier': 1}"
test_kernel,277,0,qksvc,2925,4,4,3,12,"{'ry': 8, 'measure': 4, 'barrier': 1}"
test_kernel,277,1,qksvc,2926,4,4,3,12,"{'ry': 8, 'measure': 4, 'barrier': 1}"
test_kernel,277,2,qksvc,2927,4,4,3,12,"{'ry': 8, 'measure': 4, 'barrier': 1}"
test_kernel,277,3,qksvc,2928,4,4,3,12,"{'ry': 8, 'measure': 4, 'barrier': 1}"
test_kernel,277,4,qksvc,2929,4,4,3,12,"{'ry': 8, 'measure': 4, 'barrier': 1}"
test_kernel,277,5,qksvc,2930,4,4,3,12,"{'ry': 8, 'measure': 4, 'barrier': 1}"
test_kernel,277,6,qksvc,2931,4,4,3,12,"{'ry': 8, 'measure': 4, 'barrier': 1}"
test_kernel,277,7,qksvc,2932,4,4,3,12,"{'ry': 8, 'measure': 4, 'barrier': 1}"
test_kernel,277,8,qksvc,2933,4,4,3,12,"{'ry': 8, 'measure': 4, 'barrier': 1}"
test_kernel,277,9,qksvc,2934,4,4,3,12,"{'ry': 8, 'measure': 4, 'barrier': 1}"
test_kernel,278,0,qksvc,2935,4,4,3,12,"{'ry': 8, 'measure': 4, 'barrier': 1}"
test_kernel,278,1,qksvc,2936,4,4,3,12,"{'ry': 8, 'measure': 4, 'barrier': 1}"
test_kernel,278,2,qksvc,2937,4,4,3,12,"{'ry': 8, 'measure': 4, 'barrier': 1}"
test_kernel,278,3,qksvc,2938,4,4,3,12,"{'ry': 8, 'measure': 4, 'barrier': 1}"
test_kernel,278,4,qksvc,2939,4,4,3,12,"{'ry': 8, 'measure': 4, 'barrier': 1}"
test_kernel,278,5,qksvc,2940,4,4,3,12,"{'ry': 8, 'measure': 4, 'barrier': 1}"
test_kernel,278,6,qksvc,2941,4,4,3,12,"{'ry': 8, 'measure': 4, 'barrier': 1}"
test_kernel,278,7,qksvc,2942,4,4,3,12,"{'ry': 8, 'measure': 4, 'barrier': 1}"
test_kernel,278,8,qksvc,2943,4,4,3,12,"{'ry': 8, 'measure': 4, 'barrier': 1}"
test_kernel,278,9,qksvc,2944,4,4,3,12,"{'ry': 8, 'measure': 4, 'barrier': 1}"
test_kernel,279,0,qksvc,2945,4,4,3,12,"{'ry': 8, 'measure': 4, 'barrier': 1}"
test_kernel,279,1,qksvc,2946,4,4,3,12,"{'ry': 8, 'measure': 4, 'barrier': 1}"
test_kernel,279,2,qksvc,2947,4,4,3,12,"{'ry': 8, 'measure': 4, 'barrier': 1}"
test_kernel,279,3,qksvc,2948,4,4,3,12,"{'ry': 8, 'measure': 4, 'barrier': 1}"
test_kernel,279,4,qksvc,2949,4,4,3,12,"{'ry': 8, 'measure': 4, 'barrier': 1}"
test_kernel,279,5,qksvc,2950,4,4,3,12,"{'ry': 8, 'measure': 4, 'barrier': 1}"
test_kernel,279,6,qksvc,2951,4,4,3,12,"{'ry': 8, 'measure': 4, 'barrier': 1}"
test_kernel,279,7,qksvc,2952,4,4,3,12,"{'ry': 8, 'measure': 4, 'barrier': 1}"
test_kernel,279,8,qksvc,2953,4,4,3,12,"{'ry': 8, 'measure': 4, 'barrier': 1}"
test_kernel,279,9,qksvc,2954,4,4,3,12,"{'ry': 8, 'measure': 4, 'barrier': 1}"
test_kernel,280,0,qksvc,2955,4,4,3,12,"{'ry': 8, 'measure': 4, 'barrier': 1}"
test_kernel,280,1,qksvc,2956,4,4,3,12,"{'ry': 8, 'measure': 4, 'barrier': 1}"
test_kernel,280,2,qksvc,2957,4,4,3,12,"{'ry': 8, 'measure': 4, 'barrier': 1}"
test_kernel,280,3,qksvc,2958,4,4,3,12,"{'ry': 8, 'measure': 4, 'barrier': 1}"
test_kernel,280,4,qksvc,2959,4,4,3,12,"{'ry': 8, 'measure': 4, 'barrier': 1}"
test_kernel,280,5,qksvc,2960,4,4,3,12,"{'ry': 8, 'measure': 4, 'barrier': 1}"
test_kernel,280,6,qksvc,2961,4,4,3,12,"{'ry': 8, 'measure': 4, 'barrier': 1}"
test_kernel,280,7,qksvc,2962,4,4,3,12,"{'ry': 8, 'measure': 4, 'barrier': 1}"
test_kernel,280,8,qksvc,2963,4,4,3,12,"{'ry': 8, 'measure': 4, 'barrier': 1}"
test_kernel,280,9,qksvc,2964,4,4,3,12,"{'ry': 8, 'measure': 4, 'barrier': 1}"
test_kernel,281,0,qksvc,2965,4,4,3,12,"{'ry': 8, 'measure': 4, 'barrier': 1}"
test_kernel,281,1,qksvc,2966,4,4,3,12,"{'ry': 8, 'measure': 4, 'barrier': 1}"
test_kernel,281,2,qksvc,2967,4,4,3,12,"{'ry': 8, 'measure': 4, 'barrier': 1}"
test_kernel,281,3,qksvc,2968,4,4,3,12,"{'ry': 8, 'measure': 4, 'barrier': 1}"
test_kernel,281,4,qksvc,2969,4,4,3,12,"{'ry': 8, 'measure': 4, 'barrier': 1}"
test_kernel,281,5,qksvc,2970,4,4,3,12,"{'ry': 8, 'measure': 4, 'barrier': 1}"
test_kernel,281,6,qksvc,2971,4,4,3,12,"{'ry': 8, 'measure': 4, 'barrier': 1}"
test_kernel,281,7,qksvc,2972,4,4,3,12,"{'ry': 8, 'measure': 4, 'barrier': 1}"
test_kernel,281,8,qksvc,2973,4,4,3,12,"{'ry': 8, 'measure': 4, 'barrier': 1}"
test_kernel,281,9,qksvc,2974,4,4,3,12,"{'ry': 8, 'measure': 4, 'barrier': 1}"
test_kernel,282,0,qksvc,2975,4,4,3,12,"{'ry': 8, 'measure': 4, 'barrier': 1}"
test_kernel,282,1,qksvc,2976,4,4,3,12,"{'ry': 8, 'measure': 4, 'barrier': 1}"
test_kernel,282,2,qksvc,2977,4,4,3,12,"{'ry': 8, 'measure': 4, 'barrier': 1}"
test_kernel,282,3,qksvc,2978,4,4,3,12,"{'ry': 8, 'measure': 4, 'barrier': 1}"
test_kernel,282,4,qksvc,2979,4,4,3,12,"{'ry': 8, 'measure': 4, 'barrier': 1}"
test_kernel,282,5,qksvc,2980,4,4,3,12,"{'ry': 8, 'measure': 4, 'barrier': 1}"
test_kernel,282,6,qksvc,2981,4,4,3,12,"{'ry': 8, 'measure': 4, 'barrier': 1}"
test_kernel,282,7,qksvc,2982,4,4,3,12,"{'ry': 8, 'measure': 4, 'barrier': 1}"
test_kernel,282,8,qksvc,2983,4,4,3,12,"{'ry': 8, 'measure': 4, 'barrier': 1}"
test_kernel,282,9,qksvc,2984,4,4,3,12,"{'ry': 8, 'measure': 4, 'barrier': 1}"
test_kernel,283,0,qksvc,2985,4,4,3,12,"{'ry': 8, 'measure': 4, 'barrier': 1}"
test_kernel,283,1,qksvc,2986,4,4,3,12,"{'ry': 8, 'measure': 4, 'barrier': 1}"
test_kernel,283,2,qksvc,2987,4,4,3,12,"{'ry': 8, 'measure': 4, 'barrier': 1}"
test_kernel,283,3,qksvc,2988,4,4,3,12,"{'ry': 8, 'measure': 4, 'barrier': 1}"
test_kernel,283,4,qksvc,2989,4,4,3,12,"{'ry': 8, 'measure': 4, 'barrier': 1}"
test_kernel,283,5,qksvc,2990,4,4,3,12,"{'ry': 8, 'measure': 4, 'barrier': 1}"
test_kernel,283,6,qksvc,2991,4,4,3,12,"{'ry': 8, 'measure': 4, 'barrier': 1}"
test_kernel,283,7,qksvc,2992,4,4,3,12,"{'ry': 8, 'measure': 4, 'barrier': 1}"
test_kernel,283,8,qksvc,2993,4,4,3,12,"{'ry': 8, 'measure': 4, 'barrier': 1}"
test_kernel,283,9,qksvc,2994,4,4,3,12,"{'ry': 8, 'measure': 4, 'barrier': 1}"
test_kernel,284,0,qksvc,2995,4,4,3,12,"{'ry': 8, 'measure': 4, 'barrier': 1}"
test_kernel,284,1,qksvc,2996,4,4,3,12,"{'ry': 8, 'measure': 4, 'barrier': 1}"
test_kernel,284,2,qksvc,2997,4,4,3,12,"{'ry': 8, 'measure': 4, 'barrier': 1}"
test_kernel,284,3,qksvc,2998,4,4,3,12,"{'ry': 8, 'measure': 4, 'barrier': 1}"
test_kernel,284,4,qksvc,2999,4,4,3,12,"{'ry': 8, 'measure': 4, 'barrier': 1}"
test_kernel,284,5,qksvc,3000,4,4,3,12,"{'ry': 8, 'measure': 4, 'barrier': 1}"
test_kernel,284,6,qksvc,3001,4,4,3,12,"{'ry': 8, 'measure': 4, 'barrier': 1}"
test_kernel,284,7,qksvc,3002,4,4,3,12,"{'ry': 8, 'measure': 4, 'barrier': 1}"
test_kernel,284,8,qksvc,3003,4,4,3,12,"{'ry': 8, 'measure': 4, 'barrier': 1}"
test_kernel,284,9,qksvc,3004,4,4,3,12,"{'ry': 8, 'measure': 4, 'barrier': 1}"
test_kernel,285,0,qksvc,3005,4,4,3,12,"{'ry': 8, 'measure': 4, 'barrier': 1}"
test_kernel,285,1,qksvc,3006,4,4,3,12,"{'ry': 8, 'measure': 4, 'barrier': 1}"
test_kernel,285,2,qksvc,3007,4,4,3,12,"{'ry': 8, 'measure': 4, 'barrier': 1}"
test_kernel,285,3,qksvc,3008,4,4,3,12,"{'ry': 8, 'measure': 4, 'barrier': 1}"
test_kernel,285,4,qksvc,3009,4,4,3,12,"{'ry': 8, 'measure': 4, 'barrier': 1}"
test_kernel,285,5,qksvc,3010,4,4,3,12,"{'ry': 8, 'measure': 4, 'barrier': 1}"
test_kernel,285,6,qksvc,3011,4,4,3,12,"{'ry': 8, 'measure': 4, 'barrier': 1}"
test_kernel,285,7,qksvc,3012,4,4,3,12,"{'ry': 8, 'measure': 4, 'barrier': 1}"
test_kernel,285,8,qksvc,3013,4,4,3,12,"{'ry': 8, 'measure': 4, 'barrier': 1}"
test_kernel,285,9,qksvc,3014,4,4,3,12,"{'ry': 8, 'measure': 4, 'barrier': 1}"
test_kernel,286,0,qksvc,3015,4,4,3,12,"{'ry': 8, 'measure': 4, 'barrier': 1}"
test_kernel,286,1,qksvc,3016,4,4,3,12,"{'ry': 8, 'measure': 4, 'barrier': 1}"
test_kernel,286,2,qksvc,3017,4,4,3,12,"{'ry': 8, 'measure': 4, 'barrier': 1}"
test_kernel,286,3,qksvc,3018,4,4,3,12,"{'ry': 8, 'measure': 4, 'barrier': 1}"
test_kernel,286,4,qksvc,3019,4,4,3,12,"{'ry': 8, 'measure': 4, 'barrier': 1}"
test_kernel,286,5,qksvc,3020,4,4,3,12,"{'ry': 8, 'measure': 4, 'barrier': 1}"
test_kernel,286,6,qksvc,3021,4,4,3,12,"{'ry': 8, 'measure': 4, 'barrier': 1}"
test_kernel,286,7,qksvc,3022,4,4,3,12,"{'ry': 8, 'measure': 4, 'barrier': 1}"
test_kernel,286,8,qksvc,3023,4,4,3,12,"{'ry': 8, 'measure': 4, 'barrier': 1}"
test_kernel,286,9,qksvc,3024,4,4,3,12,"{'ry': 8, 'measure': 4, 'barrier': 1}"
test_kernel,287,0,qksvc,3025,4,4,3,12,"{'ry': 8, 'measure': 4, 'barrier': 1}"
test_kernel,287,1,qksvc,3026,4,4,3,12,"{'ry': 8, 'measure': 4, 'barrier': 1}"
test_kernel,287,2,qksvc,3027,4,4,3,12,"{'ry': 8, 'measure': 4, 'barrier': 1}"
test_kernel,287,3,qksvc,3028,4,4,3,12,"{'ry': 8, 'measure': 4, 'barrier': 1}"
test_kernel,287,4,qksvc,3029,4,4,3,12,"{'ry': 8, 'measure': 4, 'barrier': 1}"
test_kernel,287,5,qksvc,3030,4,4,3,12,"{'ry': 8, 'measure': 4, 'barrier': 1}"
test_kernel,287,6,qksvc,3031,4,4,3,12,"{'ry': 8, 'measure': 4, 'barrier': 1}"
test_kernel,287,7,qksvc,3032,4,4,3,12,"{'ry': 8, 'measure': 4, 'barrier': 1}"
test_kernel,287,8,qksvc,3033,4,4,3,12,"{'ry': 8, 'measure': 4, 'barrier': 1}"
test_kernel,287,9,qksvc,3034,4,4,3,12,"{'ry': 8, 'measure': 4, 'barrier': 1}"
test_kernel,288,0,qksvc,3035,4,4,3,12,"{'ry': 8, 'measure': 4, 'barrier': 1}"
test_kernel,288,1,qksvc,3036,4,4,3,12,"{'ry': 8, 'measure': 4, 'barrier': 1}"
test_kernel,288,2,qksvc,3037,4,4,3,12,"{'ry': 8, 'measure': 4, 'barrier': 1}"
test_kernel,288,3,qksvc,3038,4,4,3,12,"{'ry': 8, 'measure': 4, 'barrier': 1}"
test_kernel,288,4,qksvc,3039,4,4,3,12,"{'ry': 8, 'measure': 4, 'barrier': 1}"
test_kernel,288,5,qksvc,3040,4,4,3,12,"{'ry': 8, 'measure': 4, 'barrier': 1}"
test_kernel,288,6,qksvc,3041,4,4,3,12,"{'ry': 8, 'measure': 4, 'barrier': 1}"
test_kernel,288,7,qksvc,3042,4,4,3,12,"{'ry': 8, 'measure': 4, 'barrier': 1}"
test_kernel,288,8,qksvc,3043,4,4,3,12,"{'ry': 8, 'measure': 4, 'barrier': 1}"
test_kernel,288,9,qksvc,3044,4,4,3,12,"{'ry': 8, 'measure': 4, 'barrier': 1}"
test_kernel,289,0,qksvc,3045,4,4,3,12,"{'ry': 8, 'measure': 4, 'barrier': 1}"
test_kernel,289,1,qksvc,3046,4,4,3,12,"{'ry': 8, 'measure': 4, 'barrier': 1}"
test_kernel,289,2,qksvc,3047,4,4,3,12,"{'ry': 8, 'measure': 4, 'barrier': 1}"
test_kernel,289,3,qksvc,3048,4,4,3,12,"{'ry': 8, 'measure': 4, 'barrier': 1}"
test_kernel,289,4,qksvc,3049,4,4,3,12,"{'ry': 8, 'measure': 4, 'barrier': 1}"
test_kernel,289,5,qksvc,3050,4,4,3,12,"{'ry': 8, 'measure': 4, 'barrier': 1}"
test_kernel,289,6,qksvc,3051,4,4,3,12,"{'ry': 8, 'measure': 4, 'barrier': 1}"
test_kernel,289,7,qksvc,3052,4,4,3,12,"{'ry': 8, 'measure': 4, 'barrier': 1}"
test_kernel,289,8,qksvc,3053,4,4,3,12,"{'ry': 8, 'measure': 4, 'barrier': 1}"
test_kernel,289,9,qksvc,3054,4,4,3,12,"{'ry': 8, 'measure': 4, 'barrier': 1}"
test_kernel,290,0,qksvc,3055,4,4,3,12,"{'ry': 8, 'measure': 4, 'barrier': 1}"
test_kernel,290,1,qksvc,3056,4,4,3,12,"{'ry': 8, 'measure': 4, 'barrier': 1}"
test_kernel,290,2,qksvc,3057,4,4,3,12,"{'ry': 8, 'measure': 4, 'barrier': 1}"
test_kernel,290,3,qksvc,3058,4,4,3,12,"{'ry': 8, 'measure': 4, 'barrier': 1}"
test_kernel,290,4,qksvc,3059,4,4,3,12,"{'ry': 8, 'measure': 4, 'barrier': 1}"
test_kernel,290,5,qksvc,3060,4,4,3,12,"{'ry': 8, 'measure': 4, 'barrier': 1}"
test_kernel,290,6,qksvc,3061,4,4,3,12,"{'ry': 8, 'measure': 4, 'barrier': 1}"
test_kernel,290,7,qksvc,3062,4,4,3,12,"{'ry': 8, 'measure': 4, 'barrier': 1}"
test_kernel,290,8,qksvc,3063,4,4,3,12,"{'ry': 8, 'measure': 4, 'barrier': 1}"
test_kernel,290,9,qksvc,3064,4,4,3,12,"{'ry': 8, 'measure': 4, 'barrier': 1}"
test_kernel,291,0,qksvc,3065,4,4,3,12,"{'ry': 8, 'measure': 4, 'barrier': 1}"
test_kernel,291,1,qksvc,3066,4,4,3,12,"{'ry': 8, 'measure': 4, 'barrier': 1}"
test_kernel,291,2,qksvc,3067,4,4,3,12,"{'ry': 8, 'measure': 4, 'barrier': 1}"
test_kernel,291,3,qksvc,3068,4,4,3,12,"{'ry': 8, 'measure': 4, 'barrier': 1}"
test_kernel,291,4,qksvc,3069,4,4,3,12,"{'ry': 8, 'measure': 4, 'barrier': 1}"
test_kernel,291,5,qksvc,3070,4,4,3,12,"{'ry': 8, 'measure': 4, 'barrier': 1}"
test_kernel,291,6,qksvc,3071,4,4,3,12,"{'ry': 8, 'measure': 4, 'barrier': 1}"
test_kernel,291,7,qksvc,3072,4,4,3,12,"{'ry': 8, 'measure': 4, 'barrier': 1}"
test_kernel,291,8,qksvc,3073,4,4,3,12,"{'ry': 8, 'measure': 4, 'barrier': 1}"
test_kernel,291,9,qksvc,3074,4,4,3,12,"{'ry': 8, 'measure': 4, 'barrier': 1}"
test_kernel,292,0,qksvc,3075,4,4,3,12,"{'ry': 8, 'measure': 4, 'barrier': 1}"
test_kernel,292,1,qksvc,3076,4,4,3,12,"{'ry': 8, 'measure': 4, 'barrier': 1}"
test_kernel,292,2,qksvc,3077,4,4,3,12,"{'ry': 8, 'measure': 4, 'barrier': 1}"
test_kernel,292,3,qksvc,3078,4,4,3,12,"{'ry': 8, 'measure': 4, 'barrier': 1}"
test_kernel,292,4,qksvc,3079,4,4,3,12,"{'ry': 8, 'measure': 4, 'barrier': 1}"
test_kernel,292,5,qksvc,3080,4,4,3,12,"{'ry': 8, 'measure': 4, 'barrier': 1}"
test_kernel,292,6,qksvc,3081,4,4,3,12,"{'ry': 8, 'measure': 4, 'barrier': 1}"
test_kernel,292,7,qksvc,3082,4,4,3,12,"{'ry': 8, 'measure': 4, 'barrier': 1}"
test_kernel,292,8,qksvc,3083,4,4,3,12,"{'ry': 8, 'measure': 4, 'barrier': 1}"
test_kernel,292,9,qksvc,3084,4,4,3,12,"{'ry': 8, 'measure': 4, 'barrier': 1}"
test_kernel,293,0,qksvc,3085,4,4,3,12,"{'ry': 8, 'measure': 4, 'barrier': 1}"
test_kernel,293,1,qksvc,3086,4,4,3,12,"{'ry': 8, 'measure': 4, 'barrier': 1}"
test_kernel,293,2,qksvc,3087,4,4,3,12,"{'ry': 8, 'measure': 4, 'barrier': 1}"
test_kernel,293,3,qksvc,3088,4,4,3,12,"{'ry': 8, 'measure': 4, 'barrier': 1}"
test_kernel,293,4,qksvc,3089,4,4,3,12,"{'ry': 8, 'measure': 4, 'barrier': 1}"
test_kernel,293,5,qksvc,3090,4,4,3,12,"{'ry': 8, 'measure': 4, 'barrier': 1}"
test_kernel,293,6,qksvc,3091,4,4,3,12,"{'ry': 8, 'measure': 4, 'barrier': 1}"
test_kernel,293,7,qksvc,3092,4,4,3,12,"{'ry': 8, 'measure': 4, 'barrier': 1}"
test_kernel,293,8,qksvc,3093,4,4,3,12,"{'ry': 8, 'measure': 4, 'barrier': 1}"
test_kernel,293,9,qksvc,3094,4,4,3,12,"{'ry': 8, 'measure': 4, 'barrier': 1}"
test_kernel,294,0,qksvc,3095,4,4,3,12,"{'ry': 8, 'measure': 4, 'barrier': 1}"
test_kernel,294,1,qksvc,3096,4,4,3,12,"{'ry': 8, 'measure': 4, 'barrier': 1}"
test_kernel,294,2,qksvc,3097,4,4,3,12,"{'ry': 8, 'measure': 4, 'barrier': 1}"
test_kernel,294,3,qksvc,3098,4,4,3,12,"{'ry': 8, 'measure': 4, 'barrier': 1}"
test_kernel,294,4,qksvc,3099,4,4,3,12,"{'ry': 8, 'measure': 4, 'barrier': 1}"
test_kernel,294,5,qksvc,3100,4,4,3,12,"{'ry': 8, 'measure': 4, 'barrier': 1}"
test_kernel,294,6,qksvc,3101,4,4,3,12,"{'ry': 8, 'measure': 4, 'barrier': 1}"
test_kernel,294,7,qksvc,3102,4,4,3,12,"{'ry': 8, 'measure': 4, 'barrier': 1}"
test_kernel,294,8,qksvc,3103,4,4,3,12,"{'ry': 8, 'measure': 4, 'barrier': 1}"
test_kernel,294,9,qksvc,3104,4,4,3,12,"{'ry': 8, 'measure': 4, 'barrier': 1}"
test_kernel,295,0,qksvc,3105,4,4,3,12,"{'ry': 8, 'measure': 4, 'barrier': 1}"
test_kernel,295,1,qksvc,3106,4,4,3,12,"{'ry': 8, 'measure': 4, 'barrier': 1}"
test_kernel,295,2,qksvc,3107,4,4,3,12,"{'ry': 8, 'measure': 4, 'barrier': 1}"
test_kernel,295,3,qksvc,3108,4,4,3,12,"{'ry': 8, 'measure': 4, 'barrier': 1}"
test_kernel,295,4,qksvc,3109,4,4,3,12,"{'ry': 8, 'measure': 4, 'barrier': 1}"
test_kernel,295,5,qksvc,3110,4,4,3,12,"{'ry': 8, 'measure': 4, 'barrier': 1}"
test_kernel,295,6,qksvc,3111,4,4,3,12,"{'ry': 8, 'measure': 4, 'barrier': 1}"
test_kernel,295,7,qksvc,3112,4,4,3,12,"{'ry': 8, 'measure': 4, 'barrier': 1}"
test_kernel,295,8,qksvc,3113,4,4,3,12,"{'ry': 8, 'measure': 4, 'barrier': 1}"
test_kernel,295,9,qksvc,3114,4,4,3,12,"{'ry': 8, 'measure': 4, 'barrier': 1}"
test_kernel,296,0,qksvc,3115,4,4,3,12,"{'ry': 8, 'measure': 4, 'barrier': 1}"
test_kernel,296,1,qksvc,3116,4,4,3,12,"{'ry': 8, 'measure': 4, 'barrier': 1}"
test_kernel,296,2,qksvc,3117,4,4,3,12,"{'ry': 8, 'measure': 4, 'barrier': 1}"
test_kernel,296,3,qksvc,3118,4,4,3,12,"{'ry': 8, 'measure': 4, 'barrier': 1}"
test_kernel,296,4,qksvc,3119,4,4,3,12,"{'ry': 8, 'measure': 4, 'barrier': 1}"
test_kernel,296,5,qksvc,3120,4,4,3,12,"{'ry': 8, 'measure': 4, 'barrier': 1}"
test_kernel,296,6,qksvc,3121,4,4,3,12,"{'ry': 8, 'measure': 4, 'barrier': 1}"
test_kernel,296,7,qksvc,3122,4,4,3,12,"{'ry': 8, 'measure': 4, 'barrier': 1}"
test_kernel,296,8,qksvc,3123,4,4,3,12,"{'ry': 8, 'measure': 4, 'barrier': 1}"
test_kernel,296,9,qksvc,3124,4,4,3,12,"{'ry': 8, 'measure': 4, 'barrier': 1}"
test_kernel,297,0,qksvc,3125,4,4,3,12,"{'ry': 8, 'measure': 4, 'barrier': 1}"
test_kernel,297,1,qksvc,3126,4,4,3,12,"{'ry': 8, 'measure': 4, 'barrier': 1}"
test_kernel,297,2,qksvc,3127,4,4,3,12,"{'ry': 8, 'measure': 4, 'barrier': 1}"
test_kernel,297,3,qksvc,3128,4,4,3,12,"{'ry': 8, 'measure': 4, 'barrier': 1}"
test_kernel,297,4,qksvc,3129,4,4,3,12,"{'ry': 8, 'measure': 4, 'barrier': 1}"
test_kernel,297,5,qksvc,3130,4,4,3,12,"{'ry': 8, 'measure': 4, 'barrier': 1}"
test_kernel,297,6,qksvc,3131,4,4,3,12,"{'ry': 8, 'measure': 4, 'barrier': 1}"
test_kernel,297,7,qksvc,3132,4,4,3,12,"{'ry': 8, 'measure': 4, 'barrier': 1}"
test_kernel,297,8,qksvc,3133,4,4,3,12,"{'ry': 8, 'measure': 4, 'barrier': 1}"
test_kernel,297,9,qksvc,3134,4,4,3,12,"{'ry': 8, 'measure': 4, 'barrier': 1}"
test_kernel,298,0,qksvc,3135,4,4,3,12,"{'ry': 8, 'measure': 4, 'barrier': 1}"
test_kernel,298,1,qksvc,3136,4,4,3,12,"{'ry': 8, 'measure': 4, 'barrier': 1}"
test_kernel,298,2,qksvc,3137,4,4,3,12,"{'ry': 8, 'measure': 4, 'barrier': 1}"
test_kernel,298,3,qksvc,3138,4,4,3,12,"{'ry': 8, 'measure': 4, 'barrier': 1}"
test_kernel,298,4,qksvc,3139,4,4,3,12,"{'ry': 8, 'measure': 4, 'barrier': 1}"
test_kernel,298,5,qksvc,3140,4,4,3,12,"{'ry': 8, 'measure': 4, 'barrier': 1}"
test_kernel,298,6,qksvc,3141,4,4,3,12,"{'ry': 8, 'measure': 4, 'barrier': 1}"
test_kernel,298,7,qksvc,3142,4,4,3,12,"{'ry': 8, 'measure': 4, 'barrier': 1}"
test_kernel,298,8,qksvc,3143,4,4,3,12,"{'ry': 8, 'measure': 4, 'barrier': 1}"
test_kernel,298,9,qksvc,3144,4,4,3,12,"{'ry': 8, 'measure': 4, 'barrier': 1}"
test_kernel,299,0,qksvc,3145,4,4,3,12,"{'ry': 8, 'measure': 4, 'barrier': 1}"
test_kernel,299,1,qksvc,3146,4,4,3,12,"{'ry': 8, 'measure': 4, 'barrier': 1}"
test_kernel,299,2,qksvc,3147,4,4,3,12,"{'ry': 8, 'measure': 4, 'barrier': 1}"
test_kernel,299,3,qksvc,3148,4,4,3,12,"{'ry': 8, 'measure': 4, 'barrier': 1}"
test_kernel,299,4,qksvc,3149,4,4,3,12,"{'ry': 8, 'measure': 4, 'barrier': 1}"
test_kernel,299,5,qksvc,3150,4,4,3,12,"{'ry': 8, 'measure': 4, 'barrier': 1}"
test_kernel,299,6,qksvc,3151,4,4,3,12,"{'ry': 8, 'measure': 4, 'barrier': 1}"
test_kernel,299,7,qksvc,3152,4,4,3,12,"{'ry': 8, 'measure': 4, 'barrier': 1}"
test_kernel,299,8,qksvc,3153,4,4,3,12,"{'ry': 8, 'measure': 4, 'barrier': 1}"
test_kernel,299,9,qksvc,3154,4,4,3,12,"{'ry': 8, 'measure': 4, 'barrier': 1}"
test_kernel,300,0,qksvc,3155,4,4,3,12,"{'ry': 8, 'measure': 4, 'barrier': 1}"
test_kernel,300,1,qksvc,3156,4,4,3,12,"{'ry': 8, 'measure': 4, 'barrier': 1}"
test_kernel,300,2,qksvc,3157,4,4,3,12,"{'ry': 8, 'measure': 4, 'barrier': 1}"
test_kernel,300,3,qksvc,3158,4,4,3,12,"{'ry': 8, 'measure': 4, 'barrier': 1}"
test_kernel,300,4,qksvc,3159,4,4,3,12,"{'ry': 8, 'measure': 4, 'barrier': 1}"
test_kernel,300,5,qksvc,3160,4,4,3,12,"{'ry': 8, 'measure': 4, 'barrier': 1}"
test_kernel,300,6,qksvc,3161,4,4,3,12,"{'ry': 8, 'measure': 4, 'barrier': 1}"
test_kernel,300,7,qksvc,3162,4,4,3,12,"{'ry': 8, 'measure': 4, 'barrier': 1}"
test_kernel,300,8,qksvc,3163,4,4,3,12,"{'ry': 8, 'measure': 4, 'barrier': 1}"
test_kernel,300,9,qksvc,3164,4,4,3,12,"{'ry': 8, 'measure': 4, 'barrier': 1}"
test_kernel,301,0,qksvc,3165,4,4,3,12,"{'ry': 8, 'measure': 4, 'barrier': 1}"
test_kernel,301,1,qksvc,3166,4,4,3,12,"{'ry': 8, 'measure': 4, 'barrier': 1}"
test_kernel,301,2,qksvc,3167,4,4,3,12,"{'ry': 8, 'measure': 4, 'barrier': 1}"
test_kernel,301,3,qksvc,3168,4,4,3,12,"{'ry': 8, 'measure': 4, 'barrier': 1}"
test_kernel,301,4,qksvc,3169,4,4,3,12,"{'ry': 8, 'measure': 4, 'barrier': 1}"
test_kernel,301,5,qksvc,3170,4,4,3,12,"{'ry': 8, 'measure': 4, 'barrier': 1}"
test_kernel,301,6,qksvc,3171,4,4,3,12,"{'ry': 8, 'measure': 4, 'barrier': 1}"
test_kernel,301,7,qksvc,3172,4,4,3,12,"{'ry': 8, 'measure': 4, 'barrier': 1}"
test_kernel,301,8,qksvc,3173,4,4,3,12,"{'ry': 8, 'measure': 4, 'barrier': 1}"
test_kernel,301,9,qksvc,3174,4,4,3,12,"{'ry': 8, 'measure': 4, 'barrier': 1}"
test_kernel,302,0,qksvc,3175,4,4,3,12,"{'ry': 8, 'measure': 4, 'barrier': 1}"
test_kernel,302,1,qksvc,3176,4,4,3,12,"{'ry': 8, 'measure': 4, 'barrier': 1}"
test_kernel,302,2,qksvc,3177,4,4,3,12,"{'ry': 8, 'measure': 4, 'barrier': 1}"
test_kernel,302,3,qksvc,3178,4,4,3,12,"{'ry': 8, 'measure': 4, 'barrier': 1}"
test_kernel,302,4,qksvc,3179,4,4,3,12,"{'ry': 8, 'measure': 4, 'barrier': 1}"
test_kernel,302,5,qksvc,3180,4,4,3,12,"{'ry': 8, 'measure': 4, 'barrier': 1}"
test_kernel,302,6,qksvc,3181,4,4,3,12,"{'ry': 8, 'measure': 4, 'barrier': 1}"
test_kernel,302,7,qksvc,3182,4,4,3,12,"{'ry': 8, 'measure': 4, 'barrier': 1}"
test_kernel,302,8,qksvc,3183,4,4,3,12,"{'ry': 8, 'measure': 4, 'barrier': 1}"
test_kernel,302,9,qksvc,3184,4,4,3,12,"{'ry': 8, 'measure': 4, 'barrier': 1}"
test_kernel,303,0,qksvc,3185,4,4,3,12,"{'ry': 8, 'measure': 4, 'barrier': 1}"
test_kernel,303,1,qksvc,3186,4,4,3,12,"{'ry': 8, 'measure': 4, 'barrier': 1}"
test_kernel,303,2,qksvc,3187,4,4,3,12,"{'ry': 8, 'measure': 4, 'barrier': 1}"
test_kernel,303,3,qksvc,3188,4,4,3,12,"{'ry': 8, 'measure': 4, 'barrier': 1}"
test_kernel,303,4,qksvc,3189,4,4,3,12,"{'ry': 8, 'measure': 4, 'barrier': 1}"
test_kernel,303,5,qksvc,3190,4,4,3,12,"{'ry': 8, 'measure': 4, 'barrier': 1}"
test_kernel,303,6,qksvc,3191,4,4,3,12,"{'ry': 8, 'measure': 4, 'barrier': 1}"
test_kernel,303,7,qksvc,3192,4,4,3,12,"{'ry': 8, 'measure': 4, 'barrier': 1}"
test_kernel,303,8,qksvc,3193,4,4,3,12,"{'ry': 8, 'measure': 4, 'barrier': 1}"
test_kernel,303,9,qksvc,3194,4,4,3,12,"{'ry': 8, 'measure': 4, 'barrier': 1}"
test_kernel,304,0,qksvc,3195,4,4,3,12,"{'ry': 8, 'measure': 4, 'barrier': 1}"
test_kernel,304,1,qksvc,3196,4,4,3,12,"{'ry': 8, 'measure': 4, 'barrier': 1}"
test_kernel,304,2,qksvc,3197,4,4,3,12,"{'ry': 8, 'measure': 4, 'barrier': 1}"
test_kernel,304,3,qksvc,3198,4,4,3,12,"{'ry': 8, 'measure': 4, 'barrier': 1}"
test_kernel,304,4,qksvc,3199,4,4,3,12,"{'ry': 8, 'measure': 4, 'barrier': 1}"
test_kernel,304,5,qksvc,3200,4,4,3,12,"{'ry': 8, 'measure': 4, 'barrier': 1}"
test_kernel,304,6,qksvc,3201,4,4,3,12,"{'ry': 8, 'measure': 4, 'barrier': 1}"
test_kernel,304,7,qksvc,3202,4,4,3,12,"{'ry': 8, 'measure': 4, 'barrier': 1}"
test_kernel,304,8,qksvc,3203,4,4,3,12,"{'ry': 8, 'measure': 4, 'barrier': 1}"
test_kernel,304,9,qksvc,3204,4,4,3,12,"{'ry': 8, 'measure': 4, 'barrier': 1}"
test_kernel,305,0,qksvc,3205,4,4,3,12,"{'ry': 8, 'measure': 4, 'barrier': 1}"
test_kernel,305,1,qksvc,3206,4,4,3,12,"{'ry': 8, 'measure': 4, 'barrier': 1}"
test_kernel,305,2,qksvc,3207,4,4,3,12,"{'ry': 8, 'measure': 4, 'barrier': 1}"
test_kernel,305,3,qksvc,3208,4,4,3,12,"{'ry': 8, 'measure': 4, 'barrier': 1}"
test_kernel,305,4,qksvc,3209,4,4,3,12,"{'ry': 8, 'measure': 4, 'barrier': 1}"
test_kernel,305,5,qksvc,3210,4,4,3,12,"{'ry': 8, 'measure': 4, 'barrier': 1}"
test_kernel,305,6,qksvc,3211,4,4,3,12,"{'ry': 8, 'measure': 4, 'barrier': 1}"
test_kernel,305,7,qksvc,3212,4,4,3,12,"{'ry': 8, 'measure': 4, 'barrier': 1}"
test_kernel,305,8,qksvc,3213,4,4,3,12,"{'ry': 8, 'measure': 4, 'barrier': 1}"
test_kernel,305,9,qksvc,3214,4,4,3,12,"{'ry': 8, 'measure': 4, 'barrier': 1}"
test_kernel,306,0,qksvc,3215,4,4,3,12,"{'ry': 8, 'measure': 4, 'barrier': 1}"
test_kernel,306,1,qksvc,3216,4,4,3,12,"{'ry': 8, 'measure': 4, 'barrier': 1}"
test_kernel,306,2,qksvc,3217,4,4,3,12,"{'ry': 8, 'measure': 4, 'barrier': 1}"
test_kernel,306,3,qksvc,3218,4,4,3,12,"{'ry': 8, 'measure': 4, 'barrier': 1}"
test_kernel,306,4,qksvc,3219,4,4,3,12,"{'ry': 8, 'measure': 4, 'barrier': 1}"
test_kernel,306,5,qksvc,3220,4,4,3,12,"{'ry': 8, 'measure': 4, 'barrier': 1}"
test_kernel,306,6,qksvc,3221,4,4,3,12,"{'ry': 8, 'measure': 4, 'barrier': 1}"
test_kernel,306,7,qksvc,3222,4,4,3,12,"{'ry': 8, 'measure': 4, 'barrier': 1}"
test_kernel,306,8,qksvc,3223,4,4,3,12,"{'ry': 8, 'measure': 4, 'barrier': 1}"
test_kernel,306,9,qksvc,3224,4,4,3,12,"{'ry': 8, 'measure': 4, 'barrier': 1}"
test_kernel,307,0,qksvc,3225,4,4,3,12,"{'ry': 8, 'measure': 4, 'barrier': 1}"
test_kernel,307,1,qksvc,3226,4,4,3,12,"{'ry': 8, 'measure': 4, 'barrier': 1}"
test_kernel,307,2,qksvc,3227,4,4,3,12,"{'ry': 8, 'measure': 4, 'barrier': 1}"
test_kernel,307,3,qksvc,3228,4,4,3,12,"{'ry': 8, 'measure': 4, 'barrier': 1}"
test_kernel,307,4,qksvc,3229,4,4,3,12,"{'ry': 8, 'measure': 4, 'barrier': 1}"
test_kernel,307,5,qksvc,3230,4,4,3,12,"{'ry': 8, 'measure': 4, 'barrier': 1}"
test_kernel,307,6,qksvc,3231,4,4,3,12,"{'ry': 8, 'measure': 4, 'barrier': 1}"
test_kernel,307,7,qksvc,3232,4,4,3,12,"{'ry': 8, 'measure': 4, 'barrier': 1}"
test_kernel,307,8,qksvc,3233,4,4,3,12,"{'ry': 8, 'measure': 4, 'barrier': 1}"
test_kernel,307,9,qksvc,3234,4,4,3,12,"{'ry': 8, 'measure': 4, 'barrier': 1}"
test_kernel,308,0,qksvc,3235,4,4,3,12,"{'ry': 8, 'measure': 4, 'barrier': 1}"
test_kernel,308,1,qksvc,3236,4,4,3,12,"{'ry': 8, 'measure': 4, 'barrier': 1}"
test_kernel,308,2,qksvc,3237,4,4,3,12,"{'ry': 8, 'measure': 4, 'barrier': 1}"
test_kernel,308,3,qksvc,3238,4,4,3,12,"{'ry': 8, 'measure': 4, 'barrier': 1}"
test_kernel,308,4,qksvc,3239,4,4,3,12,"{'ry': 8, 'measure': 4, 'barrier': 1}"
test_kernel,308,5,qksvc,3240,4,4,3,12,"{'ry': 8, 'measure': 4, 'barrier': 1}"
test_kernel,308,6,qksvc,3241,4,4,3,12,"{'ry': 8, 'measure': 4, 'barrier': 1}"
test_kernel,308,7,qksvc,3242,4,4,3,12,"{'ry': 8, 'measure': 4, 'barrier': 1}"
test_kernel,308,8,qksvc,3243,4,4,3,12,"{'ry': 8, 'measure': 4, 'barrier': 1}"
test_kernel,308,9,qksvc,3244,4,4,3,12,"{'ry': 8, 'measure': 4, 'barrier': 1}"
test_kernel,309,0,qksvc,3245,4,4,3,12,"{'ry': 8, 'measure': 4, 'barrier': 1}"
test_kernel,309,1,qksvc,3246,4,4,3,12,"{'ry': 8, 'measure': 4, 'barrier': 1}"
test_kernel,309,2,qksvc,3247,4,4,3,12,"{'ry': 8, 'measure': 4, 'barrier': 1}"
test_kernel,309,3,qksvc,3248,4,4,3,12,"{'ry': 8, 'measure': 4, 'barrier': 1}"
test_kernel,309,4,qksvc,3249,4,4,3,12,"{'ry': 8, 'measure': 4, 'barrier': 1}"
test_kernel,309,5,qksvc,3250,4,4,3,12,"{'ry': 8, 'measure': 4, 'barrier': 1}"
test_kernel,309,6,qksvc,3251,4,4,3,12,"{'ry': 8, 'measure': 4, 'barrier': 1}"
test_kernel,309,7,qksvc,3252,4,4,3,12,"{'ry': 8, 'measure': 4, 'barrier': 1}"
test_kernel,309,8,qksvc,3253,4,4,3,12,"{'ry': 8, 'measure': 4, 'barrier': 1}"
test_kernel,309,9,qksvc,3254,4,4,3,12,"{'ry': 8, 'measure': 4, 'barrier': 1}"
test_kernel,310,0,qksvc,3255,4,4,3,12,"{'ry': 8, 'measure': 4, 'barrier': 1}"
test_kernel,310,1,qksvc,3256,4,4,3,12,"{'ry': 8, 'measure': 4, 'barrier': 1}"
test_kernel,310,2,qksvc,3257,4,4,3,12,"{'ry': 8, 'measure': 4, 'barrier': 1}"
test_kernel,310,3,qksvc,3258,4,4,3,12,"{'ry': 8, 'measure': 4, 'barrier': 1}"
test_kernel,310,4,qksvc,3259,4,4,3,12,"{'ry': 8, 'measure': 4, 'barrier': 1}"
test_kernel,310,5,qksvc,3260,4,4,3,12,"{'ry': 8, 'measure': 4, 'barrier': 1}"
test_kernel,310,6,qksvc,3261,4,4,3,12,"{'ry': 8, 'measure': 4, 'barrier': 1}"
test_kernel,310,7,qksvc,3262,4,4,3,12,"{'ry': 8, 'measure': 4, 'barrier': 1}"
test_kernel,310,8,qksvc,3263,4,4,3,12,"{'ry': 8, 'measure': 4, 'barrier': 1}"
test_kernel,310,9,qksvc,3264,4,4,3,12,"{'ry': 8, 'measure': 4, 'barrier': 1}"
test_kernel,311,0,qksvc,3265,4,4,3,12,"{'ry': 8, 'measure': 4, 'barrier': 1}"
test_kernel,311,1,qksvc,3266,4,4,3,12,"{'ry': 8, 'measure': 4, 'barrier': 1}"
test_kernel,311,2,qksvc,3267,4,4,3,12,"{'ry': 8, 'measure': 4, 'barrier': 1}"
test_kernel,311,3,qksvc,3268,4,4,3,12,"{'ry': 8, 'measure': 4, 'barrier': 1}"
test_kernel,311,4,qksvc,3269,4,4,3,12,"{'ry': 8, 'measure': 4, 'barrier': 1}"
test_kernel,311,5,qksvc,3270,4,4,3,12,"{'ry': 8, 'measure': 4, 'barrier': 1}"
test_kernel,311,6,qksvc,3271,4,4,3,12,"{'ry': 8, 'measure': 4, 'barrier': 1}"
test_kernel,311,7,qksvc,3272,4,4,3,12,"{'ry': 8, 'measure': 4, 'barrier': 1}"
test_kernel,311,8,qksvc,3273,4,4,3,12,"{'ry': 8, 'measure': 4, 'barrier': 1}"
test_kernel,311,9,qksvc,3274,4,4,3,12,"{'ry': 8, 'measure': 4, 'barrier': 1}"
test_kernel,312,0,qksvc,3275,4,4,3,12,"{'ry': 8, 'measure': 4, 'barrier': 1}"
test_kernel,312,1,qksvc,3276,4,4,3,12,"{'ry': 8, 'measure': 4, 'barrier': 1}"
test_kernel,312,2,qksvc,3277,4,4,3,12,"{'ry': 8, 'measure': 4, 'barrier': 1}"
test_kernel,312,3,qksvc,3278,4,4,3,12,"{'ry': 8, 'measure': 4, 'barrier': 1}"
test_kernel,312,4,qksvc,3279,4,4,3,12,"{'ry': 8, 'measure': 4, 'barrier': 1}"
test_kernel,312,5,qksvc,3280,4,4,3,12,"{'ry': 8, 'measure': 4, 'barrier': 1}"
test_kernel,312,6,qksvc,3281,4,4,3,12,"{'ry': 8, 'measure': 4, 'barrier': 1}"
test_kernel,312,7,qksvc,3282,4,4,3,12,"{'ry': 8, 'measure': 4, 'barrier': 1}"
test_kernel,312,8,qksvc,3283,4,4,3,12,"{'ry': 8, 'measure': 4, 'barrier': 1}"
test_kernel,312,9,qksvc,3284,4,4,3,12,"{'ry': 8, 'measure': 4, 'barrier': 1}"
test_kernel,313,0,qksvc,3285,4,4,3,12,"{'ry': 8, 'measure': 4, 'barrier': 1}"
test_kernel,313,1,qksvc,3286,4,4,3,12,"{'ry': 8, 'measure': 4, 'barrier': 1}"
test_kernel,313,2,qksvc,3287,4,4,3,12,"{'ry': 8, 'measure': 4, 'barrier': 1}"
test_kernel,313,3,qksvc,3288,4,4,3,12,"{'ry': 8, 'measure': 4, 'barrier': 1}"
test_kernel,313,4,qksvc,3289,4,4,3,12,"{'ry': 8, 'measure': 4, 'barrier': 1}"
test_kernel,313,5,qksvc,3290,4,4,3,12,"{'ry': 8, 'measure': 4, 'barrier': 1}"
test_kernel,313,6,qksvc,3291,4,4,3,12,"{'ry': 8, 'measure': 4, 'barrier': 1}"
test_kernel,313,7,qksvc,3292,4,4,3,12,"{'ry': 8, 'measure': 4, 'barrier': 1}"
test_kernel,313,8,qksvc,3293,4,4,3,12,"{'ry': 8, 'measure': 4, 'barrier': 1}"
test_kernel,313,9,qksvc,3294,4,4,3,12,"{'ry': 8, 'measure': 4, 'barrier': 1}"
test_kernel,314,0,qksvc,3295,4,4,3,12,"{'ry': 8, 'measure': 4, 'barrier': 1}"
test_kernel,314,1,qksvc,3296,4,4,3,12,"{'ry': 8, 'measure': 4, 'barrier': 1}"
test_kernel,314,2,qksvc,3297,4,4,3,12,"{'ry': 8, 'measure': 4, 'barrier': 1}"
test_kernel,314,3,qksvc,3298,4,4,3,12,"{'ry': 8, 'measure': 4, 'barrier': 1}"
test_kernel,314,4,qksvc,3299,4,4,3,12,"{'ry': 8, 'measure': 4, 'barrier': 1}"
test_kernel,314,5,qksvc,3300,4,4,3,12,"{'ry': 8, 'measure': 4, 'barrier': 1}"
test_kernel,314,6,qksvc,3301,4,4,3,12,"{'ry': 8, 'measure': 4, 'barrier': 1}"
test_kernel,314,7,qksvc,3302,4,4,3,12,"{'ry': 8, 'measure': 4, 'barrier': 1}"
test_kernel,314,8,qksvc,3303,4,4,3,12,"{'ry': 8, 'measure': 4, 'barrier': 1}"
test_kernel,314,9,qksvc,3304,4,4,3,12,"{'ry': 8, 'measure': 4, 'barrier': 1}"
test_kernel,315,0,qksvc,3305,4,4,3,12,"{'ry': 8, 'measure': 4, 'barrier': 1}"
test_kernel,315,1,qksvc,3306,4,4,3,12,"{'ry': 8, 'measure': 4, 'barrier': 1}"
test_kernel,315,2,qksvc,3307,4,4,3,12,"{'ry': 8, 'measure': 4, 'barrier': 1}"
test_kernel,315,3,qksvc,3308,4,4,3,12,"{'ry': 8, 'measure': 4, 'barrier': 1}"
test_kernel,315,4,qksvc,3309,4,4,3,12,"{'ry': 8, 'measure': 4, 'barrier': 1}"
test_kernel,315,5,qksvc,3310,4,4,3,12,"{'ry': 8, 'measure': 4, 'barrier': 1}"
test_kernel,315,6,qksvc,3311,4,4,3,12,"{'ry': 8, 'measure': 4, 'barrier': 1}"
test_kernel,315,7,qksvc,3312,4,4,3,12,"{'ry': 8, 'measure': 4, 'barrier': 1}"
test_kernel,315,8,qksvc,3313,4,4,3,12,"{'ry': 8, 'measure': 4, 'barrier': 1}"
test_kernel,315,9,qksvc,3314,4,4,3,12,"{'ry': 8, 'measure': 4, 'barrier': 1}"
test_kernel,316,0,qksvc,3315,4,4,3,12,"{'ry': 8, 'measure': 4, 'barrier': 1}"
test_kernel,316,1,qksvc,3316,4,4,3,12,"{'ry': 8, 'measure': 4, 'barrier': 1}"
test_kernel,316,2,qksvc,3317,4,4,3,12,"{'ry': 8, 'measure': 4, 'barrier': 1}"
test_kernel,316,3,qksvc,3318,4,4,3,12,"{'ry': 8, 'measure': 4, 'barrier': 1}"
test_kernel,316,4,qksvc,3319,4,4,3,12,"{'ry': 8, 'measure': 4, 'barrier': 1}"
test_kernel,316,5,qksvc,3320,4,4,3,12,"{'ry': 8, 'measure': 4, 'barrier': 1}"
test_kernel,316,6,qksvc,3321,4,4,3,12,"{'ry': 8, 'measure': 4, 'barrier': 1}"
test_kernel,316,7,qksvc,3322,4,4,3,12,"{'ry': 8, 'measure': 4, 'barrier': 1}"
test_kernel,316,8,qksvc,3323,4,4,3,12,"{'ry': 8, 'measure': 4, 'barrier': 1}"
test_kernel,316,9,qksvc,3324,4,4,3,12,"{'ry': 8, 'measure': 4, 'barrier': 1}"
test_kernel,317,0,qksvc,3325,4,4,3,12,"{'ry': 8, 'measure': 4, 'barrier': 1}"
test_kernel,317,1,qksvc,3326,4,4,3,12,"{'ry': 8, 'measure': 4, 'barrier': 1}"
test_kernel,317,2,qksvc,3327,4,4,3,12,"{'ry': 8, 'measure': 4, 'barrier': 1}"
test_kernel,317,3,qksvc,3328,4,4,3,12,"{'ry': 8, 'measure': 4, 'barrier': 1}"
test_kernel,317,4,qksvc,3329,4,4,3,12,"{'ry': 8, 'measure': 4, 'barrier': 1}"
test_kernel,317,5,qksvc,3330,4,4,3,12,"{'ry': 8, 'measure': 4, 'barrier': 1}"
test_kernel,317,6,qksvc,3331,4,4,3,12,"{'ry': 8, 'measure': 4, 'barrier': 1}"
test_kernel,317,7,qksvc,3332,4,4,3,12,"{'ry': 8, 'measure': 4, 'barrier': 1}"
test_kernel,317,8,qksvc,3333,4,4,3,12,"{'ry': 8, 'measure': 4, 'barrier': 1}"
test_kernel,317,9,qksvc,3334,4,4,3,12,"{'ry': 8, 'measure': 4, 'barrier': 1}"
test_kernel,318,0,qksvc,3335,4,4,3,12,"{'ry': 8, 'measure': 4, 'barrier': 1}"
test_kernel,318,1,qksvc,3336,4,4,3,12,"{'ry': 8, 'measure': 4, 'barrier': 1}"
test_kernel,318,2,qksvc,3337,4,4,3,12,"{'ry': 8, 'measure': 4, 'barrier': 1}"
test_kernel,318,3,qksvc,3338,4,4,3,12,"{'ry': 8, 'measure': 4, 'barrier': 1}"
test_kernel,318,4,qksvc,3339,4,4,3,12,"{'ry': 8, 'measure': 4, 'barrier': 1}"
test_kernel,318,5,qksvc,3340,4,4,3,12,"{'ry': 8, 'measure': 4, 'barrier': 1}"
test_kernel,318,6,qksvc,3341,4,4,3,12,"{'ry': 8, 'measure': 4, 'barrier': 1}"
test_kernel,318,7,qksvc,3342,4,4,3,12,"{'ry': 8, 'measure': 4, 'barrier': 1}"
test_kernel,318,8,qksvc,3343,4,4,3,12,"{'ry': 8, 'measure': 4, 'barrier': 1}"
test_kernel,318,9,qksvc,3344,4,4,3,12,"{'ry': 8, 'measure': 4, 'barrier': 1}"
test_kernel,319,0,qksvc,3345,4,4,3,12,"{'ry': 8, 'measure': 4, 'barrier': 1}"
test_kernel,319,1,qksvc,3346,4,4,3,12,"{'ry': 8, 'measure': 4, 'barrier': 1}"
test_kernel,319,2,qksvc,3347,4,4,3,12,"{'ry': 8, 'measure': 4, 'barrier': 1}"
test_kernel,319,3,qksvc,3348,4,4,3,12,"{'ry': 8, 'measure': 4, 'barrier': 1}"
test_kernel,319,4,qksvc,3349,4,4,3,12,"{'ry': 8, 'measure': 4, 'barrier': 1}"
test_kernel,319,5,qksvc,3350,4,4,3,12,"{'ry': 8, 'measure': 4, 'barrier': 1}"
test_kernel,319,6,qksvc,3351,4,4,3,12,"{'ry': 8, 'measure': 4, 'barrier': 1}"
test_kernel,319,7,qksvc,3352,4,4,3,12,"{'ry': 8, 'measure': 4, 'barrier': 1}"
test_kernel,319,8,qksvc,3353,4,4,3,12,"{'ry': 8, 'measure': 4, 'barrier': 1}"
test_kernel,319,9,qksvc,3354,4,4,3,12,"{'ry': 8, 'measure': 4, 'barrier': 1}"
test_kernel,320,0,qksvc,3355,4,4,3,12,"{'ry': 8, 'measure': 4, 'barrier': 1}"
test_kernel,320,1,qksvc,3356,4,4,3,12,"{'ry': 8, 'measure': 4, 'barrier': 1}"
test_kernel,320,2,qksvc,3357,4,4,3,12,"{'ry': 8, 'measure': 4, 'barrier': 1}"
test_kernel,320,3,qksvc,3358,4,4,3,12,"{'ry': 8, 'measure': 4, 'barrier': 1}"
test_kernel,320,4,qksvc,3359,4,4,3,12,"{'ry': 8, 'measure': 4, 'barrier': 1}"
test_kernel,320,5,qksvc,3360,4,4,3,12,"{'ry': 8, 'measure': 4, 'barrier': 1}"
test_kernel,320,6,qksvc,3361,4,4,3,12,"{'ry': 8, 'measure': 4, 'barrier': 1}"
test_kernel,320,7,qksvc,3362,4,4,3,12,"{'ry': 8, 'measure': 4, 'barrier': 1}"
test_kernel,320,8,qksvc,3363,4,4,3,12,"{'ry': 8, 'measure': 4, 'barrier': 1}"
test_kernel,320,9,qksvc,3364,4,4,3,12,"{'ry': 8, 'measure': 4, 'barrier': 1}"
test_kernel,321,0,qksvc,3365,4,4,3,12,"{'ry': 8, 'measure': 4, 'barrier': 1}"
test_kernel,321,1,qksvc,3366,4,4,3,12,"{'ry': 8, 'measure': 4, 'barrier': 1}"
test_kernel,321,2,qksvc,3367,4,4,3,12,"{'ry': 8, 'measure': 4, 'barrier': 1}"
test_kernel,321,3,qksvc,3368,4,4,3,12,"{'ry': 8, 'measure': 4, 'barrier': 1}"
test_kernel,321,4,qksvc,3369,4,4,3,12,"{'ry': 8, 'measure': 4, 'barrier': 1}"
test_kernel,321,5,qksvc,3370,4,4,3,12,"{'ry': 8, 'measure': 4, 'barrier': 1}"
test_kernel,321,6,qksvc,3371,4,4,3,12,"{'ry': 8, 'measure': 4, 'barrier': 1}"
test_kernel,321,7,qksvc,3372,4,4,3,12,"{'ry': 8, 'measure': 4, 'barrier': 1}"
test_kernel,321,8,qksvc,3373,4,4,3,12,"{'ry': 8, 'measure': 4, 'barrier': 1}"
test_kernel,321,9,qksvc,3374,4,4,3,12,"{'ry': 8, 'measure': 4, 'barrier': 1}"
test_kernel,322,0,qksvc,3375,4,4,3,12,"{'ry': 8, 'measure': 4, 'barrier': 1}"
test_kernel,322,1,qksvc,3376,4,4,3,12,"{'ry': 8, 'measure': 4, 'barrier': 1}"
test_kernel,322,2,qksvc,3377,4,4,3,12,"{'ry': 8, 'measure': 4, 'barrier': 1}"
test_kernel,322,3,qksvc,3378,4,4,3,12,"{'ry': 8, 'measure': 4, 'barrier': 1}"
test_kernel,322,4,qksvc,3379,4,4,3,12,"{'ry': 8, 'measure': 4, 'barrier': 1}"
test_kernel,322,5,qksvc,3380,4,4,3,12,"{'ry': 8, 'measure': 4, 'barrier': 1}"
test_kernel,322,6,qksvc,3381,4,4,3,12,"{'ry': 8, 'measure': 4, 'barrier': 1}"
test_kernel,322,7,qksvc,3382,4,4,3,12,"{'ry': 8, 'measure': 4, 'barrier': 1}"
test_kernel,322,8,qksvc,3383,4,4,3,12,"{'ry': 8, 'measure': 4, 'barrier': 1}"
test_kernel,322,9,qksvc,3384,4,4,3,12,"{'ry': 8, 'measure': 4, 'barrier': 1}"
test_kernel,323,0,qksvc,3385,4,4,3,12,"{'ry': 8, 'measure': 4, 'barrier': 1}"
test_kernel,323,1,qksvc,3386,4,4,3,12,"{'ry': 8, 'measure': 4, 'barrier': 1}"
test_kernel,323,2,qksvc,3387,4,4,3,12,"{'ry': 8, 'measure': 4, 'barrier': 1}"
test_kernel,323,3,qksvc,3388,4,4,3,12,"{'ry': 8, 'measure': 4, 'barrier': 1}"
test_kernel,323,4,qksvc,3389,4,4,3,12,"{'ry': 8, 'measure': 4, 'barrier': 1}"
test_kernel,323,5,qksvc,3390,4,4,3,12,"{'ry': 8, 'measure': 4, 'barrier': 1}"
test_kernel,323,6,qksvc,3391,4,4,3,12,"{'ry': 8, 'measure': 4, 'barrier': 1}"
test_kernel,323,7,qksvc,3392,4,4,3,12,"{'ry': 8, 'measure': 4, 'barrier': 1}"
test_kernel,323,8,qksvc,3393,4,4,3,12,"{'ry': 8, 'measure': 4, 'barrier': 1}"
test_kernel,323,9,qksvc,3394,4,4,3,12,"{'ry': 8, 'measure': 4, 'barrier': 1}"
test_kernel,324,0,qksvc,3395,4,4,3,12,"{'ry': 8, 'measure': 4, 'barrier': 1}"
test_kernel,324,1,qksvc,3396,4,4,3,12,"{'ry': 8, 'measure': 4, 'barrier': 1}"
test_kernel,324,2,qksvc,3397,4,4,3,12,"{'ry': 8, 'measure': 4, 'barrier': 1}"
test_kernel,324,3,qksvc,3398,4,4,3,12,"{'ry': 8, 'measure': 4, 'barrier': 1}"
test_kernel,324,4,qksvc,3399,4,4,3,12,"{'ry': 8, 'measure': 4, 'barrier': 1}"
test_kernel,324,5,qksvc,3400,4,4,3,12,"{'ry': 8, 'measure': 4, 'barrier': 1}"
test_kernel,324,6,qksvc,3401,4,4,3,12,"{'ry': 8, 'measure': 4, 'barrier': 1}"
test_kernel,324,7,qksvc,3402,4,4,3,12,"{'ry': 8, 'measure': 4, 'barrier': 1}"
test_kernel,324,8,qksvc,3403,4,4,3,12,"{'ry': 8, 'measure': 4, 'barrier': 1}"
test_kernel,324,9,qksvc,3404,4,4,3,12,"{'ry': 8, 'measure': 4, 'barrier': 1}"
test_kernel,325,0,qksvc,3405,4,4,3,12,"{'ry': 8, 'measure': 4, 'barrier': 1}"
test_kernel,325,1,qksvc,3406,4,4,3,12,"{'ry': 8, 'measure': 4, 'barrier': 1}"
test_kernel,325,2,qksvc,3407,4,4,3,12,"{'ry': 8, 'measure': 4, 'barrier': 1}"
test_kernel,325,3,qksvc,3408,4,4,3,12,"{'ry': 8, 'measure': 4, 'barrier': 1}"
test_kernel,325,4,qksvc,3409,4,4,3,12,"{'ry': 8, 'measure': 4, 'barrier': 1}"
test_kernel,325,5,qksvc,3410,4,4,3,12,"{'ry': 8, 'measure': 4, 'barrier': 1}"
test_kernel,325,6,qksvc,3411,4,4,3,12,"{'ry': 8, 'measure': 4, 'barrier': 1}"
test_kernel,325,7,qksvc,3412,4,4,3,12,"{'ry': 8, 'measure': 4, 'barrier': 1}"
test_kernel,325,8,qksvc,3413,4,4,3,12,"{'ry': 8, 'measure': 4, 'barrier': 1}"
test_kernel,325,9,qksvc,3414,4,4,3,12,"{'ry': 8, 'measure': 4, 'barrier': 1}"
test_kernel,326,0,qksvc,3415,4,4,3,12,"{'ry': 8, 'measure': 4, 'barrier': 1}"
test_kernel,326,1,qksvc,3416,4,4,3,12,"{'ry': 8, 'measure': 4, 'barrier': 1}"
test_kernel,326,2,qksvc,3417,4,4,3,12,"{'ry': 8, 'measure': 4, 'barrier': 1}"
test_kernel,326,3,qksvc,3418,4,4,3,12,"{'ry': 8, 'measure': 4, 'barrier': 1}"
test_kernel,326,4,qksvc,3419,4,4,3,12,"{'ry': 8, 'measure': 4, 'barrier': 1}"
test_kernel,326,5,qksvc,3420,4,4,3,12,"{'ry': 8, 'measure': 4, 'barrier': 1}"
test_kernel,326,6,qksvc,3421,4,4,3,12,"{'ry': 8, 'measure': 4, 'barrier': 1}"
test_kernel,326,7,qksvc,3422,4,4,3,12,"{'ry': 8, 'measure': 4, 'barrier': 1}"
test_kernel,326,8,qksvc,3423,4,4,3,12,"{'ry': 8, 'measure': 4, 'barrier': 1}"
test_kernel,326,9,qksvc,3424,4,4,3,12,"{'ry': 8, 'measure': 4, 'barrier': 1}"
test_kernel,327,0,qksvc,3425,4,4,3,12,"{'ry': 8, 'measure': 4, 'barrier': 1}"
test_kernel,327,1,qksvc,3426,4,4,3,12,"{'ry': 8, 'measure': 4, 'barrier': 1}"
test_kernel,327,2,qksvc,3427,4,4,3,12,"{'ry': 8, 'measure': 4, 'barrier': 1}"
test_kernel,327,3,qksvc,3428,4,4,3,12,"{'ry': 8, 'measure': 4, 'barrier': 1}"
test_kernel,327,4,qksvc,3429,4,4,3,12,"{'ry': 8, 'measure': 4, 'barrier': 1}"
test_kernel,327,5,qksvc,3430,4,4,3,12,"{'ry': 8, 'measure': 4, 'barrier': 1}"
test_kernel,327,6,qksvc,3431,4,4,3,12,"{'ry': 8, 'measure': 4, 'barrier': 1}"
test_kernel,327,7,qksvc,3432,4,4,3,12,"{'ry': 8, 'measure': 4, 'barrier': 1}"
test_kernel,327,8,qksvc,3433,4,4,3,12,"{'ry': 8, 'measure': 4, 'barrier': 1}"
test_kernel,327,9,qksvc,3434,4,4,3,12,"{'ry': 8, 'measure': 4, 'barrier': 1}"
test_kernel,328,0,qksvc,3435,4,4,3,12,"{'ry': 8, 'measure': 4, 'barrier': 1}"
test_kernel,328,1,qksvc,3436,4,4,3,12,"{'ry': 8, 'measure': 4, 'barrier': 1}"
test_kernel,328,2,qksvc,3437,4,4,3,12,"{'ry': 8, 'measure': 4, 'barrier': 1}"
test_kernel,328,3,qksvc,3438,4,4,3,12,"{'ry': 8, 'measure': 4, 'barrier': 1}"
test_kernel,328,4,qksvc,3439,4,4,3,12,"{'ry': 8, 'measure': 4, 'barrier': 1}"
test_kernel,328,5,qksvc,3440,4,4,3,12,"{'ry': 8, 'measure': 4, 'barrier': 1}"
test_kernel,328,6,qksvc,3441,4,4,3,12,"{'ry': 8, 'measure': 4, 'barrier': 1}"
test_kernel,328,7,qksvc,3442,4,4,3,12,"{'ry': 8, 'measure': 4, 'barrier': 1}"
test_kernel,328,8,qksvc,3443,4,4,3,12,"{'ry': 8, 'measure': 4, 'barrier': 1}"
test_kernel,328,9,qksvc,3444,4,4,3,12,"{'ry': 8, 'measure': 4, 'barrier': 1}"
test_kernel,329,0,qksvc,3445,4,4,3,12,"{'ry': 8, 'measure': 4, 'barrier': 1}"
test_kernel,329,1,qksvc,3446,4,4,3,12,"{'ry': 8, 'measure': 4, 'barrier': 1}"
test_kernel,329,2,qksvc,3447,4,4,3,12,"{'ry': 8, 'measure': 4, 'barrier': 1}"
test_kernel,329,3,qksvc,3448,4,4,3,12,"{'ry': 8, 'measure': 4, 'barrier': 1}"
test_kernel,329,4,qksvc,3449,4,4,3,12,"{'ry': 8, 'measure': 4, 'barrier': 1}"
test_kernel,329,5,qksvc,3450,4,4,3,12,"{'ry': 8, 'measure': 4, 'barrier': 1}"
test_kernel,329,6,qksvc,3451,4,4,3,12,"{'ry': 8, 'measure': 4, 'barrier': 1}"
test_kernel,329,7,qksvc,3452,4,4,3,12,"{'ry': 8, 'measure': 4, 'barrier': 1}"
test_kernel,329,8,qksvc,3453,4,4,3,12,"{'ry': 8, 'measure': 4, 'barrier': 1}"
test_kernel,329,9,qksvc,3454,4,4,3,12,"{'ry': 8, 'measure': 4, 'barrier': 1}"
test_kernel,330,0,qksvc,3455,4,4,3,12,"{'ry': 8, 'measure': 4, 'barrier': 1}"
test_kernel,330,1,qksvc,3456,4,4,3,12,"{'ry': 8, 'measure': 4, 'barrier': 1}"
test_kernel,330,2,qksvc,3457,4,4,3,12,"{'ry': 8, 'measure': 4, 'barrier': 1}"
test_kernel,330,3,qksvc,3458,4,4,3,12,"{'ry': 8, 'measure': 4, 'barrier': 1}"
test_kernel,330,4,qksvc,3459,4,4,3,12,"{'ry': 8, 'measure': 4, 'barrier': 1}"
test_kernel,330,5,qksvc,3460,4,4,3,12,"{'ry': 8, 'measure': 4, 'barrier': 1}"
test_kernel,330,6,qksvc,3461,4,4,3,12,"{'ry': 8, 'measure': 4, 'barrier': 1}"
test_kernel,330,7,qksvc,3462,4,4,3,12,"{'ry': 8, 'measure': 4, 'barrier': 1}"
test_kernel,330,8,qksvc,3463,4,4,3,12,"{'ry': 8, 'measure': 4, 'barrier': 1}"
test_kernel,330,9,qksvc,3464,4,4,3,12,"{'ry': 8, 'measure': 4, 'barrier': 1}"
test_kernel,331,0,qksvc,3465,4,4,3,12,"{'ry': 8, 'measure': 4, 'barrier': 1}"
test_kernel,331,1,qksvc,3466,4,4,3,12,"{'ry': 8, 'measure': 4, 'barrier': 1}"
test_kernel,331,2,qksvc,3467,4,4,3,12,"{'ry': 8, 'measure': 4, 'barrier': 1}"
test_kernel,331,3,qksvc,3468,4,4,3,12,"{'ry': 8, 'measure': 4, 'barrier': 1}"
test_kernel,331,4,qksvc,3469,4,4,3,12,"{'ry': 8, 'measure': 4, 'barrier': 1}"
test_kernel,331,5,qksvc,3470,4,4,3,12,"{'ry': 8, 'measure': 4, 'barrier': 1}"
test_kernel,331,6,qksvc,3471,4,4,3,12,"{'ry': 8, 'measure': 4, 'barrier': 1}"
test_kernel,331,7,qksvc,3472,4,4,3,12,"{'ry': 8, 'measure': 4, 'barrier': 1}"
test_kernel,331,8,qksvc,3473,4,4,3,12,"{'ry': 8, 'measure': 4, 'barrier': 1}"
test_kernel,331,9,qksvc,3474,4,4,3,12,"{'ry': 8, 'measure': 4, 'barrier': 1}"
test_kernel,332,0,qksvc,3475,4,4,3,12,"{'ry': 8, 'measure': 4, 'barrier': 1}"
test_kernel,332,1,qksvc,3476,4,4,3,12,"{'ry': 8, 'measure': 4, 'barrier': 1}"
test_kernel,332,2,qksvc,3477,4,4,3,12,"{'ry': 8, 'measure': 4, 'barrier': 1}"
test_kernel,332,3,qksvc,3478,4,4,3,12,"{'ry': 8, 'measure': 4, 'barrier': 1}"
test_kernel,332,4,qksvc,3479,4,4,3,12,"{'ry': 8, 'measure': 4, 'barrier': 1}"
test_kernel,332,5,qksvc,3480,4,4,3,12,"{'ry': 8, 'measure': 4, 'barrier': 1}"
test_kernel,332,6,qksvc,3481,4,4,3,12,"{'ry': 8, 'measure': 4, 'barrier': 1}"
test_kernel,332,7,qksvc,3482,4,4,3,12,"{'ry': 8, 'measure': 4, 'barrier': 1}"
test_kernel,332,8,qksvc,3483,4,4,3,12,"{'ry': 8, 'measure': 4, 'barrier': 1}"
test_kernel,332,9,qksvc,3484,4,4,3,12,"{'ry': 8, 'measure': 4, 'barrier': 1}"
test_kernel,333,0,qksvc,3485,4,4,3,12,"{'ry': 8, 'measure': 4, 'barrier': 1}"
test_kernel,333,1,qksvc,3486,4,4,3,12,"{'ry': 8, 'measure': 4, 'barrier': 1}"
test_kernel,333,2,qksvc,3487,4,4,3,12,"{'ry': 8, 'measure': 4, 'barrier': 1}"
test_kernel,333,3,qksvc,3488,4,4,3,12,"{'ry': 8, 'measure': 4, 'barrier': 1}"
test_kernel,333,4,qksvc,3489,4,4,3,12,"{'ry': 8, 'measure': 4, 'barrier': 1}"
test_kernel,333,5,qksvc,3490,4,4,3,12,"{'ry': 8, 'measure': 4, 'barrier': 1}"
test_kernel,333,6,qksvc,3491,4,4,3,12,"{'ry': 8, 'measure': 4, 'barrier': 1}"
test_kernel,333,7,qksvc,3492,4,4,3,12,"{'ry': 8, 'measure': 4, 'barrier': 1}"
test_kernel,333,8,qksvc,3493,4,4,3,12,"{'ry': 8, 'measure': 4, 'barrier': 1}"
test_kernel,333,9,qksvc,3494,4,4,3,12,"{'ry': 8, 'measure': 4, 'barrier': 1}"
test_kernel,334,0,qksvc,3495,4,4,3,12,"{'ry': 8, 'measure': 4, 'barrier': 1}"
test_kernel,334,1,qksvc,3496,4,4,3,12,"{'ry': 8, 'measure': 4, 'barrier': 1}"
test_kernel,334,2,qksvc,3497,4,4,3,12,"{'ry': 8, 'measure': 4, 'barrier': 1}"
test_kernel,334,3,qksvc,3498,4,4,3,12,"{'ry': 8, 'measure': 4, 'barrier': 1}"
test_kernel,334,4,qksvc,3499,4,4,3,12,"{'ry': 8, 'measure': 4, 'barrier': 1}"
test_kernel,334,5,qksvc,3500,4,4,3,12,"{'ry': 8, 'measure': 4, 'barrier': 1}"
test_kernel,334,6,qksvc,3501,4,4,3,12,"{'ry': 8, 'measure': 4, 'barrier': 1}"
test_kernel,334,7,qksvc,3502,4,4,3,12,"{'ry': 8, 'measure': 4, 'barrier': 1}"
test_kernel,334,8,qksvc,3503,4,4,3,12,"{'ry': 8, 'measure': 4, 'barrier': 1}"
test_kernel,334,9,qksvc,3504,4,4,3,12,"{'ry': 8, 'measure': 4, 'barrier': 1}"
test_kernel,335,0,qksvc,3505,4,4,3,12,"{'ry': 8, 'measure': 4, 'barrier': 1}"
test_kernel,335,1,qksvc,3506,4,4,3,12,"{'ry': 8, 'measure': 4, 'barrier': 1}"
test_kernel,335,2,qksvc,3507,4,4,3,12,"{'ry': 8, 'measure': 4, 'barrier': 1}"
test_kernel,335,3,qksvc,3508,4,4,3,12,"{'ry': 8, 'measure': 4, 'barrier': 1}"
test_kernel,335,4,qksvc,3509,4,4,3,12,"{'ry': 8, 'measure': 4, 'barrier': 1}"
test_kernel,335,5,qksvc,3510,4,4,3,12,"{'ry': 8, 'measure': 4, 'barrier': 1}"
test_kernel,335,6,qksvc,3511,4,4,3,12,"{'ry': 8, 'measure': 4, 'barrier': 1}"
test_kernel,335,7,qksvc,3512,4,4,3,12,"{'ry': 8, 'measure': 4, 'barrier': 1}"
test_kernel,335,8,qksvc,3513,4,4,3,12,"{'ry': 8, 'measure': 4, 'barrier': 1}"
test_kernel,335,9,qksvc,3514,4,4,3,12,"{'ry': 8, 'measure': 4, 'barrier': 1}"
test_kernel,336,0,qksvc,3515,4,4,3,12,"{'ry': 8, 'measure': 4, 'barrier': 1}"
test_kernel,336,1,qksvc,3516,4,4,3,12,"{'ry': 8, 'measure': 4, 'barrier': 1}"
test_kernel,336,2,qksvc,3517,4,4,3,12,"{'ry': 8, 'measure': 4, 'barrier': 1}"
test_kernel,336,3,qksvc,3518,4,4,3,12,"{'ry': 8, 'measure': 4, 'barrier': 1}"
test_kernel,336,4,qksvc,3519,4,4,3,12,"{'ry': 8, 'measure': 4, 'barrier': 1}"
test_kernel,336,5,qksvc,3520,4,4,3,12,"{'ry': 8, 'measure': 4, 'barrier': 1}"
test_kernel,336,6,qksvc,3521,4,4,3,12,"{'ry': 8, 'measure': 4, 'barrier': 1}"
test_kernel,336,7,qksvc,3522,4,4,3,12,"{'ry': 8, 'measure': 4, 'barrier': 1}"
test_kernel,336,8,qksvc,3523,4,4,3,12,"{'ry': 8, 'measure': 4, 'barrier': 1}"
test_kernel,336,9,qksvc,3524,4,4,3,12,"{'ry': 8, 'measure': 4, 'barrier': 1}"
test_kernel,337,0,qksvc,3525,4,4,3,12,"{'ry': 8, 'measure': 4, 'barrier': 1}"
test_kernel,337,1,qksvc,3526,4,4,3,12,"{'ry': 8, 'measure': 4, 'barrier': 1}"
test_kernel,337,2,qksvc,3527,4,4,3,12,"{'ry': 8, 'measure': 4, 'barrier': 1}"
test_kernel,337,3,qksvc,3528,4,4,3,12,"{'ry': 8, 'measure': 4, 'barrier': 1}"
test_kernel,337,4,qksvc,3529,4,4,3,12,"{'ry': 8, 'measure': 4, 'barrier': 1}"
test_kernel,337,5,qksvc,3530,4,4,3,12,"{'ry': 8, 'measure': 4, 'barrier': 1}"
test_kernel,337,6,qksvc,3531,4,4,3,12,"{'ry': 8, 'measure': 4, 'barrier': 1}"
test_kernel,337,7,qksvc,3532,4,4,3,12,"{'ry': 8, 'measure': 4, 'barrier': 1}"
test_kernel,337,8,qksvc,3533,4,4,3,12,"{'ry': 8, 'measure': 4, 'barrier': 1}"
test_kernel,337,9,qksvc,3534,4,4,3,12,"{'ry': 8, 'measure': 4, 'barrier': 1}"
test_kernel,338,0,qksvc,3535,4,4,3,12,"{'ry': 8, 'measure': 4, 'barrier': 1}"
test_kernel,338,1,qksvc,3536,4,4,3,12,"{'ry': 8, 'measure': 4, 'barrier': 1}"
test_kernel,338,2,qksvc,3537,4,4,3,12,"{'ry': 8, 'measure': 4, 'barrier': 1}"
test_kernel,338,3,qksvc,3538,4,4,3,12,"{'ry': 8, 'measure': 4, 'barrier': 1}"
test_kernel,338,4,qksvc,3539,4,4,3,12,"{'ry': 8, 'measure': 4, 'barrier': 1}"
test_kernel,338,5,qksvc,3540,4,4,3,12,"{'ry': 8, 'measure': 4, 'barrier': 1}"
test_kernel,338,6,qksvc,3541,4,4,3,12,"{'ry': 8, 'measure': 4, 'barrier': 1}"
test_kernel,338,7,qksvc,3542,4,4,3,12,"{'ry': 8, 'measure': 4, 'barrier': 1}"
test_kernel,338,8,qksvc,3543,4,4,3,12,"{'ry': 8, 'measure': 4, 'barrier': 1}"
test_kernel,338,9,qksvc,3544,4,4,3,12,"{'ry': 8, 'measure': 4, 'barrier': 1}"
test_kernel,339,0,qksvc,3545,4,4,3,12,"{'ry': 8, 'measure': 4, 'barrier': 1}"
test_kernel,339,1,qksvc,3546,4,4,3,12,"{'ry': 8, 'measure': 4, 'barrier': 1}"
test_kernel,339,2,qksvc,3547,4,4,3,12,"{'ry': 8, 'measure': 4, 'barrier': 1}"
test_kernel,339,3,qksvc,3548,4,4,3,12,"{'ry': 8, 'measure': 4, 'barrier': 1}"
test_kernel,339,4,qksvc,3549,4,4,3,12,"{'ry': 8, 'measure': 4, 'barrier': 1}"
test_kernel,339,5,qksvc,3550,4,4,3,12,"{'ry': 8, 'measure': 4, 'barrier': 1}"
test_kernel,339,6,qksvc,3551,4,4,3,12,"{'ry': 8, 'measure': 4, 'barrier': 1}"
test_kernel,339,7,qksvc,3552,4,4,3,12,"{'ry': 8, 'measure': 4, 'barrier': 1}"
test_kernel,339,8,qksvc,3553,4,4,3,12,"{'ry': 8, 'measure': 4, 'barrier': 1}"
test_kernel,339,9,qksvc,3554,4,4,3,12,"{'ry': 8, 'measure': 4, 'barrier': 1}"
test_kernel,340,0,qksvc,3555,4,4,3,12,"{'ry': 8, 'measure': 4, 'barrier': 1}"
test_kernel,340,1,qksvc,3556,4,4,3,12,"{'ry': 8, 'measure': 4, 'barrier': 1}"
test_kernel,340,2,qksvc,3557,4,4,3,12,"{'ry': 8, 'measure': 4, 'barrier': 1}"
test_kernel,340,3,qksvc,3558,4,4,3,12,"{'ry': 8, 'measure': 4, 'barrier': 1}"
test_kernel,340,4,qksvc,3559,4,4,3,12,"{'ry': 8, 'measure': 4, 'barrier': 1}"
test_kernel,340,5,qksvc,3560,4,4,3,12,"{'ry': 8, 'measure': 4, 'barrier': 1}"
test_kernel,340,6,qksvc,3561,4,4,3,12,"{'ry': 8, 'measure': 4, 'barrier': 1}"
test_kernel,340,7,qksvc,3562,4,4,3,12,"{'ry': 8, 'measure': 4, 'barrier': 1}"
test_kernel,340,8,qksvc,3563,4,4,3,12,"{'ry': 8, 'measure': 4, 'barrier': 1}"
test_kernel,340,9,qksvc,3564,4,4,3,12,"{'ry': 8, 'measure': 4, 'barrier': 1}"
test_kernel,341,0,qksvc,3565,4,4,3,12,"{'ry': 8, 'measure': 4, 'barrier': 1}"
test_kernel,341,1,qksvc,3566,4,4,3,12,"{'ry': 8, 'measure': 4, 'barrier': 1}"
test_kernel,341,2,qksvc,3567,4,4,3,12,"{'ry': 8, 'measure': 4, 'barrier': 1}"
test_kernel,341,3,qksvc,3568,4,4,3,12,"{'ry': 8, 'measure': 4, 'barrier': 1}"
test_kernel,341,4,qksvc,3569,4,4,3,12,"{'ry': 8, 'measure': 4, 'barrier': 1}"
test_kernel,341,5,qksvc,3570,4,4,3,12,"{'ry': 8, 'measure': 4, 'barrier': 1}"
test_kernel,341,6,qksvc,3571,4,4,3,12,"{'ry': 8, 'measure': 4, 'barrier': 1}"
test_kernel,341,7,qksvc,3572,4,4,3,12,"{'ry': 8, 'measure': 4, 'barrier': 1}"
test_kernel,341,8,qksvc,3573,4,4,3,12,"{'ry': 8, 'measure': 4, 'barrier': 1}"
test_kernel,341,9,qksvc,3574,4,4,3,12,"{'ry': 8, 'measure': 4, 'barrier': 1}"
test_kernel,342,0,qksvc,3575,4,4,3,12,"{'ry': 8, 'measure': 4, 'barrier': 1}"
test_kernel,342,1,qksvc,3576,4,4,3,12,"{'ry': 8, 'measure': 4, 'barrier': 1}"
test_kernel,342,2,qksvc,3577,4,4,3,12,"{'ry': 8, 'measure': 4, 'barrier': 1}"
test_kernel,342,3,qksvc,3578,4,4,3,12,"{'ry': 8, 'measure': 4, 'barrier': 1}"
test_kernel,342,4,qksvc,3579,4,4,3,12,"{'ry': 8, 'measure': 4, 'barrier': 1}"
test_kernel,342,5,qksvc,3580,4,4,3,12,"{'ry': 8, 'measure': 4, 'barrier': 1}"
test_kernel,342,6,qksvc,3581,4,4,3,12,"{'ry': 8, 'measure': 4, 'barrier': 1}"
test_kernel,342,7,qksvc,3582,4,4,3,12,"{'ry': 8, 'measure': 4, 'barrier': 1}"
test_kernel,342,8,qksvc,3583,4,4,3,12,"{'ry': 8, 'measure': 4, 'barrier': 1}"
test_kernel,342,9,qksvc,3584,4,4,3,12,"{'ry': 8, 'measure': 4, 'barrier': 1}"
test_kernel,343,0,qksvc,3585,4,4,3,12,"{'ry': 8, 'measure': 4, 'barrier': 1}"
test_kernel,343,1,qksvc,3586,4,4,3,12,"{'ry': 8, 'measure': 4, 'barrier': 1}"
test_kernel,343,2,qksvc,3587,4,4,3,12,"{'ry': 8, 'measure': 4, 'barrier': 1}"
test_kernel,343,3,qksvc,3588,4,4,3,12,"{'ry': 8, 'measure': 4, 'barrier': 1}"
test_kernel,343,4,qksvc,3589,4,4,3,12,"{'ry': 8, 'measure': 4, 'barrier': 1}"
test_kernel,343,5,qksvc,3590,4,4,3,12,"{'ry': 8, 'measure': 4, 'barrier': 1}"
test_kernel,343,6,qksvc,3591,4,4,3,12,"{'ry': 8, 'measure': 4, 'barrier': 1}"
test_kernel,343,7,qksvc,3592,4,4,3,12,"{'ry': 8, 'measure': 4, 'barrier': 1}"
test_kernel,343,8,qksvc,3593,4,4,3,12,"{'ry': 8, 'measure': 4, 'barrier': 1}"
test_kernel,343,9,qksvc,3594,4,4,3,12,"{'ry': 8, 'measure': 4, 'barrier': 1}"
test_kernel,344,0,qksvc,3595,4,4,3,12,"{'ry': 8, 'measure': 4, 'barrier': 1}"
test_kernel,344,1,qksvc,3596,4,4,3,12,"{'ry': 8, 'measure': 4, 'barrier': 1}"
test_kernel,344,2,qksvc,3597,4,4,3,12,"{'ry': 8, 'measure': 4, 'barrier': 1}"
test_kernel,344,3,qksvc,3598,4,4,3,12,"{'ry': 8, 'measure': 4, 'barrier': 1}"
test_kernel,344,4,qksvc,3599,4,4,3,12,"{'ry': 8, 'measure': 4, 'barrier': 1}"
test_kernel,344,5,qksvc,3600,4,4,3,12,"{'ry': 8, 'measure': 4, 'barrier': 1}"
test_kernel,344,6,qksvc,3601,4,4,3,12,"{'ry': 8, 'measure': 4, 'barrier': 1}"
test_kernel,344,7,qksvc,3602,4,4,3,12,"{'ry': 8, 'measure': 4, 'barrier': 1}"
test_kernel,344,8,qksvc,3603,4,4,3,12,"{'ry': 8, 'measure': 4, 'barrier': 1}"
test_kernel,344,9,qksvc,3604,4,4,3,12,"{'ry': 8, 'measure': 4, 'barrier': 1}"
test_kernel,345,0,qksvc,3605,4,4,3,12,"{'ry': 8, 'measure': 4, 'barrier': 1}"
test_kernel,345,1,qksvc,3606,4,4,3,12,"{'ry': 8, 'measure': 4, 'barrier': 1}"
test_kernel,345,2,qksvc,3607,4,4,3,12,"{'ry': 8, 'measure': 4, 'barrier': 1}"
test_kernel,345,3,qksvc,3608,4,4,3,12,"{'ry': 8, 'measure': 4, 'barrier': 1}"
test_kernel,345,4,qksvc,3609,4,4,3,12,"{'ry': 8, 'measure': 4, 'barrier': 1}"
test_kernel,345,5,qksvc,3610,4,4,3,12,"{'ry': 8, 'measure': 4, 'barrier': 1}"
test_kernel,345,6,qksvc,3611,4,4,3,12,"{'ry': 8, 'measure': 4, 'barrier': 1}"
test_kernel,345,7,qksvc,3612,4,4,3,12,"{'ry': 8, 'measure': 4, 'barrier': 1}"
test_kernel,345,8,qksvc,3613,4,4,3,12,"{'ry': 8, 'measure': 4, 'barrier': 1}"
test_kernel,345,9,qksvc,3614,4,4,3,12,"{'ry': 8, 'measure': 4, 'barrier': 1}"
test_kernel,346,0,qksvc,3615,4,4,3,12,"{'ry': 8, 'measure': 4, 'barrier': 1}"
test_kernel,346,1,qksvc,3616,4,4,3,12,"{'ry': 8, 'measure': 4, 'barrier': 1}"
test_kernel,346,2,qksvc,3617,4,4,3,12,"{'ry': 8, 'measure': 4, 'barrier': 1}"
test_kernel,346,3,qksvc,3618,4,4,3,12,"{'ry': 8, 'measure': 4, 'barrier': 1}"
test_kernel,346,4,qksvc,3619,4,4,3,12,"{'ry': 8, 'measure': 4, 'barrier': 1}"
test_kernel,346,5,qksvc,3620,4,4,3,12,"{'ry': 8, 'measure': 4, 'barrier': 1}"
test_kernel,346,6,qksvc,3621,4,4,3,12,"{'ry': 8, 'measure': 4, 'barrier': 1}"
test_kernel,346,7,qksvc,3622,4,4,3,12,"{'ry': 8, 'measure': 4, 'barrier': 1}"
test_kernel,346,8,qksvc,3623,4,4,3,12,"{'ry': 8, 'measure': 4, 'barrier': 1}"
test_kernel,346,9,qksvc,3624,4,4,3,12,"{'ry': 8, 'measure': 4, 'barrier': 1}"
test_kernel,347,0,qksvc,3625,4,4,3,12,"{'ry': 8, 'measure': 4, 'barrier': 1}"
test_kernel,347,1,qksvc,3626,4,4,3,12,"{'ry': 8, 'measure': 4, 'barrier': 1}"
test_kernel,347,2,qksvc,3627,4,4,3,12,"{'ry': 8, 'measure': 4, 'barrier': 1}"
test_kernel,347,3,qksvc,3628,4,4,3,12,"{'ry': 8, 'measure': 4, 'barrier': 1}"
test_kernel,347,4,qksvc,3629,4,4,3,12,"{'ry': 8, 'measure': 4, 'barrier': 1}"
test_kernel,347,5,qksvc,3630,4,4,3,12,"{'ry': 8, 'measure': 4, 'barrier': 1}"
test_kernel,347,6,qksvc,3631,4,4,3,12,"{'ry': 8, 'measure': 4, 'barrier': 1}"
test_kernel,347,7,qksvc,3632,4,4,3,12,"{'ry': 8, 'measure': 4, 'barrier': 1}"
test_kernel,347,8,qksvc,3633,4,4,3,12,"{'ry': 8, 'measure': 4, 'barrier': 1}"
test_kernel,347,9,qksvc,3634,4,4,3,12,"{'ry': 8, 'measure': 4, 'barrier': 1}"
test_kernel,348,0,qksvc,3635,4,4,3,12,"{'ry': 8, 'measure': 4, 'barrier': 1}"
test_kernel,348,1,qksvc,3636,4,4,3,12,"{'ry': 8, 'measure': 4, 'barrier': 1}"
test_kernel,348,2,qksvc,3637,4,4,3,12,"{'ry': 8, 'measure': 4, 'barrier': 1}"
test_kernel,348,3,qksvc,3638,4,4,3,12,"{'ry': 8, 'measure': 4, 'barrier': 1}"
test_kernel,348,4,qksvc,3639,4,4,3,12,"{'ry': 8, 'measure': 4, 'barrier': 1}"
test_kernel,348,5,qksvc,3640,4,4,3,12,"{'ry': 8, 'measure': 4, 'barrier': 1}"
test_kernel,348,6,qksvc,3641,4,4,3,12,"{'ry': 8, 'measure': 4, 'barrier': 1}"
test_kernel,348,7,qksvc,3642,4,4,3,12,"{'ry': 8, 'measure': 4, 'barrier': 1}"
test_kernel,348,8,qksvc,3643,4,4,3,12,"{'ry': 8, 'measure': 4, 'barrier': 1}"
test_kernel,348,9,qksvc,3644,4,4,3,12,"{'ry': 8, 'measure': 4, 'barrier': 1}"
test_kernel,349,0,qksvc,3645,4,4,3,12,"{'ry': 8, 'measure': 4, 'barrier': 1}"
test_kernel,349,1,qksvc,3646,4,4,3,12,"{'ry': 8, 'measure': 4, 'barrier': 1}"
test_kernel,349,2,qksvc,3647,4,4,3,12,"{'ry': 8, 'measure': 4, 'barrier': 1}"
test_kernel,349,3,qksvc,3648,4,4,3,12,"{'ry': 8, 'measure': 4, 'barrier': 1}"
test_kernel,349,4,qksvc,3649,4,4,3,12,"{'ry': 8, 'measure': 4, 'barrier': 1}"
test_kernel,349,5,qksvc,3650,4,4,3,12,"{'ry': 8, 'measure': 4, 'barrier': 1}"
test_kernel,349,6,qksvc,3651,4,4,3,12,"{'ry': 8, 'measure': 4, 'barrier': 1}"
test_kernel,349,7,qksvc,3652,4,4,3,12,"{'ry': 8, 'measure': 4, 'barrier': 1}"
test_kernel,349,8,qksvc,3653,4,4,3,12,"{'ry': 8, 'measure': 4, 'barrier': 1}"
test_kernel,349,9,qksvc,3654,4,4,3,12,"{'ry': 8, 'measure': 4, 'barrier': 1}"
test_kernel,350,0,qksvc,3655,4,4,3,12,"{'ry': 8, 'measure': 4, 'barrier': 1}"
test_kernel,350,1,qksvc,3656,4,4,3,12,"{'ry': 8, 'measure': 4, 'barrier': 1}"
test_kernel,350,2,qksvc,3657,4,4,3,12,"{'ry': 8, 'measure': 4, 'barrier': 1}"
test_kernel,350,3,qksvc,3658,4,4,3,12,"{'ry': 8, 'measure': 4, 'barrier': 1}"
test_kernel,350,4,qksvc,3659,4,4,3,12,"{'ry': 8, 'measure': 4, 'barrier': 1}"
test_kernel,350,5,qksvc,3660,4,4,3,12,"{'ry': 8, 'measure': 4, 'barrier': 1}"
test_kernel,350,6,qksvc,3661,4,4,3,12,"{'ry': 8, 'measure': 4, 'barrier': 1}"
test_kernel,350,7,qksvc,3662,4,4,3,12,"{'ry': 8, 'measure': 4, 'barrier': 1}"
test_kernel,350,8,qksvc,3663,4,4,3,12,"{'ry': 8, 'measure': 4, 'barrier': 1}"
test_kernel,350,9,qksvc,3664,4,4,3,12,"{'ry': 8, 'measure': 4, 'barrier': 1}"
test_kernel,351,0,qksvc,3665,4,4,3,12,"{'ry': 8, 'measure': 4, 'barrier': 1}"
test_kernel,351,1,qksvc,3666,4,4,3,12,"{'ry': 8, 'measure': 4, 'barrier': 1}"
test_kernel,351,2,qksvc,3667,4,4,3,12,"{'ry': 8, 'measure': 4, 'barrier': 1}"
test_kernel,351,3,qksvc,3668,4,4,3,12,"{'ry': 8, 'measure': 4, 'barrier': 1}"
test_kernel,351,4,qksvc,3669,4,4,3,12,"{'ry': 8, 'measure': 4, 'barrier': 1}"
test_kernel,351,5,qksvc,3670,4,4,3,12,"{'ry': 8, 'measure': 4, 'barrier': 1}"
test_kernel,351,6,qksvc,3671,4,4,3,12,"{'ry': 8, 'measure': 4, 'barrier': 1}"
test_kernel,351,7,qksvc,3672,4,4,3,12,"{'ry': 8, 'measure': 4, 'barrier': 1}"
test_kernel,351,8,qksvc,3673,4,4,3,12,"{'ry': 8, 'measure': 4, 'barrier': 1}"
test_kernel,351,9,qksvc,3674,4,4,3,12,"{'ry': 8, 'measure': 4, 'barrier': 1}"
test_kernel,352,0,qksvc,3675,4,4,3,12,"{'ry': 8, 'measure': 4, 'barrier': 1}"
test_kernel,352,1,qksvc,3676,4,4,3,12,"{'ry': 8, 'measure': 4, 'barrier': 1}"
test_kernel,352,2,qksvc,3677,4,4,3,12,"{'ry': 8, 'measure': 4, 'barrier': 1}"
test_kernel,352,3,qksvc,3678,4,4,3,12,"{'ry': 8, 'measure': 4, 'barrier': 1}"
test_kernel,352,4,qksvc,3679,4,4,3,12,"{'ry': 8, 'measure': 4, 'barrier': 1}"
test_kernel,352,5,qksvc,3680,4,4,3,12,"{'ry': 8, 'measure': 4, 'barrier': 1}"
test_kernel,352,6,qksvc,3681,4,4,3,12,"{'ry': 8, 'measure': 4, 'barrier': 1}"
test_kernel,352,7,qksvc,3682,4,4,3,12,"{'ry': 8, 'measure': 4, 'barrier': 1}"
test_kernel,352,8,qksvc,3683,4,4,3,12,"{'ry': 8, 'measure': 4, 'barrier': 1}"
test_kernel,352,9,qksvc,3684,4,4,3,12,"{'ry': 8, 'measure': 4, 'barrier': 1}"
test_kernel,353,0,qksvc,3685,4,4,3,12,"{'ry': 8, 'measure': 4, 'barrier': 1}"
test_kernel,353,1,qksvc,3686,4,4,3,12,"{'ry': 8, 'measure': 4, 'barrier': 1}"
test_kernel,353,2,qksvc,3687,4,4,3,12,"{'ry': 8, 'measure': 4, 'barrier': 1}"
test_kernel,353,3,qksvc,3688,4,4,3,12,"{'ry': 8, 'measure': 4, 'barrier': 1}"
test_kernel,353,4,qksvc,3689,4,4,3,12,"{'ry': 8, 'measure': 4, 'barrier': 1}"
test_kernel,353,5,qksvc,3690,4,4,3,12,"{'ry': 8, 'measure': 4, 'barrier': 1}"
test_kernel,353,6,qksvc,3691,4,4,3,12,"{'ry': 8, 'measure': 4, 'barrier': 1}"
test_kernel,353,7,qksvc,3692,4,4,3,12,"{'ry': 8, 'measure': 4, 'barrier': 1}"
test_kernel,353,8,qksvc,3693,4,4,3,12,"{'ry': 8, 'measure': 4, 'barrier': 1}"
test_kernel,353,9,qksvc,3694,4,4,3,12,"{'ry': 8, 'measure': 4, 'barrier': 1}"
test_kernel,354,0,qksvc,3695,4,4,3,12,"{'ry': 8, 'measure': 4, 'barrier': 1}"
test_kernel,354,1,qksvc,3696,4,4,3,12,"{'ry': 8, 'measure': 4, 'barrier': 1}"
test_kernel,354,2,qksvc,3697,4,4,3,12,"{'ry': 8, 'measure': 4, 'barrier': 1}"
test_kernel,354,3,qksvc,3698,4,4,3,12,"{'ry': 8, 'measure': 4, 'barrier': 1}"
test_kernel,354,4,qksvc,3699,4,4,3,12,"{'ry': 8, 'measure': 4, 'barrier': 1}"
test_kernel,354,5,qksvc,3700,4,4,3,12,"{'ry': 8, 'measure': 4, 'barrier': 1}"
test_kernel,354,6,qksvc,3701,4,4,3,12,"{'ry': 8, 'measure': 4, 'barrier': 1}"
test_kernel,354,7,qksvc,3702,4,4,3,12,"{'ry': 8, 'measure': 4, 'barrier': 1}"
test_kernel,354,8,qksvc,3703,4,4,3,12,"{'ry': 8, 'measure': 4, 'barrier': 1}"
test_kernel,354,9,qksvc,3704,4,4,3,12,"{'ry': 8, 'measure': 4, 'barrier': 1}"
test_kernel,355,0,qksvc,3705,4,4,3,12,"{'ry': 8, 'measure': 4, 'barrier': 1}"
test_kernel,355,1,qksvc,3706,4,4,3,12,"{'ry': 8, 'measure': 4, 'barrier': 1}"
test_kernel,355,2,qksvc,3707,4,4,3,12,"{'ry': 8, 'measure': 4, 'barrier': 1}"
test_kernel,355,3,qksvc,3708,4,4,3,12,"{'ry': 8, 'measure': 4, 'barrier': 1}"
test_kernel,355,4,qksvc,3709,4,4,3,12,"{'ry': 8, 'measure': 4, 'barrier': 1}"
test_kernel,355,5,qksvc,3710,4,4,3,12,"{'ry': 8, 'measure': 4, 'barrier': 1}"
test_kernel,355,6,qksvc,3711,4,4,3,12,"{'ry': 8, 'measure': 4, 'barrier': 1}"
test_kernel,355,7,qksvc,3712,4,4,3,12,"{'ry': 8, 'measure': 4, 'barrier': 1}"
test_kernel,355,8,qksvc,3713,4,4,3,12,"{'ry': 8, 'measure': 4, 'barrier': 1}"
test_kernel,355,9,qksvc,3714,4,4,3,12,"{'ry': 8, 'measure': 4, 'barrier': 1}"
test_kernel,356,0,qksvc,3715,4,4,3,12,"{'ry': 8, 'measure': 4, 'barrier': 1}"
test_kernel,356,1,qksvc,3716,4,4,3,12,"{'ry': 8, 'measure': 4, 'barrier': 1}"
test_kernel,356,2,qksvc,3717,4,4,3,12,"{'ry': 8, 'measure': 4, 'barrier': 1}"
test_kernel,356,3,qksvc,3718,4,4,3,12,"{'ry': 8, 'measure': 4, 'barrier': 1}"
test_kernel,356,4,qksvc,3719,4,4,3,12,"{'ry': 8, 'measure': 4, 'barrier': 1}"
test_kernel,356,5,qksvc,3720,4,4,3,12,"{'ry': 8, 'measure': 4, 'barrier': 1}"
test_kernel,356,6,qksvc,3721,4,4,3,12,"{'ry': 8, 'measure': 4, 'barrier': 1}"
test_kernel,356,7,qksvc,3722,4,4,3,12,"{'ry': 8, 'measure': 4, 'barrier': 1}"
test_kernel,356,8,qksvc,3723,4,4,3,12,"{'ry': 8, 'measure': 4, 'barrier': 1}"
test_kernel,356,9,qksvc,3724,4,4,3,12,"{'ry': 8, 'measure': 4, 'barrier': 1}"
test_kernel,357,0,qksvc,3725,4,4,3,12,"{'ry': 8, 'measure': 4, 'barrier': 1}"
test_kernel,357,1,qksvc,3726,4,4,3,12,"{'ry': 8, 'measure': 4, 'barrier': 1}"
test_kernel,357,2,qksvc,3727,4,4,3,12,"{'ry': 8, 'measure': 4, 'barrier': 1}"
test_kernel,357,3,qksvc,3728,4,4,3,12,"{'ry': 8, 'measure': 4, 'barrier': 1}"
test_kernel,357,4,qksvc,3729,4,4,3,12,"{'ry': 8, 'measure': 4, 'barrier': 1}"
test_kernel,357,5,qksvc,3730,4,4,3,12,"{'ry': 8, 'measure': 4, 'barrier': 1}"
test_kernel,357,6,qksvc,3731,4,4,3,12,"{'ry': 8, 'measure': 4, 'barrier': 1}"
test_kernel,357,7,qksvc,3732,4,4,3,12,"{'ry': 8, 'measure': 4, 'barrier': 1}"
test_kernel,357,8,qksvc,3733,4,4,3,12,"{'ry': 8, 'measure': 4, 'barrier': 1}"
test_kernel,357,9,qksvc,3734,4,4,3,12,"{'ry': 8, 'measure': 4, 'barrier': 1}"
test_kernel,358,0,qksvc,3735,4,4,3,12,"{'ry': 8, 'measure': 4, 'barrier': 1}"
test_kernel,358,1,qksvc,3736,4,4,3,12,"{'ry': 8, 'measure': 4, 'barrier': 1}"
test_kernel,358,2,qksvc,3737,4,4,3,12,"{'ry': 8, 'measure': 4, 'barrier': 1}"
test_kernel,358,3,qksvc,3738,4,4,3,12,"{'ry': 8, 'measure': 4, 'barrier': 1}"
test_kernel,358,4,qksvc,3739,4,4,3,12,"{'ry': 8, 'measure': 4, 'barrier': 1}"
test_kernel,358,5,qksvc,3740,4,4,3,12,"{'ry': 8, 'measure': 4, 'barrier': 1}"
test_kernel,358,6,qksvc,3741,4,4,3,12,"{'ry': 8, 'measure': 4, 'barrier': 1}"
test_kernel,358,7,qksvc,3742,4,4,3,12,"{'ry': 8, 'measure': 4, 'barrier': 1}"
test_kernel,358,8,qksvc,3743,4,4,3,12,"{'ry': 8, 'measure': 4, 'barrier': 1}"
test_kernel,358,9,qksvc,3744,4,4,3,12,"{'ry': 8, 'measure': 4, 'barrier': 1}"
test_kernel,359,0,qksvc,3745,4,4,3,12,"{'ry': 8, 'measure': 4, 'barrier': 1}"
test_kernel,359,1,qksvc,3746,4,4,3,12,"{'ry': 8, 'measure': 4, 'barrier': 1}"
test_kernel,359,2,qksvc,3747,4,4,3,12,"{'ry': 8, 'measure': 4, 'barrier': 1}"
test_kernel,359,3,qksvc,3748,4,4,3,12,"{'ry': 8, 'measure': 4, 'barrier': 1}"
test_kernel,359,4,qksvc,3749,4,4,3,12,"{'ry': 8, 'measure': 4, 'barrier': 1}"
test_kernel,359,5,qksvc,3750,4,4,3,12,"{'ry': 8, 'measure': 4, 'barrier': 1}"
test_kernel,359,6,qksvc,3751,4,4,3,12,"{'ry': 8, 'measure': 4, 'barrier': 1}"
test_kernel,359,7,qksvc,3752,4,4,3,12,"{'ry': 8, 'measure': 4, 'barrier': 1}"
test_kernel,359,8,qksvc,3753,4,4,3,12,"{'ry': 8, 'measure': 4, 'barrier': 1}"
test_kernel,359,9,qksvc,3754,4,4,3,12,"{'ry': 8, 'measure': 4, 'barrier': 1}"
test_kernel,360,0,qksvc,3755,4,4,3,12,"{'ry': 8, 'measure': 4, 'barrier': 1}"
test_kernel,360,1,qksvc,3756,4,4,3,12,"{'ry': 8, 'measure': 4, 'barrier': 1}"
test_kernel,360,2,qksvc,3757,4,4,3,12,"{'ry': 8, 'measure': 4, 'barrier': 1}"
test_kernel,360,3,qksvc,3758,4,4,3,12,"{'ry': 8, 'measure': 4, 'barrier': 1}"
test_kernel,360,4,qksvc,3759,4,4,3,12,"{'ry': 8, 'measure': 4, 'barrier': 1}"
test_kernel,360,5,qksvc,3760,4,4,3,12,"{'ry': 8, 'measure': 4, 'barrier': 1}"
test_kernel,360,6,qksvc,3761,4,4,3,12,"{'ry': 8, 'measure': 4, 'barrier': 1}"
test_kernel,360,7,qksvc,3762,4,4,3,12,"{'ry': 8, 'measure': 4, 'barrier': 1}"
test_kernel,360,8,qksvc,3763,4,4,3,12,"{'ry': 8, 'measure': 4, 'barrier': 1}"
test_kernel,360,9,qksvc,3764,4,4,3,12,"{'ry': 8, 'measure': 4, 'barrier': 1}"
test_kernel,361,0,qksvc,3765,4,4,3,12,"{'ry': 8, 'measure': 4, 'barrier': 1}"
test_kernel,361,1,qksvc,3766,4,4,3,12,"{'ry': 8, 'measure': 4, 'barrier': 1}"
test_kernel,361,2,qksvc,3767,4,4,3,12,"{'ry': 8, 'measure': 4, 'barrier': 1}"
test_kernel,361,3,qksvc,3768,4,4,3,12,"{'ry': 8, 'measure': 4, 'barrier': 1}"
test_kernel,361,4,qksvc,3769,4,4,3,12,"{'ry': 8, 'measure': 4, 'barrier': 1}"
test_kernel,361,5,qksvc,3770,4,4,3,12,"{'ry': 8, 'measure': 4, 'barrier': 1}"
test_kernel,361,6,qksvc,3771,4,4,3,12,"{'ry': 8, 'measure': 4, 'barrier': 1}"
test_kernel,361,7,qksvc,3772,4,4,3,12,"{'ry': 8, 'measure': 4, 'barrier': 1}"
test_kernel,361,8,qksvc,3773,4,4,3,12,"{'ry': 8, 'measure': 4, 'barrier': 1}"
test_kernel,361,9,qksvc,3774,4,4,3,12,"{'ry': 8, 'measure': 4, 'barrier': 1}"
test_kernel,362,0,qksvc,3775,4,4,3,12,"{'ry': 8, 'measure': 4, 'barrier': 1}"
test_kernel,362,1,qksvc,3776,4,4,3,12,"{'ry': 8, 'measure': 4, 'barrier': 1}"
test_kernel,362,2,qksvc,3777,4,4,3,12,"{'ry': 8, 'measure': 4, 'barrier': 1}"
test_kernel,362,3,qksvc,3778,4,4,3,12,"{'ry': 8, 'measure': 4, 'barrier': 1}"
test_kernel,362,4,qksvc,3779,4,4,3,12,"{'ry': 8, 'measure': 4, 'barrier': 1}"
test_kernel,362,5,qksvc,3780,4,4,3,12,"{'ry': 8, 'measure': 4, 'barrier': 1}"
test_kernel,362,6,qksvc,3781,4,4,3,12,"{'ry': 8, 'measure': 4, 'barrier': 1}"
test_kernel,362,7,qksvc,3782,4,4,3,12,"{'ry': 8, 'measure': 4, 'barrier': 1}"
test_kernel,362,8,qksvc,3783,4,4,3,12,"{'ry': 8, 'measure': 4, 'barrier': 1}"
test_kernel,362,9,qksvc,3784,4,4,3,12,"{'ry': 8, 'measure': 4, 'barrier': 1}"
test_kernel,363,0,qksvc,3785,4,4,3,12,"{'ry': 8, 'measure': 4, 'barrier': 1}"
test_kernel,363,1,qksvc,3786,4,4,3,12,"{'ry': 8, 'measure': 4, 'barrier': 1}"
test_kernel,363,2,qksvc,3787,4,4,3,12,"{'ry': 8, 'measure': 4, 'barrier': 1}"
test_kernel,363,3,qksvc,3788,4,4,3,12,"{'ry': 8, 'measure': 4, 'barrier': 1}"
test_kernel,363,4,qksvc,3789,4,4,3,12,"{'ry': 8, 'measure': 4, 'barrier': 1}"
test_kernel,363,5,qksvc,3790,4,4,3,12,"{'ry': 8, 'measure': 4, 'barrier': 1}"
test_kernel,363,6,qksvc,3791,4,4,3,12,"{'ry': 8, 'measure': 4, 'barrier': 1}"
test_kernel,363,7,qksvc,3792,4,4,3,12,"{'ry': 8, 'measure': 4, 'barrier': 1}"
test_kernel,363,8,qksvc,3793,4,4,3,12,"{'ry': 8, 'measure': 4, 'barrier': 1}"
test_kernel,363,9,qksvc,3794,4,4,3,12,"{'ry': 8, 'measure': 4, 'barrier': 1}"
test_kernel,364,0,qksvc,3795,4,4,3,12,"{'ry': 8, 'measure': 4, 'barrier': 1}"
test_kernel,364,1,qksvc,3796,4,4,3,12,"{'ry': 8, 'measure': 4, 'barrier': 1}"
test_kernel,364,2,qksvc,3797,4,4,3,12,"{'ry': 8, 'measure': 4, 'barrier': 1}"
test_kernel,364,3,qksvc,3798,4,4,3,12,"{'ry': 8, 'measure': 4, 'barrier': 1}"
test_kernel,364,4,qksvc,3799,4,4,3,12,"{'ry': 8, 'measure': 4, 'barrier': 1}"
test_kernel,364,5,qksvc,3800,4,4,3,12,"{'ry': 8, 'measure': 4, 'barrier': 1}"
test_kernel,364,6,qksvc,3801,4,4,3,12,"{'ry': 8, 'measure': 4, 'barrier': 1}"
test_kernel,364,7,qksvc,3802,4,4,3,12,"{'ry': 8, 'measure': 4, 'barrier': 1}"
test_kernel,364,8,qksvc,3803,4,4,3,12,"{'ry': 8, 'measure': 4, 'barrier': 1}"
test_kernel,364,9,qksvc,3804,4,4,3,12,"{'ry': 8, 'measure': 4, 'barrier': 1}"
test_kernel,365,0,qksvc,3805,4,4,3,12,"{'ry': 8, 'measure': 4, 'barrier': 1}"
test_kernel,365,1,qksvc,3806,4,4,3,12,"{'ry': 8, 'measure': 4, 'barrier': 1}"
test_kernel,365,2,qksvc,3807,4,4,3,12,"{'ry': 8, 'measure': 4, 'barrier': 1}"
test_kernel,365,3,qksvc,3808,4,4,3,12,"{'ry': 8, 'measure': 4, 'barrier': 1}"
test_kernel,365,4,qksvc,3809,4,4,3,12,"{'ry': 8, 'measure': 4, 'barrier': 1}"
test_kernel,365,5,qksvc,3810,4,4,3,12,"{'ry': 8, 'measure': 4, 'barrier': 1}"
test_kernel,365,6,qksvc,3811,4,4,3,12,"{'ry': 8, 'measure': 4, 'barrier': 1}"
test_kernel,365,7,qksvc,3812,4,4,3,12,"{'ry': 8, 'measure': 4, 'barrier': 1}"
test_kernel,365,8,qksvc,3813,4,4,3,12,"{'ry': 8, 'measure': 4, 'barrier': 1}"
test_kernel,365,9,qksvc,3814,4,4,3,12,"{'ry': 8, 'measure': 4, 'barrier': 1}"
test_kernel,366,0,qksvc,3815,4,4,3,12,"{'ry': 8, 'measure': 4, 'barrier': 1}"
test_kernel,366,1,qksvc,3816,4,4,3,12,"{'ry': 8, 'measure': 4, 'barrier': 1}"
test_kernel,366,2,qksvc,3817,4,4,3,12,"{'ry': 8, 'measure': 4, 'barrier': 1}"
test_kernel,366,3,qksvc,3818,4,4,3,12,"{'ry': 8, 'measure': 4, 'barrier': 1}"
test_kernel,366,4,qksvc,3819,4,4,3,12,"{'ry': 8, 'measure': 4, 'barrier': 1}"
test_kernel,366,5,qksvc,3820,4,4,3,12,"{'ry': 8, 'measure': 4, 'barrier': 1}"
test_kernel,366,6,qksvc,3821,4,4,3,12,"{'ry': 8, 'measure': 4, 'barrier': 1}"
test_kernel,366,7,qksvc,3822,4,4,3,12,"{'ry': 8, 'measure': 4, 'barrier': 1}"
test_kernel,366,8,qksvc,3823,4,4,3,12,"{'ry': 8, 'measure': 4, 'barrier': 1}"
test_kernel,366,9,qksvc,3824,4,4,3,12,"{'ry': 8, 'measure': 4, 'barrier': 1}"
test_kernel,367,0,qksvc,3825,4,4,3,12,"{'ry': 8, 'measure': 4, 'barrier': 1}"
test_kernel,367,1,qksvc,3826,4,4,3,12,"{'ry': 8, 'measure': 4, 'barrier': 1}"
test_kernel,367,2,qksvc,3827,4,4,3,12,"{'ry': 8, 'measure': 4, 'barrier': 1}"
test_kernel,367,3,qksvc,3828,4,4,3,12,"{'ry': 8, 'measure': 4, 'barrier': 1}"
test_kernel,367,4,qksvc,3829,4,4,3,12,"{'ry': 8, 'measure': 4, 'barrier': 1}"
test_kernel,367,5,qksvc,3830,4,4,3,12,"{'ry': 8, 'measure': 4, 'barrier': 1}"
test_kernel,367,6,qksvc,3831,4,4,3,12,"{'ry': 8, 'measure': 4, 'barrier': 1}"
test_kernel,367,7,qksvc,3832,4,4,3,12,"{'ry': 8, 'measure': 4, 'barrier': 1}"
test_kernel,367,8,qksvc,3833,4,4,3,12,"{'ry': 8, 'measure': 4, 'barrier': 1}"
test_kernel,367,9,qksvc,3834,4,4,3,12,"{'ry': 8, 'measure': 4, 'barrier': 1}"
test_kernel,368,0,qksvc,3835,4,4,3,12,"{'ry': 8, 'measure': 4, 'barrier': 1}"
test_kernel,368,1,qksvc,3836,4,4,3,12,"{'ry': 8, 'measure': 4, 'barrier': 1}"
test_kernel,368,2,qksvc,3837,4,4,3,12,"{'ry': 8, 'measure': 4, 'barrier': 1}"
test_kernel,368,3,qksvc,3838,4,4,3,12,"{'ry': 8, 'measure': 4, 'barrier': 1}"
test_kernel,368,4,qksvc,3839,4,4,3,12,"{'ry': 8, 'measure': 4, 'barrier': 1}"
test_kernel,368,5,qksvc,3840,4,4,3,12,"{'ry': 8, 'measure': 4, 'barrier': 1}"
test_kernel,368,6,qksvc,3841,4,4,3,12,"{'ry': 8, 'measure': 4, 'barrier': 1}"
test_kernel,368,7,qksvc,3842,4,4,3,12,"{'ry': 8, 'measure': 4, 'barrier': 1}"
test_kernel,368,8,qksvc,3843,4,4,3,12,"{'ry': 8, 'measure': 4, 'barrier': 1}"
test_kernel,368,9,qksvc,3844,4,4,3,12,"{'ry': 8, 'measure': 4, 'barrier': 1}"
test_kernel,369,0,qksvc,3845,4,4,3,12,"{'ry': 8, 'measure': 4, 'barrier': 1}"
test_kernel,369,1,qksvc,3846,4,4,3,12,"{'ry': 8, 'measure': 4, 'barrier': 1}"
test_kernel,369,2,qksvc,3847,4,4,3,12,"{'ry': 8, 'measure': 4, 'barrier': 1}"
test_kernel,369,3,qksvc,3848,4,4,3,12,"{'ry': 8, 'measure': 4, 'barrier': 1}"
test_kernel,369,4,qksvc,3849,4,4,3,12,"{'ry': 8, 'measure': 4, 'barrier': 1}"
test_kernel,369,5,qksvc,3850,4,4,3,12,"{'ry': 8, 'measure': 4, 'barrier': 1}"
test_kernel,369,6,qksvc,3851,4,4,3,12,"{'ry': 8, 'measure': 4, 'barrier': 1}"
test_kernel,369,7,qksvc,3852,4,4,3,12,"{'ry': 8, 'measure': 4, 'barrier': 1}"
test_kernel,369,8,qksvc,3853,4,4,3,12,"{'ry': 8, 'measure': 4, 'barrier': 1}"
test_kernel,369,9,qksvc,3854,4,4,3,12,"{'ry': 8, 'measure': 4, 'barrier': 1}"
test_kernel,370,0,qksvc,3855,4,4,3,12,"{'ry': 8, 'measure': 4, 'barrier': 1}"
test_kernel,370,1,qksvc,3856,4,4,3,12,"{'ry': 8, 'measure': 4, 'barrier': 1}"
test_kernel,370,2,qksvc,3857,4,4,3,12,"{'ry': 8, 'measure': 4, 'barrier': 1}"
test_kernel,370,3,qksvc,3858,4,4,3,12,"{'ry': 8, 'measure': 4, 'barrier': 1}"
test_kernel,370,4,qksvc,3859,4,4,3,12,"{'ry': 8, 'measure': 4, 'barrier': 1}"
test_kernel,370,5,qksvc,3860,4,4,3,12,"{'ry': 8, 'measure': 4, 'barrier': 1}"
test_kernel,370,6,qksvc,3861,4,4,3,12,"{'ry': 8, 'measure': 4, 'barrier': 1}"
test_kernel,370,7,qksvc,3862,4,4,3,12,"{'ry': 8, 'measure': 4, 'barrier': 1}"
test_kernel,370,8,qksvc,3863,4,4,3,12,"{'ry': 8, 'measure': 4, 'barrier': 1}"
test_kernel,370,9,qksvc,3864,4,4,3,12,"{'ry': 8, 'measure': 4, 'barrier': 1}"
test_kernel,371,0,qksvc,3865,4,4,3,12,"{'ry': 8, 'measure': 4, 'barrier': 1}"
test_kernel,371,1,qksvc,3866,4,4,3,12,"{'ry': 8, 'measure': 4, 'barrier': 1}"
test_kernel,371,2,qksvc,3867,4,4,3,12,"{'ry': 8, 'measure': 4, 'barrier': 1}"
test_kernel,371,3,qksvc,3868,4,4,3,12,"{'ry': 8, 'measure': 4, 'barrier': 1}"
test_kernel,371,4,qksvc,3869,4,4,3,12,"{'ry': 8, 'measure': 4, 'barrier': 1}"
test_kernel,371,5,qksvc,3870,4,4,3,12,"{'ry': 8, 'measure': 4, 'barrier': 1}"
test_kernel,371,6,qksvc,3871,4,4,3,12,"{'ry': 8, 'measure': 4, 'barrier': 1}"
test_kernel,371,7,qksvc,3872,4,4,3,12,"{'ry': 8, 'measure': 4, 'barrier': 1}"
test_kernel,371,8,qksvc,3873,4,4,3,12,"{'ry': 8, 'measure': 4, 'barrier': 1}"
test_kernel,371,9,qksvc,3874,4,4,3,12,"{'ry': 8, 'measure': 4, 'barrier': 1}"
test_kernel,372,0,qksvc,3875,4,4,3,12,"{'ry': 8, 'measure': 4, 'barrier': 1}"
test_kernel,372,1,qksvc,3876,4,4,3,12,"{'ry': 8, 'measure': 4, 'barrier': 1}"
test_kernel,372,2,qksvc,3877,4,4,3,12,"{'ry': 8, 'measure': 4, 'barrier': 1}"
test_kernel,372,3,qksvc,3878,4,4,3,12,"{'ry': 8, 'measure': 4, 'barrier': 1}"
test_kernel,372,4,qksvc,3879,4,4,3,12,"{'ry': 8, 'measure': 4, 'barrier': 1}"
test_kernel,372,5,qksvc,3880,4,4,3,12,"{'ry': 8, 'measure': 4, 'barrier': 1}"
test_kernel,372,6,qksvc,3881,4,4,3,12,"{'ry': 8, 'measure': 4, 'barrier': 1}"
test_kernel,372,7,qksvc,3882,4,4,3,12,"{'ry': 8, 'measure': 4, 'barrier': 1}"
test_kernel,372,8,qksvc,3883,4,4,3,12,"{'ry': 8, 'measure': 4, 'barrier': 1}"
test_kernel,372,9,qksvc,3884,4,4,3,12,"{'ry': 8, 'measure': 4, 'barrier': 1}"
test_kernel,373,0,qksvc,3885,4,4,3,12,"{'ry': 8, 'measure': 4, 'barrier': 1}"
test_kernel,373,1,qksvc,3886,4,4,3,12,"{'ry': 8, 'measure': 4, 'barrier': 1}"
test_kernel,373,2,qksvc,3887,4,4,3,12,"{'ry': 8, 'measure': 4, 'barrier': 1}"
test_kernel,373,3,qksvc,3888,4,4,3,12,"{'ry': 8, 'measure': 4, 'barrier': 1}"
test_kernel,373,4,qksvc,3889,4,4,3,12,"{'ry': 8, 'measure': 4, 'barrier': 1}"
test_kernel,373,5,qksvc,3890,4,4,3,12,"{'ry': 8, 'measure': 4, 'barrier': 1}"
test_kernel,373,6,qksvc,3891,4,4,3,12,"{'ry': 8, 'measure': 4, 'barrier': 1}"
test_kernel,373,7,qksvc,3892,4,4,3,12,"{'ry': 8, 'measure': 4, 'barrier': 1}"
test_kernel,373,8,qksvc,3893,4,4,3,12,"{'ry': 8, 'measure': 4, 'barrier': 1}"
test_kernel,373,9,qksvc,3894,4,4,3,12,"{'ry': 8, 'measure': 4, 'barrier': 1}"
test_kernel,374,0,qksvc,3895,4,4,3,12,"{'ry': 8, 'measure': 4, 'barrier': 1}"
test_kernel,374,1,qksvc,3896,4,4,3,12,"{'ry': 8, 'measure': 4, 'barrier': 1}"
test_kernel,374,2,qksvc,3897,4,4,3,12,"{'ry': 8, 'measure': 4, 'barrier': 1}"
test_kernel,374,3,qksvc,3898,4,4,3,12,"{'ry': 8, 'measure': 4, 'barrier': 1}"
test_kernel,374,4,qksvc,3899,4,4,3,12,"{'ry': 8, 'measure': 4, 'barrier': 1}"
test_kernel,374,5,qksvc,3900,4,4,3,12,"{'ry': 8, 'measure': 4, 'barrier': 1}"
test_kernel,374,6,qksvc,3901,4,4,3,12,"{'ry': 8, 'measure': 4, 'barrier': 1}"
test_kernel,374,7,qksvc,3902,4,4,3,12,"{'ry': 8, 'measure': 4, 'barrier': 1}"
test_kernel,374,8,qksvc,3903,4,4,3,12,"{'ry': 8, 'measure': 4, 'barrier': 1}"
test_kernel,374,9,qksvc,3904,4,4,3,12,"{'ry': 8, 'measure': 4, 'barrier': 1}"
test_kernel,375,0,qksvc,3905,4,4,3,12,"{'ry': 8, 'measure': 4, 'barrier': 1}"
test_kernel,375,1,qksvc,3906,4,4,3,12,"{'ry': 8, 'measure': 4, 'barrier': 1}"
test_kernel,375,2,qksvc,3907,4,4,3,12,"{'ry': 8, 'measure': 4, 'barrier': 1}"
test_kernel,375,3,qksvc,3908,4,4,3,12,"{'ry': 8, 'measure': 4, 'barrier': 1}"
test_kernel,375,4,qksvc,3909,4,4,3,12,"{'ry': 8, 'measure': 4, 'barrier': 1}"
test_kernel,375,5,qksvc,3910,4,4,3,12,"{'ry': 8, 'measure': 4, 'barrier': 1}"
test_kernel,375,6,qksvc,3911,4,4,3,12,"{'ry': 8, 'measure': 4, 'barrier': 1}"
test_kernel,375,7,qksvc,3912,4,4,3,12,"{'ry': 8, 'measure': 4, 'barrier': 1}"
test_kernel,375,8,qksvc,3913,4,4,3,12,"{'ry': 8, 'measure': 4, 'barrier': 1}"
test_kernel,375,9,qksvc,3914,4,4,3,12,"{'ry': 8, 'measure': 4, 'barrier': 1}"
test_kernel,376,0,qksvc,3915,4,4,3,12,"{'ry': 8, 'measure': 4, 'barrier': 1}"
test_kernel,376,1,qksvc,3916,4,4,3,12,"{'ry': 8, 'measure': 4, 'barrier': 1}"
test_kernel,376,2,qksvc,3917,4,4,3,12,"{'ry': 8, 'measure': 4, 'barrier': 1}"
test_kernel,376,3,qksvc,3918,4,4,3,12,"{'ry': 8, 'measure': 4, 'barrier': 1}"
test_kernel,376,4,qksvc,3919,4,4,3,12,"{'ry': 8, 'measure': 4, 'barrier': 1}"
test_kernel,376,5,qksvc,3920,4,4,3,12,"{'ry': 8, 'measure': 4, 'barrier': 1}"
test_kernel,376,6,qksvc,3921,4,4,3,12,"{'ry': 8, 'measure': 4, 'barrier': 1}"
test_kernel,376,7,qksvc,3922,4,4,3,12,"{'ry': 8, 'measure': 4, 'barrier': 1}"
test_kernel,376,8,qksvc,3923,4,4,3,12,"{'ry': 8, 'measure': 4, 'barrier': 1}"
test_kernel,376,9,qksvc,3924,4,4,3,12,"{'ry': 8, 'measure': 4, 'barrier': 1}"
test_kernel,377,0,qksvc,3925,4,4,3,12,"{'ry': 8, 'measure': 4, 'barrier': 1}"
test_kernel,377,1,qksvc,3926,4,4,3,12,"{'ry': 8, 'measure': 4, 'barrier': 1}"
test_kernel,377,2,qksvc,3927,4,4,3,12,"{'ry': 8, 'measure': 4, 'barrier': 1}"
test_kernel,377,3,qksvc,3928,4,4,3,12,"{'ry': 8, 'measure': 4, 'barrier': 1}"
test_kernel,377,4,qksvc,3929,4,4,3,12,"{'ry': 8, 'measure': 4, 'barrier': 1}"
test_kernel,377,5,qksvc,3930,4,4,3,12,"{'ry': 8, 'measure': 4, 'barrier': 1}"
test_kernel,377,6,qksvc,3931,4,4,3,12,"{'ry': 8, 'measure': 4, 'barrier': 1}"
test_kernel,377,7,qksvc,3932,4,4,3,12,"{'ry': 8, 'measure': 4, 'barrier': 1}"
test_kernel,377,8,qksvc,3933,4,4,3,12,"{'ry': 8, 'measure': 4, 'barrier': 1}"
test_kernel,377,9,qksvc,3934,4,4,3,12,"{'ry': 8, 'measure': 4, 'barrier': 1}"
test_kernel,378,0,qksvc,3935,4,4,3,12,"{'ry': 8, 'measure': 4, 'barrier': 1}"
test_kernel,378,1,qksvc,3936,4,4,3,12,"{'ry': 8, 'measure': 4, 'barrier': 1}"
test_kernel,378,2,qksvc,3937,4,4,3,12,"{'ry': 8, 'measure': 4, 'barrier': 1}"
test_kernel,378,3,qksvc,3938,4,4,3,12,"{'ry': 8, 'measure': 4, 'barrier': 1}"
test_kernel,378,4,qksvc,3939,4,4,3,12,"{'ry': 8, 'measure': 4, 'barrier': 1}"
test_kernel,378,5,qksvc,3940,4,4,3,12,"{'ry': 8, 'measure': 4, 'barrier': 1}"
test_kernel,378,6,qksvc,3941,4,4,3,12,"{'ry': 8, 'measure': 4, 'barrier': 1}"
test_kernel,378,7,qksvc,3942,4,4,3,12,"{'ry': 8, 'measure': 4, 'barrier': 1}"
test_kernel,378,8,qksvc,3943,4,4,3,12,"{'ry': 8, 'measure': 4, 'barrier': 1}"
test_kernel,378,9,qksvc,3944,4,4,3,12,"{'ry': 8, 'measure': 4, 'barrier': 1}"
test_kernel,379,0,qksvc,3945,4,4,3,12,"{'ry': 8, 'measure': 4, 'barrier': 1}"
test_kernel,379,1,qksvc,3946,4,4,3,12,"{'ry': 8, 'measure': 4, 'barrier': 1}"
test_kernel,379,2,qksvc,3947,4,4,3,12,"{'ry': 8, 'measure': 4, 'barrier': 1}"
test_kernel,379,3,qksvc,3948,4,4,3,12,"{'ry': 8, 'measure': 4, 'barrier': 1}"
test_kernel,379,4,qksvc,3949,4,4,3,12,"{'ry': 8, 'measure': 4, 'barrier': 1}"
test_kernel,379,5,qksvc,3950,4,4,3,12,"{'ry': 8, 'measure': 4, 'barrier': 1}"
test_kernel,379,6,qksvc,3951,4,4,3,12,"{'ry': 8, 'measure': 4, 'barrier': 1}"
test_kernel,379,7,qksvc,3952,4,4,3,12,"{'ry': 8, 'measure': 4, 'barrier': 1}"
test_kernel,379,8,qksvc,3953,4,4,3,12,"{'ry': 8, 'measure': 4, 'barrier': 1}"
test_kernel,379,9,qksvc,3954,4,4,3,12,"{'ry': 8, 'measure': 4, 'barrier': 1}"
test_kernel,380,0,qksvc,3955,4,4,3,12,"{'ry': 8, 'measure': 4, 'barrier': 1}"
test_kernel,380,1,qksvc,3956,4,4,3,12,"{'ry': 8, 'measure': 4, 'barrier': 1}"
test_kernel,380,2,qksvc,3957,4,4,3,12,"{'ry': 8, 'measure': 4, 'barrier': 1}"
test_kernel,380,3,qksvc,3958,4,4,3,12,"{'ry': 8, 'measure': 4, 'barrier': 1}"
test_kernel,380,4,qksvc,3959,4,4,3,12,"{'ry': 8, 'measure': 4, 'barrier': 1}"
test_kernel,380,5,qksvc,3960,4,4,3,12,"{'ry': 8, 'measure': 4, 'barrier': 1}"
test_kernel,380,6,qksvc,3961,4,4,3,12,"{'ry': 8, 'measure': 4, 'barrier': 1}"
test_kernel,380,7,qksvc,3962,4,4,3,12,"{'ry': 8, 'measure': 4, 'barrier': 1}"
test_kernel,380,8,qksvc,3963,4,4,3,12,"{'ry': 8, 'measure': 4, 'barrier': 1}"
test_kernel,380,9,qksvc,3964,4,4,3,12,"{'ry': 8, 'measure': 4, 'barrier': 1}"
test_kernel,381,0,qksvc,3965,4,4,3,12,"{'ry': 8, 'measure': 4, 'barrier': 1}"
test_kernel,381,1,qksvc,3966,4,4,3,12,"{'ry': 8, 'measure': 4, 'barrier': 1}"
test_kernel,381,2,qksvc,3967,4,4,3,12,"{'ry': 8, 'measure': 4, 'barrier': 1}"
test_kernel,381,3,qksvc,3968,4,4,3,12,"{'ry': 8, 'measure': 4, 'barrier': 1}"
test_kernel,381,4,qksvc,3969,4,4,3,12,"{'ry': 8, 'measure': 4, 'barrier': 1}"
test_kernel,381,5,qksvc,3970,4,4,3,12,"{'ry': 8, 'measure': 4, 'barrier': 1}"
test_kernel,381,6,qksvc,3971,4,4,3,12,"{'ry': 8, 'measure': 4, 'barrier': 1}"
test_kernel,381,7,qksvc,3972,4,4,3,12,"{'ry': 8, 'measure': 4, 'barrier': 1}"
test_kernel,381,8,qksvc,3973,4,4,3,12,"{'ry': 8, 'measure': 4, 'barrier': 1}"
test_kernel,381,9,qksvc,3974,4,4,3,12,"{'ry': 8, 'measure': 4, 'barrier': 1}"
test_kernel,382,0,qksvc,3975,4,4,3,12,"{'ry': 8, 'measure': 4, 'barrier': 1}"
test_kernel,382,1,qksvc,3976,4,4,3,12,"{'ry': 8, 'measure': 4, 'barrier': 1}"
test_kernel,382,2,qksvc,3977,4,4,3,12,"{'ry': 8, 'measure': 4, 'barrier': 1}"
test_kernel,382,3,qksvc,3978,4,4,3,12,"{'ry': 8, 'measure': 4, 'barrier': 1}"
test_kernel,382,4,qksvc,3979,4,4,3,12,"{'ry': 8, 'measure': 4, 'barrier': 1}"
test_kernel,382,5,qksvc,3980,4,4,3,12,"{'ry': 8, 'measure': 4, 'barrier': 1}"
test_kernel,382,6,qksvc,3981,4,4,3,12,"{'ry': 8, 'measure': 4, 'barrier': 1}"
test_kernel,382,7,qksvc,3982,4,4,3,12,"{'ry': 8, 'measure': 4, 'barrier': 1}"
test_kernel,382,8,qksvc,3983,4,4,3,12,"{'ry': 8, 'measure': 4, 'barrier': 1}"
test_kernel,382,9,qksvc,3984,4,4,3,12,"{'ry': 8, 'measure': 4, 'barrier': 1}"
test_kernel,383,0,qksvc,3985,4,4,3,12,"{'ry': 8, 'measure': 4, 'barrier': 1}"
test_kernel,383,1,qksvc,3986,4,4,3,12,"{'ry': 8, 'measure': 4, 'barrier': 1}"
test_kernel,383,2,qksvc,3987,4,4,3,12,"{'ry': 8, 'measure': 4, 'barrier': 1}"
test_kernel,383,3,qksvc,3988,4,4,3,12,"{'ry': 8, 'measure': 4, 'barrier': 1}"
test_kernel,383,4,qksvc,3989,4,4,3,12,"{'ry': 8, 'measure': 4, 'barrier': 1}"
test_kernel,383,5,qksvc,3990,4,4,3,12,"{'ry': 8, 'measure': 4, 'barrier': 1}"
test_kernel,383,6,qksvc,3991,4,4,3,12,"{'ry': 8, 'measure': 4, 'barrier': 1}"
test_kernel,383,7,qksvc,3992,4,4,3,12,"{'ry': 8, 'measure': 4, 'barrier': 1}"
test_kernel,383,8,qksvc,3993,4,4,3,12,"{'ry': 8, 'measure': 4, 'barrier': 1}"
test_kernel,383,9,qksvc,3994,4,4,3,12,"{'ry': 8, 'measure': 4, 'barrier': 1}"
test_kernel,384,0,qksvc,3995,4,4,3,12,"{'ry': 8, 'measure': 4, 'barrier': 1}"
test_kernel,384,1,qksvc,3996,4,4,3,12,"{'ry': 8, 'measure': 4, 'barrier': 1}"
test_kernel,384,2,qksvc,3997,4,4,3,12,"{'ry': 8, 'measure': 4, 'barrier': 1}"
test_kernel,384,3,qksvc,3998,4,4,3,12,"{'ry': 8, 'measure': 4, 'barrier': 1}"
test_kernel,384,4,qksvc,3999,4,4,3,12,"{'ry': 8, 'measure': 4, 'barrier': 1}"
test_kernel,384,5,qksvc,4000,4,4,3,12,"{'ry': 8, 'measure': 4, 'barrier': 1}"
test_kernel,384,6,qksvc,4001,4,4,3,12,"{'ry': 8, 'measure': 4, 'barrier': 1}"
test_kernel,384,7,qksvc,4002,4,4,3,12,"{'ry': 8, 'measure': 4, 'barrier': 1}"
test_kernel,384,8,qksvc,4003,4,4,3,12,"{'ry': 8, 'measure': 4, 'barrier': 1}"
test_kernel,384,9,qksvc,4004,4,4,3,12,"{'ry': 8, 'measure': 4, 'barrier': 1}"
test_kernel,385,0,qksvc,4005,4,4,3,12,"{'ry': 8, 'measure': 4, 'barrier': 1}"
test_kernel,385,1,qksvc,4006,4,4,3,12,"{'ry': 8, 'measure': 4, 'barrier': 1}"
test_kernel,385,2,qksvc,4007,4,4,3,12,"{'ry': 8, 'measure': 4, 'barrier': 1}"
test_kernel,385,3,qksvc,4008,4,4,3,12,"{'ry': 8, 'measure': 4, 'barrier': 1}"
test_kernel,385,4,qksvc,4009,4,4,3,12,"{'ry': 8, 'measure': 4, 'barrier': 1}"
test_kernel,385,5,qksvc,4010,4,4,3,12,"{'ry': 8, 'measure': 4, 'barrier': 1}"
test_kernel,385,6,qksvc,4011,4,4,3,12,"{'ry': 8, 'measure': 4, 'barrier': 1}"
test_kernel,385,7,qksvc,4012,4,4,3,12,"{'ry': 8, 'measure': 4, 'barrier': 1}"
test_kernel,385,8,qksvc,4013,4,4,3,12,"{'ry': 8, 'measure': 4, 'barrier': 1}"
test_kernel,385,9,qksvc,4014,4,4,3,12,"{'ry': 8, 'measure': 4, 'barrier': 1}"
test_kernel,386,0,qksvc,4015,4,4,3,12,"{'ry': 8, 'measure': 4, 'barrier': 1}"
test_kernel,386,1,qksvc,4016,4,4,3,12,"{'ry': 8, 'measure': 4, 'barrier': 1}"
test_kernel,386,2,qksvc,4017,4,4,3,12,"{'ry': 8, 'measure': 4, 'barrier': 1}"
test_kernel,386,3,qksvc,4018,4,4,3,12,"{'ry': 8, 'measure': 4, 'barrier': 1}"
test_kernel,386,4,qksvc,4019,4,4,3,12,"{'ry': 8, 'measure': 4, 'barrier': 1}"
test_kernel,386,5,qksvc,4020,4,4,3,12,"{'ry': 8, 'measure': 4, 'barrier': 1}"
test_kernel,386,6,qksvc,4021,4,4,3,12,"{'ry': 8, 'measure': 4, 'barrier': 1}"
test_kernel,386,7,qksvc,4022,4,4,3,12,"{'ry': 8, 'measure': 4, 'barrier': 1}"
test_kernel,386,8,qksvc,4023,4,4,3,12,"{'ry': 8, 'measure': 4, 'barrier': 1}"
test_kernel,386,9,qksvc,4024,4,4,3,12,"{'ry': 8, 'measure': 4, 'barrier': 1}"
test_kernel,387,0,qksvc,4025,4,4,3,12,"{'ry': 8, 'measure': 4, 'barrier': 1}"
test_kernel,387,1,qksvc,4026,4,4,3,12,"{'ry': 8, 'measure': 4, 'barrier': 1}"
test_kernel,387,2,qksvc,4027,4,4,3,12,"{'ry': 8, 'measure': 4, 'barrier': 1}"
test_kernel,387,3,qksvc,4028,4,4,3,12,"{'ry': 8, 'measure': 4, 'barrier': 1}"
test_kernel,387,4,qksvc,4029,4,4,3,12,"{'ry': 8, 'measure': 4, 'barrier': 1}"
test_kernel,387,5,qksvc,4030,4,4,3,12,"{'ry': 8, 'measure': 4, 'barrier': 1}"
test_kernel,387,6,qksvc,4031,4,4,3,12,"{'ry': 8, 'measure': 4, 'barrier': 1}"
test_kernel,387,7,qksvc,4032,4,4,3,12,"{'ry': 8, 'measure': 4, 'barrier': 1}"
test_kernel,387,8,qksvc,4033,4,4,3,12,"{'ry': 8, 'measure': 4, 'barrier': 1}"
test_kernel,387,9,qksvc,4034,4,4,3,12,"{'ry': 8, 'measure': 4, 'barrier': 1}"
test_kernel,388,0,qksvc,4035,4,4,3,12,"{'ry': 8, 'measure': 4, 'barrier': 1}"
test_kernel,388,1,qksvc,4036,4,4,3,12,"{'ry': 8, 'measure': 4, 'barrier': 1}"
test_kernel,388,2,qksvc,4037,4,4,3,12,"{'ry': 8, 'measure': 4, 'barrier': 1}"
test_kernel,388,3,qksvc,4038,4,4,3,12,"{'ry': 8, 'measure': 4, 'barrier': 1}"
test_kernel,388,4,qksvc,4039,4,4,3,12,"{'ry': 8, 'measure': 4, 'barrier': 1}"
test_kernel,388,5,qksvc,4040,4,4,3,12,"{'ry': 8, 'measure': 4, 'barrier': 1}"
test_kernel,388,6,qksvc,4041,4,4,3,12,"{'ry': 8, 'measure': 4, 'barrier': 1}"
test_kernel,388,7,qksvc,4042,4,4,3,12,"{'ry': 8, 'measure': 4, 'barrier': 1}"
test_kernel,388,8,qksvc,4043,4,4,3,12,"{'ry': 8, 'measure': 4, 'barrier': 1}"
test_kernel,388,9,qksvc,4044,4,4,3,12,"{'ry': 8, 'measure': 4, 'barrier': 1}"
test_kernel,389,0,qksvc,4045,4,4,3,12,"{'ry': 8, 'measure': 4, 'barrier': 1}"
test_kernel,389,1,qksvc,4046,4,4,3,12,"{'ry': 8, 'measure': 4, 'barrier': 1}"
test_kernel,389,2,qksvc,4047,4,4,3,12,"{'ry': 8, 'measure': 4, 'barrier': 1}"
test_kernel,389,3,qksvc,4048,4,4,3,12,"{'ry': 8, 'measure': 4, 'barrier': 1}"
test_kernel,389,4,qksvc,4049,4,4,3,12,"{'ry': 8, 'measure': 4, 'barrier': 1}"
test_kernel,389,5,qksvc,4050,4,4,3,12,"{'ry': 8, 'measure': 4, 'barrier': 1}"
test_kernel,389,6,qksvc,4051,4,4,3,12,"{'ry': 8, 'measure': 4, 'barrier': 1}"
test_kernel,389,7,qksvc,4052,4,4,3,12,"{'ry': 8, 'measure': 4, 'barrier': 1}"
test_kernel,389,8,qksvc,4053,4,4,3,12,"{'ry': 8, 'measure': 4, 'barrier': 1}"
test_kernel,389,9,qksvc,4054,4,4,3,12,"{'ry': 8, 'measure': 4, 'barrier': 1}"
test_kernel,390,0,qksvc,4055,4,4,3,12,"{'ry': 8, 'measure': 4, 'barrier': 1}"
test_kernel,390,1,qksvc,4056,4,4,3,12,"{'ry': 8, 'measure': 4, 'barrier': 1}"
test_kernel,390,2,qksvc,4057,4,4,3,12,"{'ry': 8, 'measure': 4, 'barrier': 1}"
test_kernel,390,3,qksvc,4058,4,4,3,12,"{'ry': 8, 'measure': 4, 'barrier': 1}"
test_kernel,390,4,qksvc,4059,4,4,3,12,"{'ry': 8, 'measure': 4, 'barrier': 1}"
test_kernel,390,5,qksvc,4060,4,4,3,12,"{'ry': 8, 'measure': 4, 'barrier': 1}"
test_kernel,390,6,qksvc,4061,4,4,3,12,"{'ry': 8, 'measure': 4, 'barrier': 1}"
test_kernel,390,7,qksvc,4062,4,4,3,12,"{'ry': 8, 'measure': 4, 'barrier': 1}"
test_kernel,390,8,qksvc,4063,4,4,3,12,"{'ry': 8, 'measure': 4, 'barrier': 1}"
test_kernel,390,9,qksvc,4064,4,4,3,12,"{'ry': 8, 'measure': 4, 'barrier': 1}"
test_kernel,391,0,qksvc,4065,4,4,3,12,"{'ry': 8, 'measure': 4, 'barrier': 1}"
test_kernel,391,1,qksvc,4066,4,4,3,12,"{'ry': 8, 'measure': 4, 'barrier': 1}"
test_kernel,391,2,qksvc,4067,4,4,3,12,"{'ry': 8, 'measure': 4, 'barrier': 1}"
test_kernel,391,3,qksvc,4068,4,4,3,12,"{'ry': 8, 'measure': 4, 'barrier': 1}"
test_kernel,391,4,qksvc,4069,4,4,3,12,"{'ry': 8, 'measure': 4, 'barrier': 1}"
test_kernel,391,5,qksvc,4070,4,4,3,12,"{'ry': 8, 'measure': 4, 'barrier': 1}"
test_kernel,391,6,qksvc,4071,4,4,3,12,"{'ry': 8, 'measure': 4, 'barrier': 1}"
test_kernel,391,7,qksvc,4072,4,4,3,12,"{'ry': 8, 'measure': 4, 'barrier': 1}"
test_kernel,391,8,qksvc,4073,4,4,3,12,"{'ry': 8, 'measure': 4, 'barrier': 1}"
test_kernel,391,9,qksvc,4074,4,4,3,12,"{'ry': 8, 'measure': 4, 'barrier': 1}"
test_kernel,392,0,qksvc,4075,4,4,3,12,"{'ry': 8, 'measure': 4, 'barrier': 1}"
test_kernel,392,1,qksvc,4076,4,4,3,12,"{'ry': 8, 'measure': 4, 'barrier': 1}"
test_kernel,392,2,qksvc,4077,4,4,3,12,"{'ry': 8, 'measure': 4, 'barrier': 1}"
test_kernel,392,3,qksvc,4078,4,4,3,12,"{'ry': 8, 'measure': 4, 'barrier': 1}"
test_kernel,392,4,qksvc,4079,4,4,3,12,"{'ry': 8, 'measure': 4, 'barrier': 1}"
test_kernel,392,5,qksvc,4080,4,4,3,12,"{'ry': 8, 'measure': 4, 'barrier': 1}"
test_kernel,392,6,qksvc,4081,4,4,3,12,"{'ry': 8, 'measure': 4, 'barrier': 1}"
test_kernel,392,7,qksvc,4082,4,4,3,12,"{'ry': 8, 'measure': 4, 'barrier': 1}"
test_kernel,392,8,qksvc,4083,4,4,3,12,"{'ry': 8, 'measure': 4, 'barrier': 1}"
test_kernel,392,9,qksvc,4084,4,4,3,12,"{'ry': 8, 'measure': 4, 'barrier': 1}"
test_kernel,393,0,qksvc,4085,4,4,3,12,"{'ry': 8, 'measure': 4, 'barrier': 1}"
test_kernel,393,1,qksvc,4086,4,4,3,12,"{'ry': 8, 'measure': 4, 'barrier': 1}"
test_kernel,393,2,qksvc,4087,4,4,3,12,"{'ry': 8, 'measure': 4, 'barrier': 1}"
test_kernel,393,3,qksvc,4088,4,4,3,12,"{'ry': 8, 'measure': 4, 'barrier': 1}"
test_kernel,393,4,qksvc,4089,4,4,3,12,"{'ry': 8, 'measure': 4, 'barrier': 1}"
test_kernel,393,5,qksvc,4090,4,4,3,12,"{'ry': 8, 'measure': 4, 'barrier': 1}"
test_kernel,393,6,qksvc,4091,4,4,3,12,"{'ry': 8, 'measure': 4, 'barrier': 1}"
test_kernel,393,7,qksvc,4092,4,4,3,12,"{'ry': 8, 'measure': 4, 'barrier': 1}"
test_kernel,393,8,qksvc,4093,4,4,3,12,"{'ry': 8, 'measure': 4, 'barrier': 1}"
test_kernel,393,9,qksvc,4094,4,4,3,12,"{'ry': 8, 'measure': 4, 'barrier': 1}"
test_kernel,394,0,qksvc,4095,4,4,3,12,"{'ry': 8, 'measure': 4, 'barrier': 1}"
test_kernel,394,1,qksvc,4096,4,4,3,12,"{'ry': 8, 'measure': 4, 'barrier': 1}"
test_kernel,394,2,qksvc,4097,4,4,3,12,"{'ry': 8, 'measure': 4, 'barrier': 1}"
test_kernel,394,3,qksvc,4098,4,4,3,12,"{'ry': 8, 'measure': 4, 'barrier': 1}"
test_kernel,394,4,qksvc,4099,4,4,3,12,"{'ry': 8, 'measure': 4, 'barrier': 1}"
test_kernel,394,5,qksvc,4100,4,4,3,12,"{'ry': 8, 'measure': 4, 'barrier': 1}"
test_kernel,394,6,qksvc,4101,4,4,3,12,"{'ry': 8, 'measure': 4, 'barrier': 1}"
test_kernel,394,7,qksvc,4102,4,4,3,12,"{'ry': 8, 'measure': 4, 'barrier': 1}"
test_kernel,394,8,qksvc,4103,4,4,3,12,"{'ry': 8, 'measure': 4, 'barrier': 1}"
test_kernel,394,9,qksvc,4104,4,4,3,12,"{'ry': 8, 'measure': 4, 'barrier': 1}"
test_kernel,395,0,qksvc,4105,4,4,3,12,"{'ry': 8, 'measure': 4, 'barrier': 1}"
test_kernel,395,1,qksvc,4106,4,4,3,12,"{'ry': 8, 'measure': 4, 'barrier': 1}"
test_kernel,395,2,qksvc,4107,4,4,3,12,"{'ry': 8, 'measure': 4, 'barrier': 1}"
test_kernel,395,3,qksvc,4108,4,4,3,12,"{'ry': 8, 'measure': 4, 'barrier': 1}"
test_kernel,395,4,qksvc,4109,4,4,3,12,"{'ry': 8, 'measure': 4, 'barrier': 1}"
test_kernel,395,5,qksvc,4110,4,4,3,12,"{'ry': 8, 'measure': 4, 'barrier': 1}"
test_kernel,395,6,qksvc,4111,4,4,3,12,"{'ry': 8, 'measure': 4, 'barrier': 1}"
test_kernel,395,7,qksvc,4112,4,4,3,12,"{'ry': 8, 'measure': 4, 'barrier': 1}"
test_kernel,395,8,qksvc,4113,4,4,3,12,"{'ry': 8, 'measure': 4, 'barrier': 1}"
test_kernel,395,9,qksvc,4114,4,4,3,12,"{'ry': 8, 'measure': 4, 'barrier': 1}"
test_kernel,396,0,qksvc,4115,4,4,3,12,"{'ry': 8, 'measure': 4, 'barrier': 1}"
test_kernel,396,1,qksvc,4116,4,4,3,12,"{'ry': 8, 'measure': 4, 'barrier': 1}"
test_kernel,396,2,qksvc,4117,4,4,3,12,"{'ry': 8, 'measure': 4, 'barrier': 1}"
test_kernel,396,3,qksvc,4118,4,4,3,12,"{'ry': 8, 'measure': 4, 'barrier': 1}"
test_kernel,396,4,qksvc,4119,4,4,3,12,"{'ry': 8, 'measure': 4, 'barrier': 1}"
test_kernel,396,5,qksvc,4120,4,4,3,12,"{'ry': 8, 'measure': 4, 'barrier': 1}"
test_kernel,396,6,qksvc,4121,4,4,3,12,"{'ry': 8, 'measure': 4, 'barrier': 1}"
test_kernel,396,7,qksvc,4122,4,4,3,12,"{'ry': 8, 'measure': 4, 'barrier': 1}"
test_kernel,396,8,qksvc,4123,4,4,3,12,"{'ry': 8, 'measure': 4, 'barrier': 1}"
test_kernel,396,9,qksvc,4124,4,4,3,12,"{'ry': 8, 'measure': 4, 'barrier': 1}"
test_kernel,397,0,qksvc,4125,4,4,3,12,"{'ry': 8, 'measure': 4, 'barrier': 1}"
test_kernel,397,1,qksvc,4126,4,4,3,12,"{'ry': 8, 'measure': 4, 'barrier': 1}"
test_kernel,397,2,qksvc,4127,4,4,3,12,"{'ry': 8, 'measure': 4, 'barrier': 1}"
test_kernel,397,3,qksvc,4128,4,4,3,12,"{'ry': 8, 'measure': 4, 'barrier': 1}"
test_kernel,397,4,qksvc,4129,4,4,3,12,"{'ry': 8, 'measure': 4, 'barrier': 1}"
test_kernel,397,5,qksvc,4130,4,4,3,12,"{'ry': 8, 'measure': 4, 'barrier': 1}"
test_kernel,397,6,qksvc,4131,4,4,3,12,"{'ry': 8, 'measure': 4, 'barrier': 1}"
test_kernel,397,7,qksvc,4132,4,4,3,12,"{'ry': 8, 'measure': 4, 'barrier': 1}"
test_kernel,397,8,qksvc,4133,4,4,3,12,"{'ry': 8, 'measure': 4, 'barrier': 1}"
test_kernel,397,9,qksvc,4134,4,4,3,12,"{'ry': 8, 'measure': 4, 'barrier': 1}"
test_kernel,398,0,qksvc,4135,4,4,3,12,"{'ry': 8, 'measure': 4, 'barrier': 1}"
test_kernel,398,1,qksvc,4136,4,4,3,12,"{'ry': 8, 'measure': 4, 'barrier': 1}"
test_kernel,398,2,qksvc,4137,4,4,3,12,"{'ry': 8, 'measure': 4, 'barrier': 1}"
test_kernel,398,3,qksvc,4138,4,4,3,12,"{'ry': 8, 'measure': 4, 'barrier': 1}"
test_kernel,398,4,qksvc,4139,4,4,3,12,"{'ry': 8, 'measure': 4, 'barrier': 1}"
test_kernel,398,5,qksvc,4140,4,4,3,12,"{'ry': 8, 'measure': 4, 'barrier': 1}"
test_kernel,398,6,qksvc,4141,4,4,3,12,"{'ry': 8, 'measure': 4, 'barrier': 1}"
test_kernel,398,7,qksvc,4142,4,4,3,12,"{'ry': 8, 'measure': 4, 'barrier': 1}"
test_kernel,398,8,qksvc,4143,4,4,3,12,"{'ry': 8, 'measure': 4, 'barrier': 1}"
test_kernel,398,9,qksvc,4144,4,4,3,12,"{'ry': 8, 'measure': 4, 'barrier': 1}"
test_kernel,399,0,qksvc,4145,4,4,3,12,"{'ry': 8, 'measure': 4, 'barrier': 1}"
test_kernel,399,1,qksvc,4146,4,4,3,12,"{'ry': 8, 'measure': 4, 'barrier': 1}"
test_kernel,399,2,qksvc,4147,4,4,3,12,"{'ry': 8, 'measure': 4, 'barrier': 1}"
test_kernel,399,3,qksvc,4148,4,4,3,12,"{'ry': 8, 'measure': 4, 'barrier': 1}"
test_kernel,399,4,qksvc,4149,4,4,3,12,"{'ry': 8, 'measure': 4, 'barrier': 1}"
test_kernel,399,5,qksvc,4150,4,4,3,12,"{'ry': 8, 'measure': 4, 'barrier': 1}"
test_kernel,399,6,qksvc,4151,4,4,3,12,"{'ry': 8, 'measure': 4, 'barrier': 1}"
test_kernel,399,7,qksvc,4152,4,4,3,12,"{'ry': 8, 'measure': 4, 'barrier': 1}"
test_kernel,399,8,qksvc,4153,4,4,3,12,"{'ry': 8, 'measure': 4, 'barrier': 1}"
test_kernel,399,9,qksvc,4154,4,4,3,12,"{'ry': 8, 'measure': 4, 'barrier': 1}"
test_kernel,400,0,qksvc,4155,4,4,3,12,"{'ry': 8, 'measure': 4, 'barrier': 1}"
test_kernel,400,1,qksvc,4156,4,4,3,12,"{'ry': 8, 'measure': 4, 'barrier': 1}"
test_kernel,400,2,qksvc,4157,4,4,3,12,"{'ry': 8, 'measure': 4, 'barrier': 1}"
test_kernel,400,3,qksvc,4158,4,4,3,12,"{'ry': 8, 'measure': 4, 'barrier': 1}"
test_kernel,400,4,qksvc,4159,4,4,3,12,"{'ry': 8, 'measure': 4, 'barrier': 1}"
test_kernel,400,5,qksvc,4160,4,4,3,12,"{'ry': 8, 'measure': 4, 'barrier': 1}"
test_kernel,400,6,qksvc,4161,4,4,3,12,"{'ry': 8, 'measure': 4, 'barrier': 1}"
test_kernel,400,7,qksvc,4162,4,4,3,12,"{'ry': 8, 'measure': 4, 'barrier': 1}"
test_kernel,400,8,qksvc,4163,4,4,3,12,"{'ry': 8, 'measure': 4, 'barrier': 1}"
test_kernel,400,9,qksvc,4164,4,4,3,12,"{'ry': 8, 'measure': 4, 'barrier': 1}"
test_kernel,401,0,qksvc,4165,4,4,3,12,"{'ry': 8, 'measure': 4, 'barrier': 1}"
test_kernel,401,1,qksvc,4166,4,4,3,12,"{'ry': 8, 'measure': 4, 'barrier': 1}"
test_kernel,401,2,qksvc,4167,4,4,3,12,"{'ry': 8, 'measure': 4, 'barrier': 1}"
test_kernel,401,3,qksvc,4168,4,4,3,12,"{'ry': 8, 'measure': 4, 'barrier': 1}"
test_kernel,401,4,qksvc,4169,4,4,3,12,"{'ry': 8, 'measure': 4, 'barrier': 1}"
test_kernel,401,5,qksvc,4170,4,4,3,12,"{'ry': 8, 'measure': 4, 'barrier': 1}"
test_kernel,401,6,qksvc,4171,4,4,3,12,"{'ry': 8, 'measure': 4, 'barrier': 1}"
test_kernel,401,7,qksvc,4172,4,4,3,12,"{'ry': 8, 'measure': 4, 'barrier': 1}"
test_kernel,401,8,qksvc,4173,4,4,3,12,"{'ry': 8, 'measure': 4, 'barrier': 1}"
test_kernel,401,9,qksvc,4174,4,4,3,12,"{'ry': 8, 'measure': 4, 'barrier': 1}"
test_kernel,402,0,qksvc,4175,4,4,3,12,"{'ry': 8, 'measure': 4, 'barrier': 1}"
test_kernel,402,1,qksvc,4176,4,4,3,12,"{'ry': 8, 'measure': 4, 'barrier': 1}"
test_kernel,402,2,qksvc,4177,4,4,3,12,"{'ry': 8, 'measure': 4, 'barrier': 1}"
test_kernel,402,3,qksvc,4178,4,4,3,12,"{'ry': 8, 'measure': 4, 'barrier': 1}"
test_kernel,402,4,qksvc,4179,4,4,3,12,"{'ry': 8, 'measure': 4, 'barrier': 1}"
test_kernel,402,5,qksvc,4180,4,4,3,12,"{'ry': 8, 'measure': 4, 'barrier': 1}"
test_kernel,402,6,qksvc,4181,4,4,3,12,"{'ry': 8, 'measure': 4, 'barrier': 1}"
test_kernel,402,7,qksvc,4182,4,4,3,12,"{'ry': 8, 'measure': 4, 'barrier': 1}"
test_kernel,402,8,qksvc,4183,4,4,3,12,"{'ry': 8, 'measure': 4, 'barrier': 1}"
test_kernel,402,9,qksvc,4184,4,4,3,12,"{'ry': 8, 'measure': 4, 'barrier': 1}"
test_kernel,403,0,qksvc,4185,4,4,3,12,"{'ry': 8, 'measure': 4, 'barrier': 1}"
test_kernel,403,1,qksvc,4186,4,4,3,12,"{'ry': 8, 'measure': 4, 'barrier': 1}"
test_kernel,403,2,qksvc,4187,4,4,3,12,"{'ry': 8, 'measure': 4, 'barrier': 1}"
test_kernel,403,3,qksvc,4188,4,4,3,12,"{'ry': 8, 'measure': 4, 'barrier': 1}"
test_kernel,403,4,qksvc,4189,4,4,3,12,"{'ry': 8, 'measure': 4, 'barrier': 1}"
test_kernel,403,5,qksvc,4190,4,4,3,12,"{'ry': 8, 'measure': 4, 'barrier': 1}"
test_kernel,403,6,qksvc,4191,4,4,3,12,"{'ry': 8, 'measure': 4, 'barrier': 1}"
test_kernel,403,7,qksvc,4192,4,4,3,12,"{'ry': 8, 'measure': 4, 'barrier': 1}"
test_kernel,403,8,qksvc,4193,4,4,3,12,"{'ry': 8, 'measure': 4, 'barrier': 1}"
test_kernel,403,9,qksvc,4194,4,4,3,12,"{'ry': 8, 'measure': 4, 'barrier': 1}"
test_kernel,404,0,qksvc,4195,4,4,3,12,"{'ry': 8, 'measure': 4, 'barrier': 1}"
test_kernel,404,1,qksvc,4196,4,4,3,12,"{'ry': 8, 'measure': 4, 'barrier': 1}"
test_kernel,404,2,qksvc,4197,4,4,3,12,"{'ry': 8, 'measure': 4, 'barrier': 1}"
test_kernel,404,3,qksvc,4198,4,4,3,12,"{'ry': 8, 'measure': 4, 'barrier': 1}"
test_kernel,404,4,qksvc,4199,4,4,3,12,"{'ry': 8, 'measure': 4, 'barrier': 1}"
test_kernel,404,5,qksvc,4200,4,4,3,12,"{'ry': 8, 'measure': 4, 'barrier': 1}"
test_kernel,404,6,qksvc,4201,4,4,3,12,"{'ry': 8, 'measure': 4, 'barrier': 1}"
test_kernel,404,7,qksvc,4202,4,4,3,12,"{'ry': 8, 'measure': 4, 'barrier': 1}"
test_kernel,404,8,qksvc,4203,4,4,3,12,"{'ry': 8, 'measure': 4, 'barrier': 1}"
test_kernel,404,9,qksvc,4204,4,4,3,12,"{'ry': 8, 'measure': 4, 'barrier': 1}"
test_kernel,405,0,qksvc,4205,4,4,3,12,"{'ry': 8, 'measure': 4, 'barrier': 1}"
test_kernel,405,1,qksvc,4206,4,4,3,12,"{'ry': 8, 'measure': 4, 'barrier': 1}"
test_kernel,405,2,qksvc,4207,4,4,3,12,"{'ry': 8, 'measure': 4, 'barrier': 1}"
test_kernel,405,3,qksvc,4208,4,4,3,12,"{'ry': 8, 'measure': 4, 'barrier': 1}"
test_kernel,405,4,qksvc,4209,4,4,3,12,"{'ry': 8, 'measure': 4, 'barrier': 1}"
test_kernel,405,5,qksvc,4210,4,4,3,12,"{'ry': 8, 'measure': 4, 'barrier': 1}"
test_kernel,405,6,qksvc,4211,4,4,3,12,"{'ry': 8, 'measure': 4, 'barrier': 1}"
test_kernel,405,7,qksvc,4212,4,4,3,12,"{'ry': 8, 'measure': 4, 'barrier': 1}"
test_kernel,405,8,qksvc,4213,4,4,3,12,"{'ry': 8, 'measure': 4, 'barrier': 1}"
test_kernel,405,9,qksvc,4214,4,4,3,12,"{'ry': 8, 'measure': 4, 'barrier': 1}"
test_kernel,406,0,qksvc,4215,4,4,3,12,"{'ry': 8, 'measure': 4, 'barrier': 1}"
test_kernel,406,1,qksvc,4216,4,4,3,12,"{'ry': 8, 'measure': 4, 'barrier': 1}"
test_kernel,406,2,qksvc,4217,4,4,3,12,"{'ry': 8, 'measure': 4, 'barrier': 1}"
test_kernel,406,3,qksvc,4218,4,4,3,12,"{'ry': 8, 'measure': 4, 'barrier': 1}"
test_kernel,406,4,qksvc,4219,4,4,3,12,"{'ry': 8, 'measure': 4, 'barrier': 1}"
test_kernel,406,5,qksvc,4220,4,4,3,12,"{'ry': 8, 'measure': 4, 'barrier': 1}"
test_kernel,406,6,qksvc,4221,4,4,3,12,"{'ry': 8, 'measure': 4, 'barrier': 1}"
test_kernel,406,7,qksvc,4222,4,4,3,12,"{'ry': 8, 'measure': 4, 'barrier': 1}"
test_kernel,406,8,qksvc,4223,4,4,3,12,"{'ry': 8, 'measure': 4, 'barrier': 1}"
test_kernel,406,9,qksvc,4224,4,4,3,12,"{'ry': 8, 'measure': 4, 'barrier': 1}"
test_kernel,407,0,qksvc,4225,4,4,3,12,"{'ry': 8, 'measure': 4, 'barrier': 1}"
test_kernel,407,1,qksvc,4226,4,4,3,12,"{'ry': 8, 'measure': 4, 'barrier': 1}"
test_kernel,407,2,qksvc,4227,4,4,3,12,"{'ry': 8, 'measure': 4, 'barrier': 1}"
test_kernel,407,3,qksvc,4228,4,4,3,12,"{'ry': 8, 'measure': 4, 'barrier': 1}"
test_kernel,407,4,qksvc,4229,4,4,3,12,"{'ry': 8, 'measure': 4, 'barrier': 1}"
test_kernel,407,5,qksvc,4230,4,4,3,12,"{'ry': 8, 'measure': 4, 'barrier': 1}"
test_kernel,407,6,qksvc,4231,4,4,3,12,"{'ry': 8, 'measure': 4, 'barrier': 1}"
test_kernel,407,7,qksvc,4232,4,4,3,12,"{'ry': 8, 'measure': 4, 'barrier': 1}"
test_kernel,407,8,qksvc,4233,4,4,3,12,"{'ry': 8, 'measure': 4, 'barrier': 1}"
test_kernel,407,9,qksvc,4234,4,4,3,12,"{'ry': 8, 'measure': 4, 'barrier': 1}"
test_kernel,408,0,qksvc,4235,4,4,3,12,"{'ry': 8, 'measure': 4, 'barrier': 1}"
test_kernel,408,1,qksvc,4236,4,4,3,12,"{'ry': 8, 'measure': 4, 'barrier': 1}"
test_kernel,408,2,qksvc,4237,4,4,3,12,"{'ry': 8, 'measure': 4, 'barrier': 1}"
test_kernel,408,3,qksvc,4238,4,4,3,12,"{'ry': 8, 'measure': 4, 'barrier': 1}"
test_kernel,408,4,qksvc,4239,4,4,3,12,"{'ry': 8, 'measure': 4, 'barrier': 1}"
test_kernel,408,5,qksvc,4240,4,4,3,12,"{'ry': 8, 'measure': 4, 'barrier': 1}"
test_kernel,408,6,qksvc,4241,4,4,3,12,"{'ry': 8, 'measure': 4, 'barrier': 1}"
test_kernel,408,7,qksvc,4242,4,4,3,12,"{'ry': 8, 'measure': 4, 'barrier': 1}"
test_kernel,408,8,qksvc,4243,4,4,3,12,"{'ry': 8, 'measure': 4, 'barrier': 1}"
test_kernel,408,9,qksvc,4244,4,4,3,12,"{'ry': 8, 'measure': 4, 'barrier': 1}"
test_kernel,409,0,qksvc,4245,4,4,3,12,"{'ry': 8, 'measure': 4, 'barrier': 1}"
test_kernel,409,1,qksvc,4246,4,4,3,12,"{'ry': 8, 'measure': 4, 'barrier': 1}"
test_kernel,409,2,qksvc,4247,4,4,3,12,"{'ry': 8, 'measure': 4, 'barrier': 1}"
test_kernel,409,3,qksvc,4248,4,4,3,12,"{'ry': 8, 'measure': 4, 'barrier': 1}"
test_kernel,409,4,qksvc,4249,4,4,3,12,"{'ry': 8, 'measure': 4, 'barrier': 1}"
test_kernel,409,5,qksvc,4250,4,4,3,12,"{'ry': 8, 'measure': 4, 'barrier': 1}"
test_kernel,409,6,qksvc,4251,4,4,3,12,"{'ry': 8, 'measure': 4, 'barrier': 1}"
test_kernel,409,7,qksvc,4252,4,4,3,12,"{'ry': 8, 'measure': 4, 'barrier': 1}"
test_kernel,409,8,qksvc,4253,4,4,3,12,"{'ry': 8, 'measure': 4, 'barrier': 1}"
test_kernel,409,9,qksvc,4254,4,4,3,12,"{'ry': 8, 'measure': 4, 'barrier': 1}"
test_kernel,410,0,qksvc,4255,4,4,3,12,"{'ry': 8, 'measure': 4, 'barrier': 1}"
test_kernel,410,1,qksvc,4256,4,4,3,12,"{'ry': 8, 'measure': 4, 'barrier': 1}"
test_kernel,410,2,qksvc,4257,4,4,3,12,"{'ry': 8, 'measure': 4, 'barrier': 1}"
test_kernel,410,3,qksvc,4258,4,4,3,12,"{'ry': 8, 'measure': 4, 'barrier': 1}"
test_kernel,410,4,qksvc,4259,4,4,3,12,"{'ry': 8, 'measure': 4, 'barrier': 1}"
test_kernel,410,5,qksvc,4260,4,4,3,12,"{'ry': 8, 'measure': 4, 'barrier': 1}"
test_kernel,410,6,qksvc,4261,4,4,3,12,"{'ry': 8, 'measure': 4, 'barrier': 1}"
test_kernel,410,7,qksvc,4262,4,4,3,12,"{'ry': 8, 'measure': 4, 'barrier': 1}"
test_kernel,410,8,qksvc,4263,4,4,3,12,"{'ry': 8, 'measure': 4, 'barrier': 1}"
test_kernel,410,9,qksvc,4264,4,4,3,12,"{'ry': 8, 'measure': 4, 'barrier': 1}"
test_kernel,411,0,qksvc,4265,4,4,3,12,"{'ry': 8, 'measure': 4, 'barrier': 1}"
test_kernel,411,1,qksvc,4266,4,4,3,12,"{'ry': 8, 'measure': 4, 'barrier': 1}"
test_kernel,411,2,qksvc,4267,4,4,3,12,"{'ry': 8, 'measure': 4, 'barrier': 1}"
test_kernel,411,3,qksvc,4268,4,4,3,12,"{'ry': 8, 'measure': 4, 'barrier': 1}"
test_kernel,411,4,qksvc,4269,4,4,3,12,"{'ry': 8, 'measure': 4, 'barrier': 1}"
test_kernel,411,5,qksvc,4270,4,4,3,12,"{'ry': 8, 'measure': 4, 'barrier': 1}"
test_kernel,411,6,qksvc,4271,4,4,3,12,"{'ry': 8, 'measure': 4, 'barrier': 1}"
test_kernel,411,7,qksvc,4272,4,4,3,12,"{'ry': 8, 'measure': 4, 'barrier': 1}"
test_kernel,411,8,qksvc,4273,4,4,3,12,"{'ry': 8, 'measure': 4, 'barrier': 1}"
test_kernel,411,9,qksvc,4274,4,4,3,12,"{'ry': 8, 'measure': 4, 'barrier': 1}"
test_kernel,412,0,qksvc,4275,4,4,3,12,"{'ry': 8, 'measure': 4, 'barrier': 1}"
test_kernel,412,1,qksvc,4276,4,4,3,12,"{'ry': 8, 'measure': 4, 'barrier': 1}"
test_kernel,412,2,qksvc,4277,4,4,3,12,"{'ry': 8, 'measure': 4, 'barrier': 1}"
test_kernel,412,3,qksvc,4278,4,4,3,12,"{'ry': 8, 'measure': 4, 'barrier': 1}"
test_kernel,412,4,qksvc,4279,4,4,3,12,"{'ry': 8, 'measure': 4, 'barrier': 1}"
test_kernel,412,5,qksvc,4280,4,4,3,12,"{'ry': 8, 'measure': 4, 'barrier': 1}"
test_kernel,412,6,qksvc,4281,4,4,3,12,"{'ry': 8, 'measure': 4, 'barrier': 1}"
test_kernel,412,7,qksvc,4282,4,4,3,12,"{'ry': 8, 'measure': 4, 'barrier': 1}"
test_kernel,412,8,qksvc,4283,4,4,3,12,"{'ry': 8, 'measure': 4, 'barrier': 1}"
test_kernel,412,9,qksvc,4284,4,4,3,12,"{'ry': 8, 'measure': 4, 'barrier': 1}"
test_kernel,413,0,qksvc,4285,4,4,3,12,"{'ry': 8, 'measure': 4, 'barrier': 1}"
test_kernel,413,1,qksvc,4286,4,4,3,12,"{'ry': 8, 'measure': 4, 'barrier': 1}"
test_kernel,413,2,qksvc,4287,4,4,3,12,"{'ry': 8, 'measure': 4, 'barrier': 1}"
test_kernel,413,3,qksvc,4288,4,4,3,12,"{'ry': 8, 'measure': 4, 'barrier': 1}"
test_kernel,413,4,qksvc,4289,4,4,3,12,"{'ry': 8, 'measure': 4, 'barrier': 1}"
test_kernel,413,5,qksvc,4290,4,4,3,12,"{'ry': 8, 'measure': 4, 'barrier': 1}"
test_kernel,413,6,qksvc,4291,4,4,3,12,"{'ry': 8, 'measure': 4, 'barrier': 1}"
test_kernel,413,7,qksvc,4292,4,4,3,12,"{'ry': 8, 'measure': 4, 'barrier': 1}"
test_kernel,413,8,qksvc,4293,4,4,3,12,"{'ry': 8, 'measure': 4, 'barrier': 1}"
test_kernel,413,9,qksvc,4294,4,4,3,12,"{'ry': 8, 'measure': 4, 'barrier': 1}"
test_kernel,414,0,qksvc,4295,4,4,3,12,"{'ry': 8, 'measure': 4, 'barrier': 1}"
test_kernel,414,1,qksvc,4296,4,4,3,12,"{'ry': 8, 'measure': 4, 'barrier': 1}"
test_kernel,414,2,qksvc,4297,4,4,3,12,"{'ry': 8, 'measure': 4, 'barrier': 1}"
test_kernel,414,3,qksvc,4298,4,4,3,12,"{'ry': 8, 'measure': 4, 'barrier': 1}"
test_kernel,414,4,qksvc,4299,4,4,3,12,"{'ry': 8, 'measure': 4, 'barrier': 1}"
test_kernel,414,5,qksvc,4300,4,4,3,12,"{'ry': 8, 'measure': 4, 'barrier': 1}"
test_kernel,414,6,qksvc,4301,4,4,3,12,"{'ry': 8, 'measure': 4, 'barrier': 1}"
test_kernel,414,7,qksvc,4302,4,4,3,12,"{'ry': 8, 'measure': 4, 'barrier': 1}"
test_kernel,414,8,qksvc,4303,4,4,3,12,"{'ry': 8, 'measure': 4, 'barrier': 1}"
test_kernel,414,9,qksvc,4304,4,4,3,12,"{'ry': 8, 'measure': 4, 'barrier': 1}"
test_kernel,415,0,qksvc,4305,4,4,3,12,"{'ry': 8, 'measure': 4, 'barrier': 1}"
test_kernel,415,1,qksvc,4306,4,4,3,12,"{'ry': 8, 'measure': 4, 'barrier': 1}"
test_kernel,415,2,qksvc,4307,4,4,3,12,"{'ry': 8, 'measure': 4, 'barrier': 1}"
test_kernel,415,3,qksvc,4308,4,4,3,12,"{'ry': 8, 'measure': 4, 'barrier': 1}"
test_kernel,415,4,qksvc,4309,4,4,3,12,"{'ry': 8, 'measure': 4, 'barrier': 1}"
test_kernel,415,5,qksvc,4310,4,4,3,12,"{'ry': 8, 'measure': 4, 'barrier': 1}"
test_kernel,415,6,qksvc,4311,4,4,3,12,"{'ry': 8, 'measure': 4, 'barrier': 1}"
test_kernel,415,7,qksvc,4312,4,4,3,12,"{'ry': 8, 'measure': 4, 'barrier': 1}"
test_kernel,415,8,qksvc,4313,4,4,3,12,"{'ry': 8, 'measure': 4, 'barrier': 1}"
test_kernel,415,9,qksvc,4314,4,4,3,12,"{'ry': 8, 'measure': 4, 'barrier': 1}"
test_kernel,416,0,qksvc,4315,4,4,3,12,"{'ry': 8, 'measure': 4, 'barrier': 1}"
test_kernel,416,1,qksvc,4316,4,4,3,12,"{'ry': 8, 'measure': 4, 'barrier': 1}"
test_kernel,416,2,qksvc,4317,4,4,3,12,"{'ry': 8, 'measure': 4, 'barrier': 1}"
test_kernel,416,3,qksvc,4318,4,4,3,12,"{'ry': 8, 'measure': 4, 'barrier': 1}"
test_kernel,416,4,qksvc,4319,4,4,3,12,"{'ry': 8, 'measure': 4, 'barrier': 1}"
test_kernel,416,5,qksvc,4320,4,4,3,12,"{'ry': 8, 'measure': 4, 'barrier': 1}"
test_kernel,416,6,qksvc,4321,4,4,3,12,"{'ry': 8, 'measure': 4, 'barrier': 1}"
test_kernel,416,7,qksvc,4322,4,4,3,12,"{'ry': 8, 'measure': 4, 'barrier': 1}"
test_kernel,416,8,qksvc,4323,4,4,3,12,"{'ry': 8, 'measure': 4, 'barrier': 1}"
test_kernel,416,9,qksvc,4324,4,4,3,12,"{'ry': 8, 'measure': 4, 'barrier': 1}"
test_kernel,417,0,qksvc,4325,4,4,3,12,"{'ry': 8, 'measure': 4, 'barrier': 1}"
test_kernel,417,1,qksvc,4326,4,4,3,12,"{'ry': 8, 'measure': 4, 'barrier': 1}"
test_kernel,417,2,qksvc,4327,4,4,3,12,"{'ry': 8, 'measure': 4, 'barrier': 1}"
test_kernel,417,3,qksvc,4328,4,4,3,12,"{'ry': 8, 'measure': 4, 'barrier': 1}"
test_kernel,417,4,qksvc,4329,4,4,3,12,"{'ry': 8, 'measure': 4, 'barrier': 1}"
test_kernel,417,5,qksvc,4330,4,4,3,12,"{'ry': 8, 'measure': 4, 'barrier': 1}"
test_kernel,417,6,qksvc,4331,4,4,3,12,"{'ry': 8, 'measure': 4, 'barrier': 1}"
test_kernel,417,7,qksvc,4332,4,4,3,12,"{'ry': 8, 'measure': 4, 'barrier': 1}"
test_kernel,417,8,qksvc,4333,4,4,3,12,"{'ry': 8, 'measure': 4, 'barrier': 1}"
test_kernel,417,9,qksvc,4334,4,4,3,12,"{'ry': 8, 'measure': 4, 'barrier': 1}"
test_kernel,418,0,qksvc,4335,4,4,3,12,"{'ry': 8, 'measure': 4, 'barrier': 1}"
test_kernel,418,1,qksvc,4336,4,4,3,12,"{'ry': 8, 'measure': 4, 'barrier': 1}"
test_kernel,418,2,qksvc,4337,4,4,3,12,"{'ry': 8, 'measure': 4, 'barrier': 1}"
test_kernel,418,3,qksvc,4338,4,4,3,12,"{'ry': 8, 'measure': 4, 'barrier': 1}"
test_kernel,418,4,qksvc,4339,4,4,3,12,"{'ry': 8, 'measure': 4, 'barrier': 1}"
test_kernel,418,5,qksvc,4340,4,4,3,12,"{'ry': 8, 'measure': 4, 'barrier': 1}"
test_kernel,418,6,qksvc,4341,4,4,3,12,"{'ry': 8, 'measure': 4, 'barrier': 1}"
test_kernel,418,7,qksvc,4342,4,4,3,12,"{'ry': 8, 'measure': 4, 'barrier': 1}"
test_kernel,418,8,qksvc,4343,4,4,3,12,"{'ry': 8, 'measure': 4, 'barrier': 1}"
test_kernel,418,9,qksvc,4344,4,4,3,12,"{'ry': 8, 'measure': 4, 'barrier': 1}"
test_kernel,419,0,qksvc,4345,4,4,3,12,"{'ry': 8, 'measure': 4, 'barrier': 1}"
test_kernel,419,1,qksvc,4346,4,4,3,12,"{'ry': 8, 'measure': 4, 'barrier': 1}"
test_kernel,419,2,qksvc,4347,4,4,3,12,"{'ry': 8, 'measure': 4, 'barrier': 1}"
test_kernel,419,3,qksvc,4348,4,4,3,12,"{'ry': 8, 'measure': 4, 'barrier': 1}"
test_kernel,419,4,qksvc,4349,4,4,3,12,"{'ry': 8, 'measure': 4, 'barrier': 1}"
test_kernel,419,5,qksvc,4350,4,4,3,12,"{'ry': 8, 'measure': 4, 'barrier': 1}"
test_kernel,419,6,qksvc,4351,4,4,3,12,"{'ry': 8, 'measure': 4, 'barrier': 1}"
test_kernel,419,7,qksvc,4352,4,4,3,12,"{'ry': 8, 'measure': 4, 'barrier': 1}"
test_kernel,419,8,qksvc,4353,4,4,3,12,"{'ry': 8, 'measure': 4, 'barrier': 1}"
test_kernel,419,9,qksvc,4354,4,4,3,12,"{'ry': 8, 'measure': 4, 'barrier': 1}"
test_kernel,420,0,qksvc,4355,4,4,3,12,"{'ry': 8, 'measure': 4, 'barrier': 1}"
test_kernel,420,1,qksvc,4356,4,4,3,12,"{'ry': 8, 'measure': 4, 'barrier': 1}"
test_kernel,420,2,qksvc,4357,4,4,3,12,"{'ry': 8, 'measure': 4, 'barrier': 1}"
test_kernel,420,3,qksvc,4358,4,4,3,12,"{'ry': 8, 'measure': 4, 'barrier': 1}"
test_kernel,420,4,qksvc,4359,4,4,3,12,"{'ry': 8, 'measure': 4, 'barrier': 1}"
test_kernel,420,5,qksvc,4360,4,4,3,12,"{'ry': 8, 'measure': 4, 'barrier': 1}"
test_kernel,420,6,qksvc,4361,4,4,3,12,"{'ry': 8, 'measure': 4, 'barrier': 1}"
test_kernel,420,7,qksvc,4362,4,4,3,12,"{'ry': 8, 'measure': 4, 'barrier': 1}"
test_kernel,420,8,qksvc,4363,4,4,3,12,"{'ry': 8, 'measure': 4, 'barrier': 1}"
test_kernel,420,9,qksvc,4364,4,4,3,12,"{'ry': 8, 'measure': 4, 'barrier': 1}"
test_kernel,421,0,qksvc,4365,4,4,3,12,"{'ry': 8, 'measure': 4, 'barrier': 1}"
test_kernel,421,1,qksvc,4366,4,4,3,12,"{'ry': 8, 'measure': 4, 'barrier': 1}"
test_kernel,421,2,qksvc,4367,4,4,3,12,"{'ry': 8, 'measure': 4, 'barrier': 1}"
test_kernel,421,3,qksvc,4368,4,4,3,12,"{'ry': 8, 'measure': 4, 'barrier': 1}"
test_kernel,421,4,qksvc,4369,4,4,3,12,"{'ry': 8, 'measure': 4, 'barrier': 1}"
test_kernel,421,5,qksvc,4370,4,4,3,12,"{'ry': 8, 'measure': 4, 'barrier': 1}"
test_kernel,421,6,qksvc,4371,4,4,3,12,"{'ry': 8, 'measure': 4, 'barrier': 1}"
test_kernel,421,7,qksvc,4372,4,4,3,12,"{'ry': 8, 'measure': 4, 'barrier': 1}"
test_kernel,421,8,qksvc,4373,4,4,3,12,"{'ry': 8, 'measure': 4, 'barrier': 1}"
test_kernel,421,9,qksvc,4374,4,4,3,12,"{'ry': 8, 'measure': 4, 'barrier': 1}"
test_kernel,422,0,qksvc,4375,4,4,3,12,"{'ry': 8, 'measure': 4, 'barrier': 1}"
test_kernel,422,1,qksvc,4376,4,4,3,12,"{'ry': 8, 'measure': 4, 'barrier': 1}"
test_kernel,422,2,qksvc,4377,4,4,3,12,"{'ry': 8, 'measure': 4, 'barrier': 1}"
test_kernel,422,3,qksvc,4378,4,4,3,12,"{'ry': 8, 'measure': 4, 'barrier': 1}"
test_kernel,422,4,qksvc,4379,4,4,3,12,"{'ry': 8, 'measure': 4, 'barrier': 1}"
test_kernel,422,5,qksvc,4380,4,4,3,12,"{'ry': 8, 'measure': 4, 'barrier': 1}"
test_kernel,422,6,qksvc,4381,4,4,3,12,"{'ry': 8, 'measure': 4, 'barrier': 1}"
test_kernel,422,7,qksvc,4382,4,4,3,12,"{'ry': 8, 'measure': 4, 'barrier': 1}"
test_kernel,422,8,qksvc,4383,4,4,3,12,"{'ry': 8, 'measure': 4, 'barrier': 1}"
test_kernel,422,9,qksvc,4384,4,4,3,12,"{'ry': 8, 'measure': 4, 'barrier': 1}"
test_kernel,423,0,qksvc,4385,4,4,3,12,"{'ry': 8, 'measure': 4, 'barrier': 1}"
test_kernel,423,1,qksvc,4386,4,4,3,12,"{'ry': 8, 'measure': 4, 'barrier': 1}"
test_kernel,423,2,qksvc,4387,4,4,3,12,"{'ry': 8, 'measure': 4, 'barrier': 1}"
test_kernel,423,3,qksvc,4388,4,4,3,12,"{'ry': 8, 'measure': 4, 'barrier': 1}"
test_kernel,423,4,qksvc,4389,4,4,3,12,"{'ry': 8, 'measure': 4, 'barrier': 1}"
test_kernel,423,5,qksvc,4390,4,4,3,12,"{'ry': 8, 'measure': 4, 'barrier': 1}"
test_kernel,423,6,qksvc,4391,4,4,3,12,"{'ry': 8, 'measure': 4, 'barrier': 1}"
test_kernel,423,7,qksvc,4392,4,4,3,12,"{'ry': 8, 'measure': 4, 'barrier': 1}"
test_kernel,423,8,qksvc,4393,4,4,3,12,"{'ry': 8, 'measure': 4, 'barrier': 1}"
test_kernel,423,9,qksvc,4394,4,4,3,12,"{'ry': 8, 'measure': 4, 'barrier': 1}"
test_kernel,424,0,qksvc,4395,4,4,3,12,"{'ry': 8, 'measure': 4, 'barrier': 1}"
test_kernel,424,1,qksvc,4396,4,4,3,12,"{'ry': 8, 'measure': 4, 'barrier': 1}"
test_kernel,424,2,qksvc,4397,4,4,3,12,"{'ry': 8, 'measure': 4, 'barrier': 1}"
test_kernel,424,3,qksvc,4398,4,4,3,12,"{'ry': 8, 'measure': 4, 'barrier': 1}"
test_kernel,424,4,qksvc,4399,4,4,3,12,"{'ry': 8, 'measure': 4, 'barrier': 1}"
test_kernel,424,5,qksvc,4400,4,4,3,12,"{'ry': 8, 'measure': 4, 'barrier': 1}"
test_kernel,424,6,qksvc,4401,4,4,3,12,"{'ry': 8, 'measure': 4, 'barrier': 1}"
test_kernel,424,7,qksvc,4402,4,4,3,12,"{'ry': 8, 'measure': 4, 'barrier': 1}"
test_kernel,424,8,qksvc,4403,4,4,3,12,"{'ry': 8, 'measure': 4, 'barrier': 1}"
test_kernel,424,9,qksvc,4404,4,4,3,12,"{'ry': 8, 'measure': 4, 'barrier': 1}"
test_kernel,425,0,qksvc,4405,4,4,3,12,"{'ry': 8, 'measure': 4, 'barrier': 1}"
test_kernel,425,1,qksvc,4406,4,4,3,12,"{'ry': 8, 'measure': 4, 'barrier': 1}"
test_kernel,425,2,qksvc,4407,4,4,3,12,"{'ry': 8, 'measure': 4, 'barrier': 1}"
test_kernel,425,3,qksvc,4408,4,4,3,12,"{'ry': 8, 'measure': 4, 'barrier': 1}"
test_kernel,425,4,qksvc,4409,4,4,3,12,"{'ry': 8, 'measure': 4, 'barrier': 1}"
test_kernel,425,5,qksvc,4410,4,4,3,12,"{'ry': 8, 'measure': 4, 'barrier': 1}"
test_kernel,425,6,qksvc,4411,4,4,3,12,"{'ry': 8, 'measure': 4, 'barrier': 1}"
test_kernel,425,7,qksvc,4412,4,4,3,12,"{'ry': 8, 'measure': 4, 'barrier': 1}"
test_kernel,425,8,qksvc,4413,4,4,3,12,"{'ry': 8, 'measure': 4, 'barrier': 1}"
test_kernel,425,9,qksvc,4414,4,4,3,12,"{'ry': 8, 'measure': 4, 'barrier': 1}"
test_kernel,426,0,qksvc,4415,4,4,3,12,"{'ry': 8, 'measure': 4, 'barrier': 1}"
test_kernel,426,1,qksvc,4416,4,4,3,12,"{'ry': 8, 'measure': 4, 'barrier': 1}"
test_kernel,426,2,qksvc,4417,4,4,3,12,"{'ry': 8, 'measure': 4, 'barrier': 1}"
test_kernel,426,3,qksvc,4418,4,4,3,12,"{'ry': 8, 'measure': 4, 'barrier': 1}"
test_kernel,426,4,qksvc,4419,4,4,3,12,"{'ry': 8, 'measure': 4, 'barrier': 1}"
test_kernel,426,5,qksvc,4420,4,4,3,12,"{'ry': 8, 'measure': 4, 'barrier': 1}"
test_kernel,426,6,qksvc,4421,4,4,3,12,"{'ry': 8, 'measure': 4, 'barrier': 1}"
test_kernel,426,7,qksvc,4422,4,4,3,12,"{'ry': 8, 'measure': 4, 'barrier': 1}"
test_kernel,426,8,qksvc,4423,4,4,3,12,"{'ry': 8, 'measure': 4, 'barrier': 1}"
test_kernel,426,9,qksvc,4424,4,4,3,12,"{'ry': 8, 'measure': 4, 'barrier': 1}"
test_kernel,427,0,qksvc,4425,4,4,3,12,"{'ry': 8, 'measure': 4, 'barrier': 1}"
test_kernel,427,1,qksvc,4426,4,4,3,12,"{'ry': 8, 'measure': 4, 'barrier': 1}"
test_kernel,427,2,qksvc,4427,4,4,3,12,"{'ry': 8, 'measure': 4, 'barrier': 1}"
test_kernel,427,3,qksvc,4428,4,4,3,12,"{'ry': 8, 'measure': 4, 'barrier': 1}"
test_kernel,427,4,qksvc,4429,4,4,3,12,"{'ry': 8, 'measure': 4, 'barrier': 1}"
test_kernel,427,5,qksvc,4430,4,4,3,12,"{'ry': 8, 'measure': 4, 'barrier': 1}"
test_kernel,427,6,qksvc,4431,4,4,3,12,"{'ry': 8, 'measure': 4, 'barrier': 1}"
test_kernel,427,7,qksvc,4432,4,4,3,12,"{'ry': 8, 'measure': 4, 'barrier': 1}"
test_kernel,427,8,qksvc,4433,4,4,3,12,"{'ry': 8, 'measure': 4, 'barrier': 1}"
test_kernel,427,9,qksvc,4434,4,4,3,12,"{'ry': 8, 'measure': 4, 'barrier': 1}"
test_kernel,428,0,qksvc,4435,4,4,3,12,"{'ry': 8, 'measure': 4, 'barrier': 1}"
test_kernel,428,1,qksvc,4436,4,4,3,12,"{'ry': 8, 'measure': 4, 'barrier': 1}"
test_kernel,428,2,qksvc,4437,4,4,3,12,"{'ry': 8, 'measure': 4, 'barrier': 1}"
test_kernel,428,3,qksvc,4438,4,4,3,12,"{'ry': 8, 'measure': 4, 'barrier': 1}"
test_kernel,428,4,qksvc,4439,4,4,3,12,"{'ry': 8, 'measure': 4, 'barrier': 1}"
test_kernel,428,5,qksvc,4440,4,4,3,12,"{'ry': 8, 'measure': 4, 'barrier': 1}"
test_kernel,428,6,qksvc,4441,4,4,3,12,"{'ry': 8, 'measure': 4, 'barrier': 1}"
test_kernel,428,7,qksvc,4442,4,4,3,12,"{'ry': 8, 'measure': 4, 'barrier': 1}"
test_kernel,428,8,qksvc,4443,4,4,3,12,"{'ry': 8, 'measure': 4, 'barrier': 1}"
test_kernel,428,9,qksvc,4444,4,4,3,12,"{'ry': 8, 'measure': 4, 'barrier': 1}"
test_kernel,429,0,qksvc,4445,4,4,3,12,"{'ry': 8, 'measure': 4, 'barrier': 1}"
test_kernel,429,1,qksvc,4446,4,4,3,12,"{'ry': 8, 'measure': 4, 'barrier': 1}"
test_kernel,429,2,qksvc,4447,4,4,3,12,"{'ry': 8, 'measure': 4, 'barrier': 1}"
test_kernel,429,3,qksvc,4448,4,4,3,12,"{'ry': 8, 'measure': 4, 'barrier': 1}"
test_kernel,429,4,qksvc,4449,4,4,3,12,"{'ry': 8, 'measure': 4, 'barrier': 1}"
test_kernel,429,5,qksvc,4450,4,4,3,12,"{'ry': 8, 'measure': 4, 'barrier': 1}"
test_kernel,429,6,qksvc,4451,4,4,3,12,"{'ry': 8, 'measure': 4, 'barrier': 1}"
test_kernel,429,7,qksvc,4452,4,4,3,12,"{'ry': 8, 'measure': 4, 'barrier': 1}"
test_kernel,429,8,qksvc,4453,4,4,3,12,"{'ry': 8, 'measure': 4, 'barrier': 1}"
test_kernel,429,9,qksvc,4454,4,4,3,12,"{'ry': 8, 'measure': 4, 'barrier': 1}"
test_kernel,430,0,qksvc,4455,4,4,3,12,"{'ry': 8, 'measure': 4, 'barrier': 1}"
test_kernel,430,1,qksvc,4456,4,4,3,12,"{'ry': 8, 'measure': 4, 'barrier': 1}"
test_kernel,430,2,qksvc,4457,4,4,3,12,"{'ry': 8, 'measure': 4, 'barrier': 1}"
test_kernel,430,3,qksvc,4458,4,4,3,12,"{'ry': 8, 'measure': 4, 'barrier': 1}"
test_kernel,430,4,qksvc,4459,4,4,3,12,"{'ry': 8, 'measure': 4, 'barrier': 1}"
test_kernel,430,5,qksvc,4460,4,4,3,12,"{'ry': 8, 'measure': 4, 'barrier': 1}"
test_kernel,430,6,qksvc,4461,4,4,3,12,"{'ry': 8, 'measure': 4, 'barrier': 1}"
test_kernel,430,7,qksvc,4462,4,4,3,12,"{'ry': 8, 'measure': 4, 'barrier': 1}"
test_kernel,430,8,qksvc,4463,4,4,3,12,"{'ry': 8, 'measure': 4, 'barrier': 1}"
test_kernel,430,9,qksvc,4464,4,4,3,12,"{'ry': 8, 'measure': 4, 'barrier': 1}"
test_kernel,431,0,qksvc,4465,4,4,3,12,"{'ry': 8, 'measure': 4, 'barrier': 1}"
test_kernel,431,1,qksvc,4466,4,4,3,12,"{'ry': 8, 'measure': 4, 'barrier': 1}"
test_kernel,431,2,qksvc,4467,4,4,3,12,"{'ry': 8, 'measure': 4, 'barrier': 1}"
test_kernel,431,3,qksvc,4468,4,4,3,12,"{'ry': 8, 'measure': 4, 'barrier': 1}"
test_kernel,431,4,qksvc,4469,4,4,3,12,"{'ry': 8, 'measure': 4, 'barrier': 1}"
test_kernel,431,5,qksvc,4470,4,4,3,12,"{'ry': 8, 'measure': 4, 'barrier': 1}"
test_kernel,431,6,qksvc,4471,4,4,3,12,"{'ry': 8, 'measure': 4, 'barrier': 1}"
test_kernel,431,7,qksvc,4472,4,4,3,12,"{'ry': 8, 'measure': 4, 'barrier': 1}"
test_kernel,431,8,qksvc,4473,4,4,3,12,"{'ry': 8, 'measure': 4, 'barrier': 1}"
test_kernel,431,9,qksvc,4474,4,4,3,12,"{'ry': 8, 'measure': 4, 'barrier': 1}"
test_kernel,432,0,qksvc,4475,4,4,3,12,"{'ry': 8, 'measure': 4, 'barrier': 1}"
test_kernel,432,1,qksvc,4476,4,4,3,12,"{'ry': 8, 'measure': 4, 'barrier': 1}"
test_kernel,432,2,qksvc,4477,4,4,3,12,"{'ry': 8, 'measure': 4, 'barrier': 1}"
test_kernel,432,3,qksvc,4478,4,4,3,12,"{'ry': 8, 'measure': 4, 'barrier': 1}"
test_kernel,432,4,qksvc,4479,4,4,3,12,"{'ry': 8, 'measure': 4, 'barrier': 1}"
test_kernel,432,5,qksvc,4480,4,4,3,12,"{'ry': 8, 'measure': 4, 'barrier': 1}"
test_kernel,432,6,qksvc,4481,4,4,3,12,"{'ry': 8, 'measure': 4, 'barrier': 1}"
test_kernel,432,7,qksvc,4482,4,4,3,12,"{'ry': 8, 'measure': 4, 'barrier': 1}"
test_kernel,432,8,qksvc,4483,4,4,3,12,"{'ry': 8, 'measure': 4, 'barrier': 1}"
test_kernel,432,9,qksvc,4484,4,4,3,12,"{'ry': 8, 'measure': 4, 'barrier': 1}"
test_kernel,433,0,qksvc,4485,4,4,3,12,"{'ry': 8, 'measure': 4, 'barrier': 1}"
test_kernel,433,1,qksvc,4486,4,4,3,12,"{'ry': 8, 'measure': 4, 'barrier': 1}"
test_kernel,433,2,qksvc,4487,4,4,3,12,"{'ry': 8, 'measure': 4, 'barrier': 1}"
test_kernel,433,3,qksvc,4488,4,4,3,12,"{'ry': 8, 'measure': 4, 'barrier': 1}"
test_kernel,433,4,qksvc,4489,4,4,3,12,"{'ry': 8, 'measure': 4, 'barrier': 1}"
test_kernel,433,5,qksvc,4490,4,4,3,12,"{'ry': 8, 'measure': 4, 'barrier': 1}"
test_kernel,433,6,qksvc,4491,4,4,3,12,"{'ry': 8, 'measure': 4, 'barrier': 1}"
test_kernel,433,7,qksvc,4492,4,4,3,12,"{'ry': 8, 'measure': 4, 'barrier': 1}"
test_kernel,433,8,qksvc,4493,4,4,3,12,"{'ry': 8, 'measure': 4, 'barrier': 1}"
test_kernel,433,9,qksvc,4494,4,4,3,12,"{'ry': 8, 'measure': 4, 'barrier': 1}"
test_kernel,434,0,qksvc,4495,4,4,3,12,"{'ry': 8, 'measure': 4, 'barrier': 1}"
test_kernel,434,1,qksvc,4496,4,4,3,12,"{'ry': 8, 'measure': 4, 'barrier': 1}"
test_kernel,434,2,qksvc,4497,4,4,3,12,"{'ry': 8, 'measure': 4, 'barrier': 1}"
test_kernel,434,3,qksvc,4498,4,4,3,12,"{'ry': 8, 'measure': 4, 'barrier': 1}"
test_kernel,434,4,qksvc,4499,4,4,3,12,"{'ry': 8, 'measure': 4, 'barrier': 1}"
test_kernel,434,5,qksvc,4500,4,4,3,12,"{'ry': 8, 'measure': 4, 'barrier': 1}"
test_kernel,434,6,qksvc,4501,4,4,3,12,"{'ry': 8, 'measure': 4, 'barrier': 1}"
test_kernel,434,7,qksvc,4502,4,4,3,12,"{'ry': 8, 'measure': 4, 'barrier': 1}"
test_kernel,434,8,qksvc,4503,4,4,3,12,"{'ry': 8, 'measure': 4, 'barrier': 1}"
test_kernel,434,9,qksvc,4504,4,4,3,12,"{'ry': 8, 'measure': 4, 'barrier': 1}"
test_kernel,435,0,qksvc,4505,4,4,3,12,"{'ry': 8, 'measure': 4, 'barrier': 1}"
test_kernel,435,1,qksvc,4506,4,4,3,12,"{'ry': 8, 'measure': 4, 'barrier': 1}"
test_kernel,435,2,qksvc,4507,4,4,3,12,"{'ry': 8, 'measure': 4, 'barrier': 1}"
test_kernel,435,3,qksvc,4508,4,4,3,12,"{'ry': 8, 'measure': 4, 'barrier': 1}"
test_kernel,435,4,qksvc,4509,4,4,3,12,"{'ry': 8, 'measure': 4, 'barrier': 1}"
test_kernel,435,5,qksvc,4510,4,4,3,12,"{'ry': 8, 'measure': 4, 'barrier': 1}"
test_kernel,435,6,qksvc,4511,4,4,3,12,"{'ry': 8, 'measure': 4, 'barrier': 1}"
test_kernel,435,7,qksvc,4512,4,4,3,12,"{'ry': 8, 'measure': 4, 'barrier': 1}"
test_kernel,435,8,qksvc,4513,4,4,3,12,"{'ry': 8, 'measure': 4, 'barrier': 1}"
test_kernel,435,9,qksvc,4514,4,4,3,12,"{'ry': 8, 'measure': 4, 'barrier': 1}"
test_kernel,436,0,qksvc,4515,4,4,3,12,"{'ry': 8, 'measure': 4, 'barrier': 1}"
test_kernel,436,1,qksvc,4516,4,4,3,12,"{'ry': 8, 'measure': 4, 'barrier': 1}"
test_kernel,436,2,qksvc,4517,4,4,3,12,"{'ry': 8, 'measure': 4, 'barrier': 1}"
test_kernel,436,3,qksvc,4518,4,4,3,12,"{'ry': 8, 'measure': 4, 'barrier': 1}"
test_kernel,436,4,qksvc,4519,4,4,3,12,"{'ry': 8, 'measure': 4, 'barrier': 1}"
test_kernel,436,5,qksvc,4520,4,4,3,12,"{'ry': 8, 'measure': 4, 'barrier': 1}"
test_kernel,436,6,qksvc,4521,4,4,3,12,"{'ry': 8, 'measure': 4, 'barrier': 1}"
test_kernel,436,7,qksvc,4522,4,4,3,12,"{'ry': 8, 'measure': 4, 'barrier': 1}"
test_kernel,436,8,qksvc,4523,4,4,3,12,"{'ry': 8, 'measure': 4, 'barrier': 1}"
test_kernel,436,9,qksvc,4524,4,4,3,12,"{'ry': 8, 'measure': 4, 'barrier': 1}"
test_kernel,437,0,qksvc,4525,4,4,3,12,"{'ry': 8, 'measure': 4, 'barrier': 1}"
test_kernel,437,1,qksvc,4526,4,4,3,12,"{'ry': 8, 'measure': 4, 'barrier': 1}"
test_kernel,437,2,qksvc,4527,4,4,3,12,"{'ry': 8, 'measure': 4, 'barrier': 1}"
test_kernel,437,3,qksvc,4528,4,4,3,12,"{'ry': 8, 'measure': 4, 'barrier': 1}"
test_kernel,437,4,qksvc,4529,4,4,3,12,"{'ry': 8, 'measure': 4, 'barrier': 1}"
test_kernel,437,5,qksvc,4530,4,4,3,12,"{'ry': 8, 'measure': 4, 'barrier': 1}"
test_kernel,437,6,qksvc,4531,4,4,3,12,"{'ry': 8, 'measure': 4, 'barrier': 1}"
test_kernel,437,7,qksvc,4532,4,4,3,12,"{'ry': 8, 'measure': 4, 'barrier': 1}"
test_kernel,437,8,qksvc,4533,4,4,3,12,"{'ry': 8, 'measure': 4, 'barrier': 1}"
test_kernel,437,9,qksvc,4534,4,4,3,12,"{'ry': 8, 'measure': 4, 'barrier': 1}"
test_kernel,438,0,qksvc,4535,4,4,3,12,"{'ry': 8, 'measure': 4, 'barrier': 1}"
test_kernel,438,1,qksvc,4536,4,4,3,12,"{'ry': 8, 'measure': 4, 'barrier': 1}"
test_kernel,438,2,qksvc,4537,4,4,3,12,"{'ry': 8, 'measure': 4, 'barrier': 1}"
test_kernel,438,3,qksvc,4538,4,4,3,12,"{'ry': 8, 'measure': 4, 'barrier': 1}"
test_kernel,438,4,qksvc,4539,4,4,3,12,"{'ry': 8, 'measure': 4, 'barrier': 1}"
test_kernel,438,5,qksvc,4540,4,4,3,12,"{'ry': 8, 'measure': 4, 'barrier': 1}"
test_kernel,438,6,qksvc,4541,4,4,3,12,"{'ry': 8, 'measure': 4, 'barrier': 1}"
test_kernel,438,7,qksvc,4542,4,4,3,12,"{'ry': 8, 'measure': 4, 'barrier': 1}"
test_kernel,438,8,qksvc,4543,4,4,3,12,"{'ry': 8, 'measure': 4, 'barrier': 1}"
test_kernel,438,9,qksvc,4544,4,4,3,12,"{'ry': 8, 'measure': 4, 'barrier': 1}"
test_kernel,439,0,qksvc,4545,4,4,3,12,"{'ry': 8, 'measure': 4, 'barrier': 1}"
test_kernel,439,1,qksvc,4546,4,4,3,12,"{'ry': 8, 'measure': 4, 'barrier': 1}"
test_kernel,439,2,qksvc,4547,4,4,3,12,"{'ry': 8, 'measure': 4, 'barrier': 1}"
test_kernel,439,3,qksvc,4548,4,4,3,12,"{'ry': 8, 'measure': 4, 'barrier': 1}"
test_kernel,439,4,qksvc,4549,4,4,3,12,"{'ry': 8, 'measure': 4, 'barrier': 1}"
test_kernel,439,5,qksvc,4550,4,4,3,12,"{'ry': 8, 'measure': 4, 'barrier': 1}"
test_kernel,439,6,qksvc,4551,4,4,3,12,"{'ry': 8, 'measure': 4, 'barrier': 1}"
test_kernel,439,7,qksvc,4552,4,4,3,12,"{'ry': 8, 'measure': 4, 'barrier': 1}"
test_kernel,439,8,qksvc,4553,4,4,3,12,"{'ry': 8, 'measure': 4, 'barrier': 1}"
test_kernel,439,9,qksvc,4554,4,4,3,12,"{'ry': 8, 'measure': 4, 'barrier': 1}"
test_kernel,440,0,qksvc,4555,4,4,3,12,"{'ry': 8, 'measure': 4, 'barrier': 1}"
test_kernel,440,1,qksvc,4556,4,4,3,12,"{'ry': 8, 'measure': 4, 'barrier': 1}"
test_kernel,440,2,qksvc,4557,4,4,3,12,"{'ry': 8, 'measure': 4, 'barrier': 1}"
test_kernel,440,3,qksvc,4558,4,4,3,12,"{'ry': 8, 'measure': 4, 'barrier': 1}"
test_kernel,440,4,qksvc,4559,4,4,3,12,"{'ry': 8, 'measure': 4, 'barrier': 1}"
test_kernel,440,5,qksvc,4560,4,4,3,12,"{'ry': 8, 'measure': 4, 'barrier': 1}"
test_kernel,440,6,qksvc,4561,4,4,3,12,"{'ry': 8, 'measure': 4, 'barrier': 1}"
test_kernel,440,7,qksvc,4562,4,4,3,12,"{'ry': 8, 'measure': 4, 'barrier': 1}"
test_kernel,440,8,qksvc,4563,4,4,3,12,"{'ry': 8, 'measure': 4, 'barrier': 1}"
test_kernel,440,9,qksvc,4564,4,4,3,12,"{'ry': 8, 'measure': 4, 'barrier': 1}"
test_kernel,441,0,qksvc,4565,4,4,3,12,"{'ry': 8, 'measure': 4, 'barrier': 1}"
test_kernel,441,1,qksvc,4566,4,4,3,12,"{'ry': 8, 'measure': 4, 'barrier': 1}"
test_kernel,441,2,qksvc,4567,4,4,3,12,"{'ry': 8, 'measure': 4, 'barrier': 1}"
test_kernel,441,3,qksvc,4568,4,4,3,12,"{'ry': 8, 'measure': 4, 'barrier': 1}"
test_kernel,441,4,qksvc,4569,4,4,3,12,"{'ry': 8, 'measure': 4, 'barrier': 1}"
test_kernel,441,5,qksvc,4570,4,4,3,12,"{'ry': 8, 'measure': 4, 'barrier': 1}"
test_kernel,441,6,qksvc,4571,4,4,3,12,"{'ry': 8, 'measure': 4, 'barrier': 1}"
test_kernel,441,7,qksvc,4572,4,4,3,12,"{'ry': 8, 'measure': 4, 'barrier': 1}"
test_kernel,441,8,qksvc,4573,4,4,3,12,"{'ry': 8, 'measure': 4, 'barrier': 1}"
test_kernel,441,9,qksvc,4574,4,4,3,12,"{'ry': 8, 'measure': 4, 'barrier': 1}"
test_kernel,442,0,qksvc,4575,4,4,3,12,"{'ry': 8, 'measure': 4, 'barrier': 1}"
test_kernel,442,1,qksvc,4576,4,4,3,12,"{'ry': 8, 'measure': 4, 'barrier': 1}"
test_kernel,442,2,qksvc,4577,4,4,3,12,"{'ry': 8, 'measure': 4, 'barrier': 1}"
test_kernel,442,3,qksvc,4578,4,4,3,12,"{'ry': 8, 'measure': 4, 'barrier': 1}"
test_kernel,442,4,qksvc,4579,4,4,3,12,"{'ry': 8, 'measure': 4, 'barrier': 1}"
test_kernel,442,5,qksvc,4580,4,4,3,12,"{'ry': 8, 'measure': 4, 'barrier': 1}"
test_kernel,442,6,qksvc,4581,4,4,3,12,"{'ry': 8, 'measure': 4, 'barrier': 1}"
test_kernel,442,7,qksvc,4582,4,4,3,12,"{'ry': 8, 'measure': 4, 'barrier': 1}"
test_kernel,442,8,qksvc,4583,4,4,3,12,"{'ry': 8, 'measure': 4, 'barrier': 1}"
test_kernel,442,9,qksvc,4584,4,4,3,12,"{'ry': 8, 'measure': 4, 'barrier': 1}"
test_kernel,443,0,qksvc,4585,4,4,3,12,"{'ry': 8, 'measure': 4, 'barrier': 1}"
test_kernel,443,1,qksvc,4586,4,4,3,12,"{'ry': 8, 'measure': 4, 'barrier': 1}"
test_kernel,443,2,qksvc,4587,4,4,3,12,"{'ry': 8, 'measure': 4, 'barrier': 1}"
test_kernel,443,3,qksvc,4588,4,4,3,12,"{'ry': 8, 'measure': 4, 'barrier': 1}"
test_kernel,443,4,qksvc,4589,4,4,3,12,"{'ry': 8, 'measure': 4, 'barrier': 1}"
test_kernel,443,5,qksvc,4590,4,4,3,12,"{'ry': 8, 'measure': 4, 'barrier': 1}"
test_kernel,443,6,qksvc,4591,4,4,3,12,"{'ry': 8, 'measure': 4, 'barrier': 1}"
test_kernel,443,7,qksvc,4592,4,4,3,12,"{'ry': 8, 'measure': 4, 'barrier': 1}"
test_kernel,443,8,qksvc,4593,4,4,3,12,"{'ry': 8, 'measure': 4, 'barrier': 1}"
test_kernel,443,9,qksvc,4594,4,4,3,12,"{'ry': 8, 'measure': 4, 'barrier': 1}"
test_kernel,444,0,qksvc,4595,4,4,3,12,"{'ry': 8, 'measure': 4, 'barrier': 1}"
test_kernel,444,1,qksvc,4596,4,4,3,12,"{'ry': 8, 'measure': 4, 'barrier': 1}"
test_kernel,444,2,qksvc,4597,4,4,3,12,"{'ry': 8, 'measure': 4, 'barrier': 1}"
test_kernel,444,3,qksvc,4598,4,4,3,12,"{'ry': 8, 'measure': 4, 'barrier': 1}"
test_kernel,444,4,qksvc,4599,4,4,3,12,"{'ry': 8, 'measure': 4, 'barrier': 1}"
test_kernel,444,5,qksvc,4600,4,4,3,12,"{'ry': 8, 'measure': 4, 'barrier': 1}"
test_kernel,444,6,qksvc,4601,4,4,3,12,"{'ry': 8, 'measure': 4, 'barrier': 1}"
test_kernel,444,7,qksvc,4602,4,4,3,12,"{'ry': 8, 'measure': 4, 'barrier': 1}"
test_kernel,444,8,qksvc,4603,4,4,3,12,"{'ry': 8, 'measure': 4, 'barrier': 1}"
test_kernel,444,9,qksvc,4604,4,4,3,12,"{'ry': 8, 'measure': 4, 'barrier': 1}"
test_kernel,445,0,qksvc,4605,4,4,3,12,"{'ry': 8, 'measure': 4, 'barrier': 1}"
test_kernel,445,1,qksvc,4606,4,4,3,12,"{'ry': 8, 'measure': 4, 'barrier': 1}"
test_kernel,445,2,qksvc,4607,4,4,3,12,"{'ry': 8, 'measure': 4, 'barrier': 1}"
test_kernel,445,3,qksvc,4608,4,4,3,12,"{'ry': 8, 'measure': 4, 'barrier': 1}"
test_kernel,445,4,qksvc,4609,4,4,3,12,"{'ry': 8, 'measure': 4, 'barrier': 1}"
test_kernel,445,5,qksvc,4610,4,4,3,12,"{'ry': 8, 'measure': 4, 'barrier': 1}"
test_kernel,445,6,qksvc,4611,4,4,3,12,"{'ry': 8, 'measure': 4, 'barrier': 1}"
test_kernel,445,7,qksvc,4612,4,4,3,12,"{'ry': 8, 'measure': 4, 'barrier': 1}"
test_kernel,445,8,qksvc,4613,4,4,3,12,"{'ry': 8, 'measure': 4, 'barrier': 1}"
test_kernel,445,9,qksvc,4614,4,4,3,12,"{'ry': 8, 'measure': 4, 'barrier': 1}"
test_kernel,446,0,qksvc,4615,4,4,3,12,"{'ry': 8, 'measure': 4, 'barrier': 1}"
test_kernel,446,1,qksvc,4616,4,4,3,12,"{'ry': 8, 'measure': 4, 'barrier': 1}"
test_kernel,446,2,qksvc,4617,4,4,3,12,"{'ry': 8, 'measure': 4, 'barrier': 1}"
test_kernel,446,3,qksvc,4618,4,4,3,12,"{'ry': 8, 'measure': 4, 'barrier': 1}"
test_kernel,446,4,qksvc,4619,4,4,3,12,"{'ry': 8, 'measure': 4, 'barrier': 1}"
test_kernel,446,5,qksvc,4620,4,4,3,12,"{'ry': 8, 'measure': 4, 'barrier': 1}"
test_kernel,446,6,qksvc,4621,4,4,3,12,"{'ry': 8, 'measure': 4, 'barrier': 1}"
test_kernel,446,7,qksvc,4622,4,4,3,12,"{'ry': 8, 'measure': 4, 'barrier': 1}"
test_kernel,446,8,qksvc,4623,4,4,3,12,"{'ry': 8, 'measure': 4, 'barrier': 1}"
test_kernel,446,9,qksvc,4624,4,4,3,12,"{'ry': 8, 'measure': 4, 'barrier': 1}"
test_kernel,447,0,qksvc,4625,4,4,3,12,"{'ry': 8, 'measure': 4, 'barrier': 1}"
test_kernel,447,1,qksvc,4626,4,4,3,12,"{'ry': 8, 'measure': 4, 'barrier': 1}"
test_kernel,447,2,qksvc,4627,4,4,3,12,"{'ry': 8, 'measure': 4, 'barrier': 1}"
test_kernel,447,3,qksvc,4628,4,4,3,12,"{'ry': 8, 'measure': 4, 'barrier': 1}"
test_kernel,447,4,qksvc,4629,4,4,3,12,"{'ry': 8, 'measure': 4, 'barrier': 1}"
test_kernel,447,5,qksvc,4630,4,4,3,12,"{'ry': 8, 'measure': 4, 'barrier': 1}"
test_kernel,447,6,qksvc,4631,4,4,3,12,"{'ry': 8, 'measure': 4, 'barrier': 1}"
test_kernel,447,7,qksvc,4632,4,4,3,12,"{'ry': 8, 'measure': 4, 'barrier': 1}"
test_kernel,447,8,qksvc,4633,4,4,3,12,"{'ry': 8, 'measure': 4, 'barrier': 1}"
test_kernel,447,9,qksvc,4634,4,4,3,12,"{'ry': 8, 'measure': 4, 'barrier': 1}"
test_kernel,448,0,qksvc,4635,4,4,3,12,"{'ry': 8, 'measure': 4, 'barrier': 1}"
test_kernel,448,1,qksvc,4636,4,4,3,12,"{'ry': 8, 'measure': 4, 'barrier': 1}"
test_kernel,448,2,qksvc,4637,4,4,3,12,"{'ry': 8, 'measure': 4, 'barrier': 1}"
test_kernel,448,3,qksvc,4638,4,4,3,12,"{'ry': 8, 'measure': 4, 'barrier': 1}"
test_kernel,448,4,qksvc,4639,4,4,3,12,"{'ry': 8, 'measure': 4, 'barrier': 1}"
test_kernel,448,5,qksvc,4640,4,4,3,12,"{'ry': 8, 'measure': 4, 'barrier': 1}"
test_kernel,448,6,qksvc,4641,4,4,3,12,"{'ry': 8, 'measure': 4, 'barrier': 1}"
test_kernel,448,7,qksvc,4642,4,4,3,12,"{'ry': 8, 'measure': 4, 'barrier': 1}"
test_kernel,448,8,qksvc,4643,4,4,3,12,"{'ry': 8, 'measure': 4, 'barrier': 1}"
test_kernel,448,9,qksvc,4644,4,4,3,12,"{'ry': 8, 'measure': 4, 'barrier': 1}"
test_kernel,449,0,qksvc,4645,4,4,3,12,"{'ry': 8, 'measure': 4, 'barrier': 1}"
test_kernel,449,1,qksvc,4646,4,4,3,12,"{'ry': 8, 'measure': 4, 'barrier': 1}"
test_kernel,449,2,qksvc,4647,4,4,3,12,"{'ry': 8, 'measure': 4, 'barrier': 1}"
test_kernel,449,3,qksvc,4648,4,4,3,12,"{'ry': 8, 'measure': 4, 'barrier': 1}"
test_kernel,449,4,qksvc,4649,4,4,3,12,"{'ry': 8, 'measure': 4, 'barrier': 1}"
test_kernel,449,5,qksvc,4650,4,4,3,12,"{'ry': 8, 'measure': 4, 'barrier': 1}"
test_kernel,449,6,qksvc,4651,4,4,3,12,"{'ry': 8, 'measure': 4, 'barrier': 1}"
test_kernel,449,7,qksvc,4652,4,4,3,12,"{'ry': 8, 'measure': 4, 'barrier': 1}"
test_kernel,449,8,qksvc,4653,4,4,3,12,"{'ry': 8, 'measure': 4, 'barrier': 1}"
test_kernel,449,9,qksvc,4654,4,4,3,12,"{'ry': 8, 'measure': 4, 'barrier': 1}"
test_kernel,450,0,qksvc,4655,4,4,3,12,"{'ry': 8, 'measure': 4, 'barrier': 1}"
test_kernel,450,1,qksvc,4656,4,4,3,12,"{'ry': 8, 'measure': 4, 'barrier': 1}"
test_kernel,450,2,qksvc,4657,4,4,3,12,"{'ry': 8, 'measure': 4, 'barrier': 1}"
test_kernel,450,3,qksvc,4658,4,4,3,12,"{'ry': 8, 'measure': 4, 'barrier': 1}"
test_kernel,450,4,qksvc,4659,4,4,3,12,"{'ry': 8, 'measure': 4, 'barrier': 1}"
test_kernel,450,5,qksvc,4660,4,4,3,12,"{'ry': 8, 'measure': 4, 'barrier': 1}"
test_kernel,450,6,qksvc,4661,4,4,3,12,"{'ry': 8, 'measure': 4, 'barrier': 1}"
test_kernel,450,7,qksvc,4662,4,4,3,12,"{'ry': 8, 'measure': 4, 'barrier': 1}"
test_kernel,450,8,qksvc,4663,4,4,3,12,"{'ry': 8, 'measure': 4, 'barrier': 1}"
test_kernel,450,9,qksvc,4664,4,4,3,12,"{'ry': 8, 'measure': 4, 'barrier': 1}"
test_kernel,451,0,qksvc,4665,4,4,3,12,"{'ry': 8, 'measure': 4, 'barrier': 1}"
test_kernel,451,1,qksvc,4666,4,4,3,12,"{'ry': 8, 'measure': 4, 'barrier': 1}"
test_kernel,451,2,qksvc,4667,4,4,3,12,"{'ry': 8, 'measure': 4, 'barrier': 1}"
test_kernel,451,3,qksvc,4668,4,4,3,12,"{'ry': 8, 'measure': 4, 'barrier': 1}"
test_kernel,451,4,qksvc,4669,4,4,3,12,"{'ry': 8, 'measure': 4, 'barrier': 1}"
test_kernel,451,5,qksvc,4670,4,4,3,12,"{'ry': 8, 'measure': 4, 'barrier': 1}"
test_kernel,451,6,qksvc,4671,4,4,3,12,"{'ry': 8, 'measure': 4, 'barrier': 1}"
test_kernel,451,7,qksvc,4672,4,4,3,12,"{'ry': 8, 'measure': 4, 'barrier': 1}"
test_kernel,451,8,qksvc,4673,4,4,3,12,"{'ry': 8, 'measure': 4, 'barrier': 1}"
test_kernel,451,9,qksvc,4674,4,4,3,12,"{'ry': 8, 'measure': 4, 'barrier': 1}"
test_kernel,452,0,qksvc,4675,4,4,3,12,"{'ry': 8, 'measure': 4, 'barrier': 1}"
test_kernel,452,1,qksvc,4676,4,4,3,12,"{'ry': 8, 'measure': 4, 'barrier': 1}"
test_kernel,452,2,qksvc,4677,4,4,3,12,"{'ry': 8, 'measure': 4, 'barrier': 1}"
test_kernel,452,3,qksvc,4678,4,4,3,12,"{'ry': 8, 'measure': 4, 'barrier': 1}"
test_kernel,452,4,qksvc,4679,4,4,3,12,"{'ry': 8, 'measure': 4, 'barrier': 1}"
test_kernel,452,5,qksvc,4680,4,4,3,12,"{'ry': 8, 'measure': 4, 'barrier': 1}"
test_kernel,452,6,qksvc,4681,4,4,3,12,"{'ry': 8, 'measure': 4, 'barrier': 1}"
test_kernel,452,7,qksvc,4682,4,4,3,12,"{'ry': 8, 'measure': 4, 'barrier': 1}"
test_kernel,452,8,qksvc,4683,4,4,3,12,"{'ry': 8, 'measure': 4, 'barrier': 1}"
test_kernel,452,9,qksvc,4684,4,4,3,12,"{'ry': 8, 'measure': 4, 'barrier': 1}"
test_kernel,453,0,qksvc,4685,4,4,3,12,"{'ry': 8, 'measure': 4, 'barrier': 1}"
test_kernel,453,1,qksvc,4686,4,4,3,12,"{'ry': 8, 'measure': 4, 'barrier': 1}"
test_kernel,453,2,qksvc,4687,4,4,3,12,"{'ry': 8, 'measure': 4, 'barrier': 1}"
test_kernel,453,3,qksvc,4688,4,4,3,12,"{'ry': 8, 'measure': 4, 'barrier': 1}"
test_kernel,453,4,qksvc,4689,4,4,3,12,"{'ry': 8, 'measure': 4, 'barrier': 1}"
test_kernel,453,5,qksvc,4690,4,4,3,12,"{'ry': 8, 'measure': 4, 'barrier': 1}"
test_kernel,453,6,qksvc,4691,4,4,3,12,"{'ry': 8, 'measure': 4, 'barrier': 1}"
test_kernel,453,7,qksvc,4692,4,4,3,12,"{'ry': 8, 'measure': 4, 'barrier': 1}"
test_kernel,453,8,qksvc,4693,4,4,3,12,"{'ry': 8, 'measure': 4, 'barrier': 1}"
test_kernel,453,9,qksvc,4694,4,4,3,12,"{'ry': 8, 'measure': 4, 'barrier': 1}"
test_kernel,454,0,qksvc,4695,4,4,3,12,"{'ry': 8, 'measure': 4, 'barrier': 1}"
test_kernel,454,1,qksvc,4696,4,4,3,12,"{'ry': 8, 'measure': 4, 'barrier': 1}"
test_kernel,454,2,qksvc,4697,4,4,3,12,"{'ry': 8, 'measure': 4, 'barrier': 1}"
test_kernel,454,3,qksvc,4698,4,4,3,12,"{'ry': 8, 'measure': 4, 'barrier': 1}"
test_kernel,454,4,qksvc,4699,4,4,3,12,"{'ry': 8, 'measure': 4, 'barrier': 1}"
test_kernel,454,5,qksvc,4700,4,4,3,12,"{'ry': 8, 'measure': 4, 'barrier': 1}"
test_kernel,454,6,qksvc,4701,4,4,3,12,"{'ry': 8, 'measure': 4, 'barrier': 1}"
test_kernel,454,7,qksvc,4702,4,4,3,12,"{'ry': 8, 'measure': 4, 'barrier': 1}"
test_kernel,454,8,qksvc,4703,4,4,3,12,"{'ry': 8, 'measure': 4, 'barrier': 1}"
test_kernel,454,9,qksvc,4704,4,4,3,12,"{'ry': 8, 'measure': 4, 'barrier': 1}"
test_kernel,455,0,qksvc,4705,4,4,3,12,"{'ry': 8, 'measure': 4, 'barrier': 1}"
test_kernel,455,1,qksvc,4706,4,4,3,12,"{'ry': 8, 'measure': 4, 'barrier': 1}"
test_kernel,455,2,qksvc,4707,4,4,3,12,"{'ry': 8, 'measure': 4, 'barrier': 1}"
test_kernel,455,3,qksvc,4708,4,4,3,12,"{'ry': 8, 'measure': 4, 'barrier': 1}"
test_kernel,455,4,qksvc,4709,4,4,3,12,"{'ry': 8, 'measure': 4, 'barrier': 1}"
test_kernel,455,5,qksvc,4710,4,4,3,12,"{'ry': 8, 'measure': 4, 'barrier': 1}"
test_kernel,455,6,qksvc,4711,4,4,3,12,"{'ry': 8, 'measure': 4, 'barrier': 1}"
test_kernel,455,7,qksvc,4712,4,4,3,12,"{'ry': 8, 'measure': 4, 'barrier': 1}"
test_kernel,455,8,qksvc,4713,4,4,3,12,"{'ry': 8, 'measure': 4, 'barrier': 1}"
test_kernel,455,9,qksvc,4714,4,4,3,12,"{'ry': 8, 'measure': 4, 'barrier': 1}"
test_kernel,456,0,qksvc,4715,4,4,3,12,"{'ry': 8, 'measure': 4, 'barrier': 1}"
test_kernel,456,1,qksvc,4716,4,4,3,12,"{'ry': 8, 'measure': 4, 'barrier': 1}"
test_kernel,456,2,qksvc,4717,4,4,3,12,"{'ry': 8, 'measure': 4, 'barrier': 1}"
test_kernel,456,3,qksvc,4718,4,4,3,12,"{'ry': 8, 'measure': 4, 'barrier': 1}"
test_kernel,456,4,qksvc,4719,4,4,3,12,"{'ry': 8, 'measure': 4, 'barrier': 1}"
test_kernel,456,5,qksvc,4720,4,4,3,12,"{'ry': 8, 'measure': 4, 'barrier': 1}"
test_kernel,456,6,qksvc,4721,4,4,3,12,"{'ry': 8, 'measure': 4, 'barrier': 1}"
test_kernel,456,7,qksvc,4722,4,4,3,12,"{'ry': 8, 'measure': 4, 'barrier': 1}"
test_kernel,456,8,qksvc,4723,4,4,3,12,"{'ry': 8, 'measure': 4, 'barrier': 1}"
test_kernel,456,9,qksvc,4724,4,4,3,12,"{'ry': 8, 'measure': 4, 'barrier': 1}"
test_kernel,457,0,qksvc,4725,4,4,3,12,"{'ry': 8, 'measure': 4, 'barrier': 1}"
test_kernel,457,1,qksvc,4726,4,4,3,12,"{'ry': 8, 'measure': 4, 'barrier': 1}"
test_kernel,457,2,qksvc,4727,4,4,3,12,"{'ry': 8, 'measure': 4, 'barrier': 1}"
test_kernel,457,3,qksvc,4728,4,4,3,12,"{'ry': 8, 'measure': 4, 'barrier': 1}"
test_kernel,457,4,qksvc,4729,4,4,3,12,"{'ry': 8, 'measure': 4, 'barrier': 1}"
test_kernel,457,5,qksvc,4730,4,4,3,12,"{'ry': 8, 'measure': 4, 'barrier': 1}"
test_kernel,457,6,qksvc,4731,4,4,3,12,"{'ry': 8, 'measure': 4, 'barrier': 1}"
test_kernel,457,7,qksvc,4732,4,4,3,12,"{'ry': 8, 'measure': 4, 'barrier': 1}"
test_kernel,457,8,qksvc,4733,4,4,3,12,"{'ry': 8, 'measure': 4, 'barrier': 1}"
test_kernel,457,9,qksvc,4734,4,4,3,12,"{'ry': 8, 'measure': 4, 'barrier': 1}"
test_kernel,458,0,qksvc,4735,4,4,3,12,"{'ry': 8, 'measure': 4, 'barrier': 1}"
test_kernel,458,1,qksvc,4736,4,4,3,12,"{'ry': 8, 'measure': 4, 'barrier': 1}"
test_kernel,458,2,qksvc,4737,4,4,3,12,"{'ry': 8, 'measure': 4, 'barrier': 1}"
test_kernel,458,3,qksvc,4738,4,4,3,12,"{'ry': 8, 'measure': 4, 'barrier': 1}"
test_kernel,458,4,qksvc,4739,4,4,3,12,"{'ry': 8, 'measure': 4, 'barrier': 1}"
test_kernel,458,5,qksvc,4740,4,4,3,12,"{'ry': 8, 'measure': 4, 'barrier': 1}"
test_kernel,458,6,qksvc,4741,4,4,3,12,"{'ry': 8, 'measure': 4, 'barrier': 1}"
test_kernel,458,7,qksvc,4742,4,4,3,12,"{'ry': 8, 'measure': 4, 'barrier': 1}"
test_kernel,458,8,qksvc,4743,4,4,3,12,"{'ry': 8, 'measure': 4, 'barrier': 1}"
test_kernel,458,9,qksvc,4744,4,4,3,12,"{'ry': 8, 'measure': 4, 'barrier': 1}"
test_kernel,459,0,qksvc,4745,4,4,3,12,"{'ry': 8, 'measure': 4, 'barrier': 1}"
test_kernel,459,1,qksvc,4746,4,4,3,12,"{'ry': 8, 'measure': 4, 'barrier': 1}"
test_kernel,459,2,qksvc,4747,4,4,3,12,"{'ry': 8, 'measure': 4, 'barrier': 1}"
test_kernel,459,3,qksvc,4748,4,4,3,12,"{'ry': 8, 'measure': 4, 'barrier': 1}"
test_kernel,459,4,qksvc,4749,4,4,3,12,"{'ry': 8, 'measure': 4, 'barrier': 1}"
test_kernel,459,5,qksvc,4750,4,4,3,12,"{'ry': 8, 'measure': 4, 'barrier': 1}"
test_kernel,459,6,qksvc,4751,4,4,3,12,"{'ry': 8, 'measure': 4, 'barrier': 1}"
test_kernel,459,7,qksvc,4752,4,4,3,12,"{'ry': 8, 'measure': 4, 'barrier': 1}"
test_kernel,459,8,qksvc,4753,4,4,3,12,"{'ry': 8, 'measure': 4, 'barrier': 1}"
test_kernel,459,9,qksvc,4754,4,4,3,12,"{'ry': 8, 'measure': 4, 'barrier': 1}"
test_kernel,460,0,qksvc,4755,4,4,3,12,"{'ry': 8, 'measure': 4, 'barrier': 1}"
test_kernel,460,1,qksvc,4756,4,4,3,12,"{'ry': 8, 'measure': 4, 'barrier': 1}"
test_kernel,460,2,qksvc,4757,4,4,3,12,"{'ry': 8, 'measure': 4, 'barrier': 1}"
test_kernel,460,3,qksvc,4758,4,4,3,12,"{'ry': 8, 'measure': 4, 'barrier': 1}"
test_kernel,460,4,qksvc,4759,4,4,3,12,"{'ry': 8, 'measure': 4, 'barrier': 1}"
test_kernel,460,5,qksvc,4760,4,4,3,12,"{'ry': 8, 'measure': 4, 'barrier': 1}"
test_kernel,460,6,qksvc,4761,4,4,3,12,"{'ry': 8, 'measure': 4, 'barrier': 1}"
test_kernel,460,7,qksvc,4762,4,4,3,12,"{'ry': 8, 'measure': 4, 'barrier': 1}"
test_kernel,460,8,qksvc,4763,4,4,3,12,"{'ry': 8, 'measure': 4, 'barrier': 1}"
test_kernel,460,9,qksvc,4764,4,4,3,12,"{'ry': 8, 'measure': 4, 'barrier': 1}"
test_kernel,461,0,qksvc,4765,4,4,3,12,"{'ry': 8, 'measure': 4, 'barrier': 1}"
test_kernel,461,1,qksvc,4766,4,4,3,12,"{'ry': 8, 'measure': 4, 'barrier': 1}"
test_kernel,461,2,qksvc,4767,4,4,3,12,"{'ry': 8, 'measure': 4, 'barrier': 1}"
test_kernel,461,3,qksvc,4768,4,4,3,12,"{'ry': 8, 'measure': 4, 'barrier': 1}"
test_kernel,461,4,qksvc,4769,4,4,3,12,"{'ry': 8, 'measure': 4, 'barrier': 1}"
test_kernel,461,5,qksvc,4770,4,4,3,12,"{'ry': 8, 'measure': 4, 'barrier': 1}"
test_kernel,461,6,qksvc,4771,4,4,3,12,"{'ry': 8, 'measure': 4, 'barrier': 1}"
test_kernel,461,7,qksvc,4772,4,4,3,12,"{'ry': 8, 'measure': 4, 'barrier': 1}"
test_kernel,461,8,qksvc,4773,4,4,3,12,"{'ry': 8, 'measure': 4, 'barrier': 1}"
test_kernel,461,9,qksvc,4774,4,4,3,12,"{'ry': 8, 'measure': 4, 'barrier': 1}"
test_kernel,462,0,qksvc,4775,4,4,3,12,"{'ry': 8, 'measure': 4, 'barrier': 1}"
test_kernel,462,1,qksvc,4776,4,4,3,12,"{'ry': 8, 'measure': 4, 'barrier': 1}"
test_kernel,462,2,qksvc,4777,4,4,3,12,"{'ry': 8, 'measure': 4, 'barrier': 1}"
test_kernel,462,3,qksvc,4778,4,4,3,12,"{'ry': 8, 'measure': 4, 'barrier': 1}"
test_kernel,462,4,qksvc,4779,4,4,3,12,"{'ry': 8, 'measure': 4, 'barrier': 1}"
test_kernel,462,5,qksvc,4780,4,4,3,12,"{'ry': 8, 'measure': 4, 'barrier': 1}"
test_kernel,462,6,qksvc,4781,4,4,3,12,"{'ry': 8, 'measure': 4, 'barrier': 1}"
test_kernel,462,7,qksvc,4782,4,4,3,12,"{'ry': 8, 'measure': 4, 'barrier': 1}"
test_kernel,462,8,qksvc,4783,4,4,3,12,"{'ry': 8, 'measure': 4, 'barrier': 1}"
test_kernel,462,9,qksvc,4784,4,4,3,12,"{'ry': 8, 'measure': 4, 'barrier': 1}"
test_kernel,463,0,qksvc,4785,4,4,3,12,"{'ry': 8, 'measure': 4, 'barrier': 1}"
test_kernel,463,1,qksvc,4786,4,4,3,12,"{'ry': 8, 'measure': 4, 'barrier': 1}"
test_kernel,463,2,qksvc,4787,4,4,3,12,"{'ry': 8, 'measure': 4, 'barrier': 1}"
test_kernel,463,3,qksvc,4788,4,4,3,12,"{'ry': 8, 'measure': 4, 'barrier': 1}"
test_kernel,463,4,qksvc,4789,4,4,3,12,"{'ry': 8, 'measure': 4, 'barrier': 1}"
test_kernel,463,5,qksvc,4790,4,4,3,12,"{'ry': 8, 'measure': 4, 'barrier': 1}"
test_kernel,463,6,qksvc,4791,4,4,3,12,"{'ry': 8, 'measure': 4, 'barrier': 1}"
test_kernel,463,7,qksvc,4792,4,4,3,12,"{'ry': 8, 'measure': 4, 'barrier': 1}"
test_kernel,463,8,qksvc,4793,4,4,3,12,"{'ry': 8, 'measure': 4, 'barrier': 1}"
test_kernel,463,9,qksvc,4794,4,4,3,12,"{'ry': 8, 'measure': 4, 'barrier': 1}"
test_kernel,464,0,qksvc,4795,4,4,3,12,"{'ry': 8, 'measure': 4, 'barrier': 1}"
test_kernel,464,1,qksvc,4796,4,4,3,12,"{'ry': 8, 'measure': 4, 'barrier': 1}"
test_kernel,464,2,qksvc,4797,4,4,3,12,"{'ry': 8, 'measure': 4, 'barrier': 1}"
test_kernel,464,3,qksvc,4798,4,4,3,12,"{'ry': 8, 'measure': 4, 'barrier': 1}"
test_kernel,464,4,qksvc,4799,4,4,3,12,"{'ry': 8, 'measure': 4, 'barrier': 1}"
test_kernel,464,5,qksvc,4800,4,4,3,12,"{'ry': 8, 'measure': 4, 'barrier': 1}"
test_kernel,464,6,qksvc,4801,4,4,3,12,"{'ry': 8, 'measure': 4, 'barrier': 1}"
test_kernel,464,7,qksvc,4802,4,4,3,12,"{'ry': 8, 'measure': 4, 'barrier': 1}"
test_kernel,464,8,qksvc,4803,4,4,3,12,"{'ry': 8, 'measure': 4, 'barrier': 1}"
test_kernel,464,9,qksvc,4804,4,4,3,12,"{'ry': 8, 'measure': 4, 'barrier': 1}"
test_kernel,465,0,qksvc,4805,4,4,3,12,"{'ry': 8, 'measure': 4, 'barrier': 1}"
test_kernel,465,1,qksvc,4806,4,4,3,12,"{'ry': 8, 'measure': 4, 'barrier': 1}"
test_kernel,465,2,qksvc,4807,4,4,3,12,"{'ry': 8, 'measure': 4, 'barrier': 1}"
test_kernel,465,3,qksvc,4808,4,4,3,12,"{'ry': 8, 'measure': 4, 'barrier': 1}"
test_kernel,465,4,qksvc,4809,4,4,3,12,"{'ry': 8, 'measure': 4, 'barrier': 1}"
test_kernel,465,5,qksvc,4810,4,4,3,12,"{'ry': 8, 'measure': 4, 'barrier': 1}"
test_kernel,465,6,qksvc,4811,4,4,3,12,"{'ry': 8, 'measure': 4, 'barrier': 1}"
test_kernel,465,7,qksvc,4812,4,4,3,12,"{'ry': 8, 'measure': 4, 'barrier': 1}"
test_kernel,465,8,qksvc,4813,4,4,3,12,"{'ry': 8, 'measure': 4, 'barrier': 1}"
test_kernel,465,9,qksvc,4814,4,4,3,12,"{'ry': 8, 'measure': 4, 'barrier': 1}"
test_kernel,466,0,qksvc,4815,4,4,3,12,"{'ry': 8, 'measure': 4, 'barrier': 1}"
test_kernel,466,1,qksvc,4816,4,4,3,12,"{'ry': 8, 'measure': 4, 'barrier': 1}"
test_kernel,466,2,qksvc,4817,4,4,3,12,"{'ry': 8, 'measure': 4, 'barrier': 1}"
test_kernel,466,3,qksvc,4818,4,4,3,12,"{'ry': 8, 'measure': 4, 'barrier': 1}"
test_kernel,466,4,qksvc,4819,4,4,3,12,"{'ry': 8, 'measure': 4, 'barrier': 1}"
test_kernel,466,5,qksvc,4820,4,4,3,12,"{'ry': 8, 'measure': 4, 'barrier': 1}"
test_kernel,466,6,qksvc,4821,4,4,3,12,"{'ry': 8, 'measure': 4, 'barrier': 1}"
test_kernel,466,7,qksvc,4822,4,4,3,12,"{'ry': 8, 'measure': 4, 'barrier': 1}"
test_kernel,466,8,qksvc,4823,4,4,3,12,"{'ry': 8, 'measure': 4, 'barrier': 1}"
test_kernel,466,9,qksvc,4824,4,4,3,12,"{'ry': 8, 'measure': 4, 'barrier': 1}"
test_kernel,467,0,qksvc,4825,4,4,3,12,"{'ry': 8, 'measure': 4, 'barrier': 1}"
test_kernel,467,1,qksvc,4826,4,4,3,12,"{'ry': 8, 'measure': 4, 'barrier': 1}"
test_kernel,467,2,qksvc,4827,4,4,3,12,"{'ry': 8, 'measure': 4, 'barrier': 1}"
test_kernel,467,3,qksvc,4828,4,4,3,12,"{'ry': 8, 'measure': 4, 'barrier': 1}"
test_kernel,467,4,qksvc,4829,4,4,3,12,"{'ry': 8, 'measure': 4, 'barrier': 1}"
test_kernel,467,5,qksvc,4830,4,4,3,12,"{'ry': 8, 'measure': 4, 'barrier': 1}"
test_kernel,467,6,qksvc,4831,4,4,3,12,"{'ry': 8, 'measure': 4, 'barrier': 1}"
test_kernel,467,7,qksvc,4832,4,4,3,12,"{'ry': 8, 'measure': 4, 'barrier': 1}"
test_kernel,467,8,qksvc,4833,4,4,3,12,"{'ry': 8, 'measure': 4, 'barrier': 1}"
test_kernel,467,9,qksvc,4834,4,4,3,12,"{'ry': 8, 'measure': 4, 'barrier': 1}"
test_kernel,468,0,qksvc,4835,4,4,3,12,"{'ry': 8, 'measure': 4, 'barrier': 1}"
test_kernel,468,1,qksvc,4836,4,4,3,12,"{'ry': 8, 'measure': 4, 'barrier': 1}"
test_kernel,468,2,qksvc,4837,4,4,3,12,"{'ry': 8, 'measure': 4, 'barrier': 1}"
test_kernel,468,3,qksvc,4838,4,4,3,12,"{'ry': 8, 'measure': 4, 'barrier': 1}"
test_kernel,468,4,qksvc,4839,4,4,3,12,"{'ry': 8, 'measure': 4, 'barrier': 1}"
test_kernel,468,5,qksvc,4840,4,4,3,12,"{'ry': 8, 'measure': 4, 'barrier': 1}"
test_kernel,468,6,qksvc,4841,4,4,3,12,"{'ry': 8, 'measure': 4, 'barrier': 1}"
test_kernel,468,7,qksvc,4842,4,4,3,12,"{'ry': 8, 'measure': 4, 'barrier': 1}"
test_kernel,468,8,qksvc,4843,4,4,3,12,"{'ry': 8, 'measure': 4, 'barrier': 1}"
test_kernel,468,9,qksvc,4844,4,4,3,12,"{'ry': 8, 'measure': 4, 'barrier': 1}"
test_kernel,469,0,qksvc,4845,4,4,3,12,"{'ry': 8, 'measure': 4, 'barrier': 1}"
test_kernel,469,1,qksvc,4846,4,4,3,12,"{'ry': 8, 'measure': 4, 'barrier': 1}"
test_kernel,469,2,qksvc,4847,4,4,3,12,"{'ry': 8, 'measure': 4, 'barrier': 1}"
test_kernel,469,3,qksvc,4848,4,4,3,12,"{'ry': 8, 'measure': 4, 'barrier': 1}"
test_kernel,469,4,qksvc,4849,4,4,3,12,"{'ry': 8, 'measure': 4, 'barrier': 1}"
test_kernel,469,5,qksvc,4850,4,4,3,12,"{'ry': 8, 'measure': 4, 'barrier': 1}"
test_kernel,469,6,qksvc,4851,4,4,3,12,"{'ry': 8, 'measure': 4, 'barrier': 1}"
test_kernel,469,7,qksvc,4852,4,4,3,12,"{'ry': 8, 'measure': 4, 'barrier': 1}"
test_kernel,469,8,qksvc,4853,4,4,3,12,"{'ry': 8, 'measure': 4, 'barrier': 1}"
test_kernel,469,9,qksvc,4854,4,4,3,12,"{'ry': 8, 'measure': 4, 'barrier': 1}"
test_kernel,470,0,qksvc,4855,4,4,3,12,"{'ry': 8, 'measure': 4, 'barrier': 1}"
test_kernel,470,1,qksvc,4856,4,4,3,12,"{'ry': 8, 'measure': 4, 'barrier': 1}"
test_kernel,470,2,qksvc,4857,4,4,3,12,"{'ry': 8, 'measure': 4, 'barrier': 1}"
test_kernel,470,3,qksvc,4858,4,4,3,12,"{'ry': 8, 'measure': 4, 'barrier': 1}"
test_kernel,470,4,qksvc,4859,4,4,3,12,"{'ry': 8, 'measure': 4, 'barrier': 1}"
test_kernel,470,5,qksvc,4860,4,4,3,12,"{'ry': 8, 'measure': 4, 'barrier': 1}"
test_kernel,470,6,qksvc,4861,4,4,3,12,"{'ry': 8, 'measure': 4, 'barrier': 1}"
test_kernel,470,7,qksvc,4862,4,4,3,12,"{'ry': 8, 'measure': 4, 'barrier': 1}"
test_kernel,470,8,qksvc,4863,4,4,3,12,"{'ry': 8, 'measure': 4, 'barrier': 1}"
test_kernel,470,9,qksvc,4864,4,4,3,12,"{'ry': 8, 'measure': 4, 'barrier': 1}"
test_kernel,471,0,qksvc,4865,4,4,3,12,"{'ry': 8, 'measure': 4, 'barrier': 1}"
test_kernel,471,1,qksvc,4866,4,4,3,12,"{'ry': 8, 'measure': 4, 'barrier': 1}"
test_kernel,471,2,qksvc,4867,4,4,3,12,"{'ry': 8, 'measure': 4, 'barrier': 1}"
test_kernel,471,3,qksvc,4868,4,4,3,12,"{'ry': 8, 'measure': 4, 'barrier': 1}"
test_kernel,471,4,qksvc,4869,4,4,3,12,"{'ry': 8, 'measure': 4, 'barrier': 1}"
test_kernel,471,5,qksvc,4870,4,4,3,12,"{'ry': 8, 'measure': 4, 'barrier': 1}"
test_kernel,471,6,qksvc,4871,4,4,3,12,"{'ry': 8, 'measure': 4, 'barrier': 1}"
test_kernel,471,7,qksvc,4872,4,4,3,12,"{'ry': 8, 'measure': 4, 'barrier': 1}"
test_kernel,471,8,qksvc,4873,4,4,3,12,"{'ry': 8, 'measure': 4, 'barrier': 1}"
test_kernel,471,9,qksvc,4874,4,4,3,12,"{'ry': 8, 'measure': 4, 'barrier': 1}"
test_kernel,472,0,qksvc,4875,4,4,3,12,"{'ry': 8, 'measure': 4, 'barrier': 1}"
test_kernel,472,1,qksvc,4876,4,4,3,12,"{'ry': 8, 'measure': 4, 'barrier': 1}"
test_kernel,472,2,qksvc,4877,4,4,3,12,"{'ry': 8, 'measure': 4, 'barrier': 1}"
test_kernel,472,3,qksvc,4878,4,4,3,12,"{'ry': 8, 'measure': 4, 'barrier': 1}"
test_kernel,472,4,qksvc,4879,4,4,3,12,"{'ry': 8, 'measure': 4, 'barrier': 1}"
test_kernel,472,5,qksvc,4880,4,4,3,12,"{'ry': 8, 'measure': 4, 'barrier': 1}"
test_kernel,472,6,qksvc,4881,4,4,3,12,"{'ry': 8, 'measure': 4, 'barrier': 1}"
test_kernel,472,7,qksvc,4882,4,4,3,12,"{'ry': 8, 'measure': 4, 'barrier': 1}"
test_kernel,472,8,qksvc,4883,4,4,3,12,"{'ry': 8, 'measure': 4, 'barrier': 1}"
test_kernel,472,9,qksvc,4884,4,4,3,12,"{'ry': 8, 'measure': 4, 'barrier': 1}"
test_kernel,473,0,qksvc,4885,4,4,3,12,"{'ry': 8, 'measure': 4, 'barrier': 1}"
test_kernel,473,1,qksvc,4886,4,4,3,12,"{'ry': 8, 'measure': 4, 'barrier': 1}"
test_kernel,473,2,qksvc,4887,4,4,3,12,"{'ry': 8, 'measure': 4, 'barrier': 1}"
test_kernel,473,3,qksvc,4888,4,4,3,12,"{'ry': 8, 'measure': 4, 'barrier': 1}"
test_kernel,473,4,qksvc,4889,4,4,3,12,"{'ry': 8, 'measure': 4, 'barrier': 1}"
test_kernel,473,5,qksvc,4890,4,4,3,12,"{'ry': 8, 'measure': 4, 'barrier': 1}"
test_kernel,473,6,qksvc,4891,4,4,3,12,"{'ry': 8, 'measure': 4, 'barrier': 1}"
test_kernel,473,7,qksvc,4892,4,4,3,12,"{'ry': 8, 'measure': 4, 'barrier': 1}"
test_kernel,473,8,qksvc,4893,4,4,3,12,"{'ry': 8, 'measure': 4, 'barrier': 1}"
test_kernel,473,9,qksvc,4894,4,4,3,12,"{'ry': 8, 'measure': 4, 'barrier': 1}"
test_kernel,474,0,qksvc,4895,4,4,3,12,"{'ry': 8, 'measure': 4, 'barrier': 1}"
test_kernel,474,1,qksvc,4896,4,4,3,12,"{'ry': 8, 'measure': 4, 'barrier': 1}"
test_kernel,474,2,qksvc,4897,4,4,3,12,"{'ry': 8, 'measure': 4, 'barrier': 1}"
test_kernel,474,3,qksvc,4898,4,4,3,12,"{'ry': 8, 'measure': 4, 'barrier': 1}"
test_kernel,474,4,qksvc,4899,4,4,3,12,"{'ry': 8, 'measure': 4, 'barrier': 1}"
test_kernel,474,5,qksvc,4900,4,4,3,12,"{'ry': 8, 'measure': 4, 'barrier': 1}"
test_kernel,474,6,qksvc,4901,4,4,3,12,"{'ry': 8, 'measure': 4, 'barrier': 1}"
test_kernel,474,7,qksvc,4902,4,4,3,12,"{'ry': 8, 'measure': 4, 'barrier': 1}"
test_kernel,474,8,qksvc,4903,4,4,3,12,"{'ry': 8, 'measure': 4, 'barrier': 1}"
test_kernel,474,9,qksvc,4904,4,4,3,12,"{'ry': 8, 'measure': 4, 'barrier': 1}"
test_kernel,475,0,qksvc,4905,4,4,3,12,"{'ry': 8, 'measure': 4, 'barrier': 1}"
test_kernel,475,1,qksvc,4906,4,4,3,12,"{'ry': 8, 'measure': 4, 'barrier': 1}"
test_kernel,475,2,qksvc,4907,4,4,3,12,"{'ry': 8, 'measure': 4, 'barrier': 1}"
test_kernel,475,3,qksvc,4908,4,4,3,12,"{'ry': 8, 'measure': 4, 'barrier': 1}"
test_kernel,475,4,qksvc,4909,4,4,3,12,"{'ry': 8, 'measure': 4, 'barrier': 1}"
test_kernel,475,5,qksvc,4910,4,4,3,12,"{'ry': 8, 'measure': 4, 'barrier': 1}"
test_kernel,475,6,qksvc,4911,4,4,3,12,"{'ry': 8, 'measure': 4, 'barrier': 1}"
test_kernel,475,7,qksvc,4912,4,4,3,12,"{'ry': 8, 'measure': 4, 'barrier': 1}"
test_kernel,475,8,qksvc,4913,4,4,3,12,"{'ry': 8, 'measure': 4, 'barrier': 1}"
test_kernel,475,9,qksvc,4914,4,4,3,12,"{'ry': 8, 'measure': 4, 'barrier': 1}"
test_kernel,476,0,qksvc,4915,4,4,3,12,"{'ry': 8, 'measure': 4, 'barrier': 1}"
test_kernel,476,1,qksvc,4916,4,4,3,12,"{'ry': 8, 'measure': 4, 'barrier': 1}"
test_kernel,476,2,qksvc,4917,4,4,3,12,"{'ry': 8, 'measure': 4, 'barrier': 1}"
test_kernel,476,3,qksvc,4918,4,4,3,12,"{'ry': 8, 'measure': 4, 'barrier': 1}"
test_kernel,476,4,qksvc,4919,4,4,3,12,"{'ry': 8, 'measure': 4, 'barrier': 1}"
test_kernel,476,5,qksvc,4920,4,4,3,12,"{'ry': 8, 'measure': 4, 'barrier': 1}"
test_kernel,476,6,qksvc,4921,4,4,3,12,"{'ry': 8, 'measure': 4, 'barrier': 1}"
test_kernel,476,7,qksvc,4922,4,4,3,12,"{'ry': 8, 'measure': 4, 'barrier': 1}"
test_kernel,476,8,qksvc,4923,4,4,3,12,"{'ry': 8, 'measure': 4, 'barrier': 1}"
test_kernel,476,9,qksvc,4924,4,4,3,12,"{'ry': 8, 'measure': 4, 'barrier': 1}"
test_kernel,477,0,qksvc,4925,4,4,3,12,"{'ry': 8, 'measure': 4, 'barrier': 1}"
test_kernel,477,1,qksvc,4926,4,4,3,12,"{'ry': 8, 'measure': 4, 'barrier': 1}"
test_kernel,477,2,qksvc,4927,4,4,3,12,"{'ry': 8, 'measure': 4, 'barrier': 1}"
test_kernel,477,3,qksvc,4928,4,4,3,12,"{'ry': 8, 'measure': 4, 'barrier': 1}"
test_kernel,477,4,qksvc,4929,4,4,3,12,"{'ry': 8, 'measure': 4, 'barrier': 1}"
test_kernel,477,5,qksvc,4930,4,4,3,12,"{'ry': 8, 'measure': 4, 'barrier': 1}"
test_kernel,477,6,qksvc,4931,4,4,3,12,"{'ry': 8, 'measure': 4, 'barrier': 1}"
test_kernel,477,7,qksvc,4932,4,4,3,12,"{'ry': 8, 'measure': 4, 'barrier': 1}"
test_kernel,477,8,qksvc,4933,4,4,3,12,"{'ry': 8, 'measure': 4, 'barrier': 1}"
test_kernel,477,9,qksvc,4934,4,4,3,12,"{'ry': 8, 'measure': 4, 'barrier': 1}"
test_kernel,478,0,qksvc,4935,4,4,3,12,"{'ry': 8, 'measure': 4, 'barrier': 1}"
test_kernel,478,1,qksvc,4936,4,4,3,12,"{'ry': 8, 'measure': 4, 'barrier': 1}"
test_kernel,478,2,qksvc,4937,4,4,3,12,"{'ry': 8, 'measure': 4, 'barrier': 1}"
test_kernel,478,3,qksvc,4938,4,4,3,12,"{'ry': 8, 'measure': 4, 'barrier': 1}"
test_kernel,478,4,qksvc,4939,4,4,3,12,"{'ry': 8, 'measure': 4, 'barrier': 1}"
test_kernel,478,5,qksvc,4940,4,4,3,12,"{'ry': 8, 'measure': 4, 'barrier': 1}"
test_kernel,478,6,qksvc,4941,4,4,3,12,"{'ry': 8, 'measure': 4, 'barrier': 1}"
test_kernel,478,7,qksvc,4942,4,4,3,12,"{'ry': 8, 'measure': 4, 'barrier': 1}"
test_kernel,478,8,qksvc,4943,4,4,3,12,"{'ry': 8, 'measure': 4, 'barrier': 1}"
test_kernel,478,9,qksvc,4944,4,4,3,12,"{'ry': 8, 'measure': 4, 'barrier': 1}"
test_kernel,479,0,qksvc,4945,4,4,3,12,"{'ry': 8, 'measure': 4, 'barrier': 1}"
test_kernel,479,1,qksvc,4946,4,4,3,12,"{'ry': 8, 'measure': 4, 'barrier': 1}"
test_kernel,479,2,qksvc,4947,4,4,3,12,"{'ry': 8, 'measure': 4, 'barrier': 1}"
test_kernel,479,3,qksvc,4948,4,4,3,12,"{'ry': 8, 'measure': 4, 'barrier': 1}"
test_kernel,479,4,qksvc,4949,4,4,3,12,"{'ry': 8, 'measure': 4, 'barrier': 1}"
test_kernel,479,5,qksvc,4950,4,4,3,12,"{'ry': 8, 'measure': 4, 'barrier': 1}"
test_kernel,479,6,qksvc,4951,4,4,3,12,"{'ry': 8, 'measure': 4, 'barrier': 1}"
test_kernel,479,7,qksvc,4952,4,4,3,12,"{'ry': 8, 'measure': 4, 'barrier': 1}"
test_kernel,479,8,qksvc,4953,4,4,3,12,"{'ry': 8, 'measure': 4, 'barrier': 1}"
test_kernel,479,9,qksvc,4954,4,4,3,12,"{'ry': 8, 'measure': 4, 'barrier': 1}"
test_kernel,480,0,qksvc,4955,4,4,3,12,"{'ry': 8, 'measure': 4, 'barrier': 1}"
test_kernel,480,1,qksvc,4956,4,4,3,12,"{'ry': 8, 'measure': 4, 'barrier': 1}"
test_kernel,480,2,qksvc,4957,4,4,3,12,"{'ry': 8, 'measure': 4, 'barrier': 1}"
test_kernel,480,3,qksvc,4958,4,4,3,12,"{'ry': 8, 'measure': 4, 'barrier': 1}"
test_kernel,480,4,qksvc,4959,4,4,3,12,"{'ry': 8, 'measure': 4, 'barrier': 1}"
test_kernel,480,5,qksvc,4960,4,4,3,12,"{'ry': 8, 'measure': 4, 'barrier': 1}"
test_kernel,480,6,qksvc,4961,4,4,3,12,"{'ry': 8, 'measure': 4, 'barrier': 1}"
test_kernel,480,7,qksvc,4962,4,4,3,12,"{'ry': 8, 'measure': 4, 'barrier': 1}"
test_kernel,480,8,qksvc,4963,4,4,3,12,"{'ry': 8, 'measure': 4, 'barrier': 1}"
test_kernel,480,9,qksvc,4964,4,4,3,12,"{'ry': 8, 'measure': 4, 'barrier': 1}"
test_kernel,481,0,qksvc,4965,4,4,3,12,"{'ry': 8, 'measure': 4, 'barrier': 1}"
test_kernel,481,1,qksvc,4966,4,4,3,12,"{'ry': 8, 'measure': 4, 'barrier': 1}"
test_kernel,481,2,qksvc,4967,4,4,3,12,"{'ry': 8, 'measure': 4, 'barrier': 1}"
test_kernel,481,3,qksvc,4968,4,4,3,12,"{'ry': 8, 'measure': 4, 'barrier': 1}"
test_kernel,481,4,qksvc,4969,4,4,3,12,"{'ry': 8, 'measure': 4, 'barrier': 1}"
test_kernel,481,5,qksvc,4970,4,4,3,12,"{'ry': 8, 'measure': 4, 'barrier': 1}"
test_kernel,481,6,qksvc,4971,4,4,3,12,"{'ry': 8, 'measure': 4, 'barrier': 1}"
test_kernel,481,7,qksvc,4972,4,4,3,12,"{'ry': 8, 'measure': 4, 'barrier': 1}"
test_kernel,481,8,qksvc,4973,4,4,3,12,"{'ry': 8, 'measure': 4, 'barrier': 1}"
test_kernel,481,9,qksvc,4974,4,4,3,12,"{'ry': 8, 'measure': 4, 'barrier': 1}"
test_kernel,482,0,qksvc,4975,4,4,3,12,"{'ry': 8, 'measure': 4, 'barrier': 1}"
test_kernel,482,1,qksvc,4976,4,4,3,12,"{'ry': 8, 'measure': 4, 'barrier': 1}"
test_kernel,482,2,qksvc,4977,4,4,3,12,"{'ry': 8, 'measure': 4, 'barrier': 1}"
test_kernel,482,3,qksvc,4978,4,4,3,12,"{'ry': 8, 'measure': 4, 'barrier': 1}"
test_kernel,482,4,qksvc,4979,4,4,3,12,"{'ry': 8, 'measure': 4, 'barrier': 1}"
test_kernel,482,5,qksvc,4980,4,4,3,12,"{'ry': 8, 'measure': 4, 'barrier': 1}"
test_kernel,482,6,qksvc,4981,4,4,3,12,"{'ry': 8, 'measure': 4, 'barrier': 1}"
test_kernel,482,7,qksvc,4982,4,4,3,12,"{'ry': 8, 'measure': 4, 'barrier': 1}"
test_kernel,482,8,qksvc,4983,4,4,3,12,"{'ry': 8, 'measure': 4, 'barrier': 1}"
test_kernel,482,9,qksvc,4984,4,4,3,12,"{'ry': 8, 'measure': 4, 'barrier': 1}"
test_kernel,483,0,qksvc,4985,4,4,3,12,"{'ry': 8, 'measure': 4, 'barrier': 1}"
test_kernel,483,1,qksvc,4986,4,4,3,12,"{'ry': 8, 'measure': 4, 'barrier': 1}"
test_kernel,483,2,qksvc,4987,4,4,3,12,"{'ry': 8, 'measure': 4, 'barrier': 1}"
test_kernel,483,3,qksvc,4988,4,4,3,12,"{'ry': 8, 'measure': 4, 'barrier': 1}"
test_kernel,483,4,qksvc,4989,4,4,3,12,"{'ry': 8, 'measure': 4, 'barrier': 1}"
test_kernel,483,5,qksvc,4990,4,4,3,12,"{'ry': 8, 'measure': 4, 'barrier': 1}"
test_kernel,483,6,qksvc,4991,4,4,3,12,"{'ry': 8, 'measure': 4, 'barrier': 1}"
test_kernel,483,7,qksvc,4992,4,4,3,12,"{'ry': 8, 'measure': 4, 'barrier': 1}"
test_kernel,483,8,qksvc,4993,4,4,3,12,"{'ry': 8, 'measure': 4, 'barrier': 1}"
test_kernel,483,9,qksvc,4994,4,4,3,12,"{'ry': 8, 'measure': 4, 'barrier': 1}"
test_kernel,484,0,qksvc,4995,4,4,3,12,"{'ry': 8, 'measure': 4, 'barrier': 1}"
test_kernel,484,1,qksvc,4996,4,4,3,12,"{'ry': 8, 'measure': 4, 'barrier': 1}"
test_kernel,484,2,qksvc,4997,4,4,3,12,"{'ry': 8, 'measure': 4, 'barrier': 1}"
test_kernel,484,3,qksvc,4998,4,4,3,12,"{'ry': 8, 'measure': 4, 'barrier': 1}"
test_kernel,484,4,qksvc,4999,4,4,3,12,"{'ry': 8, 'measure': 4, 'barrier': 1}"
test_kernel,484,5,qksvc,5000,4,4,3,12,"{'ry': 8, 'measure': 4, 'barrier': 1}"
test_kernel,484,6,qksvc,5001,4,4,3,12,"{'ry': 8, 'measure': 4, 'barrier': 1}"
test_kernel,484,7,qksvc,5002,4,4,3,12,"{'ry': 8, 'measure': 4, 'barrier': 1}"
test_kernel,484,8,qksvc,5003,4,4,3,12,"{'ry': 8, 'measure': 4, 'barrier': 1}"
test_kernel,484,9,qksvc,5004,4,4,3,12,"{'ry': 8, 'measure': 4, 'barrier': 1}"
test_kernel,485,0,qksvc,5005,4,4,3,12,"{'ry': 8, 'measure': 4, 'barrier': 1}"
test_kernel,485,1,qksvc,5006,4,4,3,12,"{'ry': 8, 'measure': 4, 'barrier': 1}"
test_kernel,485,2,qksvc,5007,4,4,3,12,"{'ry': 8, 'measure': 4, 'barrier': 1}"
test_kernel,485,3,qksvc,5008,4,4,3,12,"{'ry': 8, 'measure': 4, 'barrier': 1}"
test_kernel,485,4,qksvc,5009,4,4,3,12,"{'ry': 8, 'measure': 4, 'barrier': 1}"
test_kernel,485,5,qksvc,5010,4,4,3,12,"{'ry': 8, 'measure': 4, 'barrier': 1}"
test_kernel,485,6,qksvc,5011,4,4,3,12,"{'ry': 8, 'measure': 4, 'barrier': 1}"
test_kernel,485,7,qksvc,5012,4,4,3,12,"{'ry': 8, 'measure': 4, 'barrier': 1}"
test_kernel,485,8,qksvc,5013,4,4,3,12,"{'ry': 8, 'measure': 4, 'barrier': 1}"
test_kernel,485,9,qksvc,5014,4,4,3,12,"{'ry': 8, 'measure': 4, 'barrier': 1}"
test_kernel,486,0,qksvc,5015,4,4,3,12,"{'ry': 8, 'measure': 4, 'barrier': 1}"
test_kernel,486,1,qksvc,5016,4,4,3,12,"{'ry': 8, 'measure': 4, 'barrier': 1}"
test_kernel,486,2,qksvc,5017,4,4,3,12,"{'ry': 8, 'measure': 4, 'barrier': 1}"
test_kernel,486,3,qksvc,5018,4,4,3,12,"{'ry': 8, 'measure': 4, 'barrier': 1}"
test_kernel,486,4,qksvc,5019,4,4,3,12,"{'ry': 8, 'measure': 4, 'barrier': 1}"
test_kernel,486,5,qksvc,5020,4,4,3,12,"{'ry': 8, 'measure': 4, 'barrier': 1}"
test_kernel,486,6,qksvc,5021,4,4,3,12,"{'ry': 8, 'measure': 4, 'barrier': 1}"
test_kernel,486,7,qksvc,5022,4,4,3,12,"{'ry': 8, 'measure': 4, 'barrier': 1}"
test_kernel,486,8,qksvc,5023,4,4,3,12,"{'ry': 8, 'measure': 4, 'barrier': 1}"
test_kernel,486,9,qksvc,5024,4,4,3,12,"{'ry': 8, 'measure': 4, 'barrier': 1}"
test_kernel,487,0,qksvc,5025,4,4,3,12,"{'ry': 8, 'measure': 4, 'barrier': 1}"
test_kernel,487,1,qksvc,5026,4,4,3,12,"{'ry': 8, 'measure': 4, 'barrier': 1}"
test_kernel,487,2,qksvc,5027,4,4,3,12,"{'ry': 8, 'measure': 4, 'barrier': 1}"
test_kernel,487,3,qksvc,5028,4,4,3,12,"{'ry': 8, 'measure': 4, 'barrier': 1}"
test_kernel,487,4,qksvc,5029,4,4,3,12,"{'ry': 8, 'measure': 4, 'barrier': 1}"
test_kernel,487,5,qksvc,5030,4,4,3,12,"{'ry': 8, 'measure': 4, 'barrier': 1}"
test_kernel,487,6,qksvc,5031,4,4,3,12,"{'ry': 8, 'measure': 4, 'barrier': 1}"
test_kernel,487,7,qksvc,5032,4,4,3,12,"{'ry': 8, 'measure': 4, 'barrier': 1}"
test_kernel,487,8,qksvc,5033,4,4,3,12,"{'ry': 8, 'measure': 4, 'barrier': 1}"
test_kernel,487,9,qksvc,5034,4,4,3,12,"{'ry': 8, 'measure': 4, 'barrier': 1}"
test_kernel,488,0,qksvc,5035,4,4,3,12,"{'ry': 8, 'measure': 4, 'barrier': 1}"
test_kernel,488,1,qksvc,5036,4,4,3,12,"{'ry': 8, 'measure': 4, 'barrier': 1}"
test_kernel,488,2,qksvc,5037,4,4,3,12,"{'ry': 8, 'measure': 4, 'barrier': 1}"
test_kernel,488,3,qksvc,5038,4,4,3,12,"{'ry': 8, 'measure': 4, 'barrier': 1}"
test_kernel,488,4,qksvc,5039,4,4,3,12,"{'ry': 8, 'measure': 4, 'barrier': 1}"
test_kernel,488,5,qksvc,5040,4,4,3,12,"{'ry': 8, 'measure': 4, 'barrier': 1}"
test_kernel,488,6,qksvc,5041,4,4,3,12,"{'ry': 8, 'measure': 4, 'barrier': 1}"
test_kernel,488,7,qksvc,5042,4,4,3,12,"{'ry': 8, 'measure': 4, 'barrier': 1}"
test_kernel,488,8,qksvc,5043,4,4,3,12,"{'ry': 8, 'measure': 4, 'barrier': 1}"
test_kernel,488,9,qksvc,5044,4,4,3,12,"{'ry': 8, 'measure': 4, 'barrier': 1}"
test_kernel,489,0,qksvc,5045,4,4,3,12,"{'ry': 8, 'measure': 4, 'barrier': 1}"
test_kernel,489,1,qksvc,5046,4,4,3,12,"{'ry': 8, 'measure': 4, 'barrier': 1}"
test_kernel,489,2,qksvc,5047,4,4,3,12,"{'ry': 8, 'measure': 4, 'barrier': 1}"
test_kernel,489,3,qksvc,5048,4,4,3,12,"{'ry': 8, 'measure': 4, 'barrier': 1}"
test_kernel,489,4,qksvc,5049,4,4,3,12,"{'ry': 8, 'measure': 4, 'barrier': 1}"
test_kernel,489,5,qksvc,5050,4,4,3,12,"{'ry': 8, 'measure': 4, 'barrier': 1}"
test_kernel,489,6,qksvc,5051,4,4,3,12,"{'ry': 8, 'measure': 4, 'barrier': 1}"
test_kernel,489,7,qksvc,5052,4,4,3,12,"{'ry': 8, 'measure': 4, 'barrier': 1}"
test_kernel,489,8,qksvc,5053,4,4,3,12,"{'ry': 8, 'measure': 4, 'barrier': 1}"
test_kernel,489,9,qksvc,5054,4,4,3,12,"{'ry': 8, 'measure': 4, 'barrier': 1}"
test_kernel,490,0,qksvc,5055,4,4,3,12,"{'ry': 8, 'measure': 4, 'barrier': 1}"
test_kernel,490,1,qksvc,5056,4,4,3,12,"{'ry': 8, 'measure': 4, 'barrier': 1}"
test_kernel,490,2,qksvc,5057,4,4,3,12,"{'ry': 8, 'measure': 4, 'barrier': 1}"
test_kernel,490,3,qksvc,5058,4,4,3,12,"{'ry': 8, 'measure': 4, 'barrier': 1}"
test_kernel,490,4,qksvc,5059,4,4,3,12,"{'ry': 8, 'measure': 4, 'barrier': 1}"
test_kernel,490,5,qksvc,5060,4,4,3,12,"{'ry': 8, 'measure': 4, 'barrier': 1}"
test_kernel,490,6,qksvc,5061,4,4,3,12,"{'ry': 8, 'measure': 4, 'barrier': 1}"
test_kernel,490,7,qksvc,5062,4,4,3,12,"{'ry': 8, 'measure': 4, 'barrier': 1}"
test_kernel,490,8,qksvc,5063,4,4,3,12,"{'ry': 8, 'measure': 4, 'barrier': 1}"
test_kernel,490,9,qksvc,5064,4,4,3,12,"{'ry': 8, 'measure': 4, 'barrier': 1}"
test_kernel,491,0,qksvc,5065,4,4,3,12,"{'ry': 8, 'measure': 4, 'barrier': 1}"
test_kernel,491,1,qksvc,5066,4,4,3,12,"{'ry': 8, 'measure': 4, 'barrier': 1}"
test_kernel,491,2,qksvc,5067,4,4,3,12,"{'ry': 8, 'measure': 4, 'barrier': 1}"
test_kernel,491,3,qksvc,5068,4,4,3,12,"{'ry': 8, 'measure': 4, 'barrier': 1}"
test_kernel,491,4,qksvc,5069,4,4,3,12,"{'ry': 8, 'measure': 4, 'barrier': 1}"
test_kernel,491,5,qksvc,5070,4,4,3,12,"{'ry': 8, 'measure': 4, 'barrier': 1}"
test_kernel,491,6,qksvc,5071,4,4,3,12,"{'ry': 8, 'measure': 4, 'barrier': 1}"
test_kernel,491,7,qksvc,5072,4,4,3,12,"{'ry': 8, 'measure': 4, 'barrier': 1}"
test_kernel,491,8,qksvc,5073,4,4,3,12,"{'ry': 8, 'measure': 4, 'barrier': 1}"
test_kernel,491,9,qksvc,5074,4,4,3,12,"{'ry': 8, 'measure': 4, 'barrier': 1}"
test_kernel,492,0,qksvc,5075,4,4,3,12,"{'ry': 8, 'measure': 4, 'barrier': 1}"
test_kernel,492,1,qksvc,5076,4,4,3,12,"{'ry': 8, 'measure': 4, 'barrier': 1}"
test_kernel,492,2,qksvc,5077,4,4,3,12,"{'ry': 8, 'measure': 4, 'barrier': 1}"
test_kernel,492,3,qksvc,5078,4,4,3,12,"{'ry': 8, 'measure': 4, 'barrier': 1}"
test_kernel,492,4,qksvc,5079,4,4,3,12,"{'ry': 8, 'measure': 4, 'barrier': 1}"
test_kernel,492,5,qksvc,5080,4,4,3,12,"{'ry': 8, 'measure': 4, 'barrier': 1}"
test_kernel,492,6,qksvc,5081,4,4,3,12,"{'ry': 8, 'measure': 4, 'barrier': 1}"
test_kernel,492,7,qksvc,5082,4,4,3,12,"{'ry': 8, 'measure': 4, 'barrier': 1}"
test_kernel,492,8,qksvc,5083,4,4,3,12,"{'ry': 8, 'measure': 4, 'barrier': 1}"
test_kernel,492,9,qksvc,5084,4,4,3,12,"{'ry': 8, 'measure': 4, 'barrier': 1}"
test_kernel,493,0,qksvc,5085,4,4,3,12,"{'ry': 8, 'measure': 4, 'barrier': 1}"
test_kernel,493,1,qksvc,5086,4,4,3,12,"{'ry': 8, 'measure': 4, 'barrier': 1}"
test_kernel,493,2,qksvc,5087,4,4,3,12,"{'ry': 8, 'measure': 4, 'barrier': 1}"
test_kernel,493,3,qksvc,5088,4,4,3,12,"{'ry': 8, 'measure': 4, 'barrier': 1}"
test_kernel,493,4,qksvc,5089,4,4,3,12,"{'ry': 8, 'measure': 4, 'barrier': 1}"
test_kernel,493,5,qksvc,5090,4,4,3,12,"{'ry': 8, 'measure': 4, 'barrier': 1}"
test_kernel,493,6,qksvc,5091,4,4,3,12,"{'ry': 8, 'measure': 4, 'barrier': 1}"
test_kernel,493,7,qksvc,5092,4,4,3,12,"{'ry': 8, 'measure': 4, 'barrier': 1}"
test_kernel,493,8,qksvc,5093,4,4,3,12,"{'ry': 8, 'measure': 4, 'barrier': 1}"
test_kernel,493,9,qksvc,5094,4,4,3,12,"{'ry': 8, 'measure': 4, 'barrier': 1}"
test_kernel,494,0,qksvc,5095,4,4,3,12,"{'ry': 8, 'measure': 4, 'barrier': 1}"
test_kernel,494,1,qksvc,5096,4,4,3,12,"{'ry': 8, 'measure': 4, 'barrier': 1}"
test_kernel,494,2,qksvc,5097,4,4,3,12,"{'ry': 8, 'measure': 4, 'barrier': 1}"
test_kernel,494,3,qksvc,5098,4,4,3,12,"{'ry': 8, 'measure': 4, 'barrier': 1}"
test_kernel,494,4,qksvc,5099,4,4,3,12,"{'ry': 8, 'measure': 4, 'barrier': 1}"
test_kernel,494,5,qksvc,5100,4,4,3,12,"{'ry': 8, 'measure': 4, 'barrier': 1}"
test_kernel,494,6,qksvc,5101,4,4,3,12,"{'ry': 8, 'measure': 4, 'barrier': 1}"
test_kernel,494,7,qksvc,5102,4,4,3,12,"{'ry': 8, 'measure': 4, 'barrier': 1}"
test_kernel,494,8,qksvc,5103,4,4,3,12,"{'ry': 8, 'measure': 4, 'barrier': 1}"
test_kernel,494,9,qksvc,5104,4,4,3,12,"{'ry': 8, 'measure': 4, 'barrier': 1}"
test_kernel,495,0,qksvc,5105,4,4,3,12,"{'ry': 8, 'measure': 4, 'barrier': 1}"
test_kernel,495,1,qksvc,5106,4,4,3,12,"{'ry': 8, 'measure': 4, 'barrier': 1}"
test_kernel,495,2,qksvc,5107,4,4,3,12,"{'ry': 8, 'measure': 4, 'barrier': 1}"
test_kernel,495,3,qksvc,5108,4,4,3,12,"{'ry': 8, 'measure': 4, 'barrier': 1}"
test_kernel,495,4,qksvc,5109,4,4,3,12,"{'ry': 8, 'measure': 4, 'barrier': 1}"
test_kernel,495,5,qksvc,5110,4,4,3,12,"{'ry': 8, 'measure': 4, 'barrier': 1}"
test_kernel,495,6,qksvc,5111,4,4,3,12,"{'ry': 8, 'measure': 4, 'barrier': 1}"
test_kernel,495,7,qksvc,5112,4,4,3,12,"{'ry': 8, 'measure': 4, 'barrier': 1}"
test_kernel,495,8,qksvc,5113,4,4,3,12,"{'ry': 8, 'measure': 4, 'barrier': 1}"
test_kernel,495,9,qksvc,5114,4,4,3,12,"{'ry': 8, 'measure': 4, 'barrier': 1}"
test_kernel,496,0,qksvc,5115,4,4,3,12,"{'ry': 8, 'measure': 4, 'barrier': 1}"
test_kernel,496,1,qksvc,5116,4,4,3,12,"{'ry': 8, 'measure': 4, 'barrier': 1}"
test_kernel,496,2,qksvc,5117,4,4,3,12,"{'ry': 8, 'measure': 4, 'barrier': 1}"
test_kernel,496,3,qksvc,5118,4,4,3,12,"{'ry': 8, 'measure': 4, 'barrier': 1}"
test_kernel,496,4,qksvc,5119,4,4,3,12,"{'ry': 8, 'measure': 4, 'barrier': 1}"
test_kernel,496,5,qksvc,5120,4,4,3,12,"{'ry': 8, 'measure': 4, 'barrier': 1}"
test_kernel,496,6,qksvc,5121,4,4,3,12,"{'ry': 8, 'measure': 4, 'barrier': 1}"
test_kernel,496,7,qksvc,5122,4,4,3,12,"{'ry': 8, 'measure': 4, 'barrier': 1}"
test_kernel,496,8,qksvc,5123,4,4,3,12,"{'ry': 8, 'measure': 4, 'barrier': 1}"
test_kernel,496,9,qksvc,5124,4,4,3,12,"{'ry': 8, 'measure': 4, 'barrier': 1}"
test_kernel,497,0,qksvc,5125,4,4,3,12,"{'ry': 8, 'measure': 4, 'barrier': 1}"
test_kernel,497,1,qksvc,5126,4,4,3,12,"{'ry': 8, 'measure': 4, 'barrier': 1}"
test_kernel,497,2,qksvc,5127,4,4,3,12,"{'ry': 8, 'measure': 4, 'barrier': 1}"
test_kernel,497,3,qksvc,5128,4,4,3,12,"{'ry': 8, 'measure': 4, 'barrier': 1}"
test_kernel,497,4,qksvc,5129,4,4,3,12,"{'ry': 8, 'measure': 4, 'barrier': 1}"
test_kernel,497,5,qksvc,5130,4,4,3,12,"{'ry': 8, 'measure': 4, 'barrier': 1}"
test_kernel,497,6,qksvc,5131,4,4,3,12,"{'ry': 8, 'measure': 4, 'barrier': 1}"
test_kernel,497,7,qksvc,5132,4,4,3,12,"{'ry': 8, 'measure': 4, 'barrier': 1}"
test_kernel,497,8,qksvc,5133,4,4,3,12,"{'ry': 8, 'measure': 4, 'barrier': 1}"
test_kernel,497,9,qksvc,5134,4,4,3,12,"{'ry': 8, 'measure': 4, 'barrier': 1}"
test_kernel,498,0,qksvc,5135,4,4,3,12,"{'ry': 8, 'measure': 4, 'barrier': 1}"
test_kernel,498,1,qksvc,5136,4,4,3,12,"{'ry': 8, 'measure': 4, 'barrier': 1}"
test_kernel,498,2,qksvc,5137,4,4,3,12,"{'ry': 8, 'measure': 4, 'barrier': 1}"
test_kernel,498,3,qksvc,5138,4,4,3,12,"{'ry': 8, 'measure': 4, 'barrier': 1}"
test_kernel,498,4,qksvc,5139,4,4,3,12,"{'ry': 8, 'measure': 4, 'barrier': 1}"
test_kernel,498,5,qksvc,5140,4,4,3,12,"{'ry': 8, 'measure': 4, 'barrier': 1}"
test_kernel,498,6,qksvc,5141,4,4,3,12,"{'ry': 8, 'measure': 4, 'barrier': 1}"
test_kernel,498,7,qksvc,5142,4,4,3,12,"{'ry': 8, 'measure': 4, 'barrier': 1}"
test_kernel,498,8,qksvc,5143,4,4,3,12,"{'ry': 8, 'measure': 4, 'barrier': 1}"
test_kernel,498,9,qksvc,5144,4,4,3,12,"{'ry': 8, 'measure': 4, 'barrier': 1}"
test_kernel,499,0,qksvc,5145,4,4,3,12,"{'ry': 8, 'measure': 4, 'barrier': 1}"
test_kernel,499,1,qksvc,5146,4,4,3,12,"{'ry': 8, 'measure': 4, 'barrier': 1}"
test_kernel,499,2,qksvc,5147,4,4,3,12,"{'ry': 8, 'measure': 4, 'barrier': 1}"
test_kernel,499,3,qksvc,5148,4,4,3,12,"{'ry': 8, 'measure': 4, 'barrier': 1}"
test_kernel,499,4,qksvc,5149,4,4,3,12,"{'ry': 8, 'measure': 4, 'barrier': 1}"
test_kernel,499,5,qksvc,5150,4,4,3,12,"{'ry': 8, 'measure': 4, 'barrier': 1}"
test_kernel,499,6,qksvc,5151,4,4,3,12,"{'ry': 8, 'measure': 4, 'barrier': 1}"
test_kernel,499,7,qksvc,5152,4,4,3,12,"{'ry': 8, 'measure': 4, 'barrier': 1}"
test_kernel,499,8,qksvc,5153,4,4,3,12,"{'ry': 8, 'measure': 4, 'barrier': 1}"
test_kernel,499,9,qksvc,5154,4,4,3,12,"{'ry': 8, 'measure': 4, 'barrier': 1}"
test_kernel,500,0,qksvc,5155,4,4,3,12,"{'ry': 8, 'measure': 4, 'barrier': 1}"
test_kernel,500,1,qksvc,5156,4,4,3,12,"{'ry': 8, 'measure': 4, 'barrier': 1}"
test_kernel,500,2,qksvc,5157,4,4,3,12,"{'ry': 8, 'measure': 4, 'barrier': 1}"
test_kernel,500,3,qksvc,5158,4,4,3,12,"{'ry': 8, 'measure': 4, 'barrier': 1}"
test_kernel,500,4,qksvc,5159,4,4,3,12,"{'ry': 8, 'measure': 4, 'barrier': 1}"
test_kernel,500,5,qksvc,5160,4,4,3,12,"{'ry': 8, 'measure': 4, 'barrier': 1}"
test_kernel,500,6,qksvc,5161,4,4,3,12,"{'ry': 8, 'measure': 4, 'barrier': 1}"
test_kernel,500,7,qksvc,5162,4,4,3,12,"{'ry': 8, 'measure': 4, 'barrier': 1}"
test_kernel,500,8,qksvc,5163,4,4,3,12,"{'ry': 8, 'measure': 4, 'barrier': 1}"
test_kernel,500,9,qksvc,5164,4,4,3,12,"{'ry': 8, 'measure': 4, 'barrier': 1}"
test_kernel,501,0,qksvc,5165,4,4,3,12,"{'ry': 8, 'measure': 4, 'barrier': 1}"
test_kernel,501,1,qksvc,5166,4,4,3,12,"{'ry': 8, 'measure': 4, 'barrier': 1}"
test_kernel,501,2,qksvc,5167,4,4,3,12,"{'ry': 8, 'measure': 4, 'barrier': 1}"
test_kernel,501,3,qksvc,5168,4,4,3,12,"{'ry': 8, 'measure': 4, 'barrier': 1}"
test_kernel,501,4,qksvc,5169,4,4,3,12,"{'ry': 8, 'measure': 4, 'barrier': 1}"
test_kernel,501,5,qksvc,5170,4,4,3,12,"{'ry': 8, 'measure': 4, 'barrier': 1}"
test_kernel,501,6,qksvc,5171,4,4,3,12,"{'ry': 8, 'measure': 4, 'barrier': 1}"
test_kernel,501,7,qksvc,5172,4,4,3,12,"{'ry': 8, 'measure': 4, 'barrier': 1}"
test_kernel,501,8,qksvc,5173,4,4,3,12,"{'ry': 8, 'measure': 4, 'barrier': 1}"
test_kernel,501,9,qksvc,5174,4,4,3,12,"{'ry': 8, 'measure': 4, 'barrier': 1}"
test_kernel,502,0,qksvc,5175,4,4,3,12,"{'ry': 8, 'measure': 4, 'barrier': 1}"
test_kernel,502,1,qksvc,5176,4,4,3,12,"{'ry': 8, 'measure': 4, 'barrier': 1}"
test_kernel,502,2,qksvc,5177,4,4,3,12,"{'ry': 8, 'measure': 4, 'barrier': 1}"
test_kernel,502,3,qksvc,5178,4,4,3,12,"{'ry': 8, 'measure': 4, 'barrier': 1}"
test_kernel,502,4,qksvc,5179,4,4,3,12,"{'ry': 8, 'measure': 4, 'barrier': 1}"
test_kernel,502,5,qksvc,5180,4,4,3,12,"{'ry': 8, 'measure': 4, 'barrier': 1}"
test_kernel,502,6,qksvc,5181,4,4,3,12,"{'ry': 8, 'measure': 4, 'barrier': 1}"
test_kernel,502,7,qksvc,5182,4,4,3,12,"{'ry': 8, 'measure': 4, 'barrier': 1}"
test_kernel,502,8,qksvc,5183,4,4,3,12,"{'ry': 8, 'measure': 4, 'barrier': 1}"
test_kernel,502,9,qksvc,5184,4,4,3,12,"{'ry': 8, 'measure': 4, 'barrier': 1}"
test_kernel,503,0,qksvc,5185,4,4,3,12,"{'ry': 8, 'measure': 4, 'barrier': 1}"
test_kernel,503,1,qksvc,5186,4,4,3,12,"{'ry': 8, 'measure': 4, 'barrier': 1}"
test_kernel,503,2,qksvc,5187,4,4,3,12,"{'ry': 8, 'measure': 4, 'barrier': 1}"
test_kernel,503,3,qksvc,5188,4,4,3,12,"{'ry': 8, 'measure': 4, 'barrier': 1}"
test_kernel,503,4,qksvc,5189,4,4,3,12,"{'ry': 8, 'measure': 4, 'barrier': 1}"
test_kernel,503,5,qksvc,5190,4,4,3,12,"{'ry': 8, 'measure': 4, 'barrier': 1}"
test_kernel,503,6,qksvc,5191,4,4,3,12,"{'ry': 8, 'measure': 4, 'barrier': 1}"
test_kernel,503,7,qksvc,5192,4,4,3,12,"{'ry': 8, 'measure': 4, 'barrier': 1}"
test_kernel,503,8,qksvc,5193,4,4,3,12,"{'ry': 8, 'measure': 4, 'barrier': 1}"
test_kernel,503,9,qksvc,5194,4,4,3,12,"{'ry': 8, 'measure': 4, 'barrier': 1}"
test_kernel,504,0,qksvc,5195,4,4,3,12,"{'ry': 8, 'measure': 4, 'barrier': 1}"
test_kernel,504,1,qksvc,5196,4,4,3,12,"{'ry': 8, 'measure': 4, 'barrier': 1}"
test_kernel,504,2,qksvc,5197,4,4,3,12,"{'ry': 8, 'measure': 4, 'barrier': 1}"
test_kernel,504,3,qksvc,5198,4,4,3,12,"{'ry': 8, 'measure': 4, 'barrier': 1}"
test_kernel,504,4,qksvc,5199,4,4,3,12,"{'ry': 8, 'measure': 4, 'barrier': 1}"
test_kernel,504,5,qksvc,5200,4,4,3,12,"{'ry': 8, 'measure': 4, 'barrier': 1}"
test_kernel,504,6,qksvc,5201,4,4,3,12,"{'ry': 8, 'measure': 4, 'barrier': 1}"
test_kernel,504,7,qksvc,5202,4,4,3,12,"{'ry': 8, 'measure': 4, 'barrier': 1}"
test_kernel,504,8,qksvc,5203,4,4,3,12,"{'ry': 8, 'measure': 4, 'barrier': 1}"
test_kernel,504,9,qksvc,5204,4,4,3,12,"{'ry': 8, 'measure': 4, 'barrier': 1}"
test_kernel,505,0,qksvc,5205,4,4,3,12,"{'ry': 8, 'measure': 4, 'barrier': 1}"
test_kernel,505,1,qksvc,5206,4,4,3,12,"{'ry': 8, 'measure': 4, 'barrier': 1}"
test_kernel,505,2,qksvc,5207,4,4,3,12,"{'ry': 8, 'measure': 4, 'barrier': 1}"
test_kernel,505,3,qksvc,5208,4,4,3,12,"{'ry': 8, 'measure': 4, 'barrier': 1}"
test_kernel,505,4,qksvc,5209,4,4,3,12,"{'ry': 8, 'measure': 4, 'barrier': 1}"
test_kernel,505,5,qksvc,5210,4,4,3,12,"{'ry': 8, 'measure': 4, 'barrier': 1}"
test_kernel,505,6,qksvc,5211,4,4,3,12,"{'ry': 8, 'measure': 4, 'barrier': 1}"
test_kernel,505,7,qksvc,5212,4,4,3,12,"{'ry': 8, 'measure': 4, 'barrier': 1}"
test_kernel,505,8,qksvc,5213,4,4,3,12,"{'ry': 8, 'measure': 4, 'barrier': 1}"
test_kernel,505,9,qksvc,5214,4,4,3,12,"{'ry': 8, 'measure': 4, 'barrier': 1}"
test_kernel,506,0,qksvc,5215,4,4,3,12,"{'ry': 8, 'measure': 4, 'barrier': 1}"
test_kernel,506,1,qksvc,5216,4,4,3,12,"{'ry': 8, 'measure': 4, 'barrier': 1}"
test_kernel,506,2,qksvc,5217,4,4,3,12,"{'ry': 8, 'measure': 4, 'barrier': 1}"
test_kernel,506,3,qksvc,5218,4,4,3,12,"{'ry': 8, 'measure': 4, 'barrier': 1}"
test_kernel,506,4,qksvc,5219,4,4,3,12,"{'ry': 8, 'measure': 4, 'barrier': 1}"
test_kernel,506,5,qksvc,5220,4,4,3,12,"{'ry': 8, 'measure': 4, 'barrier': 1}"
test_kernel,506,6,qksvc,5221,4,4,3,12,"{'ry': 8, 'measure': 4, 'barrier': 1}"
test_kernel,506,7,qksvc,5222,4,4,3,12,"{'ry': 8, 'measure': 4, 'barrier': 1}"
test_kernel,506,8,qksvc,5223,4,4,3,12,"{'ry': 8, 'measure': 4, 'barrier': 1}"
test_kernel,506,9,qksvc,5224,4,4,3,12,"{'ry': 8, 'measure': 4, 'barrier': 1}"
test_kernel,507,0,qksvc,5225,4,4,3,12,"{'ry': 8, 'measure': 4, 'barrier': 1}"
test_kernel,507,1,qksvc,5226,4,4,3,12,"{'ry': 8, 'measure': 4, 'barrier': 1}"
test_kernel,507,2,qksvc,5227,4,4,3,12,"{'ry': 8, 'measure': 4, 'barrier': 1}"
test_kernel,507,3,qksvc,5228,4,4,3,12,"{'ry': 8, 'measure': 4, 'barrier': 1}"
test_kernel,507,4,qksvc,5229,4,4,3,12,"{'ry': 8, 'measure': 4, 'barrier': 1}"
test_kernel,507,5,qksvc,5230,4,4,3,12,"{'ry': 8, 'measure': 4, 'barrier': 1}"
test_kernel,507,6,qksvc,5231,4,4,3,12,"{'ry': 8, 'measure': 4, 'barrier': 1}"
test_kernel,507,7,qksvc,5232,4,4,3,12,"{'ry': 8, 'measure': 4, 'barrier': 1}"
test_kernel,507,8,qksvc,5233,4,4,3,12,"{'ry': 8, 'measure': 4, 'barrier': 1}"
test_kernel,507,9,qksvc,5234,4,4,3,12,"{'ry': 8, 'measure': 4, 'barrier': 1}"
test_kernel,508,0,qksvc,5235,4,4,3,12,"{'ry': 8, 'measure': 4, 'barrier': 1}"
test_kernel,508,1,qksvc,5236,4,4,3,12,"{'ry': 8, 'measure': 4, 'barrier': 1}"
test_kernel,508,2,qksvc,5237,4,4,3,12,"{'ry': 8, 'measure': 4, 'barrier': 1}"
test_kernel,508,3,qksvc,5238,4,4,3,12,"{'ry': 8, 'measure': 4, 'barrier': 1}"
test_kernel,508,4,qksvc,5239,4,4,3,12,"{'ry': 8, 'measure': 4, 'barrier': 1}"
test_kernel,508,5,qksvc,5240,4,4,3,12,"{'ry': 8, 'measure': 4, 'barrier': 1}"
test_kernel,508,6,qksvc,5241,4,4,3,12,"{'ry': 8, 'measure': 4, 'barrier': 1}"
test_kernel,508,7,qksvc,5242,4,4,3,12,"{'ry': 8, 'measure': 4, 'barrier': 1}"
test_kernel,508,8,qksvc,5243,4,4,3,12,"{'ry': 8, 'measure': 4, 'barrier': 1}"
test_kernel,508,9,qksvc,5244,4,4,3,12,"{'ry': 8, 'measure': 4, 'barrier': 1}"
test_kernel,509,0,qksvc,5245,4,4,3,12,"{'ry': 8, 'measure': 4, 'barrier': 1}"
test_kernel,509,1,qksvc,5246,4,4,3,12,"{'ry': 8, 'measure': 4, 'barrier': 1}"
test_kernel,509,2,qksvc,5247,4,4,3,12,"{'ry': 8, 'measure': 4, 'barrier': 1}"
test_kernel,509,3,qksvc,5248,4,4,3,12,"{'ry': 8, 'measure': 4, 'barrier': 1}"
test_kernel,509,4,qksvc,5249,4,4,3,12,"{'ry': 8, 'measure': 4, 'barrier': 1}"
test_kernel,509,5,qksvc,5250,4,4,3,12,"{'ry': 8, 'measure': 4, 'barrier': 1}"
test_kernel,509,6,qksvc,5251,4,4,3,12,"{'ry': 8, 'measure': 4, 'barrier': 1}"
test_kernel,509,7,qksvc,5252,4,4,3,12,"{'ry': 8, 'measure': 4, 'barrier': 1}"
test_kernel,509,8,qksvc,5253,4,4,3,12,"{'ry': 8, 'measure': 4, 'barrier': 1}"
test_kernel,509,9,qksvc,5254,4,4,3,12,"{'ry': 8, 'measure': 4, 'barrier': 1}"
test_kernel,510,0,qksvc,5255,4,4,3,12,"{'ry': 8, 'measure': 4, 'barrier': 1}"
test_kernel,510,1,qksvc,5256,4,4,3,12,"{'ry': 8, 'measure': 4, 'barrier': 1}"
test_kernel,510,2,qksvc,5257,4,4,3,12,"{'ry': 8, 'measure': 4, 'barrier': 1}"
test_kernel,510,3,qksvc,5258,4,4,3,12,"{'ry': 8, 'measure': 4, 'barrier': 1}"
test_kernel,510,4,qksvc,5259,4,4,3,12,"{'ry': 8, 'measure': 4, 'barrier': 1}"
test_kernel,510,5,qksvc,5260,4,4,3,12,"{'ry': 8, 'measure': 4, 'barrier': 1}"
test_kernel,510,6,qksvc,5261,4,4,3,12,"{'ry': 8, 'measure': 4, 'barrier': 1}"
test_kernel,510,7,qksvc,5262,4,4,3,12,"{'ry': 8, 'measure': 4, 'barrier': 1}"
test_kernel,510,8,qksvc,5263,4,4,3,12,"{'ry': 8, 'measure': 4, 'barrier': 1}"
test_kernel,510,9,qksvc,5264,4,4,3,12,"{'ry': 8, 'measure': 4, 'barrier': 1}"
test_kernel,511,0,qksvc,5265,4,4,3,12,"{'ry': 8, 'measure': 4, 'barrier': 1}"
test_kernel,511,1,qksvc,5266,4,4,3,12,"{'ry': 8, 'measure': 4, 'barrier': 1}"
test_kernel,511,2,qksvc,5267,4,4,3,12,"{'ry': 8, 'measure': 4, 'barrier': 1}"
test_kernel,511,3,qksvc,5268,4,4,3,12,"{'ry': 8, 'measure': 4, 'barrier': 1}"
test_kernel,511,4,qksvc,5269,4,4,3,12,"{'ry': 8, 'measure': 4, 'barrier': 1}"
test_kernel,511,5,qksvc,5270,4,4,3,12,"{'ry': 8, 'measure': 4, 'barrier': 1}"
test_kernel,511,6,qksvc,5271,4,4,3,12,"{'ry': 8, 'measure': 4, 'barrier': 1}"
test_kernel,511,7,qksvc,5272,4,4,3,12,"{'ry': 8, 'measure': 4, 'barrier': 1}"
test_kernel,511,8,qksvc,5273,4,4,3,12,"{'ry': 8, 'measure': 4, 'barrier': 1}"
test_kernel,511,9,qksvc,5274,4,4,3,12,"{'ry': 8, 'measure': 4, 'barrier': 1}"
test_kernel,512,0,qksvc,5275,4,4,3,12,"{'ry': 8, 'measure': 4, 'barrier': 1}"
test_kernel,512,1,qksvc,5276,4,4,3,12,"{'ry': 8, 'measure': 4, 'barrier': 1}"
test_kernel,512,2,qksvc,5277,4,4,3,12,"{'ry': 8, 'measure': 4, 'barrier': 1}"
test_kernel,512,3,qksvc,5278,4,4,3,12,"{'ry': 8, 'measure': 4, 'barrier': 1}"
test_kernel,512,4,qksvc,5279,4,4,3,12,"{'ry': 8, 'measure': 4, 'barrier': 1}"
test_kernel,512,5,qksvc,5280,4,4,3,12,"{'ry': 8, 'measure': 4, 'barrier': 1}"
test_kernel,512,6,qksvc,5281,4,4,3,12,"{'ry': 8, 'measure': 4, 'barrier': 1}"
test_kernel,512,7,qksvc,5282,4,4,3,12,"{'ry': 8, 'measure': 4, 'barrier': 1}"
test_kernel,512,8,qksvc,5283,4,4,3,12,"{'ry': 8, 'measure': 4, 'barrier': 1}"
test_kernel,512,9,qksvc,5284,4,4,3,12,"{'ry': 8, 'measure': 4, 'barrier': 1}"
test_kernel,513,0,qksvc,5285,4,4,3,12,"{'ry': 8, 'measure': 4, 'barrier': 1}"
test_kernel,513,1,qksvc,5286,4,4,3,12,"{'ry': 8, 'measure': 4, 'barrier': 1}"
test_kernel,513,2,qksvc,5287,4,4,3,12,"{'ry': 8, 'measure': 4, 'barrier': 1}"
test_kernel,513,3,qksvc,5288,4,4,3,12,"{'ry': 8, 'measure': 4, 'barrier': 1}"
test_kernel,513,4,qksvc,5289,4,4,3,12,"{'ry': 8, 'measure': 4, 'barrier': 1}"
test_kernel,513,5,qksvc,5290,4,4,3,12,"{'ry': 8, 'measure': 4, 'barrier': 1}"
test_kernel,513,6,qksvc,5291,4,4,3,12,"{'ry': 8, 'measure': 4, 'barrier': 1}"
test_kernel,513,7,qksvc,5292,4,4,3,12,"{'ry': 8, 'measure': 4, 'barrier': 1}"
test_kernel,513,8,qksvc,5293,4,4,3,12,"{'ry': 8, 'measure': 4, 'barrier': 1}"
test_kernel,513,9,qksvc,5294,4,4,3,12,"{'ry': 8, 'measure': 4, 'barrier': 1}"
test_kernel,514,0,qksvc,5295,4,4,3,12,"{'ry': 8, 'measure': 4, 'barrier': 1}"
test_kernel,514,1,qksvc,5296,4,4,3,12,"{'ry': 8, 'measure': 4, 'barrier': 1}"
test_kernel,514,2,qksvc,5297,4,4,3,12,"{'ry': 8, 'measure': 4, 'barrier': 1}"
test_kernel,514,3,qksvc,5298,4,4,3,12,"{'ry': 8, 'measure': 4, 'barrier': 1}"
test_kernel,514,4,qksvc,5299,4,4,3,12,"{'ry': 8, 'measure': 4, 'barrier': 1}"
test_kernel,514,5,qksvc,5300,4,4,3,12,"{'ry': 8, 'measure': 4, 'barrier': 1}"
test_kernel,514,6,qksvc,5301,4,4,3,12,"{'ry': 8, 'measure': 4, 'barrier': 1}"
test_kernel,514,7,qksvc,5302,4,4,3,12,"{'ry': 8, 'measure': 4, 'barrier': 1}"
test_kernel,514,8,qksvc,5303,4,4,3,12,"{'ry': 8, 'measure': 4, 'barrier': 1}"
test_kernel,514,9,qksvc,5304,4,4,3,12,"{'ry': 8, 'measure': 4, 'barrier': 1}"
test_kernel,515,0,qksvc,5305,4,4,3,12,"{'ry': 8, 'measure': 4, 'barrier': 1}"
test_kernel,515,1,qksvc,5306,4,4,3,12,"{'ry': 8, 'measure': 4, 'barrier': 1}"
test_kernel,515,2,qksvc,5307,4,4,3,12,"{'ry': 8, 'measure': 4, 'barrier': 1}"
test_kernel,515,3,qksvc,5308,4,4,3,12,"{'ry': 8, 'measure': 4, 'barrier': 1}"
test_kernel,515,4,qksvc,5309,4,4,3,12,"{'ry': 8, 'measure': 4, 'barrier': 1}"
test_kernel,515,5,qksvc,5310,4,4,3,12,"{'ry': 8, 'measure': 4, 'barrier': 1}"
test_kernel,515,6,qksvc,5311,4,4,3,12,"{'ry': 8, 'measure': 4, 'barrier': 1}"
test_kernel,515,7,qksvc,5312,4,4,3,12,"{'ry': 8, 'measure': 4, 'barrier': 1}"
test_kernel,515,8,qksvc,5313,4,4,3,12,"{'ry': 8, 'measure': 4, 'barrier': 1}"
test_kernel,515,9,qksvc,5314,4,4,3,12,"{'ry': 8, 'measure': 4, 'barrier': 1}"
test_kernel,516,0,qksvc,5315,4,4,3,12,"{'ry': 8, 'measure': 4, 'barrier': 1}"
test_kernel,516,1,qksvc,5316,4,4,3,12,"{'ry': 8, 'measure': 4, 'barrier': 1}"
test_kernel,516,2,qksvc,5317,4,4,3,12,"{'ry': 8, 'measure': 4, 'barrier': 1}"
test_kernel,516,3,qksvc,5318,4,4,3,12,"{'ry': 8, 'measure': 4, 'barrier': 1}"
test_kernel,516,4,qksvc,5319,4,4,3,12,"{'ry': 8, 'measure': 4, 'barrier': 1}"
test_kernel,516,5,qksvc,5320,4,4,3,12,"{'ry': 8, 'measure': 4, 'barrier': 1}"
test_kernel,516,6,qksvc,5321,4,4,3,12,"{'ry': 8, 'measure': 4, 'barrier': 1}"
test_kernel,516,7,qksvc,5322,4,4,3,12,"{'ry': 8, 'measure': 4, 'barrier': 1}"
test_kernel,516,8,qksvc,5323,4,4,3,12,"{'ry': 8, 'measure': 4, 'barrier': 1}"
test_kernel,516,9,qksvc,5324,4,4,3,12,"{'ry': 8, 'measure': 4, 'barrier': 1}"
test_kernel,517,0,qksvc,5325,4,4,3,12,"{'ry': 8, 'measure': 4, 'barrier': 1}"
test_kernel,517,1,qksvc,5326,4,4,3,12,"{'ry': 8, 'measure': 4, 'barrier': 1}"
test_kernel,517,2,qksvc,5327,4,4,3,12,"{'ry': 8, 'measure': 4, 'barrier': 1}"
test_kernel,517,3,qksvc,5328,4,4,3,12,"{'ry': 8, 'measure': 4, 'barrier': 1}"
test_kernel,517,4,qksvc,5329,4,4,3,12,"{'ry': 8, 'measure': 4, 'barrier': 1}"
test_kernel,517,5,qksvc,5330,4,4,3,12,"{'ry': 8, 'measure': 4, 'barrier': 1}"
test_kernel,517,6,qksvc,5331,4,4,3,12,"{'ry': 8, 'measure': 4, 'barrier': 1}"
test_kernel,517,7,qksvc,5332,4,4,3,12,"{'ry': 8, 'measure': 4, 'barrier': 1}"
test_kernel,517,8,qksvc,5333,4,4,3,12,"{'ry': 8, 'measure': 4, 'barrier': 1}"
test_kernel,517,9,qksvc,5334,4,4,3,12,"{'ry': 8, 'measure': 4, 'barrier': 1}"
test_kernel,518,0,qksvc,5335,4,4,3,12,"{'ry': 8, 'measure': 4, 'barrier': 1}"
test_kernel,518,1,qksvc,5336,4,4,3,12,"{'ry': 8, 'measure': 4, 'barrier': 1}"
test_kernel,518,2,qksvc,5337,4,4,3,12,"{'ry': 8, 'measure': 4, 'barrier': 1}"
test_kernel,518,3,qksvc,5338,4,4,3,12,"{'ry': 8, 'measure': 4, 'barrier': 1}"
test_kernel,518,4,qksvc,5339,4,4,3,12,"{'ry': 8, 'measure': 4, 'barrier': 1}"
test_kernel,518,5,qksvc,5340,4,4,3,12,"{'ry': 8, 'measure': 4, 'barrier': 1}"
test_kernel,518,6,qksvc,5341,4,4,3,12,"{'ry': 8, 'measure': 4, 'barrier': 1}"
test_kernel,518,7,qksvc,5342,4,4,3,12,"{'ry': 8, 'measure': 4, 'barrier': 1}"
test_kernel,518,8,qksvc,5343,4,4,3,12,"{'ry': 8, 'measure': 4, 'barrier': 1}"
test_kernel,518,9,qksvc,5344,4,4,3,12,"{'ry': 8, 'measure': 4, 'barrier': 1}"
test_kernel,519,0,qksvc,5345,4,4,3,12,"{'ry': 8, 'measure': 4, 'barrier': 1}"
test_kernel,519,1,qksvc,5346,4,4,3,12,"{'ry': 8, 'measure': 4, 'barrier': 1}"
test_kernel,519,2,qksvc,5347,4,4,3,12,"{'ry': 8, 'measure': 4, 'barrier': 1}"
test_kernel,519,3,qksvc,5348,4,4,3,12,"{'ry': 8, 'measure': 4, 'barrier': 1}"
test_kernel,519,4,qksvc,5349,4,4,3,12,"{'ry': 8, 'measure': 4, 'barrier': 1}"
test_kernel,519,5,qksvc,5350,4,4,3,12,"{'ry': 8, 'measure': 4, 'barrier': 1}"
test_kernel,519,6,qksvc,5351,4,4,3,12,"{'ry': 8, 'measure': 4, 'barrier': 1}"
test_kernel,519,7,qksvc,5352,4,4,3,12,"{'ry': 8, 'measure': 4, 'barrier': 1}"
test_kernel,519,8,qksvc,5353,4,4,3,12,"{'ry': 8, 'measure': 4, 'barrier': 1}"
test_kernel,519,9,qksvc,5354,4,4,3,12,"{'ry': 8, 'measure': 4, 'barrier': 1}"
test_kernel,520,0,qksvc,5355,4,4,3,12,"{'ry': 8, 'measure': 4, 'barrier': 1}"
test_kernel,520,1,qksvc,5356,4,4,3,12,"{'ry': 8, 'measure': 4, 'barrier': 1}"
test_kernel,520,2,qksvc,5357,4,4,3,12,"{'ry': 8, 'measure': 4, 'barrier': 1}"
test_kernel,520,3,qksvc,5358,4,4,3,12,"{'ry': 8, 'measure': 4, 'barrier': 1}"
test_kernel,520,4,qksvc,5359,4,4,3,12,"{'ry': 8, 'measure': 4, 'barrier': 1}"
test_kernel,520,5,qksvc,5360,4,4,3,12,"{'ry': 8, 'measure': 4, 'barrier': 1}"
test_kernel,520,6,qksvc,5361,4,4,3,12,"{'ry': 8, 'measure': 4, 'barrier': 1}"
test_kernel,520,7,qksvc,5362,4,4,3,12,"{'ry': 8, 'measure': 4, 'barrier': 1}"
test_kernel,520,8,qksvc,5363,4,4,3,12,"{'ry': 8, 'measure': 4, 'barrier': 1}"
test_kernel,520,9,qksvc,5364,4,4,3,12,"{'ry': 8, 'measure': 4, 'barrier': 1}"
test_kernel,521,0,qksvc,5365,4,4,3,12,"{'ry': 8, 'measure': 4, 'barrier': 1}"
test_kernel,521,1,qksvc,5366,4,4,3,12,"{'ry': 8, 'measure': 4, 'barrier': 1}"
test_kernel,521,2,qksvc,5367,4,4,3,12,"{'ry': 8, 'measure': 4, 'barrier': 1}"
test_kernel,521,3,qksvc,5368,4,4,3,12,"{'ry': 8, 'measure': 4, 'barrier': 1}"
test_kernel,521,4,qksvc,5369,4,4,3,12,"{'ry': 8, 'measure': 4, 'barrier': 1}"
test_kernel,521,5,qksvc,5370,4,4,3,12,"{'ry': 8, 'measure': 4, 'barrier': 1}"
test_kernel,521,6,qksvc,5371,4,4,3,12,"{'ry': 8, 'measure': 4, 'barrier': 1}"
test_kernel,521,7,qksvc,5372,4,4,3,12,"{'ry': 8, 'measure': 4, 'barrier': 1}"
test_kernel,521,8,qksvc,5373,4,4,3,12,"{'ry': 8, 'measure': 4, 'barrier': 1}"
test_kernel,521,9,qksvc,5374,4,4,3,12,"{'ry': 8, 'measure': 4, 'barrier': 1}"
test_kernel,522,0,qksvc,5375,4,4,3,12,"{'ry': 8, 'measure': 4, 'barrier': 1}"
test_kernel,522,1,qksvc,5376,4,4,3,12,"{'ry': 8, 'measure': 4, 'barrier': 1}"
test_kernel,522,2,qksvc,5377,4,4,3,12,"{'ry': 8, 'measure': 4, 'barrier': 1}"
test_kernel,522,3,qksvc,5378,4,4,3,12,"{'ry': 8, 'measure': 4, 'barrier': 1}"
test_kernel,522,4,qksvc,5379,4,4,3,12,"{'ry': 8, 'measure': 4, 'barrier': 1}"
test_kernel,522,5,qksvc,5380,4,4,3,12,"{'ry': 8, 'measure': 4, 'barrier': 1}"
test_kernel,522,6,qksvc,5381,4,4,3,12,"{'ry': 8, 'measure': 4, 'barrier': 1}"
test_kernel,522,7,qksvc,5382,4,4,3,12,"{'ry': 8, 'measure': 4, 'barrier': 1}"
test_kernel,522,8,qksvc,5383,4,4,3,12,"{'ry': 8, 'measure': 4, 'barrier': 1}"
test_kernel,522,9,qksvc,5384,4,4,3,12,"{'ry': 8, 'measure': 4, 'barrier': 1}"
test_kernel,523,0,qksvc,5385,4,4,3,12,"{'ry': 8, 'measure': 4, 'barrier': 1}"
test_kernel,523,1,qksvc,5386,4,4,3,12,"{'ry': 8, 'measure': 4, 'barrier': 1}"
test_kernel,523,2,qksvc,5387,4,4,3,12,"{'ry': 8, 'measure': 4, 'barrier': 1}"
test_kernel,523,3,qksvc,5388,4,4,3,12,"{'ry': 8, 'measure': 4, 'barrier': 1}"
test_kernel,523,4,qksvc,5389,4,4,3,12,"{'ry': 8, 'measure': 4, 'barrier': 1}"
test_kernel,523,5,qksvc,5390,4,4,3,12,"{'ry': 8, 'measure': 4, 'barrier': 1}"
test_kernel,523,6,qksvc,5391,4,4,3,12,"{'ry': 8, 'measure': 4, 'barrier': 1}"
test_kernel,523,7,qksvc,5392,4,4,3,12,"{'ry': 8, 'measure': 4, 'barrier': 1}"
test_kernel,523,8,qksvc,5393,4,4,3,12,"{'ry': 8, 'measure': 4, 'barrier': 1}"
test_kernel,523,9,qksvc,5394,4,4,3,12,"{'ry': 8, 'measure': 4, 'barrier': 1}"
test_kernel,524,0,qksvc,5395,4,4,3,12,"{'ry': 8, 'measure': 4, 'barrier': 1}"
test_kernel,524,1,qksvc,5396,4,4,3,12,"{'ry': 8, 'measure': 4, 'barrier': 1}"
test_kernel,524,2,qksvc,5397,4,4,3,12,"{'ry': 8, 'measure': 4, 'barrier': 1}"
test_kernel,524,3,qksvc,5398,4,4,3,12,"{'ry': 8, 'measure': 4, 'barrier': 1}"
test_kernel,524,4,qksvc,5399,4,4,3,12,"{'ry': 8, 'measure': 4, 'barrier': 1}"
test_kernel,524,5,qksvc,5400,4,4,3,12,"{'ry': 8, 'measure': 4, 'barrier': 1}"
test_kernel,524,6,qksvc,5401,4,4,3,12,"{'ry': 8, 'measure': 4, 'barrier': 1}"
test_kernel,524,7,qksvc,5402,4,4,3,12,"{'ry': 8, 'measure': 4, 'barrier': 1}"
test_kernel,524,8,qksvc,5403,4,4,3,12,"{'ry': 8, 'measure': 4, 'barrier': 1}"
test_kernel,524,9,qksvc,5404,4,4,3,12,"{'ry': 8, 'measure': 4, 'barrier': 1}"
test_kernel,525,0,qksvc,5405,4,4,3,12,"{'ry': 8, 'measure': 4, 'barrier': 1}"
test_kernel,525,1,qksvc,5406,4,4,3,12,"{'ry': 8, 'measure': 4, 'barrier': 1}"
test_kernel,525,2,qksvc,5407,4,4,3,12,"{'ry': 8, 'measure': 4, 'barrier': 1}"
test_kernel,525,3,qksvc,5408,4,4,3,12,"{'ry': 8, 'measure': 4, 'barrier': 1}"
test_kernel,525,4,qksvc,5409,4,4,3,12,"{'ry': 8, 'measure': 4, 'barrier': 1}"
test_kernel,525,5,qksvc,5410,4,4,3,12,"{'ry': 8, 'measure': 4, 'barrier': 1}"
test_kernel,525,6,qksvc,5411,4,4,3,12,"{'ry': 8, 'measure': 4, 'barrier': 1}"
test_kernel,525,7,qksvc,5412,4,4,3,12,"{'ry': 8, 'measure': 4, 'barrier': 1}"
test_kernel,525,8,qksvc,5413,4,4,3,12,"{'ry': 8, 'measure': 4, 'barrier': 1}"
test_kernel,525,9,qksvc,5414,4,4,3,12,"{'ry': 8, 'measure': 4, 'barrier': 1}"
test_kernel,526,0,qksvc,5415,4,4,3,12,"{'ry': 8, 'measure': 4, 'barrier': 1}"
test_kernel,526,1,qksvc,5416,4,4,3,12,"{'ry': 8, 'measure': 4, 'barrier': 1}"
test_kernel,526,2,qksvc,5417,4,4,3,12,"{'ry': 8, 'measure': 4, 'barrier': 1}"
test_kernel,526,3,qksvc,5418,4,4,3,12,"{'ry': 8, 'measure': 4, 'barrier': 1}"
test_kernel,526,4,qksvc,5419,4,4,3,12,"{'ry': 8, 'measure': 4, 'barrier': 1}"
test_kernel,526,5,qksvc,5420,4,4,3,12,"{'ry': 8, 'measure': 4, 'barrier': 1}"
test_kernel,526,6,qksvc,5421,4,4,3,12,"{'ry': 8, 'measure': 4, 'barrier': 1}"
test_kernel,526,7,qksvc,5422,4,4,3,12,"{'ry': 8, 'measure': 4, 'barrier': 1}"
test_kernel,526,8,qksvc,5423,4,4,3,12,"{'ry': 8, 'measure': 4, 'barrier': 1}"
test_kernel,526,9,qksvc,5424,4,4,3,12,"{'ry': 8, 'measure': 4, 'barrier': 1}"
test_kernel,527,0,qksvc,5425,4,4,3,12,"{'ry': 8, 'measure': 4, 'barrier': 1}"
test_kernel,527,1,qksvc,5426,4,4,3,12,"{'ry': 8, 'measure': 4, 'barrier': 1}"
test_kernel,527,2,qksvc,5427,4,4,3,12,"{'ry': 8, 'measure': 4, 'barrier': 1}"
test_kernel,527,3,qksvc,5428,4,4,3,12,"{'ry': 8, 'measure': 4, 'barrier': 1}"
test_kernel,527,4,qksvc,5429,4,4,3,12,"{'ry': 8, 'measure': 4, 'barrier': 1}"
test_kernel,527,5,qksvc,5430,4,4,3,12,"{'ry': 8, 'measure': 4, 'barrier': 1}"
test_kernel,527,6,qksvc,5431,4,4,3,12,"{'ry': 8, 'measure': 4, 'barrier': 1}"
test_kernel,527,7,qksvc,5432,4,4,3,12,"{'ry': 8, 'measure': 4, 'barrier': 1}"
test_kernel,527,8,qksvc,5433,4,4,3,12,"{'ry': 8, 'measure': 4, 'barrier': 1}"
test_kernel,527,9,qksvc,5434,4,4,3,12,"{'ry': 8, 'measure': 4, 'barrier': 1}"
test_kernel,528,0,qksvc,5435,4,4,3,12,"{'ry': 8, 'measure': 4, 'barrier': 1}"
test_kernel,528,1,qksvc,5436,4,4,3,12,"{'ry': 8, 'measure': 4, 'barrier': 1}"
test_kernel,528,2,qksvc,5437,4,4,3,12,"{'ry': 8, 'measure': 4, 'barrier': 1}"
test_kernel,528,3,qksvc,5438,4,4,3,12,"{'ry': 8, 'measure': 4, 'barrier': 1}"
test_kernel,528,4,qksvc,5439,4,4,3,12,"{'ry': 8, 'measure': 4, 'barrier': 1}"
test_kernel,528,5,qksvc,5440,4,4,3,12,"{'ry': 8, 'measure': 4, 'barrier': 1}"
test_kernel,528,6,qksvc,5441,4,4,3,12,"{'ry': 8, 'measure': 4, 'barrier': 1}"
test_kernel,528,7,qksvc,5442,4,4,3,12,"{'ry': 8, 'measure': 4, 'barrier': 1}"
test_kernel,528,8,qksvc,5443,4,4,3,12,"{'ry': 8, 'measure': 4, 'barrier': 1}"
test_kernel,528,9,qksvc,5444,4,4,3,12,"{'ry': 8, 'measure': 4, 'barrier': 1}"
test_kernel,529,0,qksvc,5445,4,4,3,12,"{'ry': 8, 'measure': 4, 'barrier': 1}"
test_kernel,529,1,qksvc,5446,4,4,3,12,"{'ry': 8, 'measure': 4, 'barrier': 1}"
test_kernel,529,2,qksvc,5447,4,4,3,12,"{'ry': 8, 'measure': 4, 'barrier': 1}"
test_kernel,529,3,qksvc,5448,4,4,3,12,"{'ry': 8, 'measure': 4, 'barrier': 1}"
test_kernel,529,4,qksvc,5449,4,4,3,12,"{'ry': 8, 'measure': 4, 'barrier': 1}"
test_kernel,529,5,qksvc,5450,4,4,3,12,"{'ry': 8, 'measure': 4, 'barrier': 1}"
test_kernel,529,6,qksvc,5451,4,4,3,12,"{'ry': 8, 'measure': 4, 'barrier': 1}"
test_kernel,529,7,qksvc,5452,4,4,3,12,"{'ry': 8, 'measure': 4, 'barrier': 1}"
test_kernel,529,8,qksvc,5453,4,4,3,12,"{'ry': 8, 'measure': 4, 'barrier': 1}"
test_kernel,529,9,qksvc,5454,4,4,3,12,"{'ry': 8, 'measure': 4, 'barrier': 1}"
test_kernel,530,0,qksvc,5455,4,4,3,12,"{'ry': 8, 'measure': 4, 'barrier': 1}"
test_kernel,530,1,qksvc,5456,4,4,3,12,"{'ry': 8, 'measure': 4, 'barrier': 1}"
test_kernel,530,2,qksvc,5457,4,4,3,12,"{'ry': 8, 'measure': 4, 'barrier': 1}"
test_kernel,530,3,qksvc,5458,4,4,3,12,"{'ry': 8, 'measure': 4, 'barrier': 1}"
test_kernel,530,4,qksvc,5459,4,4,3,12,"{'ry': 8, 'measure': 4, 'barrier': 1}"
test_kernel,530,5,qksvc,5460,4,4,3,12,"{'ry': 8, 'measure': 4, 'barrier': 1}"
test_kernel,530,6,qksvc,5461,4,4,3,12,"{'ry': 8, 'measure': 4, 'barrier': 1}"
test_kernel,530,7,qksvc,5462,4,4,3,12,"{'ry': 8, 'measure': 4, 'barrier': 1}"
test_kernel,530,8,qksvc,5463,4,4,3,12,"{'ry': 8, 'measure': 4, 'barrier': 1}"
test_kernel,530,9,qksvc,5464,4,4,3,12,"{'ry': 8, 'measure': 4, 'barrier': 1}"
test_kernel,531,0,qksvc,5465,4,4,3,12,"{'ry': 8, 'measure': 4, 'barrier': 1}"
test_kernel,531,1,qksvc,5466,4,4,3,12,"{'ry': 8, 'measure': 4, 'barrier': 1}"
test_kernel,531,2,qksvc,5467,4,4,3,12,"{'ry': 8, 'measure': 4, 'barrier': 1}"
test_kernel,531,3,qksvc,5468,4,4,3,12,"{'ry': 8, 'measure': 4, 'barrier': 1}"
test_kernel,531,4,qksvc,5469,4,4,3,12,"{'ry': 8, 'measure': 4, 'barrier': 1}"
test_kernel,531,5,qksvc,5470,4,4,3,12,"{'ry': 8, 'measure': 4, 'barrier': 1}"
test_kernel,531,6,qksvc,5471,4,4,3,12,"{'ry': 8, 'measure': 4, 'barrier': 1}"
test_kernel,531,7,qksvc,5472,4,4,3,12,"{'ry': 8, 'measure': 4, 'barrier': 1}"
test_kernel,531,8,qksvc,5473,4,4,3,12,"{'ry': 8, 'measure': 4, 'barrier': 1}"
test_kernel,531,9,qksvc,5474,4,4,3,12,"{'ry': 8, 'measure': 4, 'barrier': 1}"
test_kernel,532,0,qksvc,5475,4,4,3,12,"{'ry': 8, 'measure': 4, 'barrier': 1}"
test_kernel,532,1,qksvc,5476,4,4,3,12,"{'ry': 8, 'measure': 4, 'barrier': 1}"
test_kernel,532,2,qksvc,5477,4,4,3,12,"{'ry': 8, 'measure': 4, 'barrier': 1}"
test_kernel,532,3,qksvc,5478,4,4,3,12,"{'ry': 8, 'measure': 4, 'barrier': 1}"
test_kernel,532,4,qksvc,5479,4,4,3,12,"{'ry': 8, 'measure': 4, 'barrier': 1}"
test_kernel,532,5,qksvc,5480,4,4,3,12,"{'ry': 8, 'measure': 4, 'barrier': 1}"
test_kernel,532,6,qksvc,5481,4,4,3,12,"{'ry': 8, 'measure': 4, 'barrier': 1}"
test_kernel,532,7,qksvc,5482,4,4,3,12,"{'ry': 8, 'measure': 4, 'barrier': 1}"
test_kernel,532,8,qksvc,5483,4,4,3,12,"{'ry': 8, 'measure': 4, 'barrier': 1}"
test_kernel,532,9,qksvc,5484,4,4,3,12,"{'ry': 8, 'measure': 4, 'barrier': 1}"
test_kernel,533,0,qksvc,5485,4,4,3,12,"{'ry': 8, 'measure': 4, 'barrier': 1}"
test_kernel,533,1,qksvc,5486,4,4,3,12,"{'ry': 8, 'measure': 4, 'barrier': 1}"
test_kernel,533,2,qksvc,5487,4,4,3,12,"{'ry': 8, 'measure': 4, 'barrier': 1}"
test_kernel,533,3,qksvc,5488,4,4,3,12,"{'ry': 8, 'measure': 4, 'barrier': 1}"
test_kernel,533,4,qksvc,5489,4,4,3,12,"{'ry': 8, 'measure': 4, 'barrier': 1}"
test_kernel,533,5,qksvc,5490,4,4,3,12,"{'ry': 8, 'measure': 4, 'barrier': 1}"
test_kernel,533,6,qksvc,5491,4,4,3,12,"{'ry': 8, 'measure': 4, 'barrier': 1}"
test_kernel,533,7,qksvc,5492,4,4,3,12,"{'ry': 8, 'measure': 4, 'barrier': 1}"
test_kernel,533,8,qksvc,5493,4,4,3,12,"{'ry': 8, 'measure': 4, 'barrier': 1}"
test_kernel,533,9,qksvc,5494,4,4,3,12,"{'ry': 8, 'measure': 4, 'barrier': 1}"
test_kernel,534,0,qksvc,5495,4,4,3,12,"{'ry': 8, 'measure': 4, 'barrier': 1}"
test_kernel,534,1,qksvc,5496,4,4,3,12,"{'ry': 8, 'measure': 4, 'barrier': 1}"
test_kernel,534,2,qksvc,5497,4,4,3,12,"{'ry': 8, 'measure': 4, 'barrier': 1}"
test_kernel,534,3,qksvc,5498,4,4,3,12,"{'ry': 8, 'measure': 4, 'barrier': 1}"
test_kernel,534,4,qksvc,5499,4,4,3,12,"{'ry': 8, 'measure': 4, 'barrier': 1}"
test_kernel,534,5,qksvc,5500,4,4,3,12,"{'ry': 8, 'measure': 4, 'barrier': 1}"
test_kernel,534,6,qksvc,5501,4,4,3,12,"{'ry': 8, 'measure': 4, 'barrier': 1}"
test_kernel,534,7,qksvc,5502,4,4,3,12,"{'ry': 8, 'measure': 4, 'barrier': 1}"
test_kernel,534,8,qksvc,5503,4,4,3,12,"{'ry': 8, 'measure': 4, 'barrier': 1}"
test_kernel,534,9,qksvc,5504,4,4,3,12,"{'ry': 8, 'measure': 4, 'barrier': 1}"
test_kernel,535,0,qksvc,5505,4,4,3,12,"{'ry': 8, 'measure': 4, 'barrier': 1}"
test_kernel,535,1,qksvc,5506,4,4,3,12,"{'ry': 8, 'measure': 4, 'barrier': 1}"
test_kernel,535,2,qksvc,5507,4,4,3,12,"{'ry': 8, 'measure': 4, 'barrier': 1}"
test_kernel,535,3,qksvc,5508,4,4,3,12,"{'ry': 8, 'measure': 4, 'barrier': 1}"
test_kernel,535,4,qksvc,5509,4,4,3,12,"{'ry': 8, 'measure': 4, 'barrier': 1}"
test_kernel,535,5,qksvc,5510,4,4,3,12,"{'ry': 8, 'measure': 4, 'barrier': 1}"
test_kernel,535,6,qksvc,5511,4,4,3,12,"{'ry': 8, 'measure': 4, 'barrier': 1}"
test_kernel,535,7,qksvc,5512,4,4,3,12,"{'ry': 8, 'measure': 4, 'barrier': 1}"
test_kernel,535,8,qksvc,5513,4,4,3,12,"{'ry': 8, 'measure': 4, 'barrier': 1}"
test_kernel,535,9,qksvc,5514,4,4,3,12,"{'ry': 8, 'measure': 4, 'barrier': 1}"
test_kernel,536,0,qksvc,5515,4,4,3,12,"{'ry': 8, 'measure': 4, 'barrier': 1}"
test_kernel,536,1,qksvc,5516,4,4,3,12,"{'ry': 8, 'measure': 4, 'barrier': 1}"
test_kernel,536,2,qksvc,5517,4,4,3,12,"{'ry': 8, 'measure': 4, 'barrier': 1}"
test_kernel,536,3,qksvc,5518,4,4,3,12,"{'ry': 8, 'measure': 4, 'barrier': 1}"
test_kernel,536,4,qksvc,5519,4,4,3,12,"{'ry': 8, 'measure': 4, 'barrier': 1}"
test_kernel,536,5,qksvc,5520,4,4,3,12,"{'ry': 8, 'measure': 4, 'barrier': 1}"
test_kernel,536,6,qksvc,5521,4,4,3,12,"{'ry': 8, 'measure': 4, 'barrier': 1}"
test_kernel,536,7,qksvc,5522,4,4,3,12,"{'ry': 8, 'measure': 4, 'barrier': 1}"
test_kernel,536,8,qksvc,5523,4,4,3,12,"{'ry': 8, 'measure': 4, 'barrier': 1}"
test_kernel,536,9,qksvc,5524,4,4,3,12,"{'ry': 8, 'measure': 4, 'barrier': 1}"
test_kernel,537,0,qksvc,5525,4,4,3,12,"{'ry': 8, 'measure': 4, 'barrier': 1}"
test_kernel,537,1,qksvc,5526,4,4,3,12,"{'ry': 8, 'measure': 4, 'barrier': 1}"
test_kernel,537,2,qksvc,5527,4,4,3,12,"{'ry': 8, 'measure': 4, 'barrier': 1}"
test_kernel,537,3,qksvc,5528,4,4,3,12,"{'ry': 8, 'measure': 4, 'barrier': 1}"
test_kernel,537,4,qksvc,5529,4,4,3,12,"{'ry': 8, 'measure': 4, 'barrier': 1}"
test_kernel,537,5,qksvc,5530,4,4,3,12,"{'ry': 8, 'measure': 4, 'barrier': 1}"
test_kernel,537,6,qksvc,5531,4,4,3,12,"{'ry': 8, 'measure': 4, 'barrier': 1}"
test_kernel,537,7,qksvc,5532,4,4,3,12,"{'ry': 8, 'measure': 4, 'barrier': 1}"
test_kernel,537,8,qksvc,5533,4,4,3,12,"{'ry': 8, 'measure': 4, 'barrier': 1}"
test_kernel,537,9,qksvc,5534,4,4,3,12,"{'ry': 8, 'measure': 4, 'barrier': 1}"
test_kernel,538,0,qksvc,5535,4,4,3,12,"{'ry': 8, 'measure': 4, 'barrier': 1}"
test_kernel,538,1,qksvc,5536,4,4,3,12,"{'ry': 8, 'measure': 4, 'barrier': 1}"
test_kernel,538,2,qksvc,5537,4,4,3,12,"{'ry': 8, 'measure': 4, 'barrier': 1}"
test_kernel,538,3,qksvc,5538,4,4,3,12,"{'ry': 8, 'measure': 4, 'barrier': 1}"
test_kernel,538,4,qksvc,5539,4,4,3,12,"{'ry': 8, 'measure': 4, 'barrier': 1}"
test_kernel,538,5,qksvc,5540,4,4,3,12,"{'ry': 8, 'measure': 4, 'barrier': 1}"
test_kernel,538,6,qksvc,5541,4,4,3,12,"{'ry': 8, 'measure': 4, 'barrier': 1}"
test_kernel,538,7,qksvc,5542,4,4,3,12,"{'ry': 8, 'measure': 4, 'barrier': 1}"
test_kernel,538,8,qksvc,5543,4,4,3,12,"{'ry': 8, 'measure': 4, 'barrier': 1}"
test_kernel,538,9,qksvc,5544,4,4,3,12,"{'ry': 8, 'measure': 4, 'barrier': 1}"
test_kernel,539,0,qksvc,5545,4,4,3,12,"{'ry': 8, 'measure': 4, 'barrier': 1}"
test_kernel,539,1,qksvc,5546,4,4,3,12,"{'ry': 8, 'measure': 4, 'barrier': 1}"
test_kernel,539,2,qksvc,5547,4,4,3,12,"{'ry': 8, 'measure': 4, 'barrier': 1}"
test_kernel,539,3,qksvc,5548,4,4,3,12,"{'ry': 8, 'measure': 4, 'barrier': 1}"
test_kernel,539,4,qksvc,5549,4,4,3,12,"{'ry': 8, 'measure': 4, 'barrier': 1}"
test_kernel,539,5,qksvc,5550,4,4,3,12,"{'ry': 8, 'measure': 4, 'barrier': 1}"
test_kernel,539,6,qksvc,5551,4,4,3,12,"{'ry': 8, 'measure': 4, 'barrier': 1}"
test_kernel,539,7,qksvc,5552,4,4,3,12,"{'ry': 8, 'measure': 4, 'barrier': 1}"
test_kernel,539,8,qksvc,5553,4,4,3,12,"{'ry': 8, 'measure': 4, 'barrier': 1}"
test_kernel,539,9,qksvc,5554,4,4,3,12,"{'ry': 8, 'measure': 4, 'barrier': 1}"
test_kernel,540,0,qksvc,5555,4,4,3,12,"{'ry': 8, 'measure': 4, 'barrier': 1}"
test_kernel,540,1,qksvc,5556,4,4,3,12,"{'ry': 8, 'measure': 4, 'barrier': 1}"
test_kernel,540,2,qksvc,5557,4,4,3,12,"{'ry': 8, 'measure': 4, 'barrier': 1}"
test_kernel,540,3,qksvc,5558,4,4,3,12,"{'ry': 8, 'measure': 4, 'barrier': 1}"
test_kernel,540,4,qksvc,5559,4,4,3,12,"{'ry': 8, 'measure': 4, 'barrier': 1}"
test_kernel,540,5,qksvc,5560,4,4,3,12,"{'ry': 8, 'measure': 4, 'barrier': 1}"
test_kernel,540,6,qksvc,5561,4,4,3,12,"{'ry': 8, 'measure': 4, 'barrier': 1}"
test_kernel,540,7,qksvc,5562,4,4,3,12,"{'ry': 8, 'measure': 4, 'barrier': 1}"
test_kernel,540,8,qksvc,5563,4,4,3,12,"{'ry': 8, 'measure': 4, 'barrier': 1}"
test_kernel,540,9,qksvc,5564,4,4,3,12,"{'ry': 8, 'measure': 4, 'barrier': 1}"
test_kernel,541,0,qksvc,5565,4,4,3,12,"{'ry': 8, 'measure': 4, 'barrier': 1}"
test_kernel,541,1,qksvc,5566,4,4,3,12,"{'ry': 8, 'measure': 4, 'barrier': 1}"
test_kernel,541,2,qksvc,5567,4,4,3,12,"{'ry': 8, 'measure': 4, 'barrier': 1}"
test_kernel,541,3,qksvc,5568,4,4,3,12,"{'ry': 8, 'measure': 4, 'barrier': 1}"
test_kernel,541,4,qksvc,5569,4,4,3,12,"{'ry': 8, 'measure': 4, 'barrier': 1}"
test_kernel,541,5,qksvc,5570,4,4,3,12,"{'ry': 8, 'measure': 4, 'barrier': 1}"
test_kernel,541,6,qksvc,5571,4,4,3,12,"{'ry': 8, 'measure': 4, 'barrier': 1}"
test_kernel,541,7,qksvc,5572,4,4,3,12,"{'ry': 8, 'measure': 4, 'barrier': 1}"
test_kernel,541,8,qksvc,5573,4,4,3,12,"{'ry': 8, 'measure': 4, 'barrier': 1}"
test_kernel,541,9,qksvc,5574,4,4,3,12,"{'ry': 8, 'measure': 4, 'barrier': 1}"
test_kernel,542,0,qksvc,5575,4,4,3,12,"{'ry': 8, 'measure': 4, 'barrier': 1}"
test_kernel,542,1,qksvc,5576,4,4,3,12,"{'ry': 8, 'measure': 4, 'barrier': 1}"
test_kernel,542,2,qksvc,5577,4,4,3,12,"{'ry': 8, 'measure': 4, 'barrier': 1}"
test_kernel,542,3,qksvc,5578,4,4,3,12,"{'ry': 8, 'measure': 4, 'barrier': 1}"
test_kernel,542,4,qksvc,5579,4,4,3,12,"{'ry': 8, 'measure': 4, 'barrier': 1}"
test_kernel,542,5,qksvc,5580,4,4,3,12,"{'ry': 8, 'measure': 4, 'barrier': 1}"
test_kernel,542,6,qksvc,5581,4,4,3,12,"{'ry': 8, 'measure': 4, 'barrier': 1}"
test_kernel,542,7,qksvc,5582,4,4,3,12,"{'ry': 8, 'measure': 4, 'barrier': 1}"
test_kernel,542,8,qksvc,5583,4,4,3,12,"{'ry': 8, 'measure': 4, 'barrier': 1}"
test_kernel,542,9,qksvc,5584,4,4,3,12,"{'ry': 8, 'measure': 4, 'barrier': 1}"
test_kernel,543,0,qksvc,5585,4,4,3,12,"{'ry': 8, 'measure': 4, 'barrier': 1}"
test_kernel,543,1,qksvc,5586,4,4,3,12,"{'ry': 8, 'measure': 4, 'barrier': 1}"
test_kernel,543,2,qksvc,5587,4,4,3,12,"{'ry': 8, 'measure': 4, 'barrier': 1}"
test_kernel,543,3,qksvc,5588,4,4,3,12,"{'ry': 8, 'measure': 4, 'barrier': 1}"
test_kernel,543,4,qksvc,5589,4,4,3,12,"{'ry': 8, 'measure': 4, 'barrier': 1}"
test_kernel,543,5,qksvc,5590,4,4,3,12,"{'ry': 8, 'measure': 4, 'barrier': 1}"
test_kernel,543,6,qksvc,5591,4,4,3,12,"{'ry': 8, 'measure': 4, 'barrier': 1}"
test_kernel,543,7,qksvc,5592,4,4,3,12,"{'ry': 8, 'measure': 4, 'barrier': 1}"
test_kernel,543,8,qksvc,5593,4,4,3,12,"{'ry': 8, 'measure': 4, 'barrier': 1}"
test_kernel,543,9,qksvc,5594,4,4,3,12,"{'ry': 8, 'measure': 4, 'barrier': 1}"
test_kernel,544,0,qksvc,5595,4,4,3,12,"{'ry': 8, 'measure': 4, 'barrier': 1}"
test_kernel,544,1,qksvc,5596,4,4,3,12,"{'ry': 8, 'measure': 4, 'barrier': 1}"
test_kernel,544,2,qksvc,5597,4,4,3,12,"{'ry': 8, 'measure': 4, 'barrier': 1}"
test_kernel,544,3,qksvc,5598,4,4,3,12,"{'ry': 8, 'measure': 4, 'barrier': 1}"
test_kernel,544,4,qksvc,5599,4,4,3,12,"{'ry': 8, 'measure': 4, 'barrier': 1}"
test_kernel,544,5,qksvc,5600,4,4,3,12,"{'ry': 8, 'measure': 4, 'barrier': 1}"
test_kernel,544,6,qksvc,5601,4,4,3,12,"{'ry': 8, 'measure': 4, 'barrier': 1}"
test_kernel,544,7,qksvc,5602,4,4,3,12,"{'ry': 8, 'measure': 4, 'barrier': 1}"
test_kernel,544,8,qksvc,5603,4,4,3,12,"{'ry': 8, 'measure': 4, 'barrier': 1}"
test_kernel,544,9,qksvc,5604,4,4,3,12,"{'ry': 8, 'measure': 4, 'barrier': 1}"
test_kernel,545,0,qksvc,5605,4,4,3,12,"{'ry': 8, 'measure': 4, 'barrier': 1}"
test_kernel,545,1,qksvc,5606,4,4,3,12,"{'ry': 8, 'measure': 4, 'barrier': 1}"
test_kernel,545,2,qksvc,5607,4,4,3,12,"{'ry': 8, 'measure': 4, 'barrier': 1}"
test_kernel,545,3,qksvc,5608,4,4,3,12,"{'ry': 8, 'measure': 4, 'barrier': 1}"
test_kernel,545,4,qksvc,5609,4,4,3,12,"{'ry': 8, 'measure': 4, 'barrier': 1}"
test_kernel,545,5,qksvc,5610,4,4,3,12,"{'ry': 8, 'measure': 4, 'barrier': 1}"
test_kernel,545,6,qksvc,5611,4,4,3,12,"{'ry': 8, 'measure': 4, 'barrier': 1}"
test_kernel,545,7,qksvc,5612,4,4,3,12,"{'ry': 8, 'measure': 4, 'barrier': 1}"
test_kernel,545,8,qksvc,5613,4,4,3,12,"{'ry': 8, 'measure': 4, 'barrier': 1}"
test_kernel,545,9,qksvc,5614,4,4,3,12,"{'ry': 8, 'measure': 4, 'barrier': 1}"
test_kernel,546,0,qksvc,5615,4,4,3,12,"{'ry': 8, 'measure': 4, 'barrier': 1}"
test_kernel,546,1,qksvc,5616,4,4,3,12,"{'ry': 8, 'measure': 4, 'barrier': 1}"
test_kernel,546,2,qksvc,5617,4,4,3,12,"{'ry': 8, 'measure': 4, 'barrier': 1}"
test_kernel,546,3,qksvc,5618,4,4,3,12,"{'ry': 8, 'measure': 4, 'barrier': 1}"
test_kernel,546,4,qksvc,5619,4,4,3,12,"{'ry': 8, 'measure': 4, 'barrier': 1}"
test_kernel,546,5,qksvc,5620,4,4,3,12,"{'ry': 8, 'measure': 4, 'barrier': 1}"
test_kernel,546,6,qksvc,5621,4,4,3,12,"{'ry': 8, 'measure': 4, 'barrier': 1}"
test_kernel,546,7,qksvc,5622,4,4,3,12,"{'ry': 8, 'measure': 4, 'barrier': 1}"
test_kernel,546,8,qksvc,5623,4,4,3,12,"{'ry': 8, 'measure': 4, 'barrier': 1}"
test_kernel,546,9,qksvc,5624,4,4,3,12,"{'ry': 8, 'measure': 4, 'barrier': 1}"
test_kernel,547,0,qksvc,5625,4,4,3,12,"{'ry': 8, 'measure': 4, 'barrier': 1}"
test_kernel,547,1,qksvc,5626,4,4,3,12,"{'ry': 8, 'measure': 4, 'barrier': 1}"
test_kernel,547,2,qksvc,5627,4,4,3,12,"{'ry': 8, 'measure': 4, 'barrier': 1}"
test_kernel,547,3,qksvc,5628,4,4,3,12,"{'ry': 8, 'measure': 4, 'barrier': 1}"
test_kernel,547,4,qksvc,5629,4,4,3,12,"{'ry': 8, 'measure': 4, 'barrier': 1}"
test_kernel,547,5,qksvc,5630,4,4,3,12,"{'ry': 8, 'measure': 4, 'barrier': 1}"
test_kernel,547,6,qksvc,5631,4,4,3,12,"{'ry': 8, 'measure': 4, 'barrier': 1}"
test_kernel,547,7,qksvc,5632,4,4,3,12,"{'ry': 8, 'measure': 4, 'barrier': 1}"
test_kernel,547,8,qksvc,5633,4,4,3,12,"{'ry': 8, 'measure': 4, 'barrier': 1}"
test_kernel,547,9,qksvc,5634,4,4,3,12,"{'ry': 8, 'measure': 4, 'barrier': 1}"
test_kernel,548,0,qksvc,5635,4,4,3,12,"{'ry': 8, 'measure': 4, 'barrier': 1}"
test_kernel,548,1,qksvc,5636,4,4,3,12,"{'ry': 8, 'measure': 4, 'barrier': 1}"
test_kernel,548,2,qksvc,5637,4,4,3,12,"{'ry': 8, 'measure': 4, 'barrier': 1}"
test_kernel,548,3,qksvc,5638,4,4,3,12,"{'ry': 8, 'measure': 4, 'barrier': 1}"
test_kernel,548,4,qksvc,5639,4,4,3,12,"{'ry': 8, 'measure': 4, 'barrier': 1}"
test_kernel,548,5,qksvc,5640,4,4,3,12,"{'ry': 8, 'measure': 4, 'barrier': 1}"
test_kernel,548,6,qksvc,5641,4,4,3,12,"{'ry': 8, 'measure': 4, 'barrier': 1}"
test_kernel,548,7,qksvc,5642,4,4,3,12,"{'ry': 8, 'measure': 4, 'barrier': 1}"
test_kernel,548,8,qksvc,5643,4,4,3,12,"{'ry': 8, 'measure': 4, 'barrier': 1}"
test_kernel,548,9,qksvc,5644,4,4,3,12,"{'ry': 8, 'measure': 4, 'barrier': 1}"
test_kernel,549,0,qksvc,5645,4,4,3,12,"{'ry': 8, 'measure': 4, 'barrier': 1}"
test_kernel,549,1,qksvc,5646,4,4,3,12,"{'ry': 8, 'measure': 4, 'barrier': 1}"
test_kernel,549,2,qksvc,5647,4,4,3,12,"{'ry': 8, 'measure': 4, 'barrier': 1}"
test_kernel,549,3,qksvc,5648,4,4,3,12,"{'ry': 8, 'measure': 4, 'barrier': 1}"
test_kernel,549,4,qksvc,5649,4,4,3,12,"{'ry': 8, 'measure': 4, 'barrier': 1}"
test_kernel,549,5,qksvc,5650,4,4,3,12,"{'ry': 8, 'measure': 4, 'barrier': 1}"
test_kernel,549,6,qksvc,5651,4,4,3,12,"{'ry': 8, 'measure': 4, 'barrier': 1}"
test_kernel,549,7,qksvc,5652,4,4,3,12,"{'ry': 8, 'measure': 4, 'barrier': 1}"
test_kernel,549,8,qksvc,5653,4,4,3,12,"{'ry': 8, 'measure': 4, 'barrier': 1}"
test_kernel,549,9,qksvc,5654,4,4,3,12,"{'ry': 8, 'measure': 4, 'barrier': 1}"
test_kernel,550,0,qksvc,5655,4,4,3,12,"{'ry': 8, 'measure': 4, 'barrier': 1}"
test_kernel,550,1,qksvc,5656,4,4,3,12,"{'ry': 8, 'measure': 4, 'barrier': 1}"
test_kernel,550,2,qksvc,5657,4,4,3,12,"{'ry': 8, 'measure': 4, 'barrier': 1}"
test_kernel,550,3,qksvc,5658,4,4,3,12,"{'ry': 8, 'measure': 4, 'barrier': 1}"
test_kernel,550,4,qksvc,5659,4,4,3,12,"{'ry': 8, 'measure': 4, 'barrier': 1}"
test_kernel,550,5,qksvc,5660,4,4,3,12,"{'ry': 8, 'measure': 4, 'barrier': 1}"
test_kernel,550,6,qksvc,5661,4,4,3,12,"{'ry': 8, 'measure': 4, 'barrier': 1}"
test_kernel,550,7,qksvc,5662,4,4,3,12,"{'ry': 8, 'measure': 4, 'barrier': 1}"
test_kernel,550,8,qksvc,5663,4,4,3,12,"{'ry': 8, 'measure': 4, 'barrier': 1}"
test_kernel,550,9,qksvc,5664,4,4,3,12,"{'ry': 8, 'measure': 4, 'barrier': 1}"
test_kernel,551,0,qksvc,5665,4,4,3,12,"{'ry': 8, 'measure': 4, 'barrier': 1}"
test_kernel,551,1,qksvc,5666,4,4,3,12,"{'ry': 8, 'measure': 4, 'barrier': 1}"
test_kernel,551,2,qksvc,5667,4,4,3,12,"{'ry': 8, 'measure': 4, 'barrier': 1}"
test_kernel,551,3,qksvc,5668,4,4,3,12,"{'ry': 8, 'measure': 4, 'barrier': 1}"
test_kernel,551,4,qksvc,5669,4,4,3,12,"{'ry': 8, 'measure': 4, 'barrier': 1}"
test_kernel,551,5,qksvc,5670,4,4,3,12,"{'ry': 8, 'measure': 4, 'barrier': 1}"
test_kernel,551,6,qksvc,5671,4,4,3,12,"{'ry': 8, 'measure': 4, 'barrier': 1}"
test_kernel,551,7,qksvc,5672,4,4,3,12,"{'ry': 8, 'measure': 4, 'barrier': 1}"
test_kernel,551,8,qksvc,5673,4,4,3,12,"{'ry': 8, 'measure': 4, 'barrier': 1}"
test_kernel,551,9,qksvc,5674,4,4,3,12,"{'ry': 8, 'measure': 4, 'barrier': 1}"
test_kernel,552,0,qksvc,5675,4,4,3,12,"{'ry': 8, 'measure': 4, 'barrier': 1}"
test_kernel,552,1,qksvc,5676,4,4,3,12,"{'ry': 8, 'measure': 4, 'barrier': 1}"
test_kernel,552,2,qksvc,5677,4,4,3,12,"{'ry': 8, 'measure': 4, 'barrier': 1}"
test_kernel,552,3,qksvc,5678,4,4,3,12,"{'ry': 8, 'measure': 4, 'barrier': 1}"
test_kernel,552,4,qksvc,5679,4,4,3,12,"{'ry': 8, 'measure': 4, 'barrier': 1}"
test_kernel,552,5,qksvc,5680,4,4,3,12,"{'ry': 8, 'measure': 4, 'barrier': 1}"
test_kernel,552,6,qksvc,5681,4,4,3,12,"{'ry': 8, 'measure': 4, 'barrier': 1}"
test_kernel,552,7,qksvc,5682,4,4,3,12,"{'ry': 8, 'measure': 4, 'barrier': 1}"
test_kernel,552,8,qksvc,5683,4,4,3,12,"{'ry': 8, 'measure': 4, 'barrier': 1}"
test_kernel,552,9,qksvc,5684,4,4,3,12,"{'ry': 8, 'measure': 4, 'barrier': 1}"
test_kernel,553,0,qksvc,5685,4,4,3,12,"{'ry': 8, 'measure': 4, 'barrier': 1}"
test_kernel,553,1,qksvc,5686,4,4,3,12,"{'ry': 8, 'measure': 4, 'barrier': 1}"
test_kernel,553,2,qksvc,5687,4,4,3,12,"{'ry': 8, 'measure': 4, 'barrier': 1}"
test_kernel,553,3,qksvc,5688,4,4,3,12,"{'ry': 8, 'measure': 4, 'barrier': 1}"
test_kernel,553,4,qksvc,5689,4,4,3,12,"{'ry': 8, 'measure': 4, 'barrier': 1}"
test_kernel,553,5,qksvc,5690,4,4,3,12,"{'ry': 8, 'measure': 4, 'barrier': 1}"
test_kernel,553,6,qksvc,5691,4,4,3,12,"{'ry': 8, 'measure': 4, 'barrier': 1}"
test_kernel,553,7,qksvc,5692,4,4,3,12,"{'ry': 8, 'measure': 4, 'barrier': 1}"
test_kernel,553,8,qksvc,5693,4,4,3,12,"{'ry': 8, 'measure': 4, 'barrier': 1}"
test_kernel,553,9,qksvc,5694,4,4,3,12,"{'ry': 8, 'measure': 4, 'barrier': 1}"
test_kernel,554,0,qksvc,5695,4,4,3,12,"{'ry': 8, 'measure': 4, 'barrier': 1}"
test_kernel,554,1,qksvc,5696,4,4,3,12,"{'ry': 8, 'measure': 4, 'barrier': 1}"
test_kernel,554,2,qksvc,5697,4,4,3,12,"{'ry': 8, 'measure': 4, 'barrier': 1}"
test_kernel,554,3,qksvc,5698,4,4,3,12,"{'ry': 8, 'measure': 4, 'barrier': 1}"
test_kernel,554,4,qksvc,5699,4,4,3,12,"{'ry': 8, 'measure': 4, 'barrier': 1}"
test_kernel,554,5,qksvc,5700,4,4,3,12,"{'ry': 8, 'measure': 4, 'barrier': 1}"
test_kernel,554,6,qksvc,5701,4,4,3,12,"{'ry': 8, 'measure': 4, 'barrier': 1}"
test_kernel,554,7,qksvc,5702,4,4,3,12,"{'ry': 8, 'measure': 4, 'barrier': 1}"
test_kernel,554,8,qksvc,5703,4,4,3,12,"{'ry': 8, 'measure': 4, 'barrier': 1}"
test_kernel,554,9,qksvc,5704,4,4,3,12,"{'ry': 8, 'measure': 4, 'barrier': 1}"
test_kernel,555,0,qksvc,5705,4,4,3,12,"{'ry': 8, 'measure': 4, 'barrier': 1}"
test_kernel,555,1,qksvc,5706,4,4,3,12,"{'ry': 8, 'measure': 4, 'barrier': 1}"
test_kernel,555,2,qksvc,5707,4,4,3,12,"{'ry': 8, 'measure': 4, 'barrier': 1}"
test_kernel,555,3,qksvc,5708,4,4,3,12,"{'ry': 8, 'measure': 4, 'barrier': 1}"
test_kernel,555,4,qksvc,5709,4,4,3,12,"{'ry': 8, 'measure': 4, 'barrier': 1}"
test_kernel,555,5,qksvc,5710,4,4,3,12,"{'ry': 8, 'measure': 4, 'barrier': 1}"
test_kernel,555,6,qksvc,5711,4,4,3,12,"{'ry': 8, 'measure': 4, 'barrier': 1}"
test_kernel,555,7,qksvc,5712,4,4,3,12,"{'ry': 8, 'measure': 4, 'barrier': 1}"
test_kernel,555,8,qksvc,5713,4,4,3,12,"{'ry': 8, 'measure': 4, 'barrier': 1}"
test_kernel,555,9,qksvc,5714,4,4,3,12,"{'ry': 8, 'measure': 4, 'barrier': 1}"
test_kernel,556,0,qksvc,5715,4,4,3,12,"{'ry': 8, 'measure': 4, 'barrier': 1}"
test_kernel,556,1,qksvc,5716,4,4,3,12,"{'ry': 8, 'measure': 4, 'barrier': 1}"
test_kernel,556,2,qksvc,5717,4,4,3,12,"{'ry': 8, 'measure': 4, 'barrier': 1}"
test_kernel,556,3,qksvc,5718,4,4,3,12,"{'ry': 8, 'measure': 4, 'barrier': 1}"
test_kernel,556,4,qksvc,5719,4,4,3,12,"{'ry': 8, 'measure': 4, 'barrier': 1}"
test_kernel,556,5,qksvc,5720,4,4,3,12,"{'ry': 8, 'measure': 4, 'barrier': 1}"
test_kernel,556,6,qksvc,5721,4,4,3,12,"{'ry': 8, 'measure': 4, 'barrier': 1}"
test_kernel,556,7,qksvc,5722,4,4,3,12,"{'ry': 8, 'measure': 4, 'barrier': 1}"
test_kernel,556,8,qksvc,5723,4,4,3,12,"{'ry': 8, 'measure': 4, 'barrier': 1}"
test_kernel,556,9,qksvc,5724,4,4,3,12,"{'ry': 8, 'measure': 4, 'barrier': 1}"
test_kernel,557,0,qksvc,5725,4,4,3,12,"{'ry': 8, 'measure': 4, 'barrier': 1}"
test_kernel,557,1,qksvc,5726,4,4,3,12,"{'ry': 8, 'measure': 4, 'barrier': 1}"
test_kernel,557,2,qksvc,5727,4,4,3,12,"{'ry': 8, 'measure': 4, 'barrier': 1}"
test_kernel,557,3,qksvc,5728,4,4,3,12,"{'ry': 8, 'measure': 4, 'barrier': 1}"
test_kernel,557,4,qksvc,5729,4,4,3,12,"{'ry': 8, 'measure': 4, 'barrier': 1}"
test_kernel,557,5,qksvc,5730,4,4,3,12,"{'ry': 8, 'measure': 4, 'barrier': 1}"
test_kernel,557,6,qksvc,5731,4,4,3,12,"{'ry': 8, 'measure': 4, 'barrier': 1}"
test_kernel,557,7,qksvc,5732,4,4,3,12,"{'ry': 8, 'measure': 4, 'barrier': 1}"
test_kernel,557,8,qksvc,5733,4,4,3,12,"{'ry': 8, 'measure': 4, 'barrier': 1}"
test_kernel,557,9,qksvc,5734,4,4,3,12,"{'ry': 8, 'measure': 4, 'barrier': 1}"
test_kernel,558,0,qksvc,5735,4,4,3,12,"{'ry': 8, 'measure': 4, 'barrier': 1}"
test_kernel,558,1,qksvc,5736,4,4,3,12,"{'ry': 8, 'measure': 4, 'barrier': 1}"
test_kernel,558,2,qksvc,5737,4,4,3,12,"{'ry': 8, 'measure': 4, 'barrier': 1}"
test_kernel,558,3,qksvc,5738,4,4,3,12,"{'ry': 8, 'measure': 4, 'barrier': 1}"
test_kernel,558,4,qksvc,5739,4,4,3,12,"{'ry': 8, 'measure': 4, 'barrier': 1}"
test_kernel,558,5,qksvc,5740,4,4,3,12,"{'ry': 8, 'measure': 4, 'barrier': 1}"
test_kernel,558,6,qksvc,5741,4,4,3,12,"{'ry': 8, 'measure': 4, 'barrier': 1}"
test_kernel,558,7,qksvc,5742,4,4,3,12,"{'ry': 8, 'measure': 4, 'barrier': 1}"
test_kernel,558,8,qksvc,5743,4,4,3,12,"{'ry': 8, 'measure': 4, 'barrier': 1}"
test_kernel,558,9,qksvc,5744,4,4,3,12,"{'ry': 8, 'measure': 4, 'barrier': 1}"
test_kernel,559,0,qksvc,5745,4,4,3,12,"{'ry': 8, 'measure': 4, 'barrier': 1}"
test_kernel,559,1,qksvc,5746,4,4,3,12,"{'ry': 8, 'measure': 4, 'barrier': 1}"
test_kernel,559,2,qksvc,5747,4,4,3,12,"{'ry': 8, 'measure': 4, 'barrier': 1}"
test_kernel,559,3,qksvc,5748,4,4,3,12,"{'ry': 8, 'measure': 4, 'barrier': 1}"
test_kernel,559,4,qksvc,5749,4,4,3,12,"{'ry': 8, 'measure': 4, 'barrier': 1}"
test_kernel,559,5,qksvc,5750,4,4,3,12,"{'ry': 8, 'measure': 4, 'barrier': 1}"
test_kernel,559,6,qksvc,5751,4,4,3,12,"{'ry': 8, 'measure': 4, 'barrier': 1}"
test_kernel,559,7,qksvc,5752,4,4,3,12,"{'ry': 8, 'measure': 4, 'barrier': 1}"
test_kernel,559,8,qksvc,5753,4,4,3,12,"{'ry': 8, 'measure': 4, 'barrier': 1}"
test_kernel,559,9,qksvc,5754,4,4,3,12,"{'ry': 8, 'measure': 4, 'barrier': 1}"
test_kernel,560,0,qksvc,5755,4,4,3,12,"{'ry': 8, 'measure': 4, 'barrier': 1}"
test_kernel,560,1,qksvc,5756,4,4,3,12,"{'ry': 8, 'measure': 4, 'barrier': 1}"
test_kernel,560,2,qksvc,5757,4,4,3,12,"{'ry': 8, 'measure': 4, 'barrier': 1}"
test_kernel,560,3,qksvc,5758,4,4,3,12,"{'ry': 8, 'measure': 4, 'barrier': 1}"
test_kernel,560,4,qksvc,5759,4,4,3,12,"{'ry': 8, 'measure': 4, 'barrier': 1}"
test_kernel,560,5,qksvc,5760,4,4,3,12,"{'ry': 8, 'measure': 4, 'barrier': 1}"
test_kernel,560,6,qksvc,5761,4,4,3,12,"{'ry': 8, 'measure': 4, 'barrier': 1}"
test_kernel,560,7,qksvc,5762,4,4,3,12,"{'ry': 8, 'measure': 4, 'barrier': 1}"
test_kernel,560,8,qksvc,5763,4,4,3,12,"{'ry': 8, 'measure': 4, 'barrier': 1}"
test_kernel,560,9,qksvc,5764,4,4,3,12,"{'ry': 8, 'measure': 4, 'barrier': 1}"
test_kernel,561,0,qksvc,5765,4,4,3,12,"{'ry': 8, 'measure': 4, 'barrier': 1}"
test_kernel,561,1,qksvc,5766,4,4,3,12,"{'ry': 8, 'measure': 4, 'barrier': 1}"
test_kernel,561,2,qksvc,5767,4,4,3,12,"{'ry': 8, 'measure': 4, 'barrier': 1}"
test_kernel,561,3,qksvc,5768,4,4,3,12,"{'ry': 8, 'measure': 4, 'barrier': 1}"
test_kernel,561,4,qksvc,5769,4,4,3,12,"{'ry': 8, 'measure': 4, 'barrier': 1}"
test_kernel,561,5,qksvc,5770,4,4,3,12,"{'ry': 8, 'measure': 4, 'barrier': 1}"
test_kernel,561,6,qksvc,5771,4,4,3,12,"{'ry': 8, 'measure': 4, 'barrier': 1}"
test_kernel,561,7,qksvc,5772,4,4,3,12,"{'ry': 8, 'measure': 4, 'barrier': 1}"
test_kernel,561,8,qksvc,5773,4,4,3,12,"{'ry': 8, 'measure': 4, 'barrier': 1}"
test_kernel,561,9,qksvc,5774,4,4,3,12,"{'ry': 8, 'measure': 4, 'barrier': 1}"
test_kernel,562,0,qksvc,5775,4,4,3,12,"{'ry': 8, 'measure': 4, 'barrier': 1}"
test_kernel,562,1,qksvc,5776,4,4,3,12,"{'ry': 8, 'measure': 4, 'barrier': 1}"
test_kernel,562,2,qksvc,5777,4,4,3,12,"{'ry': 8, 'measure': 4, 'barrier': 1}"
test_kernel,562,3,qksvc,5778,4,4,3,12,"{'ry': 8, 'measure': 4, 'barrier': 1}"
test_kernel,562,4,qksvc,5779,4,4,3,12,"{'ry': 8, 'measure': 4, 'barrier': 1}"
test_kernel,562,5,qksvc,5780,4,4,3,12,"{'ry': 8, 'measure': 4, 'barrier': 1}"
test_kernel,562,6,qksvc,5781,4,4,3,12,"{'ry': 8, 'measure': 4, 'barrier': 1}"
test_kernel,562,7,qksvc,5782,4,4,3,12,"{'ry': 8, 'measure': 4, 'barrier': 1}"
test_kernel,562,8,qksvc,5783,4,4,3,12,"{'ry': 8, 'measure': 4, 'barrier': 1}"
test_kernel,562,9,qksvc,5784,4,4,3,12,"{'ry': 8, 'measure': 4, 'barrier': 1}"
test_kernel,563,0,qksvc,5785,4,4,3,12,"{'ry': 8, 'measure': 4, 'barrier': 1}"
test_kernel,563,1,qksvc,5786,4,4,3,12,"{'ry': 8, 'measure': 4, 'barrier': 1}"
test_kernel,563,2,qksvc,5787,4,4,3,12,"{'ry': 8, 'measure': 4, 'barrier': 1}"
test_kernel,563,3,qksvc,5788,4,4,3,12,"{'ry': 8, 'measure': 4, 'barrier': 1}"
test_kernel,563,4,qksvc,5789,4,4,3,12,"{'ry': 8, 'measure': 4, 'barrier': 1}"
test_kernel,563,5,qksvc,5790,4,4,3,12,"{'ry': 8, 'measure': 4, 'barrier': 1}"
test_kernel,563,6,qksvc,5791,4,4,3,12,"{'ry': 8, 'measure': 4, 'barrier': 1}"
test_kernel,563,7,qksvc,5792,4,4,3,12,"{'ry': 8, 'measure': 4, 'barrier': 1}"
test_kernel,563,8,qksvc,5793,4,4,3,12,"{'ry': 8, 'measure': 4, 'barrier': 1}"
test_kernel,563,9,qksvc,5794,4,4,3,12,"{'ry': 8, 'measure': 4, 'barrier': 1}"
test_kernel,564,0,qksvc,5795,4,4,3,12,"{'ry': 8, 'measure': 4, 'barrier': 1}"
test_kernel,564,1,qksvc,5796,4,4,3,12,"{'ry': 8, 'measure': 4, 'barrier': 1}"
test_kernel,564,2,qksvc,5797,4,4,3,12,"{'ry': 8, 'measure': 4, 'barrier': 1}"
test_kernel,564,3,qksvc,5798,4,4,3,12,"{'ry': 8, 'measure': 4, 'barrier': 1}"
test_kernel,564,4,qksvc,5799,4,4,3,12,"{'ry': 8, 'measure': 4, 'barrier': 1}"
test_kernel,564,5,qksvc,5800,4,4,3,12,"{'ry': 8, 'measure': 4, 'barrier': 1}"
test_kernel,564,6,qksvc,5801,4,4,3,12,"{'ry': 8, 'measure': 4, 'barrier': 1}"
test_kernel,564,7,qksvc,5802,4,4,3,12,"{'ry': 8, 'measure': 4, 'barrier': 1}"
test_kernel,564,8,qksvc,5803,4,4,3,12,"{'ry': 8, 'measure': 4, 'barrier': 1}"
test_kernel,564,9,qksvc,5804,4,4,3,12,"{'ry': 8, 'measure': 4, 'barrier': 1}"
test_kernel,565,0,qksvc,5805,4,4,3,12,"{'ry': 8, 'measure': 4, 'barrier': 1}"
test_kernel,565,1,qksvc,5806,4,4,3,12,"{'ry': 8, 'measure': 4, 'barrier': 1}"
test_kernel,565,2,qksvc,5807,4,4,3,12,"{'ry': 8, 'measure': 4, 'barrier': 1}"
test_kernel,565,3,qksvc,5808,4,4,3,12,"{'ry': 8, 'measure': 4, 'barrier': 1}"
test_kernel,565,4,qksvc,5809,4,4,3,12,"{'ry': 8, 'measure': 4, 'barrier': 1}"
test_kernel,565,5,qksvc,5810,4,4,3,12,"{'ry': 8, 'measure': 4, 'barrier': 1}"
test_kernel,565,6,qksvc,5811,4,4,3,12,"{'ry': 8, 'measure': 4, 'barrier': 1}"
test_kernel,565,7,qksvc,5812,4,4,3,12,"{'ry': 8, 'measure': 4, 'barrier': 1}"
test_kernel,565,8,qksvc,5813,4,4,3,12,"{'ry': 8, 'measure': 4, 'barrier': 1}"
test_kernel,565,9,qksvc,5814,4,4,3,12,"{'ry': 8, 'measure': 4, 'barrier': 1}"
test_kernel,566,0,qksvc,5815,4,4,3,12,"{'ry': 8, 'measure': 4, 'barrier': 1}"
test_kernel,566,1,qksvc,5816,4,4,3,12,"{'ry': 8, 'measure': 4, 'barrier': 1}"
test_kernel,566,2,qksvc,5817,4,4,3,12,"{'ry': 8, 'measure': 4, 'barrier': 1}"
test_kernel,566,3,qksvc,5818,4,4,3,12,"{'ry': 8, 'measure': 4, 'barrier': 1}"
test_kernel,566,4,qksvc,5819,4,4,3,12,"{'ry': 8, 'measure': 4, 'barrier': 1}"
test_kernel,566,5,qksvc,5820,4,4,3,12,"{'ry': 8, 'measure': 4, 'barrier': 1}"
test_kernel,566,6,qksvc,5821,4,4,3,12,"{'ry': 8, 'measure': 4, 'barrier': 1}"
test_kernel,566,7,qksvc,5822,4,4,3,12,"{'ry': 8, 'measure': 4, 'barrier': 1}"
test_kernel,566,8,qksvc,5823,4,4,3,12,"{'ry': 8, 'measure': 4, 'barrier': 1}"
test_kernel,566,9,qksvc,5824,4,4,3,12,"{'ry': 8, 'measure': 4, 'barrier': 1}"
test_kernel,567,0,qksvc,5825,4,4,3,12,"{'ry': 8, 'measure': 4, 'barrier': 1}"
test_kernel,567,1,qksvc,5826,4,4,3,12,"{'ry': 8, 'measure': 4, 'barrier': 1}"
test_kernel,567,2,qksvc,5827,4,4,3,12,"{'ry': 8, 'measure': 4, 'barrier': 1}"
test_kernel,567,3,qksvc,5828,4,4,3,12,"{'ry': 8, 'measure': 4, 'barrier': 1}"
test_kernel,567,4,qksvc,5829,4,4,3,12,"{'ry': 8, 'measure': 4, 'barrier': 1}"
test_kernel,567,5,qksvc,5830,4,4,3,12,"{'ry': 8, 'measure': 4, 'barrier': 1}"
test_kernel,567,6,qksvc,5831,4,4,3,12,"{'ry': 8, 'measure': 4, 'barrier': 1}"
test_kernel,567,7,qksvc,5832,4,4,3,12,"{'ry': 8, 'measure': 4, 'barrier': 1}"
test_kernel,567,8,qksvc,5833,4,4,3,12,"{'ry': 8, 'measure': 4, 'barrier': 1}"
test_kernel,567,9,qksvc,5834,4,4,3,12,"{'ry': 8, 'measure': 4, 'barrier': 1}"
test_kernel,568,0,qksvc,5835,4,4,3,12,"{'ry': 8, 'measure': 4, 'barrier': 1}"
test_kernel,568,1,qksvc,5836,4,4,3,12,"{'ry': 8, 'measure': 4, 'barrier': 1}"
test_kernel,568,2,qksvc,5837,4,4,3,12,"{'ry': 8, 'measure': 4, 'barrier': 1}"
test_kernel,568,3,qksvc,5838,4,4,3,12,"{'ry': 8, 'measure': 4, 'barrier': 1}"
test_kernel,568,4,qksvc,5839,4,4,3,12,"{'ry': 8, 'measure': 4, 'barrier': 1}"
test_kernel,568,5,qksvc,5840,4,4,3,12,"{'ry': 8, 'measure': 4, 'barrier': 1}"
test_kernel,568,6,qksvc,5841,4,4,3,12,"{'ry': 8, 'measure': 4, 'barrier': 1}"
test_kernel,568,7,qksvc,5842,4,4,3,12,"{'ry': 8, 'measure': 4, 'barrier': 1}"
test_kernel,568,8,qksvc,5843,4,4,3,12,"{'ry': 8, 'measure': 4, 'barrier': 1}"
test_kernel,568,9,qksvc,5844,4,4,3,12,"{'ry': 8, 'measure': 4, 'barrier': 1}"
test_kernel,569,0,qksvc,5845,4,4,3,12,"{'ry': 8, 'measure': 4, 'barrier': 1}"
test_kernel,569,1,qksvc,5846,4,4,3,12,"{'ry': 8, 'measure': 4, 'barrier': 1}"
test_kernel,569,2,qksvc,5847,4,4,3,12,"{'ry': 8, 'measure': 4, 'barrier': 1}"
test_kernel,569,3,qksvc,5848,4,4,3,12,"{'ry': 8, 'measure': 4, 'barrier': 1}"
test_kernel,569,4,qksvc,5849,4,4,3,12,"{'ry': 8, 'measure': 4, 'barrier': 1}"
test_kernel,569,5,qksvc,5850,4,4,3,12,"{'ry': 8, 'measure': 4, 'barrier': 1}"
test_kernel,569,6,qksvc,5851,4,4,3,12,"{'ry': 8, 'measure': 4, 'barrier': 1}"
test_kernel,569,7,qksvc,5852,4,4,3,12,"{'ry': 8, 'measure': 4, 'barrier': 1}"
test_kernel,569,8,qksvc,5853,4,4,3,12,"{'ry': 8, 'measure': 4, 'barrier': 1}"
test_kernel,569,9,qksvc,5854,4,4,3,12,"{'ry': 8, 'measure': 4, 'barrier': 1}"
test_kernel,570,0,qksvc,5855,4,4,3,12,"{'ry': 8, 'measure': 4, 'barrier': 1}"
test_kernel,570,1,qksvc,5856,4,4,3,12,"{'ry': 8, 'measure': 4, 'barrier': 1}"
test_kernel,570,2,qksvc,5857,4,4,3,12,"{'ry': 8, 'measure': 4, 'barrier': 1}"
test_kernel,570,3,qksvc,5858,4,4,3,12,"{'ry': 8, 'measure': 4, 'barrier': 1}"
test_kernel,570,4,qksvc,5859,4,4,3,12,"{'ry': 8, 'measure': 4, 'barrier': 1}"
test_kernel,570,5,qksvc,5860,4,4,3,12,"{'ry': 8, 'measure': 4, 'barrier': 1}"
test_kernel,570,6,qksvc,5861,4,4,3,12,"{'ry': 8, 'measure': 4, 'barrier': 1}"
test_kernel,570,7,qksvc,5862,4,4,3,12,"{'ry': 8, 'measure': 4, 'barrier': 1}"
test_kernel,570,8,qksvc,5863,4,4,3,12,"{'ry': 8, 'measure': 4, 'barrier': 1}"
test_kernel,570,9,qksvc,5864,4,4,3,12,"{'ry': 8, 'measure': 4, 'barrier': 1}"
test_kernel,571,0,qksvc,5865,4,4,3,12,"{'ry': 8, 'measure': 4, 'barrier': 1}"
test_kernel,571,1,qksvc,5866,4,4,3,12,"{'ry': 8, 'measure': 4, 'barrier': 1}"
test_kernel,571,2,qksvc,5867,4,4,3,12,"{'ry': 8, 'measure': 4, 'barrier': 1}"
test_kernel,571,3,qksvc,5868,4,4,3,12,"{'ry': 8, 'measure': 4, 'barrier': 1}"
test_kernel,571,4,qksvc,5869,4,4,3,12,"{'ry': 8, 'measure': 4, 'barrier': 1}"
test_kernel,571,5,qksvc,5870,4,4,3,12,"{'ry': 8, 'measure': 4, 'barrier': 1}"
test_kernel,571,6,qksvc,5871,4,4,3,12,"{'ry': 8, 'measure': 4, 'barrier': 1}"
test_kernel,571,7,qksvc,5872,4,4,3,12,"{'ry': 8, 'measure': 4, 'barrier': 1}"
test_kernel,571,8,qksvc,5873,4,4,3,12,"{'ry': 8, 'measure': 4, 'barrier': 1}"
test_kernel,571,9,qksvc,5874,4,4,3,12,"{'ry': 8, 'measure': 4, 'barrier': 1}"
test_kernel,572,0,qksvc,5875,4,4,3,12,"{'ry': 8, 'measure': 4, 'barrier': 1}"
test_kernel,572,1,qksvc,5876,4,4,3,12,"{'ry': 8, 'measure': 4, 'barrier': 1}"
test_kernel,572,2,qksvc,5877,4,4,3,12,"{'ry': 8, 'measure': 4, 'barrier': 1}"
test_kernel,572,3,qksvc,5878,4,4,3,12,"{'ry': 8, 'measure': 4, 'barrier': 1}"
test_kernel,572,4,qksvc,5879,4,4,3,12,"{'ry': 8, 'measure': 4, 'barrier': 1}"
test_kernel,572,5,qksvc,5880,4,4,3,12,"{'ry': 8, 'measure': 4, 'barrier': 1}"
test_kernel,572,6,qksvc,5881,4,4,3,12,"{'ry': 8, 'measure': 4, 'barrier': 1}"
test_kernel,572,7,qksvc,5882,4,4,3,12,"{'ry': 8, 'measure': 4, 'barrier': 1}"
test_kernel,572,8,qksvc,5883,4,4,3,12,"{'ry': 8, 'measure': 4, 'barrier': 1}"
test_kernel,572,9,qksvc,5884,4,4,3,12,"{'ry': 8, 'measure': 4, 'barrier': 1}"
test_kernel,573,0,qksvc,5885,4,4,3,12,"{'ry': 8, 'measure': 4, 'barrier': 1}"
test_kernel,573,1,qksvc,5886,4,4,3,12,"{'ry': 8, 'measure': 4, 'barrier': 1}"
test_kernel,573,2,qksvc,5887,4,4,3,12,"{'ry': 8, 'measure': 4, 'barrier': 1}"
test_kernel,573,3,qksvc,5888,4,4,3,12,"{'ry': 8, 'measure': 4, 'barrier': 1}"
test_kernel,573,4,qksvc,5889,4,4,3,12,"{'ry': 8, 'measure': 4, 'barrier': 1}"
test_kernel,573,5,qksvc,5890,4,4,3,12,"{'ry': 8, 'measure': 4, 'barrier': 1}"
test_kernel,573,6,qksvc,5891,4,4,3,12,"{'ry': 8, 'measure': 4, 'barrier': 1}"
test_kernel,573,7,qksvc,5892,4,4,3,12,"{'ry': 8, 'measure': 4, 'barrier': 1}"
test_kernel,573,8,qksvc,5893,4,4,3,12,"{'ry': 8, 'measure': 4, 'barrier': 1}"
test_kernel,573,9,qksvc,5894,4,4,3,12,"{'ry': 8, 'measure': 4, 'barrier': 1}"
test_kernel,574,0,qksvc,5895,4,4,3,12,"{'ry': 8, 'measure': 4, 'barrier': 1}"
test_kernel,574,1,qksvc,5896,4,4,3,12,"{'ry': 8, 'measure': 4, 'barrier': 1}"
test_kernel,574,2,qksvc,5897,4,4,3,12,"{'ry': 8, 'measure': 4, 'barrier': 1}"
test_kernel,574,3,qksvc,5898,4,4,3,12,"{'ry': 8, 'measure': 4, 'barrier': 1}"
test_kernel,574,4,qksvc,5899,4,4,3,12,"{'ry': 8, 'measure': 4, 'barrier': 1}"
test_kernel,574,5,qksvc,5900,4,4,3,12,"{'ry': 8, 'measure': 4, 'barrier': 1}"
test_kernel,574,6,qksvc,5901,4,4,3,12,"{'ry': 8, 'measure': 4, 'barrier': 1}"
test_kernel,574,7,qksvc,5902,4,4,3,12,"{'ry': 8, 'measure': 4, 'barrier': 1}"
test_kernel,574,8,qksvc,5903,4,4,3,12,"{'ry': 8, 'measure': 4, 'barrier': 1}"
test_kernel,574,9,qksvc,5904,4,4,3,12,"{'ry': 8, 'measure': 4, 'barrier': 1}"
test_kernel,575,0,qksvc,5905,4,4,3,12,"{'ry': 8, 'measure': 4, 'barrier': 1}"
test_kernel,575,1,qksvc,5906,4,4,3,12,"{'ry': 8, 'measure': 4, 'barrier': 1}"
test_kernel,575,2,qksvc,5907,4,4,3,12,"{'ry': 8, 'measure': 4, 'barrier': 1}"
test_kernel,575,3,qksvc,5908,4,4,3,12,"{'ry': 8, 'measure': 4, 'barrier': 1}"
test_kernel,575,4,qksvc,5909,4,4,3,12,"{'ry': 8, 'measure': 4, 'barrier': 1}"
test_kernel,575,5,qksvc,5910,4,4,3,12,"{'ry': 8, 'measure': 4, 'barrier': 1}"
test_kernel,575,6,qksvc,5911,4,4,3,12,"{'ry': 8, 'measure': 4, 'barrier': 1}"
test_kernel,575,7,qksvc,5912,4,4,3,12,"{'ry': 8, 'measure': 4, 'barrier': 1}"
test_kernel,575,8,qksvc,5913,4,4,3,12,"{'ry': 8, 'measure': 4, 'barrier': 1}"
test_kernel,575,9,qksvc,5914,4,4,3,12,"{'ry': 8, 'measure': 4, 'barrier': 1}"
test_kernel,576,0,qksvc,5915,4,4,3,12,"{'ry': 8, 'measure': 4, 'barrier': 1}"
test_kernel,576,1,qksvc,5916,4,4,3,12,"{'ry': 8, 'measure': 4, 'barrier': 1}"
test_kernel,576,2,qksvc,5917,4,4,3,12,"{'ry': 8, 'measure': 4, 'barrier': 1}"
test_kernel,576,3,qksvc,5918,4,4,3,12,"{'ry': 8, 'measure': 4, 'barrier': 1}"
test_kernel,576,4,qksvc,5919,4,4,3,12,"{'ry': 8, 'measure': 4, 'barrier': 1}"
test_kernel,576,5,qksvc,5920,4,4,3,12,"{'ry': 8, 'measure': 4, 'barrier': 1}"
test_kernel,576,6,qksvc,5921,4,4,3,12,"{'ry': 8, 'measure': 4, 'barrier': 1}"
test_kernel,576,7,qksvc,5922,4,4,3,12,"{'ry': 8, 'measure': 4, 'barrier': 1}"
test_kernel,576,8,qksvc,5923,4,4,3,12,"{'ry': 8, 'measure': 4, 'barrier': 1}"
test_kernel,576,9,qksvc,5924,4,4,3,12,"{'ry': 8, 'measure': 4, 'barrier': 1}"
test_kernel,577,0,qksvc,5925,4,4,3,12,"{'ry': 8, 'measure': 4, 'barrier': 1}"
test_kernel,577,1,qksvc,5926,4,4,3,12,"{'ry': 8, 'measure': 4, 'barrier': 1}"
test_kernel,577,2,qksvc,5927,4,4,3,12,"{'ry': 8, 'measure': 4, 'barrier': 1}"
test_kernel,577,3,qksvc,5928,4,4,3,12,"{'ry': 8, 'measure': 4, 'barrier': 1}"
test_kernel,577,4,qksvc,5929,4,4,3,12,"{'ry': 8, 'measure': 4, 'barrier': 1}"
test_kernel,577,5,qksvc,5930,4,4,3,12,"{'ry': 8, 'measure': 4, 'barrier': 1}"
test_kernel,577,6,qksvc,5931,4,4,3,12,"{'ry': 8, 'measure': 4, 'barrier': 1}"
test_kernel,577,7,qksvc,5932,4,4,3,12,"{'ry': 8, 'measure': 4, 'barrier': 1}"
test_kernel,577,8,qksvc,5933,4,4,3,12,"{'ry': 8, 'measure': 4, 'barrier': 1}"
test_kernel,577,9,qksvc,5934,4,4,3,12,"{'ry': 8, 'measure': 4, 'barrier': 1}"
test_kernel,578,0,qksvc,5935,4,4,3,12,"{'ry': 8, 'measure': 4, 'barrier': 1}"
test_kernel,578,1,qksvc,5936,4,4,3,12,"{'ry': 8, 'measure': 4, 'barrier': 1}"
test_kernel,578,2,qksvc,5937,4,4,3,12,"{'ry': 8, 'measure': 4, 'barrier': 1}"
test_kernel,578,3,qksvc,5938,4,4,3,12,"{'ry': 8, 'measure': 4, 'barrier': 1}"
test_kernel,578,4,qksvc,5939,4,4,3,12,"{'ry': 8, 'measure': 4, 'barrier': 1}"
test_kernel,578,5,qksvc,5940,4,4,3,12,"{'ry': 8, 'measure': 4, 'barrier': 1}"
test_kernel,578,6,qksvc,5941,4,4,3,12,"{'ry': 8, 'measure': 4, 'barrier': 1}"
test_kernel,578,7,qksvc,5942,4,4,3,12,"{'ry': 8, 'measure': 4, 'barrier': 1}"
test_kernel,578,8,qksvc,5943,4,4,3,12,"{'ry': 8, 'measure': 4, 'barrier': 1}"
test_kernel,578,9,qksvc,5944,4,4,3,12,"{'ry': 8, 'measure': 4, 'barrier': 1}"
test_kernel,579,0,qksvc,5945,4,4,3,12,"{'ry': 8, 'measure': 4, 'barrier': 1}"
test_kernel,579,1,qksvc,5946,4,4,3,12,"{'ry': 8, 'measure': 4, 'barrier': 1}"
test_kernel,579,2,qksvc,5947,4,4,3,12,"{'ry': 8, 'measure': 4, 'barrier': 1}"
test_kernel,579,3,qksvc,5948,4,4,3,12,"{'ry': 8, 'measure': 4, 'barrier': 1}"
test_kernel,579,4,qksvc,5949,4,4,3,12,"{'ry': 8, 'measure': 4, 'barrier': 1}"
test_kernel,579,5,qksvc,5950,4,4,3,12,"{'ry': 8, 'measure': 4, 'barrier': 1}"
test_kernel,579,6,qksvc,5951,4,4,3,12,"{'ry': 8, 'measure': 4, 'barrier': 1}"
test_kernel,579,7,qksvc,5952,4,4,3,12,"{'ry': 8, 'measure': 4, 'barrier': 1}"
test_kernel,579,8,qksvc,5953,4,4,3,12,"{'ry': 8, 'measure': 4, 'barrier': 1}"
test_kernel,579,9,qksvc,5954,4,4,3,12,"{'ry': 8, 'measure': 4, 'barrier': 1}"
test_kernel,580,0,qksvc,5955,4,4,3,12,"{'ry': 8, 'measure': 4, 'barrier': 1}"
test_kernel,580,1,qksvc,5956,4,4,3,12,"{'ry': 8, 'measure': 4, 'barrier': 1}"
test_kernel,580,2,qksvc,5957,4,4,3,12,"{'ry': 8, 'measure': 4, 'barrier': 1}"
test_kernel,580,3,qksvc,5958,4,4,3,12,"{'ry': 8, 'measure': 4, 'barrier': 1}"
test_kernel,580,4,qksvc,5959,4,4,3,12,"{'ry': 8, 'measure': 4, 'barrier': 1}"
test_kernel,580,5,qksvc,5960,4,4,3,12,"{'ry': 8, 'measure': 4, 'barrier': 1}"
test_kernel,580,6,qksvc,5961,4,4,3,12,"{'ry': 8, 'measure': 4, 'barrier': 1}"
test_kernel,580,7,qksvc,5962,4,4,3,12,"{'ry': 8, 'measure': 4, 'barrier': 1}"
test_kernel,580,8,qksvc,5963,4,4,3,12,"{'ry': 8, 'measure': 4, 'barrier': 1}"
test_kernel,580,9,qksvc,5964,4,4,3,12,"{'ry': 8, 'measure': 4, 'barrier': 1}"
test_kernel,581,0,qksvc,5965,4,4,3,12,"{'ry': 8, 'measure': 4, 'barrier': 1}"
test_kernel,581,1,qksvc,5966,4,4,3,12,"{'ry': 8, 'measure': 4, 'barrier': 1}"
test_kernel,581,2,qksvc,5967,4,4,3,12,"{'ry': 8, 'measure': 4, 'barrier': 1}"
test_kernel,581,3,qksvc,5968,4,4,3,12,"{'ry': 8, 'measure': 4, 'barrier': 1}"
test_kernel,581,4,qksvc,5969,4,4,3,12,"{'ry': 8, 'measure': 4, 'barrier': 1}"
test_kernel,581,5,qksvc,5970,4,4,3,12,"{'ry': 8, 'measure': 4, 'barrier': 1}"
test_kernel,581,6,qksvc,5971,4,4,3,12,"{'ry': 8, 'measure': 4, 'barrier': 1}"
test_kernel,581,7,qksvc,5972,4,4,3,12,"{'ry': 8, 'measure': 4, 'barrier': 1}"
test_kernel,581,8,qksvc,5973,4,4,3,12,"{'ry': 8, 'measure': 4, 'barrier': 1}"
test_kernel,581,9,qksvc,5974,4,4,3,12,"{'ry': 8, 'measure': 4, 'barrier': 1}"
test_kernel,582,0,qksvc,5975,4,4,3,12,"{'ry': 8, 'measure': 4, 'barrier': 1}"
test_kernel,582,1,qksvc,5976,4,4,3,12,"{'ry': 8, 'measure': 4, 'barrier': 1}"
test_kernel,582,2,qksvc,5977,4,4,3,12,"{'ry': 8, 'measure': 4, 'barrier': 1}"
test_kernel,582,3,qksvc,5978,4,4,3,12,"{'ry': 8, 'measure': 4, 'barrier': 1}"
test_kernel,582,4,qksvc,5979,4,4,3,12,"{'ry': 8, 'measure': 4, 'barrier': 1}"
test_kernel,582,5,qksvc,5980,4,4,3,12,"{'ry': 8, 'measure': 4, 'barrier': 1}"
test_kernel,582,6,qksvc,5981,4,4,3,12,"{'ry': 8, 'measure': 4, 'barrier': 1}"
test_kernel,582,7,qksvc,5982,4,4,3,12,"{'ry': 8, 'measure': 4, 'barrier': 1}"
test_kernel,582,8,qksvc,5983,4,4,3,12,"{'ry': 8, 'measure': 4, 'barrier': 1}"
test_kernel,582,9,qksvc,5984,4,4,3,12,"{'ry': 8, 'measure': 4, 'barrier': 1}"
test_kernel,583,0,qksvc,5985,4,4,3,12,"{'ry': 8, 'measure': 4, 'barrier': 1}"
test_kernel,583,1,qksvc,5986,4,4,3,12,"{'ry': 8, 'measure': 4, 'barrier': 1}"
test_kernel,583,2,qksvc,5987,4,4,3,12,"{'ry': 8, 'measure': 4, 'barrier': 1}"
test_kernel,583,3,qksvc,5988,4,4,3,12,"{'ry': 8, 'measure': 4, 'barrier': 1}"
test_kernel,583,4,qksvc,5989,4,4,3,12,"{'ry': 8, 'measure': 4, 'barrier': 1}"
test_kernel,583,5,qksvc,5990,4,4,3,12,"{'ry': 8, 'measure': 4, 'barrier': 1}"
test_kernel,583,6,qksvc,5991,4,4,3,12,"{'ry': 8, 'measure': 4, 'barrier': 1}"
test_kernel,583,7,qksvc,5992,4,4,3,12,"{'ry': 8, 'measure': 4, 'barrier': 1}"
test_kernel,583,8,qksvc,5993,4,4,3,12,"{'ry': 8, 'measure': 4, 'barrier': 1}"
test_kernel,583,9,qksvc,5994,4,4,3,12,"{'ry': 8, 'measure': 4, 'barrier': 1}"
test_kernel,584,0,qksvc,5995,4,4,3,12,"{'ry': 8, 'measure': 4, 'barrier': 1}"
test_kernel,584,1,qksvc,5996,4,4,3,12,"{'ry': 8, 'measure': 4, 'barrier': 1}"
test_kernel,584,2,qksvc,5997,4,4,3,12,"{'ry': 8, 'measure': 4, 'barrier': 1}"
test_kernel,584,3,qksvc,5998,4,4,3,12,"{'ry': 8, 'measure': 4, 'barrier': 1}"
test_kernel,584,4,qksvc,5999,4,4,3,12,"{'ry': 8, 'measure': 4, 'barrier': 1}"
test_kernel,584,5,qksvc,6000,4,4,3,12,"{'ry': 8, 'measure': 4, 'barrier': 1}"
test_kernel,584,6,qksvc,6001,4,4,3,12,"{'ry': 8, 'measure': 4, 'barrier': 1}"
test_kernel,584,7,qksvc,6002,4,4,3,12,"{'ry': 8, 'measure': 4, 'barrier': 1}"
test_kernel,584,8,qksvc,6003,4,4,3,12,"{'ry': 8, 'measure': 4, 'barrier': 1}"
test_kernel,584,9,qksvc,6004,4,4,3,12,"{'ry': 8, 'measure': 4, 'barrier': 1}"
test_kernel,585,0,qksvc,6005,4,4,3,12,"{'ry': 8, 'measure': 4, 'barrier': 1}"
test_kernel,585,1,qksvc,6006,4,4,3,12,"{'ry': 8, 'measure': 4, 'barrier': 1}"
test_kernel,585,2,qksvc,6007,4,4,3,12,"{'ry': 8, 'measure': 4, 'barrier': 1}"
test_kernel,585,3,qksvc,6008,4,4,3,12,"{'ry': 8, 'measure': 4, 'barrier': 1}"
test_kernel,585,4,qksvc,6009,4,4,3,12,"{'ry': 8, 'measure': 4, 'barrier': 1}"
test_kernel,585,5,qksvc,6010,4,4,3,12,"{'ry': 8, 'measure': 4, 'barrier': 1}"
test_kernel,585,6,qksvc,6011,4,4,3,12,"{'ry': 8, 'measure': 4, 'barrier': 1}"
test_kernel,585,7,qksvc,6012,4,4,3,12,"{'ry': 8, 'measure': 4, 'barrier': 1}"
test_kernel,585,8,qksvc,6013,4,4,3,12,"{'ry': 8, 'measure': 4, 'barrier': 1}"
test_kernel,585,9,qksvc,6014,4,4,3,12,"{'ry': 8, 'measure': 4, 'barrier': 1}"
test_kernel,586,0,qksvc,6015,4,4,3,12,"{'ry': 8, 'measure': 4, 'barrier': 1}"
test_kernel,586,1,qksvc,6016,4,4,3,12,"{'ry': 8, 'measure': 4, 'barrier': 1}"
test_kernel,586,2,qksvc,6017,4,4,3,12,"{'ry': 8, 'measure': 4, 'barrier': 1}"
test_kernel,586,3,qksvc,6018,4,4,3,12,"{'ry': 8, 'measure': 4, 'barrier': 1}"
test_kernel,586,4,qksvc,6019,4,4,3,12,"{'ry': 8, 'measure': 4, 'barrier': 1}"
test_kernel,586,5,qksvc,6020,4,4,3,12,"{'ry': 8, 'measure': 4, 'barrier': 1}"
test_kernel,586,6,qksvc,6021,4,4,3,12,"{'ry': 8, 'measure': 4, 'barrier': 1}"
test_kernel,586,7,qksvc,6022,4,4,3,12,"{'ry': 8, 'measure': 4, 'barrier': 1}"
test_kernel,586,8,qksvc,6023,4,4,3,12,"{'ry': 8, 'measure': 4, 'barrier': 1}"
test_kernel,586,9,qksvc,6024,4,4,3,12,"{'ry': 8, 'measure': 4, 'barrier': 1}"
test_kernel,587,0,qksvc,6025,4,4,3,12,"{'ry': 8, 'measure': 4, 'barrier': 1}"
test_kernel,587,1,qksvc,6026,4,4,3,12,"{'ry': 8, 'measure': 4, 'barrier': 1}"
test_kernel,587,2,qksvc,6027,4,4,3,12,"{'ry': 8, 'measure': 4, 'barrier': 1}"
test_kernel,587,3,qksvc,6028,4,4,3,12,"{'ry': 8, 'measure': 4, 'barrier': 1}"
test_kernel,587,4,qksvc,6029,4,4,3,12,"{'ry': 8, 'measure': 4, 'barrier': 1}"
test_kernel,587,5,qksvc,6030,4,4,3,12,"{'ry': 8, 'measure': 4, 'barrier': 1}"
test_kernel,587,6,qksvc,6031,4,4,3,12,"{'ry': 8, 'measure': 4, 'barrier': 1}"
test_kernel,587,7,qksvc,6032,4,4,3,12,"{'ry': 8, 'measure': 4, 'barrier': 1}"
test_kernel,587,8,qksvc,6033,4,4,3,12,"{'ry': 8, 'measure': 4, 'barrier': 1}"
test_kernel,587,9,qksvc,6034,4,4,3,12,"{'ry': 8, 'measure': 4, 'barrier': 1}"
test_kernel,588,0,qksvc,6035,4,4,3,12,"{'ry': 8, 'measure': 4, 'barrier': 1}"
test_kernel,588,1,qksvc,6036,4,4,3,12,"{'ry': 8, 'measure': 4, 'barrier': 1}"
test_kernel,588,2,qksvc,6037,4,4,3,12,"{'ry': 8, 'measure': 4, 'barrier': 1}"
test_kernel,588,3,qksvc,6038,4,4,3,12,"{'ry': 8, 'measure': 4, 'barrier': 1}"
test_kernel,588,4,qksvc,6039,4,4,3,12,"{'ry': 8, 'measure': 4, 'barrier': 1}"
test_kernel,588,5,qksvc,6040,4,4,3,12,"{'ry': 8, 'measure': 4, 'barrier': 1}"
test_kernel,588,6,qksvc,6041,4,4,3,12,"{'ry': 8, 'measure': 4, 'barrier': 1}"
test_kernel,588,7,qksvc,6042,4,4,3,12,"{'ry': 8, 'measure': 4, 'barrier': 1}"
test_kernel,588,8,qksvc,6043,4,4,3,12,"{'ry': 8, 'measure': 4, 'barrier': 1}"
test_kernel,588,9,qksvc,6044,4,4,3,12,"{'ry': 8, 'measure': 4, 'barrier': 1}"
test_kernel,589,0,qksvc,6045,4,4,3,12,"{'ry': 8, 'measure': 4, 'barrier': 1}"
test_kernel,589,1,qksvc,6046,4,4,3,12,"{'ry': 8, 'measure': 4, 'barrier': 1}"
test_kernel,589,2,qksvc,6047,4,4,3,12,"{'ry': 8, 'measure': 4, 'barrier': 1}"
test_kernel,589,3,qksvc,6048,4,4,3,12,"{'ry': 8, 'measure': 4, 'barrier': 1}"
test_kernel,589,4,qksvc,6049,4,4,3,12,"{'ry': 8, 'measure': 4, 'barrier': 1}"
test_kernel,589,5,qksvc,6050,4,4,3,12,"{'ry': 8, 'measure': 4, 'barrier': 1}"
test_kernel,589,6,qksvc,6051,4,4,3,12,"{'ry': 8, 'measure': 4, 'barrier': 1}"
test_kernel,589,7,qksvc,6052,4,4,3,12,"{'ry': 8, 'measure': 4, 'barrier': 1}"
test_kernel,589,8,qksvc,6053,4,4,3,12,"{'ry': 8, 'measure': 4, 'barrier': 1}"
test_kernel,589,9,qksvc,6054,4,4,3,12,"{'ry': 8, 'measure': 4, 'barrier': 1}"
test_kernel,590,0,qksvc,6055,4,4,3,12,"{'ry': 8, 'measure': 4, 'barrier': 1}"
test_kernel,590,1,qksvc,6056,4,4,3,12,"{'ry': 8, 'measure': 4, 'barrier': 1}"
test_kernel,590,2,qksvc,6057,4,4,3,12,"{'ry': 8, 'measure': 4, 'barrier': 1}"
test_kernel,590,3,qksvc,6058,4,4,3,12,"{'ry': 8, 'measure': 4, 'barrier': 1}"
test_kernel,590,4,qksvc,6059,4,4,3,12,"{'ry': 8, 'measure': 4, 'barrier': 1}"
test_kernel,590,5,qksvc,6060,4,4,3,12,"{'ry': 8, 'measure': 4, 'barrier': 1}"
test_kernel,590,6,qksvc,6061,4,4,3,12,"{'ry': 8, 'measure': 4, 'barrier': 1}"
test_kernel,590,7,qksvc,6062,4,4,3,12,"{'ry': 8, 'measure': 4, 'barrier': 1}"
test_kernel,590,8,qksvc,6063,4,4,3,12,"{'ry': 8, 'measure': 4, 'barrier': 1}"
test_kernel,590,9,qksvc,6064,4,4,3,12,"{'ry': 8, 'measure': 4, 'barrier': 1}"
test_kernel,591,0,qksvc,6065,4,4,3,12,"{'ry': 8, 'measure': 4, 'barrier': 1}"
test_kernel,591,1,qksvc,6066,4,4,3,12,"{'ry': 8, 'measure': 4, 'barrier': 1}"
test_kernel,591,2,qksvc,6067,4,4,3,12,"{'ry': 8, 'measure': 4, 'barrier': 1}"
test_kernel,591,3,qksvc,6068,4,4,3,12,"{'ry': 8, 'measure': 4, 'barrier': 1}"
test_kernel,591,4,qksvc,6069,4,4,3,12,"{'ry': 8, 'measure': 4, 'barrier': 1}"
test_kernel,591,5,qksvc,6070,4,4,3,12,"{'ry': 8, 'measure': 4, 'barrier': 1}"
test_kernel,591,6,qksvc,6071,4,4,3,12,"{'ry': 8, 'measure': 4, 'barrier': 1}"
test_kernel,591,7,qksvc,6072,4,4,3,12,"{'ry': 8, 'measure': 4, 'barrier': 1}"
test_kernel,591,8,qksvc,6073,4,4,3,12,"{'ry': 8, 'measure': 4, 'barrier': 1}"
test_kernel,591,9,qksvc,6074,4,4,3,12,"{'ry': 8, 'measure': 4, 'barrier': 1}"
test_kernel,592,0,qksvc,6075,4,4,3,12,"{'ry': 8, 'measure': 4, 'barrier': 1}"
test_kernel,592,1,qksvc,6076,4,4,3,12,"{'ry': 8, 'measure': 4, 'barrier': 1}"
test_kernel,592,2,qksvc,6077,4,4,3,12,"{'ry': 8, 'measure': 4, 'barrier': 1}"
test_kernel,592,3,qksvc,6078,4,4,3,12,"{'ry': 8, 'measure': 4, 'barrier': 1}"
test_kernel,592,4,qksvc,6079,4,4,3,12,"{'ry': 8, 'measure': 4, 'barrier': 1}"
test_kernel,592,5,qksvc,6080,4,4,3,12,"{'ry': 8, 'measure': 4, 'barrier': 1}"
test_kernel,592,6,qksvc,6081,4,4,3,12,"{'ry': 8, 'measure': 4, 'barrier': 1}"
test_kernel,592,7,qksvc,6082,4,4,3,12,"{'ry': 8, 'measure': 4, 'barrier': 1}"
test_kernel,592,8,qksvc,6083,4,4,3,12,"{'ry': 8, 'measure': 4, 'barrier': 1}"
test_kernel,592,9,qksvc,6084,4,4,3,12,"{'ry': 8, 'measure': 4, 'barrier': 1}"
test_kernel,593,0,qksvc,6085,4,4,3,12,"{'ry': 8, 'measure': 4, 'barrier': 1}"
test_kernel,593,1,qksvc,6086,4,4,3,12,"{'ry': 8, 'measure': 4, 'barrier': 1}"
test_kernel,593,2,qksvc,6087,4,4,3,12,"{'ry': 8, 'measure': 4, 'barrier': 1}"
test_kernel,593,3,qksvc,6088,4,4,3,12,"{'ry': 8, 'measure': 4, 'barrier': 1}"
test_kernel,593,4,qksvc,6089,4,4,3,12,"{'ry': 8, 'measure': 4, 'barrier': 1}"
test_kernel,593,5,qksvc,6090,4,4,3,12,"{'ry': 8, 'measure': 4, 'barrier': 1}"
test_kernel,593,6,qksvc,6091,4,4,3,12,"{'ry': 8, 'measure': 4, 'barrier': 1}"
test_kernel,593,7,qksvc,6092,4,4,3,12,"{'ry': 8, 'measure': 4, 'barrier': 1}"
test_kernel,593,8,qksvc,6093,4,4,3,12,"{'ry': 8, 'measure': 4, 'barrier': 1}"
test_kernel,593,9,qksvc,6094,4,4,3,12,"{'ry': 8, 'measure': 4, 'barrier': 1}"
test_kernel,594,0,qksvc,6095,4,4,3,12,"{'ry': 8, 'measure': 4, 'barrier': 1}"
test_kernel,594,1,qksvc,6096,4,4,3,12,"{'ry': 8, 'measure': 4, 'barrier': 1}"
test_kernel,594,2,qksvc,6097,4,4,3,12,"{'ry': 8, 'measure': 4, 'barrier': 1}"
test_kernel,594,3,qksvc,6098,4,4,3,12,"{'ry': 8, 'measure': 4, 'barrier': 1}"
test_kernel,594,4,qksvc,6099,4,4,3,12,"{'ry': 8, 'measure': 4, 'barrier': 1}"
test_kernel,594,5,qksvc,6100,4,4,3,12,"{'ry': 8, 'measure': 4, 'barrier': 1}"
test_kernel,594,6,qksvc,6101,4,4,3,12,"{'ry': 8, 'measure': 4, 'barrier': 1}"
test_kernel,594,7,qksvc,6102,4,4,3,12,"{'ry': 8, 'measure': 4, 'barrier': 1}"
test_kernel,594,8,qksvc,6103,4,4,3,12,"{'ry': 8, 'measure': 4, 'barrier': 1}"
test_kernel,594,9,qksvc,6104,4,4,3,12,"{'ry': 8, 'measure': 4, 'barrier': 1}"
test_kernel,595,0,qksvc,6105,4,4,3,12,"{'ry': 8, 'measure': 4, 'barrier': 1}"
test_kernel,595,1,qksvc,6106,4,4,3,12,"{'ry': 8, 'measure': 4, 'barrier': 1}"
test_kernel,595,2,qksvc,6107,4,4,3,12,"{'ry': 8, 'measure': 4, 'barrier': 1}"
test_kernel,595,3,qksvc,6108,4,4,3,12,"{'ry': 8, 'measure': 4, 'barrier': 1}"
test_kernel,595,4,qksvc,6109,4,4,3,12,"{'ry': 8, 'measure': 4, 'barrier': 1}"
test_kernel,595,5,qksvc,6110,4,4,3,12,"{'ry': 8, 'measure': 4, 'barrier': 1}"
test_kernel,595,6,qksvc,6111,4,4,3,12,"{'ry': 8, 'measure': 4, 'barrier': 1}"
test_kernel,595,7,qksvc,6112,4,4,3,12,"{'ry': 8, 'measure': 4, 'barrier': 1}"
test_kernel,595,8,qksvc,6113,4,4,3,12,"{'ry': 8, 'measure': 4, 'barrier': 1}"
test_kernel,595,9,qksvc,6114,4,4,3,12,"{'ry': 8, 'measure': 4, 'barrier': 1}"
test_kernel,596,0,qksvc,6115,4,4,3,12,"{'ry': 8, 'measure': 4, 'barrier': 1}"
test_kernel,596,1,qksvc,6116,4,4,3,12,"{'ry': 8, 'measure': 4, 'barrier': 1}"
test_kernel,596,2,qksvc,6117,4,4,3,12,"{'ry': 8, 'measure': 4, 'barrier': 1}"
test_kernel,596,3,qksvc,6118,4,4,3,12,"{'ry': 8, 'measure': 4, 'barrier': 1}"
test_kernel,596,4,qksvc,6119,4,4,3,12,"{'ry': 8, 'measure': 4, 'barrier': 1}"
test_kernel,596,5,qksvc,6120,4,4,3,12,"{'ry': 8, 'measure': 4, 'barrier': 1}"
test_kernel,596,6,qksvc,6121,4,4,3,12,"{'ry': 8, 'measure': 4, 'barrier': 1}"
test_kernel,596,7,qksvc,6122,4,4,3,12,"{'ry': 8, 'measure': 4, 'barrier': 1}"
test_kernel,596,8,qksvc,6123,4,4,3,12,"{'ry': 8, 'measure': 4, 'barrier': 1}"
test_kernel,596,9,qksvc,6124,4,4,3,12,"{'ry': 8, 'measure': 4, 'barrier': 1}"
test_kernel,597,0,qksvc,6125,4,4,3,12,"{'ry': 8, 'measure': 4, 'barrier': 1}"
test_kernel,597,1,qksvc,6126,4,4,3,12,"{'ry': 8, 'measure': 4, 'barrier': 1}"
test_kernel,597,2,qksvc,6127,4,4,3,12,"{'ry': 8, 'measure': 4, 'barrier': 1}"
test_kernel,597,3,qksvc,6128,4,4,3,12,"{'ry': 8, 'measure': 4, 'barrier': 1}"
test_kernel,597,4,qksvc,6129,4,4,3,12,"{'ry': 8, 'measure': 4, 'barrier': 1}"
test_kernel,597,5,qksvc,6130,4,4,3,12,"{'ry': 8, 'measure': 4, 'barrier': 1}"
test_kernel,597,6,qksvc,6131,4,4,3,12,"{'ry': 8, 'measure': 4, 'barrier': 1}"
test_kernel,597,7,qksvc,6132,4,4,3,12,"{'ry': 8, 'measure': 4, 'barrier': 1}"
test_kernel,597,8,qksvc,6133,4,4,3,12,"{'ry': 8, 'measure': 4, 'barrier': 1}"
test_kernel,597,9,qksvc,6134,4,4,3,12,"{'ry': 8, 'measure': 4, 'barrier': 1}"
test_kernel,598,0,qksvc,6135,4,4,3,12,"{'ry': 8, 'measure': 4, 'barrier': 1}"
test_kernel,598,1,qksvc,6136,4,4,3,12,"{'ry': 8, 'measure': 4, 'barrier': 1}"
test_kernel,598,2,qksvc,6137,4,4,3,12,"{'ry': 8, 'measure': 4, 'barrier': 1}"
test_kernel,598,3,qksvc,6138,4,4,3,12,"{'ry': 8, 'measure': 4, 'barrier': 1}"
test_kernel,598,4,qksvc,6139,4,4,3,12,"{'ry': 8, 'measure': 4, 'barrier': 1}"
test_kernel,598,5,qksvc,6140,4,4,3,12,"{'ry': 8, 'measure': 4, 'barrier': 1}"
test_kernel,598,6,qksvc,6141,4,4,3,12,"{'ry': 8, 'measure': 4, 'barrier': 1}"
test_kernel,598,7,qksvc,6142,4,4,3,12,"{'ry': 8, 'measure': 4, 'barrier': 1}"
test_kernel,598,8,qksvc,6143,4,4,3,12,"{'ry': 8, 'measure': 4, 'barrier': 1}"
test_kernel,598,9,qksvc,6144,4,4,3,12,"{'ry': 8, 'measure': 4, 'barrier': 1}"
test_kernel,599,0,qksvc,6145,4,4,3,12,"{'ry': 8, 'measure': 4, 'barrier': 1}"
test_kernel,599,1,qksvc,6146,4,4,3,12,"{'ry': 8, 'measure': 4, 'barrier': 1}"
test_kernel,599,2,qksvc,6147,4,4,3,12,"{'ry': 8, 'measure': 4, 'barrier': 1}"
test_kernel,599,3,qksvc,6148,4,4,3,12,"{'ry': 8, 'measure': 4, 'barrier': 1}"
test_kernel,599,4,qksvc,6149,4,4,3,12,"{'ry': 8, 'measure': 4, 'barrier': 1}"
test_kernel,599,5,qksvc,6150,4,4,3,12,"{'ry': 8, 'measure': 4, 'barrier': 1}"
test_kernel,599,6,qksvc,6151,4,4,3,12,"{'ry': 8, 'measure': 4, 'barrier': 1}"
test_kernel,599,7,qksvc,6152,4,4,3,12,"{'ry': 8, 'measure': 4, 'barrier': 1}"
test_kernel,599,8,qksvc,6153,4,4,3,12,"{'ry': 8, 'measure': 4, 'barrier': 1}"
test_kernel,599,9,qksvc,6154,4,4,3,12,"{'ry': 8, 'measure': 4, 'barrier': 1}"
test_kernel,600,0,qksvc,6155,4,4,3,12,"{'ry': 8, 'measure': 4, 'barrier': 1}"
test_kernel,600,1,qksvc,6156,4,4,3,12,"{'ry': 8, 'measure': 4, 'barrier': 1}"
test_kernel,600,2,qksvc,6157,4,4,3,12,"{'ry': 8, 'measure': 4, 'barrier': 1}"
test_kernel,600,3,qksvc,6158,4,4,3,12,"{'ry': 8, 'measure': 4, 'barrier': 1}"
test_kernel,600,4,qksvc,6159,4,4,3,12,"{'ry': 8, 'measure': 4, 'barrier': 1}"
test_kernel,600,5,qksvc,6160,4,4,3,12,"{'ry': 8, 'measure': 4, 'barrier': 1}"
test_kernel,600,6,qksvc,6161,4,4,3,12,"{'ry': 8, 'measure': 4, 'barrier': 1}"
test_kernel,600,7,qksvc,6162,4,4,3,12,"{'ry': 8, 'measure': 4, 'barrier': 1}"
test_kernel,600,8,qksvc,6163,4,4,3,12,"{'ry': 8, 'measure': 4, 'barrier': 1}"
test_kernel,600,9,qksvc,6164,4,4,3,12,"{'ry': 8, 'measure': 4, 'barrier': 1}"
test_kernel,601,0,qksvc,6165,4,4,3,12,"{'ry': 8, 'measure': 4, 'barrier': 1}"
test_kernel,601,1,qksvc,6166,4,4,3,12,"{'ry': 8, 'measure': 4, 'barrier': 1}"
test_kernel,601,2,qksvc,6167,4,4,3,12,"{'ry': 8, 'measure': 4, 'barrier': 1}"
test_kernel,601,3,qksvc,6168,4,4,3,12,"{'ry': 8, 'measure': 4, 'barrier': 1}"
test_kernel,601,4,qksvc,6169,4,4,3,12,"{'ry': 8, 'measure': 4, 'barrier': 1}"
test_kernel,601,5,qksvc,6170,4,4,3,12,"{'ry': 8, 'measure': 4, 'barrier': 1}"
test_kernel,601,6,qksvc,6171,4,4,3,12,"{'ry': 8, 'measure': 4, 'barrier': 1}"
test_kernel,601,7,qksvc,6172,4,4,3,12,"{'ry': 8, 'measure': 4, 'barrier': 1}"
test_kernel,601,8,qksvc,6173,4,4,3,12,"{'ry': 8, 'measure': 4, 'barrier': 1}"
test_kernel,601,9,qksvc,6174,4,4,3,12,"{'ry': 8, 'measure': 4, 'barrier': 1}"
test_kernel,602,0,qksvc,6175,4,4,3,12,"{'ry': 8, 'measure': 4, 'barrier': 1}"
test_kernel,602,1,qksvc,6176,4,4,3,12,"{'ry': 8, 'measure': 4, 'barrier': 1}"
test_kernel,602,2,qksvc,6177,4,4,3,12,"{'ry': 8, 'measure': 4, 'barrier': 1}"
test_kernel,602,3,qksvc,6178,4,4,3,12,"{'ry': 8, 'measure': 4, 'barrier': 1}"
test_kernel,602,4,qksvc,6179,4,4,3,12,"{'ry': 8, 'measure': 4, 'barrier': 1}"
test_kernel,602,5,qksvc,6180,4,4,3,12,"{'ry': 8, 'measure': 4, 'barrier': 1}"
test_kernel,602,6,qksvc,6181,4,4,3,12,"{'ry': 8, 'measure': 4, 'barrier': 1}"
test_kernel,602,7,qksvc,6182,4,4,3,12,"{'ry': 8, 'measure': 4, 'barrier': 1}"
test_kernel,602,8,qksvc,6183,4,4,3,12,"{'ry': 8, 'measure': 4, 'barrier': 1}"
test_kernel,602,9,qksvc,6184,4,4,3,12,"{'ry': 8, 'measure': 4, 'barrier': 1}"
test_kernel,603,0,qksvc,6185,4,4,3,12,"{'ry': 8, 'measure': 4, 'barrier': 1}"
test_kernel,603,1,qksvc,6186,4,4,3,12,"{'ry': 8, 'measure': 4, 'barrier': 1}"
test_kernel,603,2,qksvc,6187,4,4,3,12,"{'ry': 8, 'measure': 4, 'barrier': 1}"
test_kernel,603,3,qksvc,6188,4,4,3,12,"{'ry': 8, 'measure': 4, 'barrier': 1}"
test_kernel,603,4,qksvc,6189,4,4,3,12,"{'ry': 8, 'measure': 4, 'barrier': 1}"
test_kernel,603,5,qksvc,6190,4,4,3,12,"{'ry': 8, 'measure': 4, 'barrier': 1}"
test_kernel,603,6,qksvc,6191,4,4,3,12,"{'ry': 8, 'measure': 4, 'barrier': 1}"
test_kernel,603,7,qksvc,6192,4,4,3,12,"{'ry': 8, 'measure': 4, 'barrier': 1}"
test_kernel,603,8,qksvc,6193,4,4,3,12,"{'ry': 8, 'measure': 4, 'barrier': 1}"
test_kernel,603,9,qksvc,6194,4,4,3,12,"{'ry': 8, 'measure': 4, 'barrier': 1}"
test_kernel,604,0,qksvc,6195,4,4,3,12,"{'ry': 8, 'measure': 4, 'barrier': 1}"
test_kernel,604,1,qksvc,6196,4,4,3,12,"{'ry': 8, 'measure': 4, 'barrier': 1}"
test_kernel,604,2,qksvc,6197,4,4,3,12,"{'ry': 8, 'measure': 4, 'barrier': 1}"
test_kernel,604,3,qksvc,6198,4,4,3,12,"{'ry': 8, 'measure': 4, 'barrier': 1}"
test_kernel,604,4,qksvc,6199,4,4,3,12,"{'ry': 8, 'measure': 4, 'barrier': 1}"
test_kernel,604,5,qksvc,6200,4,4,3,12,"{'ry': 8, 'measure': 4, 'barrier': 1}"
test_kernel,604,6,qksvc,6201,4,4,3,12,"{'ry': 8, 'measure': 4, 'barrier': 1}"
test_kernel,604,7,qksvc,6202,4,4,3,12,"{'ry': 8, 'measure': 4, 'barrier': 1}"
test_kernel,604,8,qksvc,6203,4,4,3,12,"{'ry': 8, 'measure': 4, 'barrier': 1}"
test_kernel,604,9,qksvc,6204,4,4,3,12,"{'ry': 8, 'measure': 4, 'barrier': 1}"
test_kernel,605,0,qksvc,6205,4,4,3,12,"{'ry': 8, 'measure': 4, 'barrier': 1}"
test_kernel,605,1,qksvc,6206,4,4,3,12,"{'ry': 8, 'measure': 4, 'barrier': 1}"
test_kernel,605,2,qksvc,6207,4,4,3,12,"{'ry': 8, 'measure': 4, 'barrier': 1}"
test_kernel,605,3,qksvc,6208,4,4,3,12,"{'ry': 8, 'measure': 4, 'barrier': 1}"
test_kernel,605,4,qksvc,6209,4,4,3,12,"{'ry': 8, 'measure': 4, 'barrier': 1}"
test_kernel,605,5,qksvc,6210,4,4,3,12,"{'ry': 8, 'measure': 4, 'barrier': 1}"
test_kernel,605,6,qksvc,6211,4,4,3,12,"{'ry': 8, 'measure': 4, 'barrier': 1}"
test_kernel,605,7,qksvc,6212,4,4,3,12,"{'ry': 8, 'measure': 4, 'barrier': 1}"
test_kernel,605,8,qksvc,6213,4,4,3,12,"{'ry': 8, 'measure': 4, 'barrier': 1}"
test_kernel,605,9,qksvc,6214,4,4,3,12,"{'ry': 8, 'measure': 4, 'barrier': 1}"
test_kernel,606,0,qksvc,6215,4,4,3,12,"{'ry': 8, 'measure': 4, 'barrier': 1}"
test_kernel,606,1,qksvc,6216,4,4,3,12,"{'ry': 8, 'measure': 4, 'barrier': 1}"
test_kernel,606,2,qksvc,6217,4,4,3,12,"{'ry': 8, 'measure': 4, 'barrier': 1}"
test_kernel,606,3,qksvc,6218,4,4,3,12,"{'ry': 8, 'measure': 4, 'barrier': 1}"
test_kernel,606,4,qksvc,6219,4,4,3,12,"{'ry': 8, 'measure': 4, 'barrier': 1}"
test_kernel,606,5,qksvc,6220,4,4,3,12,"{'ry': 8, 'measure': 4, 'barrier': 1}"
test_kernel,606,6,qksvc,6221,4,4,3,12,"{'ry': 8, 'measure': 4, 'barrier': 1}"
test_kernel,606,7,qksvc,6222,4,4,3,12,"{'ry': 8, 'measure': 4, 'barrier': 1}"
test_kernel,606,8,qksvc,6223,4,4,3,12,"{'ry': 8, 'measure': 4, 'barrier': 1}"
test_kernel,606,9,qksvc,6224,4,4,3,12,"{'ry': 8, 'measure': 4, 'barrier': 1}"
test_kernel,607,0,qksvc,6225,4,4,3,12,"{'ry': 8, 'measure': 4, 'barrier': 1}"
test_kernel,607,1,qksvc,6226,4,4,3,12,"{'ry': 8, 'measure': 4, 'barrier': 1}"
test_kernel,607,2,qksvc,6227,4,4,3,12,"{'ry': 8, 'measure': 4, 'barrier': 1}"
test_kernel,607,3,qksvc,6228,4,4,3,12,"{'ry': 8, 'measure': 4, 'barrier': 1}"
test_kernel,607,4,qksvc,6229,4,4,3,12,"{'ry': 8, 'measure': 4, 'barrier': 1}"
test_kernel,607,5,qksvc,6230,4,4,3,12,"{'ry': 8, 'measure': 4, 'barrier': 1}"
test_kernel,607,6,qksvc,6231,4,4,3,12,"{'ry': 8, 'measure': 4, 'barrier': 1}"
test_kernel,607,7,qksvc,6232,4,4,3,12,"{'ry': 8, 'measure': 4, 'barrier': 1}"
test_kernel,607,8,qksvc,6233,4,4,3,12,"{'ry': 8, 'measure': 4, 'barrier': 1}"
test_kernel,607,9,qksvc,6234,4,4,3,12,"{'ry': 8, 'measure': 4, 'barrier': 1}"
test_kernel,608,0,qksvc,6235,4,4,3,12,"{'ry': 8, 'measure': 4, 'barrier': 1}"
test_kernel,608,1,qksvc,6236,4,4,3,12,"{'ry': 8, 'measure': 4, 'barrier': 1}"
test_kernel,608,2,qksvc,6237,4,4,3,12,"{'ry': 8, 'measure': 4, 'barrier': 1}"
test_kernel,608,3,qksvc,6238,4,4,3,12,"{'ry': 8, 'measure': 4, 'barrier': 1}"
test_kernel,608,4,qksvc,6239,4,4,3,12,"{'ry': 8, 'measure': 4, 'barrier': 1}"
test_kernel,608,5,qksvc,6240,4,4,3,12,"{'ry': 8, 'measure': 4, 'barrier': 1}"
test_kernel,608,6,qksvc,6241,4,4,3,12,"{'ry': 8, 'measure': 4, 'barrier': 1}"
test_kernel,608,7,qksvc,6242,4,4,3,12,"{'ry': 8, 'measure': 4, 'barrier': 1}"
test_kernel,608,8,qksvc,6243,4,4,3,12,"{'ry': 8, 'measure': 4, 'barrier': 1}"
test_kernel,608,9,qksvc,6244,4,4,3,12,"{'ry': 8, 'measure': 4, 'barrier': 1}"
test_kernel,609,0,qksvc,6245,4,4,3,12,"{'ry': 8, 'measure': 4, 'barrier': 1}"
test_kernel,609,1,qksvc,6246,4,4,3,12,"{'ry': 8, 'measure': 4, 'barrier': 1}"
test_kernel,609,2,qksvc,6247,4,4,3,12,"{'ry': 8, 'measure': 4, 'barrier': 1}"
test_kernel,609,3,qksvc,6248,4,4,3,12,"{'ry': 8, 'measure': 4, 'barrier': 1}"
test_kernel,609,4,qksvc,6249,4,4,3,12,"{'ry': 8, 'measure': 4, 'barrier': 1}"
test_kernel,609,5,qksvc,6250,4,4,3,12,"{'ry': 8, 'measure': 4, 'barrier': 1}"
test_kernel,609,6,qksvc,6251,4,4,3,12,"{'ry': 8, 'measure': 4, 'barrier': 1}"
test_kernel,609,7,qksvc,6252,4,4,3,12,"{'ry': 8, 'measure': 4, 'barrier': 1}"
test_kernel,609,8,qksvc,6253,4,4,3,12,"{'ry': 8, 'measure': 4, 'barrier': 1}"
test_kernel,609,9,qksvc,6254,4,4,3,12,"{'ry': 8, 'measure': 4, 'barrier': 1}"
test_kernel,610,0,qksvc,6255,4,4,3,12,"{'ry': 8, 'measure': 4, 'barrier': 1}"
test_kernel,610,1,qksvc,6256,4,4,3,12,"{'ry': 8, 'measure': 4, 'barrier': 1}"
test_kernel,610,2,qksvc,6257,4,4,3,12,"{'ry': 8, 'measure': 4, 'barrier': 1}"
test_kernel,610,3,qksvc,6258,4,4,3,12,"{'ry': 8, 'measure': 4, 'barrier': 1}"
test_kernel,610,4,qksvc,6259,4,4,3,12,"{'ry': 8, 'measure': 4, 'barrier': 1}"
test_kernel,610,5,qksvc,6260,4,4,3,12,"{'ry': 8, 'measure': 4, 'barrier': 1}"
test_kernel,610,6,qksvc,6261,4,4,3,12,"{'ry': 8, 'measure': 4, 'barrier': 1}"
test_kernel,610,7,qksvc,6262,4,4,3,12,"{'ry': 8, 'measure': 4, 'barrier': 1}"
test_kernel,610,8,qksvc,6263,4,4,3,12,"{'ry': 8, 'measure': 4, 'barrier': 1}"
test_kernel,610,9,qksvc,6264,4,4,3,12,"{'ry': 8, 'measure': 4, 'barrier': 1}"
test_kernel,611,0,qksvc,6265,4,4,3,12,"{'ry': 8, 'measure': 4, 'barrier': 1}"
test_kernel,611,1,qksvc,6266,4,4,3,12,"{'ry': 8, 'measure': 4, 'barrier': 1}"
test_kernel,611,2,qksvc,6267,4,4,3,12,"{'ry': 8, 'measure': 4, 'barrier': 1}"
test_kernel,611,3,qksvc,6268,4,4,3,12,"{'ry': 8, 'measure': 4, 'barrier': 1}"
test_kernel,611,4,qksvc,6269,4,4,3,12,"{'ry': 8, 'measure': 4, 'barrier': 1}"
test_kernel,611,5,qksvc,6270,4,4,3,12,"{'ry': 8, 'measure': 4, 'barrier': 1}"
test_kernel,611,6,qksvc,6271,4,4,3,12,"{'ry': 8, 'measure': 4, 'barrier': 1}"
test_kernel,611,7,qksvc,6272,4,4,3,12,"{'ry': 8, 'measure': 4, 'barrier': 1}"
test_kernel,611,8,qksvc,6273,4,4,3,12,"{'ry': 8, 'measure': 4, 'barrier': 1}"
test_kernel,611,9,qksvc,6274,4,4,3,12,"{'ry': 8, 'measure': 4, 'barrier': 1}"
test_kernel,612,0,qksvc,6275,4,4,3,12,"{'ry': 8, 'measure': 4, 'barrier': 1}"
test_kernel,612,1,qksvc,6276,4,4,3,12,"{'ry': 8, 'measure': 4, 'barrier': 1}"
test_kernel,612,2,qksvc,6277,4,4,3,12,"{'ry': 8, 'measure': 4, 'barrier': 1}"
test_kernel,612,3,qksvc,6278,4,4,3,12,"{'ry': 8, 'measure': 4, 'barrier': 1}"
test_kernel,612,4,qksvc,6279,4,4,3,12,"{'ry': 8, 'measure': 4, 'barrier': 1}"
test_kernel,612,5,qksvc,6280,4,4,3,12,"{'ry': 8, 'measure': 4, 'barrier': 1}"
test_kernel,612,6,qksvc,6281,4,4,3,12,"{'ry': 8, 'measure': 4, 'barrier': 1}"
test_kernel,612,7,qksvc,6282,4,4,3,12,"{'ry': 8, 'measure': 4, 'barrier': 1}"
test_kernel,612,8,qksvc,6283,4,4,3,12,"{'ry': 8, 'measure': 4, 'barrier': 1}"
test_kernel,612,9,qksvc,6284,4,4,3,12,"{'ry': 8, 'measure': 4, 'barrier': 1}"
test_kernel,613,0,qksvc,6285,4,4,3,12,"{'ry': 8, 'measure': 4, 'barrier': 1}"
test_kernel,613,1,qksvc,6286,4,4,3,12,"{'ry': 8, 'measure': 4, 'barrier': 1}"
test_kernel,613,2,qksvc,6287,4,4,3,12,"{'ry': 8, 'measure': 4, 'barrier': 1}"
test_kernel,613,3,qksvc,6288,4,4,3,12,"{'ry': 8, 'measure': 4, 'barrier': 1}"
test_kernel,613,4,qksvc,6289,4,4,3,12,"{'ry': 8, 'measure': 4, 'barrier': 1}"
test_kernel,613,5,qksvc,6290,4,4,3,12,"{'ry': 8, 'measure': 4, 'barrier': 1}"
test_kernel,613,6,qksvc,6291,4,4,3,12,"{'ry': 8, 'measure': 4, 'barrier': 1}"
test_kernel,613,7,qksvc,6292,4,4,3,12,"{'ry': 8, 'measure': 4, 'barrier': 1}"
test_kernel,613,8,qksvc,6293,4,4,3,12,"{'ry': 8, 'measure': 4, 'barrier': 1}"
test_kernel,613,9,qksvc,6294,4,4,3,12,"{'ry': 8, 'measure': 4, 'barrier': 1}"
test_kernel,614,0,qksvc,6295,4,4,3,12,"{'ry': 8, 'measure': 4, 'barrier': 1}"
test_kernel,614,1,qksvc,6296,4,4,3,12,"{'ry': 8, 'measure': 4, 'barrier': 1}"
test_kernel,614,2,qksvc,6297,4,4,3,12,"{'ry': 8, 'measure': 4, 'barrier': 1}"
test_kernel,614,3,qksvc,6298,4,4,3,12,"{'ry': 8, 'measure': 4, 'barrier': 1}"
test_kernel,614,4,qksvc,6299,4,4,3,12,"{'ry': 8, 'measure': 4, 'barrier': 1}"
test_kernel,614,5,qksvc,6300,4,4,3,12,"{'ry': 8, 'measure': 4, 'barrier': 1}"
test_kernel,614,6,qksvc,6301,4,4,3,12,"{'ry': 8, 'measure': 4, 'barrier': 1}"
test_kernel,614,7,qksvc,6302,4,4,3,12,"{'ry': 8, 'measure': 4, 'barrier': 1}"
test_kernel,614,8,qksvc,6303,4,4,3,12,"{'ry': 8, 'measure': 4, 'barrier': 1}"
test_kernel,614,9,qksvc,6304,4,4,3,12,"{'ry': 8, 'measure': 4, 'barrier': 1}"
test_kernel,615,0,qksvc,6305,4,4,3,12,"{'ry': 8, 'measure': 4, 'barrier': 1}"
test_kernel,615,1,qksvc,6306,4,4,3,12,"{'ry': 8, 'measure': 4, 'barrier': 1}"
test_kernel,615,2,qksvc,6307,4,4,3,12,"{'ry': 8, 'measure': 4, 'barrier': 1}"
test_kernel,615,3,qksvc,6308,4,4,3,12,"{'ry': 8, 'measure': 4, 'barrier': 1}"
test_kernel,615,4,qksvc,6309,4,4,3,12,"{'ry': 8, 'measure': 4, 'barrier': 1}"
test_kernel,615,5,qksvc,6310,4,4,3,12,"{'ry': 8, 'measure': 4, 'barrier': 1}"
test_kernel,615,6,qksvc,6311,4,4,3,12,"{'ry': 8, 'measure': 4, 'barrier': 1}"
test_kernel,615,7,qksvc,6312,4,4,3,12,"{'ry': 8, 'measure': 4, 'barrier': 1}"
test_kernel,615,8,qksvc,6313,4,4,3,12,"{'ry': 8, 'measure': 4, 'barrier': 1}"
test_kernel,615,9,qksvc,6314,4,4,3,12,"{'ry': 8, 'measure': 4, 'barrier': 1}"
test_kernel,616,0,qksvc,6315,4,4,3,12,"{'ry': 8, 'measure': 4, 'barrier': 1}"
test_kernel,616,1,qksvc,6316,4,4,3,12,"{'ry': 8, 'measure': 4, 'barrier': 1}"
test_kernel,616,2,qksvc,6317,4,4,3,12,"{'ry': 8, 'measure': 4, 'barrier': 1}"
test_kernel,616,3,qksvc,6318,4,4,3,12,"{'ry': 8, 'measure': 4, 'barrier': 1}"
test_kernel,616,4,qksvc,6319,4,4,3,12,"{'ry': 8, 'measure': 4, 'barrier': 1}"
test_kernel,616,5,qksvc,6320,4,4,3,12,"{'ry': 8, 'measure': 4, 'barrier': 1}"
test_kernel,616,6,qksvc,6321,4,4,3,12,"{'ry': 8, 'measure': 4, 'barrier': 1}"
test_kernel,616,7,qksvc,6322,4,4,3,12,"{'ry': 8, 'measure': 4, 'barrier': 1}"
test_kernel,616,8,qksvc,6323,4,4,3,12,"{'ry': 8, 'measure': 4, 'barrier': 1}"
test_kernel,616,9,qksvc,6324,4,4,3,12,"{'ry': 8, 'measure': 4, 'barrier': 1}"
test_kernel,617,0,qksvc,6325,4,4,3,12,"{'ry': 8, 'measure': 4, 'barrier': 1}"
test_kernel,617,1,qksvc,6326,4,4,3,12,"{'ry': 8, 'measure': 4, 'barrier': 1}"
test_kernel,617,2,qksvc,6327,4,4,3,12,"{'ry': 8, 'measure': 4, 'barrier': 1}"
test_kernel,617,3,qksvc,6328,4,4,3,12,"{'ry': 8, 'measure': 4, 'barrier': 1}"
test_kernel,617,4,qksvc,6329,4,4,3,12,"{'ry': 8, 'measure': 4, 'barrier': 1}"
test_kernel,617,5,qksvc,6330,4,4,3,12,"{'ry': 8, 'measure': 4, 'barrier': 1}"
test_kernel,617,6,qksvc,6331,4,4,3,12,"{'ry': 8, 'measure': 4, 'barrier': 1}"
test_kernel,617,7,qksvc,6332,4,4,3,12,"{'ry': 8, 'measure': 4, 'barrier': 1}"
test_kernel,617,8,qksvc,6333,4,4,3,12,"{'ry': 8, 'measure': 4, 'barrier': 1}"
test_kernel,617,9,qksvc,6334,4,4,3,12,"{'ry': 8, 'measure': 4, 'barrier': 1}"
test_kernel,618,0,qksvc,6335,4,4,3,12,"{'ry': 8, 'measure': 4, 'barrier': 1}"
test_kernel,618,1,qksvc,6336,4,4,3,12,"{'ry': 8, 'measure': 4, 'barrier': 1}"
test_kernel,618,2,qksvc,6337,4,4,3,12,"{'ry': 8, 'measure': 4, 'barrier': 1}"
test_kernel,618,3,qksvc,6338,4,4,3,12,"{'ry': 8, 'measure': 4, 'barrier': 1}"
test_kernel,618,4,qksvc,6339,4,4,3,12,"{'ry': 8, 'measure': 4, 'barrier': 1}"
test_kernel,618,5,qksvc,6340,4,4,3,12,"{'ry': 8, 'measure': 4, 'barrier': 1}"
test_kernel,618,6,qksvc,6341,4,4,3,12,"{'ry': 8, 'measure': 4, 'barrier': 1}"
test_kernel,618,7,qksvc,6342,4,4,3,12,"{'ry': 8, 'measure': 4, 'barrier': 1}"
test_kernel,618,8,qksvc,6343,4,4,3,12,"{'ry': 8, 'measure': 4, 'barrier': 1}"
test_kernel,618,9,qksvc,6344,4,4,3,12,"{'ry': 8, 'measure': 4, 'barrier': 1}"
test_kernel,619,0,qksvc,6345,4,4,3,12,"{'ry': 8, 'measure': 4, 'barrier': 1}"
test_kernel,619,1,qksvc,6346,4,4,3,12,"{'ry': 8, 'measure': 4, 'barrier': 1}"
test_kernel,619,2,qksvc,6347,4,4,3,12,"{'ry': 8, 'measure': 4, 'barrier': 1}"
test_kernel,619,3,qksvc,6348,4,4,3,12,"{'ry': 8, 'measure': 4, 'barrier': 1}"
test_kernel,619,4,qksvc,6349,4,4,3,12,"{'ry': 8, 'measure': 4, 'barrier': 1}"
test_kernel,619,5,qksvc,6350,4,4,3,12,"{'ry': 8, 'measure': 4, 'barrier': 1}"
test_kernel,619,6,qksvc,6351,4,4,3,12,"{'ry': 8, 'measure': 4, 'barrier': 1}"
test_kernel,619,7,qksvc,6352,4,4,3,12,"{'ry': 8, 'measure': 4, 'barrier': 1}"
test_kernel,619,8,qksvc,6353,4,4,3,12,"{'ry': 8, 'measure': 4, 'barrier': 1}"
test_kernel,619,9,qksvc,6354,4,4,3,12,"{'ry': 8, 'measure': 4, 'barrier': 1}"
test_kernel,620,0,qksvc,6355,4,4,3,12,"{'ry': 8, 'measure': 4, 'barrier': 1}"
test_kernel,620,1,qksvc,6356,4,4,3,12,"{'ry': 8, 'measure': 4, 'barrier': 1}"
test_kernel,620,2,qksvc,6357,4,4,3,12,"{'ry': 8, 'measure': 4, 'barrier': 1}"
test_kernel,620,3,qksvc,6358,4,4,3,12,"{'ry': 8, 'measure': 4, 'barrier': 1}"
test_kernel,620,4,qksvc,6359,4,4,3,12,"{'ry': 8, 'measure': 4, 'barrier': 1}"
test_kernel,620,5,qksvc,6360,4,4,3,12,"{'ry': 8, 'measure': 4, 'barrier': 1}"
test_kernel,620,6,qksvc,6361,4,4,3,12,"{'ry': 8, 'measure': 4, 'barrier': 1}"
test_kernel,620,7,qksvc,6362,4,4,3,12,"{'ry': 8, 'measure': 4, 'barrier': 1}"
test_kernel,620,8,qksvc,6363,4,4,3,12,"{'ry': 8, 'measure': 4, 'barrier': 1}"
test_kernel,620,9,qksvc,6364,4,4,3,12,"{'ry': 8, 'measure': 4, 'barrier': 1}"
test_kernel,621,0,qksvc,6365,4,4,3,12,"{'ry': 8, 'measure': 4, 'barrier': 1}"
test_kernel,621,1,qksvc,6366,4,4,3,12,"{'ry': 8, 'measure': 4, 'barrier': 1}"
test_kernel,621,2,qksvc,6367,4,4,3,12,"{'ry': 8, 'measure': 4, 'barrier': 1}"
test_kernel,621,3,qksvc,6368,4,4,3,12,"{'ry': 8, 'measure': 4, 'barrier': 1}"
test_kernel,621,4,qksvc,6369,4,4,3,12,"{'ry': 8, 'measure': 4, 'barrier': 1}"
test_kernel,621,5,qksvc,6370,4,4,3,12,"{'ry': 8, 'measure': 4, 'barrier': 1}"
test_kernel,621,6,qksvc,6371,4,4,3,12,"{'ry': 8, 'measure': 4, 'barrier': 1}"
test_kernel,621,7,qksvc,6372,4,4,3,12,"{'ry': 8, 'measure': 4, 'barrier': 1}"
test_kernel,621,8,qksvc,6373,4,4,3,12,"{'ry': 8, 'measure': 4, 'barrier': 1}"
test_kernel,621,9,qksvc,6374,4,4,3,12,"{'ry': 8, 'measure': 4, 'barrier': 1}"
test_kernel,622,0,qksvc,6375,4,4,3,12,"{'ry': 8, 'measure': 4, 'barrier': 1}"
test_kernel,622,1,qksvc,6376,4,4,3,12,"{'ry': 8, 'measure': 4, 'barrier': 1}"
test_kernel,622,2,qksvc,6377,4,4,3,12,"{'ry': 8, 'measure': 4, 'barrier': 1}"
test_kernel,622,3,qksvc,6378,4,4,3,12,"{'ry': 8, 'measure': 4, 'barrier': 1}"
test_kernel,622,4,qksvc,6379,4,4,3,12,"{'ry': 8, 'measure': 4, 'barrier': 1}"
test_kernel,622,5,qksvc,6380,4,4,3,12,"{'ry': 8, 'measure': 4, 'barrier': 1}"
test_kernel,622,6,qksvc,6381,4,4,3,12,"{'ry': 8, 'measure': 4, 'barrier': 1}"
test_kernel,622,7,qksvc,6382,4,4,3,12,"{'ry': 8, 'measure': 4, 'barrier': 1}"
test_kernel,622,8,qksvc,6383,4,4,3,12,"{'ry': 8, 'measure': 4, 'barrier': 1}"
test_kernel,622,9,qksvc,6384,4,4,3,12,"{'ry': 8, 'measure': 4, 'barrier': 1}"
test_kernel,623,0,qksvc,6385,4,4,3,12,"{'ry': 8, 'measure': 4, 'barrier': 1}"
test_kernel,623,1,qksvc,6386,4,4,3,12,"{'ry': 8, 'measure': 4, 'barrier': 1}"
test_kernel,623,2,qksvc,6387,4,4,3,12,"{'ry': 8, 'measure': 4, 'barrier': 1}"
test_kernel,623,3,qksvc,6388,4,4,3,12,"{'ry': 8, 'measure': 4, 'barrier': 1}"
test_kernel,623,4,qksvc,6389,4,4,3,12,"{'ry': 8, 'measure': 4, 'barrier': 1}"
test_kernel,623,5,qksvc,6390,4,4,3,12,"{'ry': 8, 'measure': 4, 'barrier': 1}"
test_kernel,623,6,qksvc,6391,4,4,3,12,"{'ry': 8, 'measure': 4, 'barrier': 1}"
test_kernel,623,7,qksvc,6392,4,4,3,12,"{'ry': 8, 'measure': 4, 'barrier': 1}"
test_kernel,623,8,qksvc,6393,4,4,3,12,"{'ry': 8, 'measure': 4, 'barrier': 1}"
test_kernel,623,9,qksvc,6394,4,4,3,12,"{'ry': 8, 'measure': 4, 'barrier': 1}"
test_kernel,624,0,qksvc,6395,4,4,3,12,"{'ry': 8, 'measure': 4, 'barrier': 1}"
test_kernel,624,1,qksvc,6396,4,4,3,12,"{'ry': 8, 'measure': 4, 'barrier': 1}"
test_kernel,624,2,qksvc,6397,4,4,3,12,"{'ry': 8, 'measure': 4, 'barrier': 1}"
test_kernel,624,3,qksvc,6398,4,4,3,12,"{'ry': 8, 'measure': 4, 'barrier': 1}"
test_kernel,624,4,qksvc,6399,4,4,3,12,"{'ry': 8, 'measure': 4, 'barrier': 1}"
test_kernel,624,5,qksvc,6400,4,4,3,12,"{'ry': 8, 'measure': 4, 'barrier': 1}"
test_kernel,624,6,qksvc,6401,4,4,3,12,"{'ry': 8, 'measure': 4, 'barrier': 1}"
test_kernel,624,7,qksvc,6402,4,4,3,12,"{'ry': 8, 'measure': 4, 'barrier': 1}"
test_kernel,624,8,qksvc,6403,4,4,3,12,"{'ry': 8, 'measure': 4, 'barrier': 1}"
test_kernel,624,9,qksvc,6404,4,4,3,12,"{'ry': 8, 'measure': 4, 'barrier': 1}"
test_kernel,625,0,qksvc,6405,4,4,3,12,"{'ry': 8, 'measure': 4, 'barrier': 1}"
test_kernel,625,1,qksvc,6406,4,4,3,12,"{'ry': 8, 'measure': 4, 'barrier': 1}"
test_kernel,625,2,qksvc,6407,4,4,3,12,"{'ry': 8, 'measure': 4, 'barrier': 1}"
test_kernel,625,3,qksvc,6408,4,4,3,12,"{'ry': 8, 'measure': 4, 'barrier': 1}"
test_kernel,625,4,qksvc,6409,4,4,3,12,"{'ry': 8, 'measure': 4, 'barrier': 1}"
test_kernel,625,5,qksvc,6410,4,4,3,12,"{'ry': 8, 'measure': 4, 'barrier': 1}"
test_kernel,625,6,qksvc,6411,4,4,3,12,"{'ry': 8, 'measure': 4, 'barrier': 1}"
test_kernel,625,7,qksvc,6412,4,4,3,12,"{'ry': 8, 'measure': 4, 'barrier': 1}"
test_kernel,625,8,qksvc,6413,4,4,3,12,"{'ry': 8, 'measure': 4, 'barrier': 1}"
test_kernel,625,9,qksvc,6414,4,4,3,12,"{'ry': 8, 'measure': 4, 'barrier': 1}"
test_kernel,626,0,qksvc,6415,4,4,3,12,"{'ry': 8, 'measure': 4, 'barrier': 1}"
test_kernel,626,1,qksvc,6416,4,4,3,12,"{'ry': 8, 'measure': 4, 'barrier': 1}"
test_kernel,626,2,qksvc,6417,4,4,3,12,"{'ry': 8, 'measure': 4, 'barrier': 1}"
test_kernel,626,3,qksvc,6418,4,4,3,12,"{'ry': 8, 'measure': 4, 'barrier': 1}"
test_kernel,626,4,qksvc,6419,4,4,3,12,"{'ry': 8, 'measure': 4, 'barrier': 1}"
test_kernel,626,5,qksvc,6420,4,4,3,12,"{'ry': 8, 'measure': 4, 'barrier': 1}"
test_kernel,626,6,qksvc,6421,4,4,3,12,"{'ry': 8, 'measure': 4, 'barrier': 1}"
test_kernel,626,7,qksvc,6422,4,4,3,12,"{'ry': 8, 'measure': 4, 'barrier': 1}"
test_kernel,626,8,qksvc,6423,4,4,3,12,"{'ry': 8, 'measure': 4, 'barrier': 1}"
test_kernel,626,9,qksvc,6424,4,4,3,12,"{'ry': 8, 'measure': 4, 'barrier': 1}"
test_kernel,627,0,qksvc,6425,4,4,3,12,"{'ry': 8, 'measure': 4, 'barrier': 1}"
test_kernel,627,1,qksvc,6426,4,4,3,12,"{'ry': 8, 'measure': 4, 'barrier': 1}"
test_kernel,627,2,qksvc,6427,4,4,3,12,"{'ry': 8, 'measure': 4, 'barrier': 1}"
test_kernel,627,3,qksvc,6428,4,4,3,12,"{'ry': 8, 'measure': 4, 'barrier': 1}"
test_kernel,627,4,qksvc,6429,4,4,3,12,"{'ry': 8, 'measure': 4, 'barrier': 1}"
test_kernel,627,5,qksvc,6430,4,4,3,12,"{'ry': 8, 'measure': 4, 'barrier': 1}"
test_kernel,627,6,qksvc,6431,4,4,3,12,"{'ry': 8, 'measure': 4, 'barrier': 1}"
test_kernel,627,7,qksvc,6432,4,4,3,12,"{'ry': 8, 'measure': 4, 'barrier': 1}"
test_kernel,627,8,qksvc,6433,4,4,3,12,"{'ry': 8, 'measure': 4, 'barrier': 1}"
test_kernel,627,9,qksvc,6434,4,4,3,12,"{'ry': 8, 'measure': 4, 'barrier': 1}"
test_kernel,628,0,qksvc,6435,4,4,3,12,"{'ry': 8, 'measure': 4, 'barrier': 1}"
test_kernel,628,1,qksvc,6436,4,4,3,12,"{'ry': 8, 'measure': 4, 'barrier': 1}"
test_kernel,628,2,qksvc,6437,4,4,3,12,"{'ry': 8, 'measure': 4, 'barrier': 1}"
test_kernel,628,3,qksvc,6438,4,4,3,12,"{'ry': 8, 'measure': 4, 'barrier': 1}"
test_kernel,628,4,qksvc,6439,4,4,3,12,"{'ry': 8, 'measure': 4, 'barrier': 1}"
test_kernel,628,5,qksvc,6440,4,4,3,12,"{'ry': 8, 'measure': 4, 'barrier': 1}"
test_kernel,628,6,qksvc,6441,4,4,3,12,"{'ry': 8, 'measure': 4, 'barrier': 1}"
test_kernel,628,7,qksvc,6442,4,4,3,12,"{'ry': 8, 'measure': 4, 'barrier': 1}"
test_kernel,628,8,qksvc,6443,4,4,3,12,"{'ry': 8, 'measure': 4, 'barrier': 1}"
test_kernel,628,9,qksvc,6444,4,4,3,12,"{'ry': 8, 'measure': 4, 'barrier': 1}"
test_kernel,629,0,qksvc,6445,4,4,3,12,"{'ry': 8, 'measure': 4, 'barrier': 1}"
test_kernel,629,1,qksvc,6446,4,4,3,12,"{'ry': 8, 'measure': 4, 'barrier': 1}"
test_kernel,629,2,qksvc,6447,4,4,3,12,"{'ry': 8, 'measure': 4, 'barrier': 1}"
test_kernel,629,3,qksvc,6448,4,4,3,12,"{'ry': 8, 'measure': 4, 'barrier': 1}"
test_kernel,629,4,qksvc,6449,4,4,3,12,"{'ry': 8, 'measure': 4, 'barrier': 1}"
test_kernel,629,5,qksvc,6450,4,4,3,12,"{'ry': 8, 'measure': 4, 'barrier': 1}"
test_kernel,629,6,qksvc,6451,4,4,3,12,"{'ry': 8, 'measure': 4, 'barrier': 1}"
test_kernel,629,7,qksvc,6452,4,4,3,12,"{'ry': 8, 'measure': 4, 'barrier': 1}"
test_kernel,629,8,qksvc,6453,4,4,3,12,"{'ry': 8, 'measure': 4, 'barrier': 1}"
test_kernel,629,9,qksvc,6454,4,4,3,12,"{'ry': 8, 'measure': 4, 'barrier': 1}"
test_kernel,630,0,qksvc,6455,4,4,3,12,"{'ry': 8, 'measure': 4, 'barrier': 1}"
test_kernel,630,1,qksvc,6456,4,4,3,12,"{'ry': 8, 'measure': 4, 'barrier': 1}"
test_kernel,630,2,qksvc,6457,4,4,3,12,"{'ry': 8, 'measure': 4, 'barrier': 1}"
test_kernel,630,3,qksvc,6458,4,4,3,12,"{'ry': 8, 'measure': 4, 'barrier': 1}"
test_kernel,630,4,qksvc,6459,4,4,3,12,"{'ry': 8, 'measure': 4, 'barrier': 1}"
test_kernel,630,5,qksvc,6460,4,4,3,12,"{'ry': 8, 'measure': 4, 'barrier': 1}"
test_kernel,630,6,qksvc,6461,4,4,3,12,"{'ry': 8, 'measure': 4, 'barrier': 1}"
test_kernel,630,7,qksvc,6462,4,4,3,12,"{'ry': 8, 'measure': 4, 'barrier': 1}"
test_kernel,630,8,qksvc,6463,4,4,3,12,"{'ry': 8, 'measure': 4, 'barrier': 1}"
test_kernel,630,9,qksvc,6464,4,4,3,12,"{'ry': 8, 'measure': 4, 'barrier': 1}"
test_kernel,631,0,qksvc,6465,4,4,3,12,"{'ry': 8, 'measure': 4, 'barrier': 1}"
test_kernel,631,1,qksvc,6466,4,4,3,12,"{'ry': 8, 'measure': 4, 'barrier': 1}"
test_kernel,631,2,qksvc,6467,4,4,3,12,"{'ry': 8, 'measure': 4, 'barrier': 1}"
test_kernel,631,3,qksvc,6468,4,4,3,12,"{'ry': 8, 'measure': 4, 'barrier': 1}"
test_kernel,631,4,qksvc,6469,4,4,3,12,"{'ry': 8, 'measure': 4, 'barrier': 1}"
test_kernel,631,5,qksvc,6470,4,4,3,12,"{'ry': 8, 'measure': 4, 'barrier': 1}"
test_kernel,631,6,qksvc,6471,4,4,3,12,"{'ry': 8, 'measure': 4, 'barrier': 1}"
test_kernel,631,7,qksvc,6472,4,4,3,12,"{'ry': 8, 'measure': 4, 'barrier': 1}"
test_kernel,631,8,qksvc,6473,4,4,3,12,"{'ry': 8, 'measure': 4, 'barrier': 1}"
test_kernel,631,9,qksvc,6474,4,4,3,12,"{'ry': 8, 'measure': 4, 'barrier': 1}"
test_kernel,632,0,qksvc,6475,4,4,3,12,"{'ry': 8, 'measure': 4, 'barrier': 1}"
test_kernel,632,1,qksvc,6476,4,4,3,12,"{'ry': 8, 'measure': 4, 'barrier': 1}"
test_kernel,632,2,qksvc,6477,4,4,3,12,"{'ry': 8, 'measure': 4, 'barrier': 1}"
test_kernel,632,3,qksvc,6478,4,4,3,12,"{'ry': 8, 'measure': 4, 'barrier': 1}"
test_kernel,632,4,qksvc,6479,4,4,3,12,"{'ry': 8, 'measure': 4, 'barrier': 1}"
test_kernel,632,5,qksvc,6480,4,4,3,12,"{'ry': 8, 'measure': 4, 'barrier': 1}"
test_kernel,632,6,qksvc,6481,4,4,3,12,"{'ry': 8, 'measure': 4, 'barrier': 1}"
test_kernel,632,7,qksvc,6482,4,4,3,12,"{'ry': 8, 'measure': 4, 'barrier': 1}"
test_kernel,632,8,qksvc,6483,4,4,3,12,"{'ry': 8, 'measure': 4, 'barrier': 1}"
test_kernel,632,9,qksvc,6484,4,4,3,12,"{'ry': 8, 'measure': 4, 'barrier': 1}"
test_kernel,633,0,qksvc,6485,4,4,3,12,"{'ry': 8, 'measure': 4, 'barrier': 1}"
test_kernel,633,1,qksvc,6486,4,4,3,12,"{'ry': 8, 'measure': 4, 'barrier': 1}"
test_kernel,633,2,qksvc,6487,4,4,3,12,"{'ry': 8, 'measure': 4, 'barrier': 1}"
test_kernel,633,3,qksvc,6488,4,4,3,12,"{'ry': 8, 'measure': 4, 'barrier': 1}"
test_kernel,633,4,qksvc,6489,4,4,3,12,"{'ry': 8, 'measure': 4, 'barrier': 1}"
test_kernel,633,5,qksvc,6490,4,4,3,12,"{'ry': 8, 'measure': 4, 'barrier': 1}"
test_kernel,633,6,qksvc,6491,4,4,3,12,"{'ry': 8, 'measure': 4, 'barrier': 1}"
test_kernel,633,7,qksvc,6492,4,4,3,12,"{'ry': 8, 'measure': 4, 'barrier': 1}"
test_kernel,633,8,qksvc,6493,4,4,3,12,"{'ry': 8, 'measure': 4, 'barrier': 1}"
test_kernel,633,9,qksvc,6494,4,4,3,12,"{'ry': 8, 'measure': 4, 'barrier': 1}"
test_kernel,634,0,qksvc,6495,4,4,3,12,"{'ry': 8, 'measure': 4, 'barrier': 1}"
test_kernel,634,1,qksvc,6496,4,4,3,12,"{'ry': 8, 'measure': 4, 'barrier': 1}"
test_kernel,634,2,qksvc,6497,4,4,3,12,"{'ry': 8, 'measure': 4, 'barrier': 1}"
test_kernel,634,3,qksvc,6498,4,4,3,12,"{'ry': 8, 'measure': 4, 'barrier': 1}"
test_kernel,634,4,qksvc,6499,4,4,3,12,"{'ry': 8, 'measure': 4, 'barrier': 1}"
test_kernel,634,5,qksvc,6500,4,4,3,12,"{'ry': 8, 'measure': 4, 'barrier': 1}"
test_kernel,634,6,qksvc,6501,4,4,3,12,"{'ry': 8, 'measure': 4, 'barrier': 1}"
test_kernel,634,7,qksvc,6502,4,4,3,12,"{'ry': 8, 'measure': 4, 'barrier': 1}"
test_kernel,634,8,qksvc,6503,4,4,3,12,"{'ry': 8, 'measure': 4, 'barrier': 1}"
test_kernel,634,9,qksvc,6504,4,4,3,12,"{'ry': 8, 'measure': 4, 'barrier': 1}"
test_kernel,635,0,qksvc,6505,4,4,3,12,"{'ry': 8, 'measure': 4, 'barrier': 1}"
test_kernel,635,1,qksvc,6506,4,4,3,12,"{'ry': 8, 'measure': 4, 'barrier': 1}"
test_kernel,635,2,qksvc,6507,4,4,3,12,"{'ry': 8, 'measure': 4, 'barrier': 1}"
test_kernel,635,3,qksvc,6508,4,4,3,12,"{'ry': 8, 'measure': 4, 'barrier': 1}"
test_kernel,635,4,qksvc,6509,4,4,3,12,"{'ry': 8, 'measure': 4, 'barrier': 1}"
test_kernel,635,5,qksvc,6510,4,4,3,12,"{'ry': 8, 'measure': 4, 'barrier': 1}"
test_kernel,635,6,qksvc,6511,4,4,3,12,"{'ry': 8, 'measure': 4, 'barrier': 1}"
test_kernel,635,7,qksvc,6512,4,4,3,12,"{'ry': 8, 'measure': 4, 'barrier': 1}"
test_kernel,635,8,qksvc,6513,4,4,3,12,"{'ry': 8, 'measure': 4, 'barrier': 1}"
test_kernel,635,9,qksvc,6514,4,4,3,12,"{'ry': 8, 'measure': 4, 'barrier': 1}"
test_kernel,636,0,qksvc,6515,4,4,3,12,"{'ry': 8, 'measure': 4, 'barrier': 1}"
test_kernel,636,1,qksvc,6516,4,4,3,12,"{'ry': 8, 'measure': 4, 'barrier': 1}"
test_kernel,636,2,qksvc,6517,4,4,3,12,"{'ry': 8, 'measure': 4, 'barrier': 1}"
test_kernel,636,3,qksvc,6518,4,4,3,12,"{'ry': 8, 'measure': 4, 'barrier': 1}"
test_kernel,636,4,qksvc,6519,4,4,3,12,"{'ry': 8, 'measure': 4, 'barrier': 1}"
test_kernel,636,5,qksvc,6520,4,4,3,12,"{'ry': 8, 'measure': 4, 'barrier': 1}"
test_kernel,636,6,qksvc,6521,4,4,3,12,"{'ry': 8, 'measure': 4, 'barrier': 1}"
test_kernel,636,7,qksvc,6522,4,4,3,12,"{'ry': 8, 'measure': 4, 'barrier': 1}"
test_kernel,636,8,qksvc,6523,4,4,3,12,"{'ry': 8, 'measure': 4, 'barrier': 1}"
test_kernel,636,9,qksvc,6524,4,4,3,12,"{'ry': 8, 'measure': 4, 'barrier': 1}"
test_kernel,637,0,qksvc,6525,4,4,3,12,"{'ry': 8, 'measure': 4, 'barrier': 1}"
test_kernel,637,1,qksvc,6526,4,4,3,12,"{'ry': 8, 'measure': 4, 'barrier': 1}"
test_kernel,637,2,qksvc,6527,4,4,3,12,"{'ry': 8, 'measure': 4, 'barrier': 1}"
test_kernel,637,3,qksvc,6528,4,4,3,12,"{'ry': 8, 'measure': 4, 'barrier': 1}"
test_kernel,637,4,qksvc,6529,4,4,3,12,"{'ry': 8, 'measure': 4, 'barrier': 1}"
test_kernel,637,5,qksvc,6530,4,4,3,12,"{'ry': 8, 'measure': 4, 'barrier': 1}"
test_kernel,637,6,qksvc,6531,4,4,3,12,"{'ry': 8, 'measure': 4, 'barrier': 1}"
test_kernel,637,7,qksvc,6532,4,4,3,12,"{'ry': 8, 'measure': 4, 'barrier': 1}"
test_kernel,637,8,qksvc,6533,4,4,3,12,"{'ry': 8, 'measure': 4, 'barrier': 1}"
test_kernel,637,9,qksvc,6534,4,4,3,12,"{'ry': 8, 'measure': 4, 'barrier': 1}"
test_kernel,638,0,qksvc,6535,4,4,3,12,"{'ry': 8, 'measure': 4, 'barrier': 1}"
test_kernel,638,1,qksvc,6536,4,4,3,12,"{'ry': 8, 'measure': 4, 'barrier': 1}"
test_kernel,638,2,qksvc,6537,4,4,3,12,"{'ry': 8, 'measure': 4, 'barrier': 1}"
test_kernel,638,3,qksvc,6538,4,4,3,12,"{'ry': 8, 'measure': 4, 'barrier': 1}"
test_kernel,638,4,qksvc,6539,4,4,3,12,"{'ry': 8, 'measure': 4, 'barrier': 1}"
test_kernel,638,5,qksvc,6540,4,4,3,12,"{'ry': 8, 'measure': 4, 'barrier': 1}"
test_kernel,638,6,qksvc,6541,4,4,3,12,"{'ry': 8, 'measure': 4, 'barrier': 1}"
test_kernel,638,7,qksvc,6542,4,4,3,12,"{'ry': 8, 'measure': 4, 'barrier': 1}"
test_kernel,638,8,qksvc,6543,4,4,3,12,"{'ry': 8, 'measure': 4, 'barrier': 1}"
test_kernel,638,9,qksvc,6544,4,4,3,12,"{'ry': 8, 'measure': 4, 'barrier': 1}"
test_kernel,639,0,qksvc,6545,4,4,3,12,"{'ry': 8, 'measure': 4, 'barrier': 1}"
test_kernel,639,1,qksvc,6546,4,4,3,12,"{'ry': 8, 'measure': 4, 'barrier': 1}"
test_kernel,639,2,qksvc,6547,4,4,3,12,"{'ry': 8, 'measure': 4, 'barrier': 1}"
test_kernel,639,3,qksvc,6548,4,4,3,12,"{'ry': 8, 'measure': 4, 'barrier': 1}"
test_kernel,639,4,qksvc,6549,4,4,3,12,"{'ry': 8, 'measure': 4, 'barrier': 1}"
test_kernel,639,5,qksvc,6550,4,4,3,12,"{'ry': 8, 'measure': 4, 'barrier': 1}"
test_kernel,639,6,qksvc,6551,4,4,3,12,"{'ry': 8, 'measure': 4, 'barrier': 1}"
test_kernel,639,7,qksvc,6552,4,4,3,12,"{'ry': 8, 'measure': 4, 'barrier': 1}"
test_kernel,639,8,qksvc,6553,4,4,3,12,"{'ry': 8, 'measure': 4, 'barrier': 1}"
test_kernel,639,9,qksvc,6554,4,4,3,12,"{'ry': 8, 'measure': 4, 'barrier': 1}"
test_kernel,640,0,qksvc,6555,4,4,3,12,"{'ry': 8, 'measure': 4, 'barrier': 1}"
test_kernel,640,1,qksvc,6556,4,4,3,12,"{'ry': 8, 'measure': 4, 'barrier': 1}"
test_kernel,640,2,qksvc,6557,4,4,3,12,"{'ry': 8, 'measure': 4, 'barrier': 1}"
test_kernel,640,3,qksvc,6558,4,4,3,12,"{'ry': 8, 'measure': 4, 'barrier': 1}"
test_kernel,640,4,qksvc,6559,4,4,3,12,"{'ry': 8, 'measure': 4, 'barrier': 1}"
test_kernel,640,5,qksvc,6560,4,4,3,12,"{'ry': 8, 'measure': 4, 'barrier': 1}"
test_kernel,640,6,qksvc,6561,4,4,3,12,"{'ry': 8, 'measure': 4, 'barrier': 1}"
test_kernel,640,7,qksvc,6562,4,4,3,12,"{'ry': 8, 'measure': 4, 'barrier': 1}"
test_kernel,640,8,qksvc,6563,4,4,3,12,"{'ry': 8, 'measure': 4, 'barrier': 1}"
test_kernel,640,9,qksvc,6564,4,4,3,12,"{'ry': 8, 'measure': 4, 'barrier': 1}"
test_kernel,641,0,qksvc,6565,4,4,3,12,"{'ry': 8, 'measure': 4, 'barrier': 1}"
test_kernel,641,1,qksvc,6566,4,4,3,12,"{'ry': 8, 'measure': 4, 'barrier': 1}"
test_kernel,641,2,qksvc,6567,4,4,3,12,"{'ry': 8, 'measure': 4, 'barrier': 1}"
test_kernel,641,3,qksvc,6568,4,4,3,12,"{'ry': 8, 'measure': 4, 'barrier': 1}"
test_kernel,641,4,qksvc,6569,4,4,3,12,"{'ry': 8, 'measure': 4, 'barrier': 1}"
test_kernel,641,5,qksvc,6570,4,4,3,12,"{'ry': 8, 'measure': 4, 'barrier': 1}"
test_kernel,641,6,qksvc,6571,4,4,3,12,"{'ry': 8, 'measure': 4, 'barrier': 1}"
test_kernel,641,7,qksvc,6572,4,4,3,12,"{'ry': 8, 'measure': 4, 'barrier': 1}"
test_kernel,641,8,qksvc,6573,4,4,3,12,"{'ry': 8, 'measure': 4, 'barrier': 1}"
test_kernel,641,9,qksvc,6574,4,4,3,12,"{'ry': 8, 'measure': 4, 'barrier': 1}"
test_kernel,642,0,qksvc,6575,4,4,3,12,"{'ry': 8, 'measure': 4, 'barrier': 1}"
test_kernel,642,1,qksvc,6576,4,4,3,12,"{'ry': 8, 'measure': 4, 'barrier': 1}"
test_kernel,642,2,qksvc,6577,4,4,3,12,"{'ry': 8, 'measure': 4, 'barrier': 1}"
test_kernel,642,3,qksvc,6578,4,4,3,12,"{'ry': 8, 'measure': 4, 'barrier': 1}"
test_kernel,642,4,qksvc,6579,4,4,3,12,"{'ry': 8, 'measure': 4, 'barrier': 1}"
test_kernel,642,5,qksvc,6580,4,4,3,12,"{'ry': 8, 'measure': 4, 'barrier': 1}"
test_kernel,642,6,qksvc,6581,4,4,3,12,"{'ry': 8, 'measure': 4, 'barrier': 1}"
test_kernel,642,7,qksvc,6582,4,4,3,12,"{'ry': 8, 'measure': 4, 'barrier': 1}"
test_kernel,642,8,qksvc,6583,4,4,3,12,"{'ry': 8, 'measure': 4, 'barrier': 1}"
test_kernel,642,9,qksvc,6584,4,4,3,12,"{'ry': 8, 'measure': 4, 'barrier': 1}"
test_kernel,643,0,qksvc,6585,4,4,3,12,"{'ry': 8, 'measure': 4, 'barrier': 1}"
test_kernel,643,1,qksvc,6586,4,4,3,12,"{'ry': 8, 'measure': 4, 'barrier': 1}"
test_kernel,643,2,qksvc,6587,4,4,3,12,"{'ry': 8, 'measure': 4, 'barrier': 1}"
test_kernel,643,3,qksvc,6588,4,4,3,12,"{'ry': 8, 'measure': 4, 'barrier': 1}"
test_kernel,643,4,qksvc,6589,4,4,3,12,"{'ry': 8, 'measure': 4, 'barrier': 1}"
test_kernel,643,5,qksvc,6590,4,4,3,12,"{'ry': 8, 'measure': 4, 'barrier': 1}"
test_kernel,643,6,qksvc,6591,4,4,3,12,"{'ry': 8, 'measure': 4, 'barrier': 1}"
test_kernel,643,7,qksvc,6592,4,4,3,12,"{'ry': 8, 'measure': 4, 'barrier': 1}"
test_kernel,643,8,qksvc,6593,4,4,3,12,"{'ry': 8, 'measure': 4, 'barrier': 1}"
test_kernel,643,9,qksvc,6594,4,4,3,12,"{'ry': 8, 'measure': 4, 'barrier': 1}"
test_kernel,644,0,qksvc,6595,4,4,3,12,"{'ry': 8, 'measure': 4, 'barrier': 1}"
test_kernel,644,1,qksvc,6596,4,4,3,12,"{'ry': 8, 'measure': 4, 'barrier': 1}"
test_kernel,644,2,qksvc,6597,4,4,3,12,"{'ry': 8, 'measure': 4, 'barrier': 1}"
test_kernel,644,3,qksvc,6598,4,4,3,12,"{'ry': 8, 'measure': 4, 'barrier': 1}"
test_kernel,644,4,qksvc,6599,4,4,3,12,"{'ry': 8, 'measure': 4, 'barrier': 1}"
test_kernel,644,5,qksvc,6600,4,4,3,12,"{'ry': 8, 'measure': 4, 'barrier': 1}"
test_kernel,644,6,qksvc,6601,4,4,3,12,"{'ry': 8, 'measure': 4, 'barrier': 1}"
test_kernel,644,7,qksvc,6602,4,4,3,12,"{'ry': 8, 'measure': 4, 'barrier': 1}"
test_kernel,644,8,qksvc,6603,4,4,3,12,"{'ry': 8, 'measure': 4, 'barrier': 1}"
test_kernel,644,9,qksvc,6604,4,4,3,12,"{'ry': 8, 'measure': 4, 'barrier': 1}"
test_kernel,645,0,qksvc,6605,4,4,3,12,"{'ry': 8, 'measure': 4, 'barrier': 1}"
test_kernel,645,1,qksvc,6606,4,4,3,12,"{'ry': 8, 'measure': 4, 'barrier': 1}"
test_kernel,645,2,qksvc,6607,4,4,3,12,"{'ry': 8, 'measure': 4, 'barrier': 1}"
test_kernel,645,3,qksvc,6608,4,4,3,12,"{'ry': 8, 'measure': 4, 'barrier': 1}"
test_kernel,645,4,qksvc,6609,4,4,3,12,"{'ry': 8, 'measure': 4, 'barrier': 1}"
test_kernel,645,5,qksvc,6610,4,4,3,12,"{'ry': 8, 'measure': 4, 'barrier': 1}"
test_kernel,645,6,qksvc,6611,4,4,3,12,"{'ry': 8, 'measure': 4, 'barrier': 1}"
test_kernel,645,7,qksvc,6612,4,4,3,12,"{'ry': 8, 'measure': 4, 'barrier': 1}"
test_kernel,645,8,qksvc,6613,4,4,3,12,"{'ry': 8, 'measure': 4, 'barrier': 1}"
test_kernel,645,9,qksvc,6614,4,4,3,12,"{'ry': 8, 'measure': 4, 'barrier': 1}"
test_kernel,646,0,qksvc,6615,4,4,3,12,"{'ry': 8, 'measure': 4, 'barrier': 1}"
test_kernel,646,1,qksvc,6616,4,4,3,12,"{'ry': 8, 'measure': 4, 'barrier': 1}"
test_kernel,646,2,qksvc,6617,4,4,3,12,"{'ry': 8, 'measure': 4, 'barrier': 1}"
test_kernel,646,3,qksvc,6618,4,4,3,12,"{'ry': 8, 'measure': 4, 'barrier': 1}"
test_kernel,646,4,qksvc,6619,4,4,3,12,"{'ry': 8, 'measure': 4, 'barrier': 1}"
test_kernel,646,5,qksvc,6620,4,4,3,12,"{'ry': 8, 'measure': 4, 'barrier': 1}"
test_kernel,646,6,qksvc,6621,4,4,3,12,"{'ry': 8, 'measure': 4, 'barrier': 1}"
test_kernel,646,7,qksvc,6622,4,4,3,12,"{'ry': 8, 'measure': 4, 'barrier': 1}"
test_kernel,646,8,qksvc,6623,4,4,3,12,"{'ry': 8, 'measure': 4, 'barrier': 1}"
test_kernel,646,9,qksvc,6624,4,4,3,12,"{'ry': 8, 'measure': 4, 'barrier': 1}"
test_kernel,647,0,qksvc,6625,4,4,3,12,"{'ry': 8, 'measure': 4, 'barrier': 1}"
test_kernel,647,1,qksvc,6626,4,4,3,12,"{'ry': 8, 'measure': 4, 'barrier': 1}"
test_kernel,647,2,qksvc,6627,4,4,3,12,"{'ry': 8, 'measure': 4, 'barrier': 1}"
test_kernel,647,3,qksvc,6628,4,4,3,12,"{'ry': 8, 'measure': 4, 'barrier': 1}"
test_kernel,647,4,qksvc,6629,4,4,3,12,"{'ry': 8, 'measure': 4, 'barrier': 1}"
test_kernel,647,5,qksvc,6630,4,4,3,12,"{'ry': 8, 'measure': 4, 'barrier': 1}"
test_kernel,647,6,qksvc,6631,4,4,3,12,"{'ry': 8, 'measure': 4, 'barrier': 1}"
test_kernel,647,7,qksvc,6632,4,4,3,12,"{'ry': 8, 'measure': 4, 'barrier': 1}"
test_kernel,647,8,qksvc,6633,4,4,3,12,"{'ry': 8, 'measure': 4, 'barrier': 1}"
test_kernel,647,9,qksvc,6634,4,4,3,12,"{'ry': 8, 'measure': 4, 'barrier': 1}"
test_kernel,648,0,qksvc,6635,4,4,3,12,"{'ry': 8, 'measure': 4, 'barrier': 1}"
test_kernel,648,1,qksvc,6636,4,4,3,12,"{'ry': 8, 'measure': 4, 'barrier': 1}"
test_kernel,648,2,qksvc,6637,4,4,3,12,"{'ry': 8, 'measure': 4, 'barrier': 1}"
test_kernel,648,3,qksvc,6638,4,4,3,12,"{'ry': 8, 'measure': 4, 'barrier': 1}"
test_kernel,648,4,qksvc,6639,4,4,3,12,"{'ry': 8, 'measure': 4, 'barrier': 1}"
test_kernel,648,5,qksvc,6640,4,4,3,12,"{'ry': 8, 'measure': 4, 'barrier': 1}"
test_kernel,648,6,qksvc,6641,4,4,3,12,"{'ry': 8, 'measure': 4, 'barrier': 1}"
test_kernel,648,7,qksvc,6642,4,4,3,12,"{'ry': 8, 'measure': 4, 'barrier': 1}"
test_kernel,648,8,qksvc,6643,4,4,3,12,"{'ry': 8, 'measure': 4, 'barrier': 1}"
test_kernel,648,9,qksvc,6644,4,4,3,12,"{'ry': 8, 'measure': 4, 'barrier': 1}"
test_kernel,649,0,qksvc,6645,4,4,3,12,"{'ry': 8, 'measure': 4, 'barrier': 1}"
test_kernel,649,1,qksvc,6646,4,4,3,12,"{'ry': 8, 'measure': 4, 'barrier': 1}"
test_kernel,649,2,qksvc,6647,4,4,3,12,"{'ry': 8, 'measure': 4, 'barrier': 1}"
test_kernel,649,3,qksvc,6648,4,4,3,12,"{'ry': 8, 'measure': 4, 'barrier': 1}"
test_kernel,649,4,qksvc,6649,4,4,3,12,"{'ry': 8, 'measure': 4, 'barrier': 1}"
test_kernel,649,5,qksvc,6650,4,4,3,12,"{'ry': 8, 'measure': 4, 'barrier': 1}"
test_kernel,649,6,qksvc,6651,4,4,3,12,"{'ry': 8, 'measure': 4, 'barrier': 1}"
test_kernel,649,7,qksvc,6652,4,4,3,12,"{'ry': 8, 'measure': 4, 'barrier': 1}"
test_kernel,649,8,qksvc,6653,4,4,3,12,"{'ry': 8, 'measure': 4, 'barrier': 1}"
test_kernel,649,9,qksvc,6654,4,4,3,12,"{'ry': 8, 'measure': 4, 'barrier': 1}"
test_kernel,650,0,qksvc,6655,4,4,3,12,"{'ry': 8, 'measure': 4, 'barrier': 1}"
test_kernel,650,1,qksvc,6656,4,4,3,12,"{'ry': 8, 'measure': 4, 'barrier': 1}"
test_kernel,650,2,qksvc,6657,4,4,3,12,"{'ry': 8, 'measure': 4, 'barrier': 1}"
test_kernel,650,3,qksvc,6658,4,4,3,12,"{'ry': 8, 'measure': 4, 'barrier': 1}"
test_kernel,650,4,qksvc,6659,4,4,3,12,"{'ry': 8, 'measure': 4, 'barrier': 1}"
test_kernel,650,5,qksvc,6660,4,4,3,12,"{'ry': 8, 'measure': 4, 'barrier': 1}"
test_kernel,650,6,qksvc,6661,4,4,3,12,"{'ry': 8, 'measure': 4, 'barrier': 1}"
test_kernel,650,7,qksvc,6662,4,4,3,12,"{'ry': 8, 'measure': 4, 'barrier': 1}"
test_kernel,650,8,qksvc,6663,4,4,3,12,"{'ry': 8, 'measure': 4, 'barrier': 1}"
test_kernel,650,9,qksvc,6664,4,4,3,12,"{'ry': 8, 'measure': 4, 'barrier': 1}"
test_kernel,651,0,qksvc,6665,4,4,3,12,"{'ry': 8, 'measure': 4, 'barrier': 1}"
test_kernel,651,1,qksvc,6666,4,4,3,12,"{'ry': 8, 'measure': 4, 'barrier': 1}"
test_kernel,651,2,qksvc,6667,4,4,3,12,"{'ry': 8, 'measure': 4, 'barrier': 1}"
test_kernel,651,3,qksvc,6668,4,4,3,12,"{'ry': 8, 'measure': 4, 'barrier': 1}"
test_kernel,651,4,qksvc,6669,4,4,3,12,"{'ry': 8, 'measure': 4, 'barrier': 1}"
test_kernel,651,5,qksvc,6670,4,4,3,12,"{'ry': 8, 'measure': 4, 'barrier': 1}"
test_kernel,651,6,qksvc,6671,4,4,3,12,"{'ry': 8, 'measure': 4, 'barrier': 1}"
test_kernel,651,7,qksvc,6672,4,4,3,12,"{'ry': 8, 'measure': 4, 'barrier': 1}"
test_kernel,651,8,qksvc,6673,4,4,3,12,"{'ry': 8, 'measure': 4, 'barrier': 1}"
test_kernel,651,9,qksvc,6674,4,4,3,12,"{'ry': 8, 'measure': 4, 'barrier': 1}"
test_kernel,652,0,qksvc,6675,4,4,3,12,"{'ry': 8, 'measure': 4, 'barrier': 1}"
test_kernel,652,1,qksvc,6676,4,4,3,12,"{'ry': 8, 'measure': 4, 'barrier': 1}"
test_kernel,652,2,qksvc,6677,4,4,3,12,"{'ry': 8, 'measure': 4, 'barrier': 1}"
test_kernel,652,3,qksvc,6678,4,4,3,12,"{'ry': 8, 'measure': 4, 'barrier': 1}"
test_kernel,652,4,qksvc,6679,4,4,3,12,"{'ry': 8, 'measure': 4, 'barrier': 1}"
test_kernel,652,5,qksvc,6680,4,4,3,12,"{'ry': 8, 'measure': 4, 'barrier': 1}"
test_kernel,652,6,qksvc,6681,4,4,3,12,"{'ry': 8, 'measure': 4, 'barrier': 1}"
test_kernel,652,7,qksvc,6682,4,4,3,12,"{'ry': 8, 'measure': 4, 'barrier': 1}"
test_kernel,652,8,qksvc,6683,4,4,3,12,"{'ry': 8, 'measure': 4, 'barrier': 1}"
test_kernel,652,9,qksvc,6684,4,4,3,12,"{'ry': 8, 'measure': 4, 'barrier': 1}"
test_kernel,653,0,qksvc,6685,4,4,3,12,"{'ry': 8, 'measure': 4, 'barrier': 1}"
test_kernel,653,1,qksvc,6686,4,4,3,12,"{'ry': 8, 'measure': 4, 'barrier': 1}"
test_kernel,653,2,qksvc,6687,4,4,3,12,"{'ry': 8, 'measure': 4, 'barrier': 1}"
test_kernel,653,3,qksvc,6688,4,4,3,12,"{'ry': 8, 'measure': 4, 'barrier': 1}"
test_kernel,653,4,qksvc,6689,4,4,3,12,"{'ry': 8, 'measure': 4, 'barrier': 1}"
test_kernel,653,5,qksvc,6690,4,4,3,12,"{'ry': 8, 'measure': 4, 'barrier': 1}"
test_kernel,653,6,qksvc,6691,4,4,3,12,"{'ry': 8, 'measure': 4, 'barrier': 1}"
test_kernel,653,7,qksvc,6692,4,4,3,12,"{'ry': 8, 'measure': 4, 'barrier': 1}"
test_kernel,653,8,qksvc,6693,4,4,3,12,"{'ry': 8, 'measure': 4, 'barrier': 1}"
test_kernel,653,9,qksvc,6694,4,4,3,12,"{'ry': 8, 'measure': 4, 'barrier': 1}"
test_kernel,654,0,qksvc,6695,4,4,3,12,"{'ry': 8, 'measure': 4, 'barrier': 1}"
test_kernel,654,1,qksvc,6696,4,4,3,12,"{'ry': 8, 'measure': 4, 'barrier': 1}"
test_kernel,654,2,qksvc,6697,4,4,3,12,"{'ry': 8, 'measure': 4, 'barrier': 1}"
test_kernel,654,3,qksvc,6698,4,4,3,12,"{'ry': 8, 'measure': 4, 'barrier': 1}"
test_kernel,654,4,qksvc,6699,4,4,3,12,"{'ry': 8, 'measure': 4, 'barrier': 1}"
test_kernel,654,5,qksvc,6700,4,4,3,12,"{'ry': 8, 'measure': 4, 'barrier': 1}"
test_kernel,654,6,qksvc,6701,4,4,3,12,"{'ry': 8, 'measure': 4, 'barrier': 1}"
test_kernel,654,7,qksvc,6702,4,4,3,12,"{'ry': 8, 'measure': 4, 'barrier': 1}"
test_kernel,654,8,qksvc,6703,4,4,3,12,"{'ry': 8, 'measure': 4, 'barrier': 1}"
test_kernel,654,9,qksvc,6704,4,4,3,12,"{'ry': 8, 'measure': 4, 'barrier': 1}"
test_kernel,655,0,qksvc,6705,4,4,3,12,"{'ry': 8, 'measure': 4, 'barrier': 1}"
test_kernel,655,1,qksvc,6706,4,4,3,12,"{'ry': 8, 'measure': 4, 'barrier': 1}"
test_kernel,655,2,qksvc,6707,4,4,3,12,"{'ry': 8, 'measure': 4, 'barrier': 1}"
test_kernel,655,3,qksvc,6708,4,4,3,12,"{'ry': 8, 'measure': 4, 'barrier': 1}"
test_kernel,655,4,qksvc,6709,4,4,3,12,"{'ry': 8, 'measure': 4, 'barrier': 1}"
test_kernel,655,5,qksvc,6710,4,4,3,12,"{'ry': 8, 'measure': 4, 'barrier': 1}"
test_kernel,655,6,qksvc,6711,4,4,3,12,"{'ry': 8, 'measure': 4, 'barrier': 1}"
test_kernel,655,7,qksvc,6712,4,4,3,12,"{'ry': 8, 'measure': 4, 'barrier': 1}"
test_kernel,655,8,qksvc,6713,4,4,3,12,"{'ry': 8, 'measure': 4, 'barrier': 1}"
test_kernel,655,9,qksvc,6714,4,4,3,12,"{'ry': 8, 'measure': 4, 'barrier': 1}"
test_kernel,656,0,qksvc,6715,4,4,3,12,"{'ry': 8, 'measure': 4, 'barrier': 1}"
test_kernel,656,1,qksvc,6716,4,4,3,12,"{'ry': 8, 'measure': 4, 'barrier': 1}"
test_kernel,656,2,qksvc,6717,4,4,3,12,"{'ry': 8, 'measure': 4, 'barrier': 1}"
test_kernel,656,3,qksvc,6718,4,4,3,12,"{'ry': 8, 'measure': 4, 'barrier': 1}"
test_kernel,656,4,qksvc,6719,4,4,3,12,"{'ry': 8, 'measure': 4, 'barrier': 1}"
test_kernel,656,5,qksvc,6720,4,4,3,12,"{'ry': 8, 'measure': 4, 'barrier': 1}"
test_kernel,656,6,qksvc,6721,4,4,3,12,"{'ry': 8, 'measure': 4, 'barrier': 1}"
test_kernel,656,7,qksvc,6722,4,4,3,12,"{'ry': 8, 'measure': 4, 'barrier': 1}"
test_kernel,656,8,qksvc,6723,4,4,3,12,"{'ry': 8, 'measure': 4, 'barrier': 1}"
test_kernel,656,9,qksvc,6724,4,4,3,12,"{'ry': 8, 'measure': 4, 'barrier': 1}"
test_kernel,657,0,qksvc,6725,4,4,3,12,"{'ry': 8, 'measure': 4, 'barrier': 1}"
test_kernel,657,1,qksvc,6726,4,4,3,12,"{'ry': 8, 'measure': 4, 'barrier': 1}"
test_kernel,657,2,qksvc,6727,4,4,3,12,"{'ry': 8, 'measure': 4, 'barrier': 1}"
test_kernel,657,3,qksvc,6728,4,4,3,12,"{'ry': 8, 'measure': 4, 'barrier': 1}"
test_kernel,657,4,qksvc,6729,4,4,3,12,"{'ry': 8, 'measure': 4, 'barrier': 1}"
test_kernel,657,5,qksvc,6730,4,4,3,12,"{'ry': 8, 'measure': 4, 'barrier': 1}"
test_kernel,657,6,qksvc,6731,4,4,3,12,"{'ry': 8, 'measure': 4, 'barrier': 1}"
test_kernel,657,7,qksvc,6732,4,4,3,12,"{'ry': 8, 'measure': 4, 'barrier': 1}"
test_kernel,657,8,qksvc,6733,4,4,3,12,"{'ry': 8, 'measure': 4, 'barrier': 1}"
test_kernel,657,9,qksvc,6734,4,4,3,12,"{'ry': 8, 'measure': 4, 'barrier': 1}"
test_kernel,658,0,qksvc,6735,4,4,3,12,"{'ry': 8, 'measure': 4, 'barrier': 1}"
test_kernel,658,1,qksvc,6736,4,4,3,12,"{'ry': 8, 'measure': 4, 'barrier': 1}"
test_kernel,658,2,qksvc,6737,4,4,3,12,"{'ry': 8, 'measure': 4, 'barrier': 1}"
test_kernel,658,3,qksvc,6738,4,4,3,12,"{'ry': 8, 'measure': 4, 'barrier': 1}"
test_kernel,658,4,qksvc,6739,4,4,3,12,"{'ry': 8, 'measure': 4, 'barrier': 1}"
test_kernel,658,5,qksvc,6740,4,4,3,12,"{'ry': 8, 'measure': 4, 'barrier': 1}"
test_kernel,658,6,qksvc,6741,4,4,3,12,"{'ry': 8, 'measure': 4, 'barrier': 1}"
test_kernel,658,7,qksvc,6742,4,4,3,12,"{'ry': 8, 'measure': 4, 'barrier': 1}"
test_kernel,658,8,qksvc,6743,4,4,3,12,"{'ry': 8, 'measure': 4, 'barrier': 1}"
test_kernel,658,9,qksvc,6744,4,4,3,12,"{'ry': 8, 'measure': 4, 'barrier': 1}"
test_kernel,659,0,qksvc,6745,4,4,3,12,"{'ry': 8, 'measure': 4, 'barrier': 1}"
test_kernel,659,1,qksvc,6746,4,4,3,12,"{'ry': 8, 'measure': 4, 'barrier': 1}"
test_kernel,659,2,qksvc,6747,4,4,3,12,"{'ry': 8, 'measure': 4, 'barrier': 1}"
test_kernel,659,3,qksvc,6748,4,4,3,12,"{'ry': 8, 'measure': 4, 'barrier': 1}"
test_kernel,659,4,qksvc,6749,4,4,3,12,"{'ry': 8, 'measure': 4, 'barrier': 1}"
test_kernel,659,5,qksvc,6750,4,4,3,12,"{'ry': 8, 'measure': 4, 'barrier': 1}"
test_kernel,659,6,qksvc,6751,4,4,3,12,"{'ry': 8, 'measure': 4, 'barrier': 1}"
test_kernel,659,7,qksvc,6752,4,4,3,12,"{'ry': 8, 'measure': 4, 'barrier': 1}"
test_kernel,659,8,qksvc,6753,4,4,3,12,"{'ry': 8, 'measure': 4, 'barrier': 1}"
test_kernel,659,9,qksvc,6754,4,4,3,12,"{'ry': 8, 'measure': 4, 'barrier': 1}"
test_kernel,660,0,qksvc,6755,4,4,3,12,"{'ry': 8, 'measure': 4, 'barrier': 1}"
test_kernel,660,1,qksvc,6756,4,4,3,12,"{'ry': 8, 'measure': 4, 'barrier': 1}"
test_kernel,660,2,qksvc,6757,4,4,3,12,"{'ry': 8, 'measure': 4, 'barrier': 1}"
test_kernel,660,3,qksvc,6758,4,4,3,12,"{'ry': 8, 'measure': 4, 'barrier': 1}"
test_kernel,660,4,qksvc,6759,4,4,3,12,"{'ry': 8, 'measure': 4, 'barrier': 1}"
test_kernel,660,5,qksvc,6760,4,4,3,12,"{'ry': 8, 'measure': 4, 'barrier': 1}"
test_kernel,660,6,qksvc,6761,4,4,3,12,"{'ry': 8, 'measure': 4, 'barrier': 1}"
test_kernel,660,7,qksvc,6762,4,4,3,12,"{'ry': 8, 'measure': 4, 'barrier': 1}"
test_kernel,660,8,qksvc,6763,4,4,3,12,"{'ry': 8, 'measure': 4, 'barrier': 1}"
test_kernel,660,9,qksvc,6764,4,4,3,12,"{'ry': 8, 'measure': 4, 'barrier': 1}"
test_kernel,661,0,qksvc,6765,4,4,3,12,"{'ry': 8, 'measure': 4, 'barrier': 1}"
test_kernel,661,1,qksvc,6766,4,4,3,12,"{'ry': 8, 'measure': 4, 'barrier': 1}"
test_kernel,661,2,qksvc,6767,4,4,3,12,"{'ry': 8, 'measure': 4, 'barrier': 1}"
test_kernel,661,3,qksvc,6768,4,4,3,12,"{'ry': 8, 'measure': 4, 'barrier': 1}"
test_kernel,661,4,qksvc,6769,4,4,3,12,"{'ry': 8, 'measure': 4, 'barrier': 1}"
test_kernel,661,5,qksvc,6770,4,4,3,12,"{'ry': 8, 'measure': 4, 'barrier': 1}"
test_kernel,661,6,qksvc,6771,4,4,3,12,"{'ry': 8, 'measure': 4, 'barrier': 1}"
test_kernel,661,7,qksvc,6772,4,4,3,12,"{'ry': 8, 'measure': 4, 'barrier': 1}"
test_kernel,661,8,qksvc,6773,4,4,3,12,"{'ry': 8, 'measure': 4, 'barrier': 1}"
test_kernel,661,9,qksvc,6774,4,4,3,12,"{'ry': 8, 'measure': 4, 'barrier': 1}"
test_kernel,662,0,qksvc,6775,4,4,3,12,"{'ry': 8, 'measure': 4, 'barrier': 1}"
test_kernel,662,1,qksvc,6776,4,4,3,12,"{'ry': 8, 'measure': 4, 'barrier': 1}"
test_kernel,662,2,qksvc,6777,4,4,3,12,"{'ry': 8, 'measure': 4, 'barrier': 1}"
test_kernel,662,3,qksvc,6778,4,4,3,12,"{'ry': 8, 'measure': 4, 'barrier': 1}"
test_kernel,662,4,qksvc,6779,4,4,3,12,"{'ry': 8, 'measure': 4, 'barrier': 1}"
test_kernel,662,5,qksvc,6780,4,4,3,12,"{'ry': 8, 'measure': 4, 'barrier': 1}"
test_kernel,662,6,qksvc,6781,4,4,3,12,"{'ry': 8, 'measure': 4, 'barrier': 1}"
test_kernel,662,7,qksvc,6782,4,4,3,12,"{'ry': 8, 'measure': 4, 'barrier': 1}"
test_kernel,662,8,qksvc,6783,4,4,3,12,"{'ry': 8, 'measure': 4, 'barrier': 1}"
test_kernel,662,9,qksvc,6784,4,4,3,12,"{'ry': 8, 'measure': 4, 'barrier': 1}"
test_kernel,663,0,qksvc,6785,4,4,3,12,"{'ry': 8, 'measure': 4, 'barrier': 1}"
test_kernel,663,1,qksvc,6786,4,4,3,12,"{'ry': 8, 'measure': 4, 'barrier': 1}"
test_kernel,663,2,qksvc,6787,4,4,3,12,"{'ry': 8, 'measure': 4, 'barrier': 1}"
test_kernel,663,3,qksvc,6788,4,4,3,12,"{'ry': 8, 'measure': 4, 'barrier': 1}"
test_kernel,663,4,qksvc,6789,4,4,3,12,"{'ry': 8, 'measure': 4, 'barrier': 1}"
test_kernel,663,5,qksvc,6790,4,4,3,12,"{'ry': 8, 'measure': 4, 'barrier': 1}"
test_kernel,663,6,qksvc,6791,4,4,3,12,"{'ry': 8, 'measure': 4, 'barrier': 1}"
test_kernel,663,7,qksvc,6792,4,4,3,12,"{'ry': 8, 'measure': 4, 'barrier': 1}"
test_kernel,663,8,qksvc,6793,4,4,3,12,"{'ry': 8, 'measure': 4, 'barrier': 1}"
test_kernel,663,9,qksvc,6794,4,4,3,12,"{'ry': 8, 'measure': 4, 'barrier': 1}"
test_kernel,664,0,qksvc,6795,4,4,3,12,"{'ry': 8, 'measure': 4, 'barrier': 1}"
test_kernel,664,1,qksvc,6796,4,4,3,12,"{'ry': 8, 'measure': 4, 'barrier': 1}"
test_kernel,664,2,qksvc,6797,4,4,3,12,"{'ry': 8, 'measure': 4, 'barrier': 1}"
test_kernel,664,3,qksvc,6798,4,4,3,12,"{'ry': 8, 'measure': 4, 'barrier': 1}"
test_kernel,664,4,qksvc,6799,4,4,3,12,"{'ry': 8, 'measure': 4, 'barrier': 1}"
test_kernel,664,5,qksvc,6800,4,4,3,12,"{'ry': 8, 'measure': 4, 'barrier': 1}"
test_kernel,664,6,qksvc,6801,4,4,3,12,"{'ry': 8, 'measure': 4, 'barrier': 1}"
test_kernel,664,7,qksvc,6802,4,4,3,12,"{'ry': 8, 'measure': 4, 'barrier': 1}"
test_kernel,664,8,qksvc,6803,4,4,3,12,"{'ry': 8, 'measure': 4, 'barrier': 1}"
test_kernel,664,9,qksvc,6804,4,4,3,12,"{'ry': 8, 'measure': 4, 'barrier': 1}"
test_kernel,665,0,qksvc,6805,4,4,3,12,"{'ry': 8, 'measure': 4, 'barrier': 1}"
test_kernel,665,1,qksvc,6806,4,4,3,12,"{'ry': 8, 'measure': 4, 'barrier': 1}"
test_kernel,665,2,qksvc,6807,4,4,3,12,"{'ry': 8, 'measure': 4, 'barrier': 1}"
test_kernel,665,3,qksvc,6808,4,4,3,12,"{'ry': 8, 'measure': 4, 'barrier': 1}"
test_kernel,665,4,qksvc,6809,4,4,3,12,"{'ry': 8, 'measure': 4, 'barrier': 1}"
test_kernel,665,5,qksvc,6810,4,4,3,12,"{'ry': 8, 'measure': 4, 'barrier': 1}"
test_kernel,665,6,qksvc,6811,4,4,3,12,"{'ry': 8, 'measure': 4, 'barrier': 1}"
test_kernel,665,7,qksvc,6812,4,4,3,12,"{'ry': 8, 'measure': 4, 'barrier': 1}"
test_kernel,665,8,qksvc,6813,4,4,3,12,"{'ry': 8, 'measure': 4, 'barrier': 1}"
test_kernel,665,9,qksvc,6814,4,4,3,12,"{'ry': 8, 'measure': 4, 'barrier': 1}"
test_kernel,666,0,qksvc,6815,4,4,3,12,"{'ry': 8, 'measure': 4, 'barrier': 1}"
test_kernel,666,1,qksvc,6816,4,4,3,12,"{'ry': 8, 'measure': 4, 'barrier': 1}"
test_kernel,666,2,qksvc,6817,4,4,3,12,"{'ry': 8, 'measure': 4, 'barrier': 1}"
test_kernel,666,3,qksvc,6818,4,4,3,12,"{'ry': 8, 'measure': 4, 'barrier': 1}"
test_kernel,666,4,qksvc,6819,4,4,3,12,"{'ry': 8, 'measure': 4, 'barrier': 1}"
test_kernel,666,5,qksvc,6820,4,4,3,12,"{'ry': 8, 'measure': 4, 'barrier': 1}"
test_kernel,666,6,qksvc,6821,4,4,3,12,"{'ry': 8, 'measure': 4, 'barrier': 1}"
test_kernel,666,7,qksvc,6822,4,4,3,12,"{'ry': 8, 'measure': 4, 'barrier': 1}"
test_kernel,666,8,qksvc,6823,4,4,3,12,"{'ry': 8, 'measure': 4, 'barrier': 1}"
test_kernel,666,9,qksvc,6824,4,4,3,12,"{'ry': 8, 'measure': 4, 'barrier': 1}"
test_kernel,667,0,qksvc,6825,4,4,3,12,"{'ry': 8, 'measure': 4, 'barrier': 1}"
test_kernel,667,1,qksvc,6826,4,4,3,12,"{'ry': 8, 'measure': 4, 'barrier': 1}"
test_kernel,667,2,qksvc,6827,4,4,3,12,"{'ry': 8, 'measure': 4, 'barrier': 1}"
test_kernel,667,3,qksvc,6828,4,4,3,12,"{'ry': 8, 'measure': 4, 'barrier': 1}"
test_kernel,667,4,qksvc,6829,4,4,3,12,"{'ry': 8, 'measure': 4, 'barrier': 1}"
test_kernel,667,5,qksvc,6830,4,4,3,12,"{'ry': 8, 'measure': 4, 'barrier': 1}"
test_kernel,667,6,qksvc,6831,4,4,3,12,"{'ry': 8, 'measure': 4, 'barrier': 1}"
test_kernel,667,7,qksvc,6832,4,4,3,12,"{'ry': 8, 'measure': 4, 'barrier': 1}"
test_kernel,667,8,qksvc,6833,4,4,3,12,"{'ry': 8, 'measure': 4, 'barrier': 1}"
test_kernel,667,9,qksvc,6834,4,4,3,12,"{'ry': 8, 'measure': 4, 'barrier': 1}"
test_kernel,668,0,qksvc,6835,4,4,3,12,"{'ry': 8, 'measure': 4, 'barrier': 1}"
test_kernel,668,1,qksvc,6836,4,4,3,12,"{'ry': 8, 'measure': 4, 'barrier': 1}"
test_kernel,668,2,qksvc,6837,4,4,3,12,"{'ry': 8, 'measure': 4, 'barrier': 1}"
test_kernel,668,3,qksvc,6838,4,4,3,12,"{'ry': 8, 'measure': 4, 'barrier': 1}"
test_kernel,668,4,qksvc,6839,4,4,3,12,"{'ry': 8, 'measure': 4, 'barrier': 1}"
test_kernel,668,5,qksvc,6840,4,4,3,12,"{'ry': 8, 'measure': 4, 'barrier': 1}"
test_kernel,668,6,qksvc,6841,4,4,3,12,"{'ry': 8, 'measure': 4, 'barrier': 1}"
test_kernel,668,7,qksvc,6842,4,4,3,12,"{'ry': 8, 'measure': 4, 'barrier': 1}"
test_kernel,668,8,qksvc,6843,4,4,3,12,"{'ry': 8, 'measure': 4, 'barrier': 1}"
test_kernel,668,9,qksvc,6844,4,4,3,12,"{'ry': 8, 'measure': 4, 'barrier': 1}"
test_kernel,669,0,qksvc,6845,4,4,3,12,"{'ry': 8, 'measure': 4, 'barrier': 1}"
test_kernel,669,1,qksvc,6846,4,4,3,12,"{'ry': 8, 'measure': 4, 'barrier': 1}"
test_kernel,669,2,qksvc,6847,4,4,3,12,"{'ry': 8, 'measure': 4, 'barrier': 1}"
test_kernel,669,3,qksvc,6848,4,4,3,12,"{'ry': 8, 'measure': 4, 'barrier': 1}"
test_kernel,669,4,qksvc,6849,4,4,3,12,"{'ry': 8, 'measure': 4, 'barrier': 1}"
test_kernel,669,5,qksvc,6850,4,4,3,12,"{'ry': 8, 'measure': 4, 'barrier': 1}"
test_kernel,669,6,qksvc,6851,4,4,3,12,"{'ry': 8, 'measure': 4, 'barrier': 1}"
test_kernel,669,7,qksvc,6852,4,4,3,12,"{'ry': 8, 'measure': 4, 'barrier': 1}"
test_kernel,669,8,qksvc,6853,4,4,3,12,"{'ry': 8, 'measure': 4, 'barrier': 1}"
test_kernel,669,9,qksvc,6854,4,4,3,12,"{'ry': 8, 'measure': 4, 'barrier': 1}"
test_kernel,670,0,qksvc,6855,4,4,3,12,"{'ry': 8, 'measure': 4, 'barrier': 1}"
test_kernel,670,1,qksvc,6856,4,4,3,12,"{'ry': 8, 'measure': 4, 'barrier': 1}"
test_kernel,670,2,qksvc,6857,4,4,3,12,"{'ry': 8, 'measure': 4, 'barrier': 1}"
test_kernel,670,3,qksvc,6858,4,4,3,12,"{'ry': 8, 'measure': 4, 'barrier': 1}"
test_kernel,670,4,qksvc,6859,4,4,3,12,"{'ry': 8, 'measure': 4, 'barrier': 1}"
test_kernel,670,5,qksvc,6860,4,4,3,12,"{'ry': 8, 'measure': 4, 'barrier': 1}"
test_kernel,670,6,qksvc,6861,4,4,3,12,"{'ry': 8, 'measure': 4, 'barrier': 1}"
test_kernel,670,7,qksvc,6862,4,4,3,12,"{'ry': 8, 'measure': 4, 'barrier': 1}"
test_kernel,670,8,qksvc,6863,4,4,3,12,"{'ry': 8, 'measure': 4, 'barrier': 1}"
test_kernel,670,9,qksvc,6864,4,4,3,12,"{'ry': 8, 'measure': 4, 'barrier': 1}"
test_kernel,671,0,qksvc,6865,4,4,3,12,"{'ry': 8, 'measure': 4, 'barrier': 1}"
test_kernel,671,1,qksvc,6866,4,4,3,12,"{'ry': 8, 'measure': 4, 'barrier': 1}"
test_kernel,671,2,qksvc,6867,4,4,3,12,"{'ry': 8, 'measure': 4, 'barrier': 1}"
test_kernel,671,3,qksvc,6868,4,4,3,12,"{'ry': 8, 'measure': 4, 'barrier': 1}"
test_kernel,671,4,qksvc,6869,4,4,3,12,"{'ry': 8, 'measure': 4, 'barrier': 1}"
test_kernel,671,5,qksvc,6870,4,4,3,12,"{'ry': 8, 'measure': 4, 'barrier': 1}"
test_kernel,671,6,qksvc,6871,4,4,3,12,"{'ry': 8, 'measure': 4, 'barrier': 1}"
test_kernel,671,7,qksvc,6872,4,4,3,12,"{'ry': 8, 'measure': 4, 'barrier': 1}"
test_kernel,671,8,qksvc,6873,4,4,3,12,"{'ry': 8, 'measure': 4, 'barrier': 1}"
test_kernel,671,9,qksvc,6874,4,4,3,12,"{'ry': 8, 'measure': 4, 'barrier': 1}"
test_kernel,672,0,qksvc,6875,4,4,3,12,"{'ry': 8, 'measure': 4, 'barrier': 1}"
test_kernel,672,1,qksvc,6876,4,4,3,12,"{'ry': 8, 'measure': 4, 'barrier': 1}"
test_kernel,672,2,qksvc,6877,4,4,3,12,"{'ry': 8, 'measure': 4, 'barrier': 1}"
test_kernel,672,3,qksvc,6878,4,4,3,12,"{'ry': 8, 'measure': 4, 'barrier': 1}"
test_kernel,672,4,qksvc,6879,4,4,3,12,"{'ry': 8, 'measure': 4, 'barrier': 1}"
test_kernel,672,5,qksvc,6880,4,4,3,12,"{'ry': 8, 'measure': 4, 'barrier': 1}"
test_kernel,672,6,qksvc,6881,4,4,3,12,"{'ry': 8, 'measure': 4, 'barrier': 1}"
test_kernel,672,7,qksvc,6882,4,4,3,12,"{'ry': 8, 'measure': 4, 'barrier': 1}"
test_kernel,672,8,qksvc,6883,4,4,3,12,"{'ry': 8, 'measure': 4, 'barrier': 1}"
test_kernel,672,9,qksvc,6884,4,4,3,12,"{'ry': 8, 'measure': 4, 'barrier': 1}"
test_kernel,673,0,qksvc,6885,4,4,3,12,"{'ry': 8, 'measure': 4, 'barrier': 1}"
test_kernel,673,1,qksvc,6886,4,4,3,12,"{'ry': 8, 'measure': 4, 'barrier': 1}"
test_kernel,673,2,qksvc,6887,4,4,3,12,"{'ry': 8, 'measure': 4, 'barrier': 1}"
test_kernel,673,3,qksvc,6888,4,4,3,12,"{'ry': 8, 'measure': 4, 'barrier': 1}"
test_kernel,673,4,qksvc,6889,4,4,3,12,"{'ry': 8, 'measure': 4, 'barrier': 1}"
test_kernel,673,5,qksvc,6890,4,4,3,12,"{'ry': 8, 'measure': 4, 'barrier': 1}"
test_kernel,673,6,qksvc,6891,4,4,3,12,"{'ry': 8, 'measure': 4, 'barrier': 1}"
test_kernel,673,7,qksvc,6892,4,4,3,12,"{'ry': 8, 'measure': 4, 'barrier': 1}"
test_kernel,673,8,qksvc,6893,4,4,3,12,"{'ry': 8, 'measure': 4, 'barrier': 1}"
test_kernel,673,9,qksvc,6894,4,4,3,12,"{'ry': 8, 'measure': 4, 'barrier': 1}"
test_kernel,674,0,qksvc,6895,4,4,3,12,"{'ry': 8, 'measure': 4, 'barrier': 1}"
test_kernel,674,1,qksvc,6896,4,4,3,12,"{'ry': 8, 'measure': 4, 'barrier': 1}"
test_kernel,674,2,qksvc,6897,4,4,3,12,"{'ry': 8, 'measure': 4, 'barrier': 1}"
test_kernel,674,3,qksvc,6898,4,4,3,12,"{'ry': 8, 'measure': 4, 'barrier': 1}"
test_kernel,674,4,qksvc,6899,4,4,3,12,"{'ry': 8, 'measure': 4, 'barrier': 1}"
test_kernel,674,5,qksvc,6900,4,4,3,12,"{'ry': 8, 'measure': 4, 'barrier': 1}"
test_kernel,674,6,qksvc,6901,4,4,3,12,"{'ry': 8, 'measure': 4, 'barrier': 1}"
test_kernel,674,7,qksvc,6902,4,4,3,12,"{'ry': 8, 'measure': 4, 'barrier': 1}"
test_kernel,674,8,qksvc,6903,4,4,3,12,"{'ry': 8, 'measure': 4, 'barrier': 1}"
test_kernel,674,9,qksvc,6904,4,4,3,12,"{'ry': 8, 'measure': 4, 'barrier': 1}"
test_kernel,675,0,qksvc,6905,4,4,3,12,"{'ry': 8, 'measure': 4, 'barrier': 1}"
test_kernel,675,1,qksvc,6906,4,4,3,12,"{'ry': 8, 'measure': 4, 'barrier': 1}"
test_kernel,675,2,qksvc,6907,4,4,3,12,"{'ry': 8, 'measure': 4, 'barrier': 1}"
test_kernel,675,3,qksvc,6908,4,4,3,12,"{'ry': 8, 'measure': 4, 'barrier': 1}"
test_kernel,675,4,qksvc,6909,4,4,3,12,"{'ry': 8, 'measure': 4, 'barrier': 1}"
test_kernel,675,5,qksvc,6910,4,4,3,12,"{'ry': 8, 'measure': 4, 'barrier': 1}"
test_kernel,675,6,qksvc,6911,4,4,3,12,"{'ry': 8, 'measure': 4, 'barrier': 1}"
test_kernel,675,7,qksvc,6912,4,4,3,12,"{'ry': 8, 'measure': 4, 'barrier': 1}"
test_kernel,675,8,qksvc,6913,4,4,3,12,"{'ry': 8, 'measure': 4, 'barrier': 1}"
test_kernel,675,9,qksvc,6914,4,4,3,12,"{'ry': 8, 'measure': 4, 'barrier': 1}"
test_kernel,676,0,qksvc,6915,4,4,3,12,"{'ry': 8, 'measure': 4, 'barrier': 1}"
test_kernel,676,1,qksvc,6916,4,4,3,12,"{'ry': 8, 'measure': 4, 'barrier': 1}"
test_kernel,676,2,qksvc,6917,4,4,3,12,"{'ry': 8, 'measure': 4, 'barrier': 1}"
test_kernel,676,3,qksvc,6918,4,4,3,12,"{'ry': 8, 'measure': 4, 'barrier': 1}"
test_kernel,676,4,qksvc,6919,4,4,3,12,"{'ry': 8, 'measure': 4, 'barrier': 1}"
test_kernel,676,5,qksvc,6920,4,4,3,12,"{'ry': 8, 'measure': 4, 'barrier': 1}"
test_kernel,676,6,qksvc,6921,4,4,3,12,"{'ry': 8, 'measure': 4, 'barrier': 1}"
test_kernel,676,7,qksvc,6922,4,4,3,12,"{'ry': 8, 'measure': 4, 'barrier': 1}"
test_kernel,676,8,qksvc,6923,4,4,3,12,"{'ry': 8, 'measure': 4, 'barrier': 1}"
test_kernel,676,9,qksvc,6924,4,4,3,12,"{'ry': 8, 'measure': 4, 'barrier': 1}"
test_kernel,677,0,qksvc,6925,4,4,3,12,"{'ry': 8, 'measure': 4, 'barrier': 1}"
test_kernel,677,1,qksvc,6926,4,4,3,12,"{'ry': 8, 'measure': 4, 'barrier': 1}"
test_kernel,677,2,qksvc,6927,4,4,3,12,"{'ry': 8, 'measure': 4, 'barrier': 1}"
test_kernel,677,3,qksvc,6928,4,4,3,12,"{'ry': 8, 'measure': 4, 'barrier': 1}"
test_kernel,677,4,qksvc,6929,4,4,3,12,"{'ry': 8, 'measure': 4, 'barrier': 1}"
test_kernel,677,5,qksvc,6930,4,4,3,12,"{'ry': 8, 'measure': 4, 'barrier': 1}"
test_kernel,677,6,qksvc,6931,4,4,3,12,"{'ry': 8, 'measure': 4, 'barrier': 1}"
test_kernel,677,7,qksvc,6932,4,4,3,12,"{'ry': 8, 'measure': 4, 'barrier': 1}"
test_kernel,677,8,qksvc,6933,4,4,3,12,"{'ry': 8, 'measure': 4, 'barrier': 1}"
test_kernel,677,9,qksvc,6934,4,4,3,12,"{'ry': 8, 'measure': 4, 'barrier': 1}"
test_kernel,678,0,qksvc,6935,4,4,3,12,"{'ry': 8, 'measure': 4, 'barrier': 1}"
test_kernel,678,1,qksvc,6936,4,4,3,12,"{'ry': 8, 'measure': 4, 'barrier': 1}"
test_kernel,678,2,qksvc,6937,4,4,3,12,"{'ry': 8, 'measure': 4, 'barrier': 1}"
test_kernel,678,3,qksvc,6938,4,4,3,12,"{'ry': 8, 'measure': 4, 'barrier': 1}"
test_kernel,678,4,qksvc,6939,4,4,3,12,"{'ry': 8, 'measure': 4, 'barrier': 1}"
test_kernel,678,5,qksvc,6940,4,4,3,12,"{'ry': 8, 'measure': 4, 'barrier': 1}"
test_kernel,678,6,qksvc,6941,4,4,3,12,"{'ry': 8, 'measure': 4, 'barrier': 1}"
test_kernel,678,7,qksvc,6942,4,4,3,12,"{'ry': 8, 'measure': 4, 'barrier': 1}"
test_kernel,678,8,qksvc,6943,4,4,3,12,"{'ry': 8, 'measure': 4, 'barrier': 1}"
test_kernel,678,9,qksvc,6944,4,4,3,12,"{'ry': 8, 'measure': 4, 'barrier': 1}"
test_kernel,679,0,qksvc,6945,4,4,3,12,"{'ry': 8, 'measure': 4, 'barrier': 1}"
test_kernel,679,1,qksvc,6946,4,4,3,12,"{'ry': 8, 'measure': 4, 'barrier': 1}"
test_kernel,679,2,qksvc,6947,4,4,3,12,"{'ry': 8, 'measure': 4, 'barrier': 1}"
test_kernel,679,3,qksvc,6948,4,4,3,12,"{'ry': 8, 'measure': 4, 'barrier': 1}"
test_kernel,679,4,qksvc,6949,4,4,3,12,"{'ry': 8, 'measure': 4, 'barrier': 1}"
test_kernel,679,5,qksvc,6950,4,4,3,12,"{'ry': 8, 'measure': 4, 'barrier': 1}"
test_kernel,679,6,qksvc,6951,4,4,3,12,"{'ry': 8, 'measure': 4, 'barrier': 1}"
test_kernel,679,7,qksvc,6952,4,4,3,12,"{'ry': 8, 'measure': 4, 'barrier': 1}"
test_kernel,679,8,qksvc,6953,4,4,3,12,"{'ry': 8, 'measure': 4, 'barrier': 1}"
test_kernel,679,9,qksvc,6954,4,4,3,12,"{'ry': 8, 'measure': 4, 'barrier': 1}"
test_kernel,680,0,qksvc,6955,4,4,3,12,"{'ry': 8, 'measure': 4, 'barrier': 1}"
test_kernel,680,1,qksvc,6956,4,4,3,12,"{'ry': 8, 'measure': 4, 'barrier': 1}"
test_kernel,680,2,qksvc,6957,4,4,3,12,"{'ry': 8, 'measure': 4, 'barrier': 1}"
test_kernel,680,3,qksvc,6958,4,4,3,12,"{'ry': 8, 'measure': 4, 'barrier': 1}"
test_kernel,680,4,qksvc,6959,4,4,3,12,"{'ry': 8, 'measure': 4, 'barrier': 1}"
test_kernel,680,5,qksvc,6960,4,4,3,12,"{'ry': 8, 'measure': 4, 'barrier': 1}"
test_kernel,680,6,qksvc,6961,4,4,3,12,"{'ry': 8, 'measure': 4, 'barrier': 1}"
test_kernel,680,7,qksvc,6962,4,4,3,12,"{'ry': 8, 'measure': 4, 'barrier': 1}"
test_kernel,680,8,qksvc,6963,4,4,3,12,"{'ry': 8, 'measure': 4, 'barrier': 1}"
test_kernel,680,9,qksvc,6964,4,4,3,12,"{'ry': 8, 'measure': 4, 'barrier': 1}"
test_kernel,681,0,qksvc,6965,4,4,3,12,"{'ry': 8, 'measure': 4, 'barrier': 1}"
test_kernel,681,1,qksvc,6966,4,4,3,12,"{'ry': 8, 'measure': 4, 'barrier': 1}"
test_kernel,681,2,qksvc,6967,4,4,3,12,"{'ry': 8, 'measure': 4, 'barrier': 1}"
test_kernel,681,3,qksvc,6968,4,4,3,12,"{'ry': 8, 'measure': 4, 'barrier': 1}"
test_kernel,681,4,qksvc,6969,4,4,3,12,"{'ry': 8, 'measure': 4, 'barrier': 1}"
test_kernel,681,5,qksvc,6970,4,4,3,12,"{'ry': 8, 'measure': 4, 'barrier': 1}"
test_kernel,681,6,qksvc,6971,4,4,3,12,"{'ry': 8, 'measure': 4, 'barrier': 1}"
test_kernel,681,7,qksvc,6972,4,4,3,12,"{'ry': 8, 'measure': 4, 'barrier': 1}"
test_kernel,681,8,qksvc,6973,4,4,3,12,"{'ry': 8, 'measure': 4, 'barrier': 1}"
test_kernel,681,9,qksvc,6974,4,4,3,12,"{'ry': 8, 'measure': 4, 'barrier': 1}"
test_kernel,682,0,qksvc,6975,4,4,3,12,"{'ry': 8, 'measure': 4, 'barrier': 1}"
test_kernel,682,1,qksvc,6976,4,4,3,12,"{'ry': 8, 'measure': 4, 'barrier': 1}"
test_kernel,682,2,qksvc,6977,4,4,3,12,"{'ry': 8, 'measure': 4, 'barrier': 1}"
test_kernel,682,3,qksvc,6978,4,4,3,12,"{'ry': 8, 'measure': 4, 'barrier': 1}"
test_kernel,682,4,qksvc,6979,4,4,3,12,"{'ry': 8, 'measure': 4, 'barrier': 1}"
test_kernel,682,5,qksvc,6980,4,4,3,12,"{'ry': 8, 'measure': 4, 'barrier': 1}"
test_kernel,682,6,qksvc,6981,4,4,3,12,"{'ry': 8, 'measure': 4, 'barrier': 1}"
test_kernel,682,7,qksvc,6982,4,4,3,12,"{'ry': 8, 'measure': 4, 'barrier': 1}"
test_kernel,682,8,qksvc,6983,4,4,3,12,"{'ry': 8, 'measure': 4, 'barrier': 1}"
test_kernel,682,9,qksvc,6984,4,4,3,12,"{'ry': 8, 'measure': 4, 'barrier': 1}"
test_kernel,683,0,qksvc,6985,4,4,3,12,"{'ry': 8, 'measure': 4, 'barrier': 1}"
test_kernel,683,1,qksvc,6986,4,4,3,12,"{'ry': 8, 'measure': 4, 'barrier': 1}"
test_kernel,683,2,qksvc,6987,4,4,3,12,"{'ry': 8, 'measure': 4, 'barrier': 1}"
test_kernel,683,3,qksvc,6988,4,4,3,12,"{'ry': 8, 'measure': 4, 'barrier': 1}"
test_kernel,683,4,qksvc,6989,4,4,3,12,"{'ry': 8, 'measure': 4, 'barrier': 1}"
test_kernel,683,5,qksvc,6990,4,4,3,12,"{'ry': 8, 'measure': 4, 'barrier': 1}"
test_kernel,683,6,qksvc,6991,4,4,3,12,"{'ry': 8, 'measure': 4, 'barrier': 1}"
test_kernel,683,7,qksvc,6992,4,4,3,12,"{'ry': 8, 'measure': 4, 'barrier': 1}"
test_kernel,683,8,qksvc,6993,4,4,3,12,"{'ry': 8, 'measure': 4, 'barrier': 1}"
test_kernel,683,9,qksvc,6994,4,4,3,12,"{'ry': 8, 'measure': 4, 'barrier': 1}"
test_kernel,684,0,qksvc,6995,4,4,3,12,"{'ry': 8, 'measure': 4, 'barrier': 1}"
test_kernel,684,1,qksvc,6996,4,4,3,12,"{'ry': 8, 'measure': 4, 'barrier': 1}"
test_kernel,684,2,qksvc,6997,4,4,3,12,"{'ry': 8, 'measure': 4, 'barrier': 1}"
test_kernel,684,3,qksvc,6998,4,4,3,12,"{'ry': 8, 'measure': 4, 'barrier': 1}"
test_kernel,684,4,qksvc,6999,4,4,3,12,"{'ry': 8, 'measure': 4, 'barrier': 1}"
test_kernel,684,5,qksvc,7000,4,4,3,12,"{'ry': 8, 'measure': 4, 'barrier': 1}"
test_kernel,684,6,qksvc,7001,4,4,3,12,"{'ry': 8, 'measure': 4, 'barrier': 1}"
test_kernel,684,7,qksvc,7002,4,4,3,12,"{'ry': 8, 'measure': 4, 'barrier': 1}"
test_kernel,684,8,qksvc,7003,4,4,3,12,"{'ry': 8, 'measure': 4, 'barrier': 1}"
test_kernel,684,9,qksvc,7004,4,4,3,12,"{'ry': 8, 'measure': 4, 'barrier': 1}"
test_kernel,685,0,qksvc,7005,4,4,3,12,"{'ry': 8, 'measure': 4, 'barrier': 1}"
test_kernel,685,1,qksvc,7006,4,4,3,12,"{'ry': 8, 'measure': 4, 'barrier': 1}"
test_kernel,685,2,qksvc,7007,4,4,3,12,"{'ry': 8, 'measure': 4, 'barrier': 1}"
test_kernel,685,3,qksvc,7008,4,4,3,12,"{'ry': 8, 'measure': 4, 'barrier': 1}"
test_kernel,685,4,qksvc,7009,4,4,3,12,"{'ry': 8, 'measure': 4, 'barrier': 1}"
test_kernel,685,5,qksvc,7010,4,4,3,12,"{'ry': 8, 'measure': 4, 'barrier': 1}"
test_kernel,685,6,qksvc,7011,4,4,3,12,"{'ry': 8, 'measure': 4, 'barrier': 1}"
test_kernel,685,7,qksvc,7012,4,4,3,12,"{'ry': 8, 'measure': 4, 'barrier': 1}"
test_kernel,685,8,qksvc,7013,4,4,3,12,"{'ry': 8, 'measure': 4, 'barrier': 1}"
test_kernel,685,9,qksvc,7014,4,4,3,12,"{'ry': 8, 'measure': 4, 'barrier': 1}"
test_kernel,686,0,qksvc,7015,4,4,3,12,"{'ry': 8, 'measure': 4, 'barrier': 1}"
test_kernel,686,1,qksvc,7016,4,4,3,12,"{'ry': 8, 'measure': 4, 'barrier': 1}"
test_kernel,686,2,qksvc,7017,4,4,3,12,"{'ry': 8, 'measure': 4, 'barrier': 1}"
test_kernel,686,3,qksvc,7018,4,4,3,12,"{'ry': 8, 'measure': 4, 'barrier': 1}"
test_kernel,686,4,qksvc,7019,4,4,3,12,"{'ry': 8, 'measure': 4, 'barrier': 1}"
test_kernel,686,5,qksvc,7020,4,4,3,12,"{'ry': 8, 'measure': 4, 'barrier': 1}"
test_kernel,686,6,qksvc,7021,4,4,3,12,"{'ry': 8, 'measure': 4, 'barrier': 1}"
test_kernel,686,7,qksvc,7022,4,4,3,12,"{'ry': 8, 'measure': 4, 'barrier': 1}"
test_kernel,686,8,qksvc,7023,4,4,3,12,"{'ry': 8, 'measure': 4, 'barrier': 1}"
test_kernel,686,9,qksvc,7024,4,4,3,12,"{'ry': 8, 'measure': 4, 'barrier': 1}"
test_kernel,687,0,qksvc,7025,4,4,3,12,"{'ry': 8, 'measure': 4, 'barrier': 1}"
test_kernel,687,1,qksvc,7026,4,4,3,12,"{'ry': 8, 'measure': 4, 'barrier': 1}"
test_kernel,687,2,qksvc,7027,4,4,3,12,"{'ry': 8, 'measure': 4, 'barrier': 1}"
test_kernel,687,3,qksvc,7028,4,4,3,12,"{'ry': 8, 'measure': 4, 'barrier': 1}"
test_kernel,687,4,qksvc,7029,4,4,3,12,"{'ry': 8, 'measure': 4, 'barrier': 1}"
test_kernel,687,5,qksvc,7030,4,4,3,12,"{'ry': 8, 'measure': 4, 'barrier': 1}"
test_kernel,687,6,qksvc,7031,4,4,3,12,"{'ry': 8, 'measure': 4, 'barrier': 1}"
test_kernel,687,7,qksvc,7032,4,4,3,12,"{'ry': 8, 'measure': 4, 'barrier': 1}"
test_kernel,687,8,qksvc,7033,4,4,3,12,"{'ry': 8, 'measure': 4, 'barrier': 1}"
test_kernel,687,9,qksvc,7034,4,4,3,12,"{'ry': 8, 'measure': 4, 'barrier': 1}"
test_kernel,688,0,qksvc,7035,4,4,3,12,"{'ry': 8, 'measure': 4, 'barrier': 1}"
test_kernel,688,1,qksvc,7036,4,4,3,12,"{'ry': 8, 'measure': 4, 'barrier': 1}"
test_kernel,688,2,qksvc,7037,4,4,3,12,"{'ry': 8, 'measure': 4, 'barrier': 1}"
test_kernel,688,3,qksvc,7038,4,4,3,12,"{'ry': 8, 'measure': 4, 'barrier': 1}"
test_kernel,688,4,qksvc,7039,4,4,3,12,"{'ry': 8, 'measure': 4, 'barrier': 1}"
test_kernel,688,5,qksvc,7040,4,4,3,12,"{'ry': 8, 'measure': 4, 'barrier': 1}"
test_kernel,688,6,qksvc,7041,4,4,3,12,"{'ry': 8, 'measure': 4, 'barrier': 1}"
test_kernel,688,7,qksvc,7042,4,4,3,12,"{'ry': 8, 'measure': 4, 'barrier': 1}"
test_kernel,688,8,qksvc,7043,4,4,3,12,"{'ry': 8, 'measure': 4, 'barrier': 1}"
test_kernel,688,9,qksvc,7044,4,4,3,12,"{'ry': 8, 'measure': 4, 'barrier': 1}"
test_kernel,689,0,qksvc,7045,4,4,3,12,"{'ry': 8, 'measure': 4, 'barrier': 1}"
test_kernel,689,1,qksvc,7046,4,4,3,12,"{'ry': 8, 'measure': 4, 'barrier': 1}"
test_kernel,689,2,qksvc,7047,4,4,3,12,"{'ry': 8, 'measure': 4, 'barrier': 1}"
test_kernel,689,3,qksvc,7048,4,4,3,12,"{'ry': 8, 'measure': 4, 'barrier': 1}"
test_kernel,689,4,qksvc,7049,4,4,3,12,"{'ry': 8, 'measure': 4, 'barrier': 1}"
test_kernel,689,5,qksvc,7050,4,4,3,12,"{'ry': 8, 'measure': 4, 'barrier': 1}"
test_kernel,689,6,qksvc,7051,4,4,3,12,"{'ry': 8, 'measure': 4, 'barrier': 1}"
test_kernel,689,7,qksvc,7052,4,4,3,12,"{'ry': 8, 'measure': 4, 'barrier': 1}"
test_kernel,689,8,qksvc,7053,4,4,3,12,"{'ry': 8, 'measure': 4, 'barrier': 1}"
test_kernel,689,9,qksvc,7054,4,4,3,12,"{'ry': 8, 'measure': 4, 'barrier': 1}"
test_kernel,690,0,qksvc,7055,4,4,3,12,"{'ry': 8, 'measure': 4, 'barrier': 1}"
test_kernel,690,1,qksvc,7056,4,4,3,12,"{'ry': 8, 'measure': 4, 'barrier': 1}"
test_kernel,690,2,qksvc,7057,4,4,3,12,"{'ry': 8, 'measure': 4, 'barrier': 1}"
test_kernel,690,3,qksvc,7058,4,4,3,12,"{'ry': 8, 'measure': 4, 'barrier': 1}"
test_kernel,690,4,qksvc,7059,4,4,3,12,"{'ry': 8, 'measure': 4, 'barrier': 1}"
test_kernel,690,5,qksvc,7060,4,4,3,12,"{'ry': 8, 'measure': 4, 'barrier': 1}"
test_kernel,690,6,qksvc,7061,4,4,3,12,"{'ry': 8, 'measure': 4, 'barrier': 1}"
test_kernel,690,7,qksvc,7062,4,4,3,12,"{'ry': 8, 'measure': 4, 'barrier': 1}"
test_kernel,690,8,qksvc,7063,4,4,3,12,"{'ry': 8, 'measure': 4, 'barrier': 1}"
test_kernel,690,9,qksvc,7064,4,4,3,12,"{'ry': 8, 'measure': 4, 'barrier': 1}"
test_kernel,691,0,qksvc,7065,4,4,3,12,"{'ry': 8, 'measure': 4, 'barrier': 1}"
test_kernel,691,1,qksvc,7066,4,4,3,12,"{'ry': 8, 'measure': 4, 'barrier': 1}"
test_kernel,691,2,qksvc,7067,4,4,3,12,"{'ry': 8, 'measure': 4, 'barrier': 1}"
test_kernel,691,3,qksvc,7068,4,4,3,12,"{'ry': 8, 'measure': 4, 'barrier': 1}"
test_kernel,691,4,qksvc,7069,4,4,3,12,"{'ry': 8, 'measure': 4, 'barrier': 1}"
test_kernel,691,5,qksvc,7070,4,4,3,12,"{'ry': 8, 'measure': 4, 'barrier': 1}"
test_kernel,691,6,qksvc,7071,4,4,3,12,"{'ry': 8, 'measure': 4, 'barrier': 1}"
test_kernel,691,7,qksvc,7072,4,4,3,12,"{'ry': 8, 'measure': 4, 'barrier': 1}"
test_kernel,691,8,qksvc,7073,4,4,3,12,"{'ry': 8, 'measure': 4, 'barrier': 1}"
test_kernel,691,9,qksvc,7074,4,4,3,12,"{'ry': 8, 'measure': 4, 'barrier': 1}"
test_kernel,692,0,qksvc,7075,4,4,3,12,"{'ry': 8, 'measure': 4, 'barrier': 1}"
test_kernel,692,1,qksvc,7076,4,4,3,12,"{'ry': 8, 'measure': 4, 'barrier': 1}"
test_kernel,692,2,qksvc,7077,4,4,3,12,"{'ry': 8, 'measure': 4, 'barrier': 1}"
test_kernel,692,3,qksvc,7078,4,4,3,12,"{'ry': 8, 'measure': 4, 'barrier': 1}"
test_kernel,692,4,qksvc,7079,4,4,3,12,"{'ry': 8, 'measure': 4, 'barrier': 1}"
test_kernel,692,5,qksvc,7080,4,4,3,12,"{'ry': 8, 'measure': 4, 'barrier': 1}"
test_kernel,692,6,qksvc,7081,4,4,3,12,"{'ry': 8, 'measure': 4, 'barrier': 1}"
test_kernel,692,7,qksvc,7082,4,4,3,12,"{'ry': 8, 'measure': 4, 'barrier': 1}"
test_kernel,692,8,qksvc,7083,4,4,3,12,"{'ry': 8, 'measure': 4, 'barrier': 1}"
test_kernel,692,9,qksvc,7084,4,4,3,12,"{'ry': 8, 'measure': 4, 'barrier': 1}"
test_kernel,693,0,qksvc,7085,4,4,3,12,"{'ry': 8, 'measure': 4, 'barrier': 1}"
test_kernel,693,1,qksvc,7086,4,4,3,12,"{'ry': 8, 'measure': 4, 'barrier': 1}"
test_kernel,693,2,qksvc,7087,4,4,3,12,"{'ry': 8, 'measure': 4, 'barrier': 1}"
test_kernel,693,3,qksvc,7088,4,4,3,12,"{'ry': 8, 'measure': 4, 'barrier': 1}"
test_kernel,693,4,qksvc,7089,4,4,3,12,"{'ry': 8, 'measure': 4, 'barrier': 1}"
test_kernel,693,5,qksvc,7090,4,4,3,12,"{'ry': 8, 'measure': 4, 'barrier': 1}"
test_kernel,693,6,qksvc,7091,4,4,3,12,"{'ry': 8, 'measure': 4, 'barrier': 1}"
test_kernel,693,7,qksvc,7092,4,4,3,12,"{'ry': 8, 'measure': 4, 'barrier': 1}"
test_kernel,693,8,qksvc,7093,4,4,3,12,"{'ry': 8, 'measure': 4, 'barrier': 1}"
test_kernel,693,9,qksvc,7094,4,4,3,12,"{'ry': 8, 'measure': 4, 'barrier': 1}"
test_kernel,694,0,qksvc,7095,4,4,3,12,"{'ry': 8, 'measure': 4, 'barrier': 1}"
test_kernel,694,1,qksvc,7096,4,4,3,12,"{'ry': 8, 'measure': 4, 'barrier': 1}"
test_kernel,694,2,qksvc,7097,4,4,3,12,"{'ry': 8, 'measure': 4, 'barrier': 1}"
test_kernel,694,3,qksvc,7098,4,4,3,12,"{'ry': 8, 'measure': 4, 'barrier': 1}"
test_kernel,694,4,qksvc,7099,4,4,3,12,"{'ry': 8, 'measure': 4, 'barrier': 1}"
test_kernel,694,5,qksvc,7100,4,4,3,12,"{'ry': 8, 'measure': 4, 'barrier': 1}"
test_kernel,694,6,qksvc,7101,4,4,3,12,"{'ry': 8, 'measure': 4, 'barrier': 1}"
test_kernel,694,7,qksvc,7102,4,4,3,12,"{'ry': 8, 'measure': 4, 'barrier': 1}"
test_kernel,694,8,qksvc,7103,4,4,3,12,"{'ry': 8, 'measure': 4, 'barrier': 1}"
test_kernel,694,9,qksvc,7104,4,4,3,12,"{'ry': 8, 'measure': 4, 'barrier': 1}"
test_kernel,695,0,qksvc,7105,4,4,3,12,"{'ry': 8, 'measure': 4, 'barrier': 1}"
test_kernel,695,1,qksvc,7106,4,4,3,12,"{'ry': 8, 'measure': 4, 'barrier': 1}"
test_kernel,695,2,qksvc,7107,4,4,3,12,"{'ry': 8, 'measure': 4, 'barrier': 1}"
test_kernel,695,3,qksvc,7108,4,4,3,12,"{'ry': 8, 'measure': 4, 'barrier': 1}"
test_kernel,695,4,qksvc,7109,4,4,3,12,"{'ry': 8, 'measure': 4, 'barrier': 1}"
test_kernel,695,5,qksvc,7110,4,4,3,12,"{'ry': 8, 'measure': 4, 'barrier': 1}"
test_kernel,695,6,qksvc,7111,4,4,3,12,"{'ry': 8, 'measure': 4, 'barrier': 1}"
test_kernel,695,7,qksvc,7112,4,4,3,12,"{'ry': 8, 'measure': 4, 'barrier': 1}"
test_kernel,695,8,qksvc,7113,4,4,3,12,"{'ry': 8, 'measure': 4, 'barrier': 1}"
test_kernel,695,9,qksvc,7114,4,4,3,12,"{'ry': 8, 'measure': 4, 'barrier': 1}"
test_kernel,696,0,qksvc,7115,4,4,3,12,"{'ry': 8, 'measure': 4, 'barrier': 1}"
test_kernel,696,1,qksvc,7116,4,4,3,12,"{'ry': 8, 'measure': 4, 'barrier': 1}"
test_kernel,696,2,qksvc,7117,4,4,3,12,"{'ry': 8, 'measure': 4, 'barrier': 1}"
test_kernel,696,3,qksvc,7118,4,4,3,12,"{'ry': 8, 'measure': 4, 'barrier': 1}"
test_kernel,696,4,qksvc,7119,4,4,3,12,"{'ry': 8, 'measure': 4, 'barrier': 1}"
test_kernel,696,5,qksvc,7120,4,4,3,12,"{'ry': 8, 'measure': 4, 'barrier': 1}"
test_kernel,696,6,qksvc,7121,4,4,3,12,"{'ry': 8, 'measure': 4, 'barrier': 1}"
test_kernel,696,7,qksvc,7122,4,4,3,12,"{'ry': 8, 'measure': 4, 'barrier': 1}"
test_kernel,696,8,qksvc,7123,4,4,3,12,"{'ry': 8, 'measure': 4, 'barrier': 1}"
test_kernel,696,9,qksvc,7124,4,4,3,12,"{'ry': 8, 'measure': 4, 'barrier': 1}"
test_kernel,697,0,qksvc,7125,4,4,3,12,"{'ry': 8, 'measure': 4, 'barrier': 1}"
test_kernel,697,1,qksvc,7126,4,4,3,12,"{'ry': 8, 'measure': 4, 'barrier': 1}"
test_kernel,697,2,qksvc,7127,4,4,3,12,"{'ry': 8, 'measure': 4, 'barrier': 1}"
test_kernel,697,3,qksvc,7128,4,4,3,12,"{'ry': 8, 'measure': 4, 'barrier': 1}"
test_kernel,697,4,qksvc,7129,4,4,3,12,"{'ry': 8, 'measure': 4, 'barrier': 1}"
test_kernel,697,5,qksvc,7130,4,4,3,12,"{'ry': 8, 'measure': 4, 'barrier': 1}"
test_kernel,697,6,qksvc,7131,4,4,3,12,"{'ry': 8, 'measure': 4, 'barrier': 1}"
test_kernel,697,7,qksvc,7132,4,4,3,12,"{'ry': 8, 'measure': 4, 'barrier': 1}"
test_kernel,697,8,qksvc,7133,4,4,3,12,"{'ry': 8, 'measure': 4, 'barrier': 1}"
test_kernel,697,9,qksvc,7134,4,4,3,12,"{'ry': 8, 'measure': 4, 'barrier': 1}"
test_kernel,698,0,qksvc,7135,4,4,3,12,"{'ry': 8, 'measure': 4, 'barrier': 1}"
test_kernel,698,1,qksvc,7136,4,4,3,12,"{'ry': 8, 'measure': 4, 'barrier': 1}"
test_kernel,698,2,qksvc,7137,4,4,3,12,"{'ry': 8, 'measure': 4, 'barrier': 1}"
test_kernel,698,3,qksvc,7138,4,4,3,12,"{'ry': 8, 'measure': 4, 'barrier': 1}"
test_kernel,698,4,qksvc,7139,4,4,3,12,"{'ry': 8, 'measure': 4, 'barrier': 1}"
test_kernel,698,5,qksvc,7140,4,4,3,12,"{'ry': 8, 'measure': 4, 'barrier': 1}"
test_kernel,698,6,qksvc,7141,4,4,3,12,"{'ry': 8, 'measure': 4, 'barrier': 1}"
test_kernel,698,7,qksvc,7142,4,4,3,12,"{'ry': 8, 'measure': 4, 'barrier': 1}"
test_kernel,698,8,qksvc,7143,4,4,3,12,"{'ry': 8, 'measure': 4, 'barrier': 1}"
test_kernel,698,9,qksvc,7144,4,4,3,12,"{'ry': 8, 'measure': 4, 'barrier': 1}"
test_kernel,699,0,qksvc,7145,4,4,3,12,"{'ry': 8, 'measure': 4, 'barrier': 1}"
test_kernel,699,1,qksvc,7146,4,4,3,12,"{'ry': 8, 'measure': 4, 'barrier': 1}"
test_kernel,699,2,qksvc,7147,4,4,3,12,"{'ry': 8, 'measure': 4, 'barrier': 1}"
test_kernel,699,3,qksvc,7148,4,4,3,12,"{'ry': 8, 'measure': 4, 'barrier': 1}"
test_kernel,699,4,qksvc,7149,4,4,3,12,"{'ry': 8, 'measure': 4, 'barrier': 1}"
test_kernel,699,5,qksvc,7150,4,4,3,12,"{'ry': 8, 'measure': 4, 'barrier': 1}"
test_kernel,699,6,qksvc,7151,4,4,3,12,"{'ry': 8, 'measure': 4, 'barrier': 1}"
test_kernel,699,7,qksvc,7152,4,4,3,12,"{'ry': 8, 'measure': 4, 'barrier': 1}"
test_kernel,699,8,qksvc,7153,4,4,3,12,"{'ry': 8, 'measure': 4, 'barrier': 1}"
test_kernel,699,9,qksvc,7154,4,4,3,12,"{'ry': 8, 'measure': 4, 'barrier': 1}"
