model,model_family,sample_index,label,score,threshold,prediction
Logistic Regression,Classical,0,0,0.3881837838421952,0.5294292868903353,0
Logistic Regression,Classical,1,1,0.5249318655284675,0.5294292868903353,0
Logistic Regression,Classical,2,0,0.5281757751736702,0.5294292868903353,0
Logistic Regression,Classical,3,0,0.5254434877151151,0.5294292868903353,0
Logistic Regression,Classical,4,0,0.38900203193724714,0.5294292868903353,0
Logistic Regression,Classical,5,0,0.5263590453188597,0.5294292868903353,0
Logistic Regression,Classical,6,0,0.5254101097693902,0.5294292868903353,0
Logistic Regression,Classical,7,1,0.528498171138895,0.5294292868903353,0
Logistic Regression,Classical,8,1,0.5264835803471266,0.5294292868903353,0
Logistic Regression,Classical,9,0,0.3883878051075959,0.5294292868903353,0
Logistic Regression,Classical,10,1,0.524701881753343,0.5294292868903353,0
Logistic Regression,Classical,11,0,0.3886376242804798,0.5294292868903353,0
Logistic Regression,Classical,12,0,0.5286746960732304,0.5294292868903353,0
Logistic Regression,Classical,13,1,0.5253467708674673,0.5294292868903353,0
Logistic Regression,Classical,14,0,0.3903286874486423,0.5294292868903353,0
Logistic Regression,Classical,15,1,0.5266635072372785,0.5294292868903353,0
Logistic Regression,Classical,16,1,0.5289691978336176,0.5294292868903353,0
Logistic Regression,Classical,17,1,0.5270610260245806,0.5294292868903353,0
Logistic Regression,Classical,18,0,0.5271257074427449,0.5294292868903353,0
Logistic Regression,Classical,19,0,0.5259845691231072,0.5294292868903353,0
Logistic Regression,Classical,20,0,0.5264957305269259,0.5294292868903353,0
Logistic Regression,Classical,21,1,0.5278426309619587,0.5294292868903353,0
Logistic Regression,Classical,22,0,0.38866229709022704,0.5294292868903353,0
Logistic Regression,Classical,23,1,0.5287127559004511,0.5294292868903353,0
Logistic Regression,Classical,24,0,0.5295327606046928,0.5294292868903353,1
Logistic Regression,Classical,25,0,0.526908372785462,0.5294292868903353,0
Logistic Regression,Classical,26,1,0.528359362354838,0.5294292868903353,0
Logistic Regression,Classical,27,0,0.526735221794809,0.5294292868903353,0
Logistic Regression,Classical,28,0,0.5292170465206751,0.5294292868903353,0
Logistic Regression,Classical,29,1,0.5268988586409599,0.5294292868903353,0
Logistic Regression,Classical,30,1,0.5267481368044098,0.5294292868903353,0
Logistic Regression,Classical,31,0,0.5258864849949345,0.5294292868903353,0
Logistic Regression,Classical,32,0,0.5277561843390246,0.5294292868903353,0
Logistic Regression,Classical,33,1,0.5269333243656997,0.5294292868903353,0
Logistic Regression,Classical,34,0,0.3893315954318876,0.5294292868903353,0
Logistic Regression,Classical,35,1,0.5281629558558759,0.5294292868903353,0
Logistic Regression,Classical,36,0,0.3883878051075959,0.5294292868903353,0
Logistic Regression,Classical,37,0,0.525748389769664,0.5294292868903353,0
Logistic Regression,Classical,38,0,0.528479934982971,0.5294292868903353,0
Logistic Regression,Classical,39,0,0.5261675512609391,0.5294292868903353,0
Logistic Regression,Classical,40,1,0.5271869186474174,0.5294292868903353,0
Logistic Regression,Classical,41,1,0.5300984675384854,0.5294292868903353,1
Logistic Regression,Classical,42,0,0.38893010914360343,0.5294292868903353,0
Logistic Regression,Classical,43,0,0.3885134236128127,0.5294292868903353,0
Logistic Regression,Classical,44,1,0.5264451646312545,0.5294292868903353,0
Logistic Regression,Classical,45,0,0.38897810984637815,0.5294292868903353,0
Logistic Regression,Classical,46,0,0.5261750050932449,0.5294292868903353,0
Logistic Regression,Classical,47,1,0.5290885560217208,0.5294292868903353,0
Logistic Regression,Classical,48,1,0.5298076545139523,0.5294292868903353,1
Logistic Regression,Classical,49,1,0.5283500007528953,0.5294292868903353,0
Logistic Regression,Classical,50,1,0.5256316175101263,0.5294292868903353,0
Logistic Regression,Classical,51,1,0.5257293819621353,0.5294292868903353,0
Logistic Regression,Classical,52,0,0.5262408621465794,0.5294292868903353,0
Logistic Regression,Classical,53,0,0.5268172682574425,0.5294292868903353,0
Logistic Regression,Classical,54,0,0.5261647746137914,0.5294292868903353,0
Logistic Regression,Classical,55,0,0.3894698722991234,0.5294292868903353,0
Logistic Regression,Classical,56,1,0.5263403428453872,0.5294292868903353,0
Logistic Regression,Classical,57,1,0.5288268281322822,0.5294292868903353,0
Logistic Regression,Classical,58,1,0.5285647471704419,0.5294292868903353,0
Logistic Regression,Classical,59,1,0.5285537710857038,0.5294292868903353,0
Logistic Regression,Classical,60,0,0.5271303070732858,0.5294292868903353,0
Logistic Regression,Classical,61,0,0.3895155814343795,0.5294292868903353,0
Logistic Regression,Classical,62,1,0.5286035812310284,0.5294292868903353,0
Logistic Regression,Classical,63,0,0.3893778809100725,0.5294292868903353,0
Logistic Regression,Classical,64,1,0.5288724884221692,0.5294292868903353,0
Logistic Regression,Classical,65,0,0.5282054334790881,0.5294292868903353,0
Logistic Regression,Classical,66,1,0.5281138343414346,0.5294292868903353,0
Logistic Regression,Classical,67,0,0.5272904379161201,0.5294292868903353,0
Logistic Regression,Classical,68,1,0.5268754037856056,0.5294292868903353,0
Logistic Regression,Classical,69,0,0.38866229709022704,0.5294292868903353,0
Logistic Regression,Classical,70,0,0.528396396925698,0.5294292868903353,0
Logistic Regression,Classical,71,0,0.3882862673891829,0.5294292868903353,0
Logistic Regression,Classical,72,0,0.38880918357901395,0.5294292868903353,0
Logistic Regression,Classical,73,1,0.5276850605260238,0.5294292868903353,0
Logistic Regression,Classical,74,0,0.38893010914360343,0.5294292868903353,0
Logistic Regression,Classical,75,0,0.5253970738926378,0.5294292868903353,0
Logistic Regression,Classical,76,0,0.3893315954318876,0.5294292868903353,0
Logistic Regression,Classical,77,0,0.5255313295318248,0.5294292868903353,0
Logistic Regression,Classical,78,1,0.5252525381154621,0.5294292868903353,0
Logistic Regression,Classical,79,1,0.5283260649013196,0.5294292868903353,0
Logistic Regression,Classical,80,0,0.3894698722991234,0.5294292868903353,0
Logistic Regression,Classical,81,0,0.3887359853723696,0.5294292868903353,0
Logistic Regression,Classical,82,0,0.3886376242804798,0.5294292868903353,0
Logistic Regression,Classical,83,1,0.5251246451136246,0.5294292868903353,0
Logistic Regression,Classical,84,0,0.3887848382253874,0.5294292868903353,0
Logistic Regression,Classical,85,1,0.3881837838421952,0.5294292868903353,0
Logistic Regression,Classical,86,1,0.5270077597128677,0.5294292868903353,0
Logistic Regression,Classical,87,1,0.5257968281098453,0.5294292868903353,0
Logistic Regression,Classical,88,0,0.3884382247304549,0.5294292868903353,0
Logistic Regression,Classical,89,1,0.5264231280743603,0.5294292868903353,0
Logistic Regression,Classical,90,1,0.5265642907531182,0.5294292868903353,0
Logistic Regression,Classical,91,0,0.38919156008214456,0.5294292868903353,0
Logistic Regression,Classical,92,0,0.3888334752036754,0.5294292868903353,0
Logistic Regression,Classical,93,1,0.5290308668045944,0.5294292868903353,0
Logistic Regression,Classical,94,0,0.3884382247304549,0.5294292868903353,0
Logistic Regression,Classical,95,1,0.5291584724346887,0.5294292868903353,0
Logistic Regression,Classical,96,0,0.38919156008214456,0.5294292868903353,0
Logistic Regression,Classical,97,0,0.3886128960323344,0.5294292868903353,0
Logistic Regression,Classical,98,0,0.3893315954318876,0.5294292868903353,0
Logistic Regression,Classical,99,0,0.5271233178355424,0.5294292868903353,0
Logistic Regression,Classical,100,0,0.3886128960323344,0.5294292868903353,0
Logistic Regression,Classical,101,1,0.5268251064073852,0.5294292868903353,0
Logistic Regression,Classical,102,0,0.3884382247304549,0.5294292868903353,0
Logistic Regression,Classical,103,0,0.38900203193724714,0.5294292868903353,0
Logistic Regression,Classical,104,1,0.5248313775420299,0.5294292868903353,0
Logistic Regression,Classical,105,0,0.5275509597322373,0.5294292868903353,0
Logistic Regression,Classical,106,1,0.5281807701181775,0.5294292868903353,0
Logistic Regression,Classical,107,0,0.5261573468630101,0.5294292868903353,0
Logistic Regression,Classical,108,0,0.5287810187218843,0.5294292868903353,0
Logistic Regression,Classical,109,1,0.5261337486303059,0.5294292868903353,0
Logistic Regression,Classical,110,1,0.527417045248308,0.5294292868903353,0
Logistic Regression,Classical,111,1,0.5290516551703244,0.5294292868903353,0
Logistic Regression,Classical,112,1,0.5258931261313249,0.5294292868903353,0
Logistic Regression,Classical,113,0,0.3894698722991234,0.5294292868903353,0
Logistic Regression,Classical,114,0,0.3887359853723696,0.5294292868903353,0
Logistic Regression,Classical,115,1,0.5248702910060596,0.5294292868903353,0
Logistic Regression,Classical,116,1,0.5285168221574451,0.5294292868903353,0
Logistic Regression,Classical,117,1,0.5292649639779576,0.5294292868903353,0
Logistic Regression,Classical,118,1,0.5259513373591386,0.5294292868903353,0
Logistic Regression,Classical,119,1,0.5265429149235334,0.5294292868903353,0
Logistic Regression,Classical,120,0,0.38846334816833367,0.5294292868903353,0
Logistic Regression,Classical,121,0,0.5270901422092941,0.5294292868903353,0
Logistic Regression,Classical,122,0,0.5273019465285238,0.5294292868903353,0
Logistic Regression,Classical,123,0,0.38921502333390184,0.5294292868903353,0
Logistic Regression,Classical,124,0,0.5287365102196855,0.5294292868903353,0
Logistic Regression,Classical,125,1,0.5255698194563031,0.5294292868903353,0
Logistic Regression,Classical,126,0,0.3884884143753343,0.5294292868903353,0
Logistic Regression,Classical,127,0,0.38909720384281754,0.5294292868903353,0
Logistic Regression,Classical,128,1,0.5257421913999812,0.5294292868903353,0
Logistic Regression,Classical,129,0,0.38836250839080805,0.5294292868903353,0
Logistic Regression,Classical,130,0,0.3895155814343795,0.5294292868903353,0
Logistic Regression,Classical,131,1,0.5256223401314462,0.5294292868903353,0
Logistic Regression,Classical,132,1,0.5247307238796997,0.5294292868903353,0
Logistic Regression,Classical,133,1,0.5258075763864113,0.5294292868903353,0
Logistic Regression,Classical,134,1,0.5255462920965713,0.5294292868903353,0
Logistic Regression,Classical,135,1,0.5257421913999812,0.5294292868903353,0
Logistic Regression,Classical,136,0,0.5268431149084232,0.5294292868903353,0
Logistic Regression,Classical,137,1,0.5289865513626113,0.5294292868903353,0
Logistic Regression,Classical,138,0,0.5267671228041422,0.5294292868903353,0
Logistic Regression,Classical,139,0,0.5263198547781522,0.5294292868903353,0
Logistic Regression,Classical,140,1,0.5292670178144825,0.5294292868903353,0
Logistic Regression,Classical,141,0,0.5261957090138135,0.5294292868903353,0
Logistic Regression,Classical,142,0,0.3891680467233226,0.5294292868903353,0
Logistic Regression,Classical,143,1,0.52659089896085,0.5294292868903353,0
Logistic Regression,Classical,144,0,0.3903498516795217,0.5294292868903353,0
Logistic Regression,Classical,145,0,0.3890259021575679,0.5294292868903353,0
Logistic Regression,Classical,146,0,0.5279066572575863,0.5294292868903353,0
Logistic Regression,Classical,147,1,0.5272389894850806,0.5294292868903353,0
Logistic Regression,Classical,148,0,0.5281334104022225,0.5294292868903353,0
Logistic Regression,Classical,149,0,0.3884130437985372,0.5294292868903353,0
Logistic Regression,Classical,150,1,0.5268804622269669,0.5294292868903353,0
Logistic Regression,Classical,151,1,0.5266615449798301,0.5294292868903353,0
Logistic Regression,Classical,152,1,0.5263648312916892,0.5294292868903353,0
Logistic Regression,Classical,153,0,0.6589777139466557,0.5294292868903353,1
Logistic Regression,Classical,154,1,0.5289580487025864,0.5294292868903353,0
Logistic Regression,Classical,155,0,0.388881898215427,0.5294292868903353,0
Logistic Regression,Classical,156,0,0.38815801308654974,0.5294292868903353,0
Logistic Regression,Classical,157,1,0.5267808757277005,0.5294292868903353,0
Logistic Regression,Classical,158,0,0.5270862860848482,0.5294292868903353,0
Logistic Regression,Classical,159,0,0.3882351449494352,0.5294292868903353,0
Logistic Regression,Classical,160,1,0.5263043326853494,0.5294292868903353,0
Logistic Regression,Classical,161,0,0.5267440520246881,0.5294292868903353,0
Logistic Regression,Classical,162,1,0.525711997710096,0.5294292868903353,0
Logistic Regression,Classical,163,1,0.5289034466581664,0.5294292868903353,0
Logistic Regression,Classical,164,0,0.38820949436910057,0.5294292868903353,0
Logistic Regression,Classical,165,0,0.3886128960323344,0.5294292868903353,0
Logistic Regression,Classical,166,0,0.5255590297059572,0.5294292868903353,0
Logistic Regression,Classical,167,1,0.5267606215873287,0.5294292868903353,0
Logistic Regression,Classical,168,1,0.5254198738508954,0.5294292868903353,0
Logistic Regression,Classical,169,0,0.38928511458077636,0.5294292868903353,0
Logistic Regression,Classical,170,1,0.5268754037856056,0.5294292868903353,0
Logistic Regression,Classical,171,0,0.38833715337949404,0.5294292868903353,0
Logistic Regression,Classical,172,1,0.5289077424165411,0.5294292868903353,0
Logistic Regression,Classical,173,1,0.5251000838078614,0.5294292868903353,0
Logistic Regression,Classical,174,1,0.3903709753457102,0.5294292868903353,0
Logistic Regression,Classical,175,1,0.5301118671176754,0.5294292868903353,1
Logistic Regression,Classical,176,0,0.3884382247304549,0.5294292868903353,0
Logistic Regression,Classical,177,0,0.3884130437985372,0.5294292868903353,0
Logistic Regression,Classical,178,0,0.3890259021575679,0.5294292868903353,0
Logistic Regression,Classical,179,1,0.5258510911115893,0.5294292868903353,0
Logistic Regression,Classical,180,1,0.5287037829974925,0.5294292868903353,0
Logistic Regression,Classical,181,0,0.5265139810967148,0.5294292868903353,0
Logistic Regression,Classical,182,1,0.5285330255392836,0.5294292868903353,0
Logistic Regression,Classical,183,0,0.5274303854074592,0.5294292868903353,0
Logistic Regression,Classical,184,1,0.5289215301423693,0.5294292868903353,0
Logistic Regression,Classical,185,1,0.5266833778619544,0.5294292868903353,0
Logistic Regression,Classical,186,0,0.3883878051075959,0.5294292868903353,0
Logistic Regression,Classical,187,1,0.5290466597283294,0.5294292868903353,0
Logistic Regression,Classical,188,1,0.5261519443120106,0.5294292868903353,0
Logistic Regression,Classical,189,0,0.5276171302982738,0.5294292868903353,0
Logistic Regression,Classical,190,1,0.5292269343879582,0.5294292868903353,0
Logistic Regression,Classical,191,1,0.5255043898801653,0.5294292868903353,0
Logistic Regression,Classical,192,0,0.5290536604749635,0.5294292868903353,0
Logistic Regression,Classical,193,0,0.3894698722991234,0.5294292868903353,0
Logistic Regression,Classical,194,1,0.5288307114573084,0.5294292868903353,0
Logistic Regression,Classical,195,1,0.5257414834757493,0.5294292868903353,0
Logistic Regression,Classical,196,1,0.5275610766873736,0.5294292868903353,0
Logistic Regression,Classical,197,1,0.5253208991399048,0.5294292868903353,0
Logistic Regression,Classical,198,1,0.5255647700907635,0.5294292868903353,0
Logistic Regression,Classical,199,1,0.5290186280177724,0.5294292868903353,0
Logistic Regression,Classical,200,0,0.5262755170936382,0.5294292868903353,0
Logistic Regression,Classical,201,0,0.38909720384281754,0.5294292868903353,0
Logistic Regression,Classical,202,0,0.5264923220543807,0.5294292868903353,0
Logistic Regression,Classical,203,1,0.5283341519168235,0.5294292868903353,0
Logistic Regression,Classical,204,0,0.5262432771158402,0.5294292868903353,0
Logistic Regression,Classical,205,0,0.5269078402698685,0.5294292868903353,0
Logistic Regression,Classical,206,1,0.5254656656622932,0.5294292868903353,0
Logistic Regression,Classical,207,1,0.5279391172646747,0.5294292868903353,0
Logistic Regression,Classical,208,0,0.3887114773895158,0.5294292868903353,0
Logistic Regression,Classical,209,1,0.5253543113120603,0.5294292868903353,0
Logistic Regression,Classical,210,1,0.5253140959681991,0.5294292868903353,0
Logistic Regression,Classical,211,0,0.527641228745545,0.5294292868903353,0
Logistic Regression,Classical,212,1,0.5252745703191072,0.5294292868903353,0
Logistic Regression,Classical,213,1,0.5279267721803077,0.5294292868903353,0
Logistic Regression,Classical,214,1,0.5260570530944163,0.5294292868903353,0
Logistic Regression,Classical,215,1,0.5277467103441748,0.5294292868903353,0
Logistic Regression,Classical,216,1,0.5269601351949571,0.5294292868903353,0
Logistic Regression,Classical,217,0,0.526455781601253,0.5294292868903353,0
Logistic Regression,Classical,218,1,0.38977870790375735,0.5294292868903353,0
Logistic Regression,Classical,219,1,0.528814704994384,0.5294292868903353,0
Logistic Regression,Classical,220,1,0.527065413814307,0.5294292868903353,0
Logistic Regression,Classical,221,1,0.528711626036785,0.5294292868903353,0
Logistic Regression,Classical,222,0,0.38831173980310024,0.5294292868903353,0
Logistic Regression,Classical,223,0,0.38815801308654974,0.5294292868903353,0
Logistic Regression,Classical,224,0,0.3880543220627556,0.5294292868903353,0
Logistic Regression,Classical,225,1,0.5252113948893347,0.5294292868903353,0
Logistic Regression,Classical,226,1,0.3883878051075959,0.5294292868903353,0
Logistic Regression,Classical,227,1,0.5299804955593722,0.5294292868903353,1
Logistic Regression,Classical,228,0,0.528446903998985,0.5294292868903353,0
Logistic Regression,Classical,229,1,0.5285824877688172,0.5294292868903353,0
Logistic Regression,Classical,230,0,0.3881837838421952,0.5294292868903353,0
Logistic Regression,Classical,231,1,0.5270749015244317,0.5294292868903353,0
Logistic Regression,Classical,232,0,0.38900203193724714,0.5294292868903353,0
Logistic Regression,Classical,233,1,0.5267925643419192,0.5294292868903353,0
Logistic Regression,Classical,234,0,0.38895413565798653,0.5294292868903353,0
Logistic Regression,Classical,235,1,0.5277482391752429,0.5294292868903353,0
Logistic Regression,Classical,236,1,0.5254447575178636,0.5294292868903353,0
Logistic Regression,Classical,237,1,0.528850907994217,0.5294292868903353,0
Logistic Regression,Classical,238,0,0.5301287583393332,0.5294292868903353,1
Logistic Regression,Classical,239,0,0.3887114773895158,0.5294292868903353,0
Logistic Regression,Classical,240,0,0.3882351449494352,0.5294292868903353,0
Logistic Regression,Classical,241,1,0.5265579452233736,0.5294292868903353,0
Logistic Regression,Classical,242,0,0.3880803365953538,0.5294292868903353,0
Logistic Regression,Classical,243,1,0.5272428778133514,0.5294292868903353,0
Logistic Regression,Classical,244,1,0.5300979277187209,0.5294292868903353,1
Logistic Regression,Classical,245,1,0.528259512481917,0.5294292868903353,0
Logistic Regression,Classical,246,1,0.5250792477107268,0.5294292868903353,0
Logistic Regression,Classical,247,0,0.5271653887637704,0.5294292868903353,0
Logistic Regression,Classical,248,1,0.5287230961361854,0.5294292868903353,0
Logistic Regression,Classical,249,0,0.38846334816833367,0.5294292868903353,0
Logistic Regression,Classical,250,0,0.526731109042081,0.5294292868903353,0
Logistic Regression,Classical,251,0,0.527441712081242,0.5294292868903353,0
Logistic Regression,Classical,252,1,0.528196846202759,0.5294292868903353,0
Logistic Regression,Classical,253,0,0.3881321818179937,0.5294292868903353,0
Logistic Regression,Classical,254,1,0.5266214116621752,0.5294292868903353,0
Logistic Regression,Classical,255,1,0.5253662482226252,0.5294292868903353,0
Logistic Regression,Classical,256,1,0.5290567561404237,0.5294292868903353,0
Logistic Regression,Classical,257,0,0.527378380058904,0.5294292868903353,0
Logistic Regression,Classical,258,0,0.5271613371905565,0.5294292868903353,0
Logistic Regression,Classical,259,1,0.5248765265296482,0.5294292868903353,0
Logistic Regression,Classical,260,1,0.5278662643991051,0.5294292868903353,0
Logistic Regression,Classical,261,1,0.5301368120503384,0.5294292868903353,1
Logistic Regression,Classical,262,1,0.5281718807657388,0.5294292868903353,0
Logistic Regression,Classical,263,0,0.5261582313278592,0.5294292868903353,0
Logistic Regression,Classical,264,0,0.3895155814343795,0.5294292868903353,0
Logistic Regression,Classical,265,1,0.5264529114410395,0.5294292868903353,0
Logistic Regression,Classical,266,1,0.5281203199852003,0.5294292868903353,0
Logistic Regression,Classical,267,0,0.38900203193724714,0.5294292868903353,0
Logistic Regression,Classical,268,0,0.3889060300732502,0.5294292868903353,0
Logistic Regression,Classical,269,1,0.5267689772399644,0.5294292868903353,0
Logistic Regression,Classical,270,1,0.5280566243119755,0.5294292868903353,0
Logistic Regression,Classical,271,0,0.38893010914360343,0.5294292868903353,0
Logistic Regression,Classical,272,1,0.5292514601008476,0.5294292868903353,0
Logistic Regression,Classical,273,0,0.38953836505760353,0.5294292868903353,0
Logistic Regression,Classical,274,1,0.5289242826180742,0.5294292868903353,0
Logistic Regression,Classical,275,1,0.39048632874320793,0.5294292868903353,0
Logistic Regression,Classical,276,0,0.5290912534288439,0.5294292868903353,0
Logistic Regression,Classical,277,0,0.5270824833746922,0.5294292868903353,0
Logistic Regression,Classical,278,0,0.5269896356315495,0.5294292868903353,0
Logistic Regression,Classical,279,0,0.3881837838421952,0.5294292868903353,0
Logistic Regression,Classical,280,0,0.5261294968792722,0.5294292868903353,0
Logistic Regression,Classical,281,0,0.3891680467233226,0.5294292868903353,0
Logistic Regression,Classical,282,1,0.5273996393552985,0.5294292868903353,0
Logistic Regression,Classical,283,0,0.5280684656611712,0.5294292868903353,0
Logistic Regression,Classical,284,1,0.5282519371904011,0.5294292868903353,0
Logistic Regression,Classical,285,0,0.3880543220627556,0.5294292868903353,0
Logistic Regression,Classical,286,1,0.5268821780825188,0.5294292868903353,0
Logistic Regression,Classical,287,1,0.5269568086005068,0.5294292868903353,0
Logistic Regression,Classical,288,0,0.5271004066669609,0.5294292868903353,0
Logistic Regression,Classical,289,1,0.5249794977074701,0.5294292868903353,0
Logistic Regression,Classical,290,1,0.5255743544514442,0.5294292868903353,0
Logistic Regression,Classical,291,1,0.5292210347562252,0.5294292868903353,0
Logistic Regression,Classical,292,1,0.5290195597605141,0.5294292868903353,0
Logistic Regression,Classical,293,0,0.5265964188591967,0.5294292868903353,0
Logistic Regression,Classical,294,0,0.38912086882122476,0.5294292868903353,0
Logistic Regression,Classical,295,0,0.5279256082886339,0.5294292868903353,0
Logistic Regression,Classical,296,1,0.530089238407151,0.5294292868903353,1
Logistic Regression,Classical,297,0,0.38893010914360343,0.5294292868903353,0
Logistic Regression,Classical,298,1,0.5265564386437325,0.5294292868903353,0
Logistic Regression,Classical,299,1,0.5248795099524775,0.5294292868903353,0
HistGradientBoosting,Classical,0,0,0.9617236209100865,0.9617236209100865,1
HistGradientBoosting,Classical,1,1,0.9617236209100865,0.9617236209100865,1
HistGradientBoosting,Classical,2,0,0.9617236209100865,0.9617236209100865,1
HistGradientBoosting,Classical,3,0,0.9617236209100865,0.9617236209100865,1
HistGradientBoosting,Classical,4,0,0.9617236209100865,0.9617236209100865,1
HistGradientBoosting,Classical,5,0,0.9617236209100865,0.9617236209100865,1
HistGradientBoosting,Classical,6,0,0.9617236209100865,0.9617236209100865,1
HistGradientBoosting,Classical,7,1,0.9617236209100865,0.9617236209100865,1
HistGradientBoosting,Classical,8,1,0.9617236209100865,0.9617236209100865,1
HistGradientBoosting,Classical,9,0,0.9617236209100865,0.9617236209100865,1
HistGradientBoosting,Classical,10,1,0.9617236209100865,0.9617236209100865,1
HistGradientBoosting,Classical,11,0,0.9617236209100865,0.9617236209100865,1
HistGradientBoosting,Classical,12,0,0.9617236209100865,0.9617236209100865,1
HistGradientBoosting,Classical,13,1,0.9617236209100865,0.9617236209100865,1
HistGradientBoosting,Classical,14,0,0.9617236209100865,0.9617236209100865,1
HistGradientBoosting,Classical,15,1,0.9617236209100865,0.9617236209100865,1
HistGradientBoosting,Classical,16,1,0.9617236209100865,0.9617236209100865,1
HistGradientBoosting,Classical,17,1,0.9617236209100865,0.9617236209100865,1
HistGradientBoosting,Classical,18,0,0.9617236209100865,0.9617236209100865,1
HistGradientBoosting,Classical,19,0,0.9617236209100865,0.9617236209100865,1
HistGradientBoosting,Classical,20,0,0.9617236209100865,0.9617236209100865,1
HistGradientBoosting,Classical,21,1,0.9617236209100865,0.9617236209100865,1
HistGradientBoosting,Classical,22,0,0.9617236209100865,0.9617236209100865,1
HistGradientBoosting,Classical,23,1,0.9617236209100865,0.9617236209100865,1
HistGradientBoosting,Classical,24,0,0.9617236209100865,0.9617236209100865,1
HistGradientBoosting,Classical,25,0,0.9617236209100865,0.9617236209100865,1
HistGradientBoosting,Classical,26,1,0.9617236209100865,0.9617236209100865,1
HistGradientBoosting,Classical,27,0,0.9617236209100865,0.9617236209100865,1
HistGradientBoosting,Classical,28,0,0.9617236209100865,0.9617236209100865,1
HistGradientBoosting,Classical,29,1,0.9617236209100865,0.9617236209100865,1
HistGradientBoosting,Classical,30,1,0.9617236209100865,0.9617236209100865,1
HistGradientBoosting,Classical,31,0,0.9617236209100865,0.9617236209100865,1
HistGradientBoosting,Classical,32,0,0.9617236209100865,0.9617236209100865,1
HistGradientBoosting,Classical,33,1,0.9617236209100865,0.9617236209100865,1
HistGradientBoosting,Classical,34,0,0.9617236209100865,0.9617236209100865,1
HistGradientBoosting,Classical,35,1,0.9617236209100865,0.9617236209100865,1
HistGradientBoosting,Classical,36,0,0.9617236209100865,0.9617236209100865,1
HistGradientBoosting,Classical,37,0,0.9617236209100865,0.9617236209100865,1
HistGradientBoosting,Classical,38,0,0.9617236209100865,0.9617236209100865,1
HistGradientBoosting,Classical,39,0,0.9617236209100865,0.9617236209100865,1
HistGradientBoosting,Classical,40,1,0.9617236209100865,0.9617236209100865,1
HistGradientBoosting,Classical,41,1,0.9617236209100865,0.9617236209100865,1
HistGradientBoosting,Classical,42,0,0.9617236209100865,0.9617236209100865,1
HistGradientBoosting,Classical,43,0,0.9617236209100865,0.9617236209100865,1
HistGradientBoosting,Classical,44,1,0.9617236209100865,0.9617236209100865,1
HistGradientBoosting,Classical,45,0,0.9617236209100865,0.9617236209100865,1
HistGradientBoosting,Classical,46,0,0.9617236209100865,0.9617236209100865,1
HistGradientBoosting,Classical,47,1,0.9617236209100865,0.9617236209100865,1
HistGradientBoosting,Classical,48,1,0.9617236209100865,0.9617236209100865,1
HistGradientBoosting,Classical,49,1,0.9617236209100865,0.9617236209100865,1
HistGradientBoosting,Classical,50,1,0.9617236209100865,0.9617236209100865,1
HistGradientBoosting,Classical,51,1,0.9617236209100865,0.9617236209100865,1
HistGradientBoosting,Classical,52,0,0.9617236209100865,0.9617236209100865,1
HistGradientBoosting,Classical,53,0,0.9617236209100865,0.9617236209100865,1
HistGradientBoosting,Classical,54,0,0.9617236209100865,0.9617236209100865,1
HistGradientBoosting,Classical,55,0,0.9617236209100865,0.9617236209100865,1
HistGradientBoosting,Classical,56,1,0.9617236209100865,0.9617236209100865,1
HistGradientBoosting,Classical,57,1,0.9617236209100865,0.9617236209100865,1
HistGradientBoosting,Classical,58,1,0.9617236209100865,0.9617236209100865,1
HistGradientBoosting,Classical,59,1,0.9617236209100865,0.9617236209100865,1
HistGradientBoosting,Classical,60,0,0.9617236209100865,0.9617236209100865,1
HistGradientBoosting,Classical,61,0,0.9617236209100865,0.9617236209100865,1
HistGradientBoosting,Classical,62,1,0.9617236209100865,0.9617236209100865,1
HistGradientBoosting,Classical,63,0,0.9617236209100865,0.9617236209100865,1
HistGradientBoosting,Classical,64,1,0.9617236209100865,0.9617236209100865,1
HistGradientBoosting,Classical,65,0,0.9617236209100865,0.9617236209100865,1
HistGradientBoosting,Classical,66,1,0.9617236209100865,0.9617236209100865,1
HistGradientBoosting,Classical,67,0,0.9617236209100865,0.9617236209100865,1
HistGradientBoosting,Classical,68,1,0.9617236209100865,0.9617236209100865,1
HistGradientBoosting,Classical,69,0,0.9617236209100865,0.9617236209100865,1
HistGradientBoosting,Classical,70,0,0.9617236209100865,0.9617236209100865,1
HistGradientBoosting,Classical,71,0,0.9617236209100865,0.9617236209100865,1
HistGradientBoosting,Classical,72,0,0.9617236209100865,0.9617236209100865,1
HistGradientBoosting,Classical,73,1,0.9617236209100865,0.9617236209100865,1
HistGradientBoosting,Classical,74,0,0.9617236209100865,0.9617236209100865,1
HistGradientBoosting,Classical,75,0,0.9617236209100865,0.9617236209100865,1
HistGradientBoosting,Classical,76,0,0.9617236209100865,0.9617236209100865,1
HistGradientBoosting,Classical,77,0,0.9617236209100865,0.9617236209100865,1
HistGradientBoosting,Classical,78,1,0.9617236209100865,0.9617236209100865,1
HistGradientBoosting,Classical,79,1,0.9617236209100865,0.9617236209100865,1
HistGradientBoosting,Classical,80,0,0.9617236209100865,0.9617236209100865,1
HistGradientBoosting,Classical,81,0,0.9617236209100865,0.9617236209100865,1
HistGradientBoosting,Classical,82,0,0.9617236209100865,0.9617236209100865,1
HistGradientBoosting,Classical,83,1,0.9617236209100865,0.9617236209100865,1
HistGradientBoosting,Classical,84,0,0.9617236209100865,0.9617236209100865,1
HistGradientBoosting,Classical,85,1,0.9617236209100865,0.9617236209100865,1
HistGradientBoosting,Classical,86,1,0.9617236209100865,0.9617236209100865,1
HistGradientBoosting,Classical,87,1,0.9617236209100865,0.9617236209100865,1
HistGradientBoosting,Classical,88,0,0.9617236209100865,0.9617236209100865,1
HistGradientBoosting,Classical,89,1,0.9617236209100865,0.9617236209100865,1
HistGradientBoosting,Classical,90,1,0.9617236209100865,0.9617236209100865,1
HistGradientBoosting,Classical,91,0,0.9617236209100865,0.9617236209100865,1
HistGradientBoosting,Classical,92,0,0.9617236209100865,0.9617236209100865,1
HistGradientBoosting,Classical,93,1,0.9617236209100865,0.9617236209100865,1
HistGradientBoosting,Classical,94,0,0.9617236209100865,0.9617236209100865,1
HistGradientBoosting,Classical,95,1,0.9617236209100865,0.9617236209100865,1
HistGradientBoosting,Classical,96,0,0.9617236209100865,0.9617236209100865,1
HistGradientBoosting,Classical,97,0,0.9617236209100865,0.9617236209100865,1
HistGradientBoosting,Classical,98,0,0.9617236209100865,0.9617236209100865,1
HistGradientBoosting,Classical,99,0,0.9617236209100865,0.9617236209100865,1
HistGradientBoosting,Classical,100,0,0.9617236209100865,0.9617236209100865,1
HistGradientBoosting,Classical,101,1,0.9617236209100865,0.9617236209100865,1
HistGradientBoosting,Classical,102,0,0.9617236209100865,0.9617236209100865,1
HistGradientBoosting,Classical,103,0,0.9617236209100865,0.9617236209100865,1
HistGradientBoosting,Classical,104,1,0.9617236209100865,0.9617236209100865,1
HistGradientBoosting,Classical,105,0,0.9617236209100865,0.9617236209100865,1
HistGradientBoosting,Classical,106,1,0.9617236209100865,0.9617236209100865,1
HistGradientBoosting,Classical,107,0,0.9617236209100865,0.9617236209100865,1
HistGradientBoosting,Classical,108,0,0.9617236209100865,0.9617236209100865,1
HistGradientBoosting,Classical,109,1,0.9617236209100865,0.9617236209100865,1
HistGradientBoosting,Classical,110,1,0.9617236209100865,0.9617236209100865,1
HistGradientBoosting,Classical,111,1,0.9617236209100865,0.9617236209100865,1
HistGradientBoosting,Classical,112,1,0.9617236209100865,0.9617236209100865,1
HistGradientBoosting,Classical,113,0,0.9617236209100865,0.9617236209100865,1
HistGradientBoosting,Classical,114,0,0.9617236209100865,0.9617236209100865,1
HistGradientBoosting,Classical,115,1,0.9617236209100865,0.9617236209100865,1
HistGradientBoosting,Classical,116,1,0.9617236209100865,0.9617236209100865,1
HistGradientBoosting,Classical,117,1,0.9617236209100865,0.9617236209100865,1
HistGradientBoosting,Classical,118,1,0.9617236209100865,0.9617236209100865,1
HistGradientBoosting,Classical,119,1,0.9617236209100865,0.9617236209100865,1
HistGradientBoosting,Classical,120,0,0.9617236209100865,0.9617236209100865,1
HistGradientBoosting,Classical,121,0,0.9617236209100865,0.9617236209100865,1
HistGradientBoosting,Classical,122,0,0.9617236209100865,0.9617236209100865,1
HistGradientBoosting,Classical,123,0,0.9617236209100865,0.9617236209100865,1
HistGradientBoosting,Classical,124,0,0.9617236209100865,0.9617236209100865,1
HistGradientBoosting,Classical,125,1,0.9617236209100865,0.9617236209100865,1
HistGradientBoosting,Classical,126,0,0.9617236209100865,0.9617236209100865,1
HistGradientBoosting,Classical,127,0,0.9617236209100865,0.9617236209100865,1
HistGradientBoosting,Classical,128,1,0.9617236209100865,0.9617236209100865,1
HistGradientBoosting,Classical,129,0,0.9617236209100865,0.9617236209100865,1
HistGradientBoosting,Classical,130,0,0.9617236209100865,0.9617236209100865,1
HistGradientBoosting,Classical,131,1,0.9617236209100865,0.9617236209100865,1
HistGradientBoosting,Classical,132,1,0.9617236209100865,0.9617236209100865,1
HistGradientBoosting,Classical,133,1,0.9617236209100865,0.9617236209100865,1
HistGradientBoosting,Classical,134,1,0.9617236209100865,0.9617236209100865,1
HistGradientBoosting,Classical,135,1,0.9617236209100865,0.9617236209100865,1
HistGradientBoosting,Classical,136,0,0.9617236209100865,0.9617236209100865,1
HistGradientBoosting,Classical,137,1,0.9617236209100865,0.9617236209100865,1
HistGradientBoosting,Classical,138,0,0.9617236209100865,0.9617236209100865,1
HistGradientBoosting,Classical,139,0,0.9617236209100865,0.9617236209100865,1
HistGradientBoosting,Classical,140,1,0.9617236209100865,0.9617236209100865,1
HistGradientBoosting,Classical,141,0,0.9617236209100865,0.9617236209100865,1
HistGradientBoosting,Classical,142,0,0.9617236209100865,0.9617236209100865,1
HistGradientBoosting,Classical,143,1,0.9617236209100865,0.9617236209100865,1
HistGradientBoosting,Classical,144,0,0.9617236209100865,0.9617236209100865,1
HistGradientBoosting,Classical,145,0,0.9617236209100865,0.9617236209100865,1
HistGradientBoosting,Classical,146,0,0.9617236209100865,0.9617236209100865,1
HistGradientBoosting,Classical,147,1,0.9617236209100865,0.9617236209100865,1
HistGradientBoosting,Classical,148,0,0.9617236209100865,0.9617236209100865,1
HistGradientBoosting,Classical,149,0,0.9617236209100865,0.9617236209100865,1
HistGradientBoosting,Classical,150,1,0.9617236209100865,0.9617236209100865,1
HistGradientBoosting,Classical,151,1,0.9617236209100865,0.9617236209100865,1
HistGradientBoosting,Classical,152,1,0.9617236209100865,0.9617236209100865,1
HistGradientBoosting,Classical,153,0,0.9617236209100865,0.9617236209100865,1
HistGradientBoosting,Classical,154,1,0.9617236209100865,0.9617236209100865,1
HistGradientBoosting,Classical,155,0,0.9617236209100865,0.9617236209100865,1
HistGradientBoosting,Classical,156,0,0.9617236209100865,0.9617236209100865,1
HistGradientBoosting,Classical,157,1,0.9617236209100865,0.9617236209100865,1
HistGradientBoosting,Classical,158,0,0.9617236209100865,0.9617236209100865,1
HistGradientBoosting,Classical,159,0,0.9617236209100865,0.9617236209100865,1
HistGradientBoosting,Classical,160,1,0.9617236209100865,0.9617236209100865,1
HistGradientBoosting,Classical,161,0,0.9617236209100865,0.9617236209100865,1
HistGradientBoosting,Classical,162,1,0.9617236209100865,0.9617236209100865,1
HistGradientBoosting,Classical,163,1,0.9617236209100865,0.9617236209100865,1
HistGradientBoosting,Classical,164,0,0.9617236209100865,0.9617236209100865,1
HistGradientBoosting,Classical,165,0,0.9617236209100865,0.9617236209100865,1
HistGradientBoosting,Classical,166,0,0.9617236209100865,0.9617236209100865,1
HistGradientBoosting,Classical,167,1,0.9617236209100865,0.9617236209100865,1
HistGradientBoosting,Classical,168,1,0.9617236209100865,0.9617236209100865,1
HistGradientBoosting,Classical,169,0,0.9617236209100865,0.9617236209100865,1
HistGradientBoosting,Classical,170,1,0.9617236209100865,0.9617236209100865,1
HistGradientBoosting,Classical,171,0,0.9617236209100865,0.9617236209100865,1
HistGradientBoosting,Classical,172,1,0.9617236209100865,0.9617236209100865,1
HistGradientBoosting,Classical,173,1,0.9617236209100865,0.9617236209100865,1
HistGradientBoosting,Classical,174,1,0.9617236209100865,0.9617236209100865,1
HistGradientBoosting,Classical,175,1,0.9617236209100865,0.9617236209100865,1
HistGradientBoosting,Classical,176,0,0.9617236209100865,0.9617236209100865,1
HistGradientBoosting,Classical,177,0,0.9617236209100865,0.9617236209100865,1
HistGradientBoosting,Classical,178,0,0.9617236209100865,0.9617236209100865,1
HistGradientBoosting,Classical,179,1,0.9617236209100865,0.9617236209100865,1
HistGradientBoosting,Classical,180,1,0.9617236209100865,0.9617236209100865,1
HistGradientBoosting,Classical,181,0,0.9617236209100865,0.9617236209100865,1
HistGradientBoosting,Classical,182,1,0.9617236209100865,0.9617236209100865,1
HistGradientBoosting,Classical,183,0,0.9617236209100865,0.9617236209100865,1
HistGradientBoosting,Classical,184,1,0.9617236209100865,0.9617236209100865,1
HistGradientBoosting,Classical,185,1,0.9617236209100865,0.9617236209100865,1
HistGradientBoosting,Classical,186,0,0.9617236209100865,0.9617236209100865,1
HistGradientBoosting,Classical,187,1,0.9617236209100865,0.9617236209100865,1
HistGradientBoosting,Classical,188,1,0.9617236209100865,0.9617236209100865,1
HistGradientBoosting,Classical,189,0,0.9617236209100865,0.9617236209100865,1
HistGradientBoosting,Classical,190,1,0.9617236209100865,0.9617236209100865,1
HistGradientBoosting,Classical,191,1,0.9617236209100865,0.9617236209100865,1
HistGradientBoosting,Classical,192,0,0.9617236209100865,0.9617236209100865,1
HistGradientBoosting,Classical,193,0,0.9617236209100865,0.9617236209100865,1
HistGradientBoosting,Classical,194,1,0.9617236209100865,0.9617236209100865,1
HistGradientBoosting,Classical,195,1,0.9617236209100865,0.9617236209100865,1
HistGradientBoosting,Classical,196,1,0.9617236209100865,0.9617236209100865,1
HistGradientBoosting,Classical,197,1,0.9617236209100865,0.9617236209100865,1
HistGradientBoosting,Classical,198,1,0.9617236209100865,0.9617236209100865,1
HistGradientBoosting,Classical,199,1,0.9617236209100865,0.9617236209100865,1
HistGradientBoosting,Classical,200,0,0.9617236209100865,0.9617236209100865,1
HistGradientBoosting,Classical,201,0,0.9617236209100865,0.9617236209100865,1
HistGradientBoosting,Classical,202,0,0.9617236209100865,0.9617236209100865,1
HistGradientBoosting,Classical,203,1,0.9617236209100865,0.9617236209100865,1
HistGradientBoosting,Classical,204,0,0.9617236209100865,0.9617236209100865,1
HistGradientBoosting,Classical,205,0,0.9617236209100865,0.9617236209100865,1
HistGradientBoosting,Classical,206,1,0.9617236209100865,0.9617236209100865,1
HistGradientBoosting,Classical,207,1,0.9617236209100865,0.9617236209100865,1
HistGradientBoosting,Classical,208,0,0.9617236209100865,0.9617236209100865,1
HistGradientBoosting,Classical,209,1,0.9617236209100865,0.9617236209100865,1
HistGradientBoosting,Classical,210,1,0.9617236209100865,0.9617236209100865,1
HistGradientBoosting,Classical,211,0,0.9617236209100865,0.9617236209100865,1
HistGradientBoosting,Classical,212,1,0.9617236209100865,0.9617236209100865,1
HistGradientBoosting,Classical,213,1,0.9617236209100865,0.9617236209100865,1
HistGradientBoosting,Classical,214,1,0.9617236209100865,0.9617236209100865,1
HistGradientBoosting,Classical,215,1,0.9617236209100865,0.9617236209100865,1
HistGradientBoosting,Classical,216,1,0.9617236209100865,0.9617236209100865,1
HistGradientBoosting,Classical,217,0,0.9617236209100865,0.9617236209100865,1
HistGradientBoosting,Classical,218,1,0.9617236209100865,0.9617236209100865,1
HistGradientBoosting,Classical,219,1,0.9617236209100865,0.9617236209100865,1
HistGradientBoosting,Classical,220,1,0.9617236209100865,0.9617236209100865,1
HistGradientBoosting,Classical,221,1,0.9617236209100865,0.9617236209100865,1
HistGradientBoosting,Classical,222,0,0.9617236209100865,0.9617236209100865,1
HistGradientBoosting,Classical,223,0,0.9617236209100865,0.9617236209100865,1
HistGradientBoosting,Classical,224,0,0.9617236209100865,0.9617236209100865,1
HistGradientBoosting,Classical,225,1,0.9617236209100865,0.9617236209100865,1
HistGradientBoosting,Classical,226,1,0.9617236209100865,0.9617236209100865,1
HistGradientBoosting,Classical,227,1,0.9617236209100865,0.9617236209100865,1
HistGradientBoosting,Classical,228,0,0.9617236209100865,0.9617236209100865,1
HistGradientBoosting,Classical,229,1,0.9617236209100865,0.9617236209100865,1
HistGradientBoosting,Classical,230,0,0.9617236209100865,0.9617236209100865,1
HistGradientBoosting,Classical,231,1,0.9617236209100865,0.9617236209100865,1
HistGradientBoosting,Classical,232,0,0.9617236209100865,0.9617236209100865,1
HistGradientBoosting,Classical,233,1,0.9617236209100865,0.9617236209100865,1
HistGradientBoosting,Classical,234,0,0.9617236209100865,0.9617236209100865,1
HistGradientBoosting,Classical,235,1,0.9617236209100865,0.9617236209100865,1
HistGradientBoosting,Classical,236,1,0.9617236209100865,0.9617236209100865,1
HistGradientBoosting,Classical,237,1,0.9617236209100865,0.9617236209100865,1
HistGradientBoosting,Classical,238,0,0.9617236209100865,0.9617236209100865,1
HistGradientBoosting,Classical,239,0,0.9617236209100865,0.9617236209100865,1
HistGradientBoosting,Classical,240,0,0.9617236209100865,0.9617236209100865,1
HistGradientBoosting,Classical,241,1,0.9617236209100865,0.9617236209100865,1
HistGradientBoosting,Classical,242,0,0.9617236209100865,0.9617236209100865,1
HistGradientBoosting,Classical,243,1,0.9617236209100865,0.9617236209100865,1
HistGradientBoosting,Classical,244,1,0.9617236209100865,0.9617236209100865,1
HistGradientBoosting,Classical,245,1,0.9617236209100865,0.9617236209100865,1
HistGradientBoosting,Classical,246,1,0.9617236209100865,0.9617236209100865,1
HistGradientBoosting,Classical,247,0,0.9617236209100865,0.9617236209100865,1
HistGradientBoosting,Classical,248,1,0.9617236209100865,0.9617236209100865,1
HistGradientBoosting,Classical,249,0,0.9617236209100865,0.9617236209100865,1
HistGradientBoosting,Classical,250,0,0.9617236209100865,0.9617236209100865,1
HistGradientBoosting,Classical,251,0,0.9617236209100865,0.9617236209100865,1
HistGradientBoosting,Classical,252,1,0.9617236209100865,0.9617236209100865,1
HistGradientBoosting,Classical,253,0,0.9617236209100865,0.9617236209100865,1
HistGradientBoosting,Classical,254,1,0.9617236209100865,0.9617236209100865,1
HistGradientBoosting,Classical,255,1,0.9617236209100865,0.9617236209100865,1
HistGradientBoosting,Classical,256,1,0.9617236209100865,0.9617236209100865,1
HistGradientBoosting,Classical,257,0,0.9617236209100865,0.9617236209100865,1
HistGradientBoosting,Classical,258,0,0.9617236209100865,0.9617236209100865,1
HistGradientBoosting,Classical,259,1,0.9617236209100865,0.9617236209100865,1
HistGradientBoosting,Classical,260,1,0.9617236209100865,0.9617236209100865,1
HistGradientBoosting,Classical,261,1,0.9617236209100865,0.9617236209100865,1
HistGradientBoosting,Classical,262,1,0.9617236209100865,0.9617236209100865,1
HistGradientBoosting,Classical,263,0,0.9617236209100865,0.9617236209100865,1
HistGradientBoosting,Classical,264,0,0.9617236209100865,0.9617236209100865,1
HistGradientBoosting,Classical,265,1,0.9617236209100865,0.9617236209100865,1
HistGradientBoosting,Classical,266,1,0.9617236209100865,0.9617236209100865,1
HistGradientBoosting,Classical,267,0,0.9617236209100865,0.9617236209100865,1
HistGradientBoosting,Classical,268,0,0.9617236209100865,0.9617236209100865,1
HistGradientBoosting,Classical,269,1,0.9617236209100865,0.9617236209100865,1
HistGradientBoosting,Classical,270,1,0.9617236209100865,0.9617236209100865,1
HistGradientBoosting,Classical,271,0,0.9617236209100865,0.9617236209100865,1
HistGradientBoosting,Classical,272,1,0.9617236209100865,0.9617236209100865,1
HistGradientBoosting,Classical,273,0,0.9617236209100865,0.9617236209100865,1
HistGradientBoosting,Classical,274,1,0.9617236209100865,0.9617236209100865,1
HistGradientBoosting,Classical,275,1,0.9617236209100865,0.9617236209100865,1
HistGradientBoosting,Classical,276,0,0.9617236209100865,0.9617236209100865,1
HistGradientBoosting,Classical,277,0,0.9617236209100865,0.9617236209100865,1
HistGradientBoosting,Classical,278,0,0.9617236209100865,0.9617236209100865,1
HistGradientBoosting,Classical,279,0,0.9617236209100865,0.9617236209100865,1
HistGradientBoosting,Classical,280,0,0.9617236209100865,0.9617236209100865,1
HistGradientBoosting,Classical,281,0,0.9617236209100865,0.9617236209100865,1
HistGradientBoosting,Classical,282,1,0.9617236209100865,0.9617236209100865,1
HistGradientBoosting,Classical,283,0,0.9617236209100865,0.9617236209100865,1
HistGradientBoosting,Classical,284,1,0.9617236209100865,0.9617236209100865,1
HistGradientBoosting,Classical,285,0,0.9617236209100865,0.9617236209100865,1
HistGradientBoosting,Classical,286,1,0.9617236209100865,0.9617236209100865,1
HistGradientBoosting,Classical,287,1,0.9617236209100865,0.9617236209100865,1
HistGradientBoosting,Classical,288,0,0.9617236209100865,0.9617236209100865,1
HistGradientBoosting,Classical,289,1,0.9617236209100865,0.9617236209100865,1
HistGradientBoosting,Classical,290,1,0.9617236209100865,0.9617236209100865,1
HistGradientBoosting,Classical,291,1,0.9617236209100865,0.9617236209100865,1
HistGradientBoosting,Classical,292,1,0.9617236209100865,0.9617236209100865,1
HistGradientBoosting,Classical,293,0,0.9617236209100865,0.9617236209100865,1
HistGradientBoosting,Classical,294,0,0.9617236209100865,0.9617236209100865,1
HistGradientBoosting,Classical,295,0,0.9617236209100865,0.9617236209100865,1
HistGradientBoosting,Classical,296,1,0.9617236209100865,0.9617236209100865,1
HistGradientBoosting,Classical,297,0,0.9617236209100865,0.9617236209100865,1
HistGradientBoosting,Classical,298,1,0.9617236209100865,0.9617236209100865,1
HistGradientBoosting,Classical,299,1,0.9617236209100865,0.9617236209100865,1
Random Forest,Classical,0,0,0.98,0.9958,0
Random Forest,Classical,1,1,0.98,0.9958,0
Random Forest,Classical,2,0,1.0,0.9958,1
Random Forest,Classical,3,0,0.98,0.9958,0
Random Forest,Classical,4,0,0.98,0.9958,0
Random Forest,Classical,5,0,0.98,0.9958,0
Random Forest,Classical,6,0,0.98,0.9958,0
Random Forest,Classical,7,1,1.0,0.9958,1
Random Forest,Classical,8,1,0.98,0.9958,0
Random Forest,Classical,9,0,0.98,0.9958,0
Random Forest,Classical,10,1,0.98,0.9958,0
Random Forest,Classical,11,0,0.98,0.9958,0
Random Forest,Classical,12,0,1.0,0.9958,1
Random Forest,Classical,13,1,0.98,0.9958,0
Random Forest,Classical,14,0,0.98,0.9958,0
Random Forest,Classical,15,1,0.98,0.9958,0
Random Forest,Classical,16,1,1.0,0.9958,1
Random Forest,Classical,17,1,1.0,0.9958,1
Random Forest,Classical,18,0,1.0,0.9958,1
Random Forest,Classical,19,0,0.98,0.9958,0
Random Forest,Classical,20,0,0.98,0.9958,0
Random Forest,Classical,21,1,1.0,0.9958,1
Random Forest,Classical,22,0,0.98,0.9958,0
Random Forest,Classical,23,1,1.0,0.9958,1
Random Forest,Classical,24,0,1.0,0.9958,1
Random Forest,Classical,25,0,1.0,0.9958,1
Random Forest,Classical,26,1,1.0,0.9958,1
Random Forest,Classical,27,0,0.98,0.9958,0
Random Forest,Classical,28,0,1.0,0.9958,1
Random Forest,Classical,29,1,1.0,0.9958,1
Random Forest,Classical,30,1,0.98,0.9958,0
Random Forest,Classical,31,0,0.98,0.9958,0
Random Forest,Classical,32,0,1.0,0.9958,1
Random Forest,Classical,33,1,1.0,0.9958,1
Random Forest,Classical,34,0,0.98,0.9958,0
Random Forest,Classical,35,1,1.0,0.9958,1
Random Forest,Classical,36,0,0.98,0.9958,0
Random Forest,Classical,37,0,0.98,0.9958,0
Random Forest,Classical,38,0,1.0,0.9958,1
Random Forest,Classical,39,0,0.98,0.9958,0
Random Forest,Classical,40,1,1.0,0.9958,1
Random Forest,Classical,41,1,1.0,0.9958,1
Random Forest,Classical,42,0,0.98,0.9958,0
Random Forest,Classical,43,0,0.98,0.9958,0
Random Forest,Classical,44,1,0.98,0.9958,0
Random Forest,Classical,45,0,0.98,0.9958,0
Random Forest,Classical,46,0,0.98,0.9958,0
Random Forest,Classical,47,1,1.0,0.9958,1
Random Forest,Classical,48,1,1.0,0.9958,1
Random Forest,Classical,49,1,1.0,0.9958,1
Random Forest,Classical,50,1,0.98,0.9958,0
Random Forest,Classical,51,1,0.98,0.9958,0
Random Forest,Classical,52,0,0.98,0.9958,0
Random Forest,Classical,53,0,0.98,0.9958,0
Random Forest,Classical,54,0,0.98,0.9958,0
Random Forest,Classical,55,0,0.98,0.9958,0
Random Forest,Classical,56,1,0.98,0.9958,0
Random Forest,Classical,57,1,1.0,0.9958,1
Random Forest,Classical,58,1,1.0,0.9958,1
Random Forest,Classical,59,1,1.0,0.9958,1
Random Forest,Classical,60,0,1.0,0.9958,1
Random Forest,Classical,61,0,0.98,0.9958,0
Random Forest,Classical,62,1,1.0,0.9958,1
Random Forest,Classical,63,0,0.98,0.9958,0
Random Forest,Classical,64,1,1.0,0.9958,1
Random Forest,Classical,65,0,1.0,0.9958,1
Random Forest,Classical,66,1,1.0,0.9958,1
Random Forest,Classical,67,0,1.0,0.9958,1
Random Forest,Classical,68,1,0.98,0.9958,0
Random Forest,Classical,69,0,0.98,0.9958,0
Random Forest,Classical,70,0,1.0,0.9958,1
Random Forest,Classical,71,0,0.98,0.9958,0
Random Forest,Classical,72,0,0.98,0.9958,0
Random Forest,Classical,73,1,1.0,0.9958,1
Random Forest,Classical,74,0,0.98,0.9958,0
Random Forest,Classical,75,0,0.98,0.9958,0
Random Forest,Classical,76,0,0.98,0.9958,0
Random Forest,Classical,77,0,0.98,0.9958,0
Random Forest,Classical,78,1,0.98,0.9958,0
Random Forest,Classical,79,1,1.0,0.9958,1
Random Forest,Classical,80,0,0.98,0.9958,0
Random Forest,Classical,81,0,0.98,0.9958,0
Random Forest,Classical,82,0,0.98,0.9958,0
Random Forest,Classical,83,1,0.98,0.9958,0
Random Forest,Classical,84,0,0.98,0.9958,0
Random Forest,Classical,85,1,0.98,0.9958,0
Random Forest,Classical,86,1,1.0,0.9958,1
Random Forest,Classical,87,1,0.98,0.9958,0
Random Forest,Classical,88,0,0.98,0.9958,0
Random Forest,Classical,89,1,0.98,0.9958,0
Random Forest,Classical,90,1,0.98,0.9958,0
Random Forest,Classical,91,0,0.98,0.9958,0
Random Forest,Classical,92,0,0.98,0.9958,0
Random Forest,Classical,93,1,1.0,0.9958,1
Random Forest,Classical,94,0,0.98,0.9958,0
Random Forest,Classical,95,1,1.0,0.9958,1
Random Forest,Classical,96,0,0.98,0.9958,0
Random Forest,Classical,97,0,0.98,0.9958,0
Random Forest,Classical,98,0,0.98,0.9958,0
Random Forest,Classical,99,0,1.0,0.9958,1
Random Forest,Classical,100,0,0.98,0.9958,0
Random Forest,Classical,101,1,0.98,0.9958,0
Random Forest,Classical,102,0,0.98,0.9958,0
Random Forest,Classical,103,0,0.98,0.9958,0
Random Forest,Classical,104,1,0.98,0.9958,0
Random Forest,Classical,105,0,1.0,0.9958,1
Random Forest,Classical,106,1,1.0,0.9958,1
Random Forest,Classical,107,0,0.98,0.9958,0
Random Forest,Classical,108,0,1.0,0.9958,1
Random Forest,Classical,109,1,0.98,0.9958,0
Random Forest,Classical,110,1,1.0,0.9958,1
Random Forest,Classical,111,1,1.0,0.9958,1
Random Forest,Classical,112,1,0.98,0.9958,0
Random Forest,Classical,113,0,0.98,0.9958,0
Random Forest,Classical,114,0,0.98,0.9958,0
Random Forest,Classical,115,1,0.98,0.9958,0
Random Forest,Classical,116,1,1.0,0.9958,1
Random Forest,Classical,117,1,1.0,0.9958,1
Random Forest,Classical,118,1,0.98,0.9958,0
Random Forest,Classical,119,1,0.98,0.9958,0
Random Forest,Classical,120,0,0.98,0.9958,0
Random Forest,Classical,121,0,1.0,0.9958,1
Random Forest,Classical,122,0,1.0,0.9958,1
Random Forest,Classical,123,0,0.98,0.9958,0
Random Forest,Classical,124,0,1.0,0.9958,1
Random Forest,Classical,125,1,0.98,0.9958,0
Random Forest,Classical,126,0,0.98,0.9958,0
Random Forest,Classical,127,0,0.98,0.9958,0
Random Forest,Classical,128,1,0.98,0.9958,0
Random Forest,Classical,129,0,0.98,0.9958,0
Random Forest,Classical,130,0,0.98,0.9958,0
Random Forest,Classical,131,1,0.98,0.9958,0
Random Forest,Classical,132,1,0.98,0.9958,0
Random Forest,Classical,133,1,0.98,0.9958,0
Random Forest,Classical,134,1,0.98,0.9958,0
Random Forest,Classical,135,1,0.98,0.9958,0
Random Forest,Classical,136,0,0.98,0.9958,0
Random Forest,Classical,137,1,1.0,0.9958,1
Random Forest,Classical,138,0,0.98,0.9958,0
Random Forest,Classical,139,0,0.98,0.9958,0
Random Forest,Classical,140,1,1.0,0.9958,1
Random Forest,Classical,141,0,0.98,0.9958,0
Random Forest,Classical,142,0,0.98,0.9958,0
Random Forest,Classical,143,1,0.98,0.9958,0
Random Forest,Classical,144,0,0.98,0.9958,0
Random Forest,Classical,145,0,0.98,0.9958,0
Random Forest,Classical,146,0,1.0,0.9958,1
Random Forest,Classical,147,1,1.0,0.9958,1
Random Forest,Classical,148,0,1.0,0.9958,1
Random Forest,Classical,149,0,0.98,0.9958,0
Random Forest,Classical,150,1,1.0,0.9958,1
Random Forest,Classical,151,1,0.98,0.9958,0
Random Forest,Classical,152,1,0.98,0.9958,0
Random Forest,Classical,153,0,0.97,0.9958,0
Random Forest,Classical,154,1,1.0,0.9958,1
Random Forest,Classical,155,0,0.98,0.9958,0
Random Forest,Classical,156,0,0.98,0.9958,0
Random Forest,Classical,157,1,0.98,0.9958,0
Random Forest,Classical,158,0,1.0,0.9958,1
Random Forest,Classical,159,0,0.98,0.9958,0
Random Forest,Classical,160,1,0.98,0.9958,0
Random Forest,Classical,161,0,0.98,0.9958,0
Random Forest,Classical,162,1,0.98,0.9958,0
Random Forest,Classical,163,1,1.0,0.9958,1
Random Forest,Classical,164,0,0.98,0.9958,0
Random Forest,Classical,165,0,0.98,0.9958,0
Random Forest,Classical,166,0,0.98,0.9958,0
Random Forest,Classical,167,1,0.98,0.9958,0
Random Forest,Classical,168,1,0.98,0.9958,0
Random Forest,Classical,169,0,0.98,0.9958,0
Random Forest,Classical,170,1,0.98,0.9958,0
Random Forest,Classical,171,0,0.98,0.9958,0
Random Forest,Classical,172,1,1.0,0.9958,1
Random Forest,Classical,173,1,0.98,0.9958,0
Random Forest,Classical,174,1,0.98,0.9958,0
Random Forest,Classical,175,1,1.0,0.9958,1
Random Forest,Classical,176,0,0.98,0.9958,0
Random Forest,Classical,177,0,0.98,0.9958,0
Random Forest,Classical,178,0,0.98,0.9958,0
Random Forest,Classical,179,1,0.98,0.9958,0
Random Forest,Classical,180,1,1.0,0.9958,1
Random Forest,Classical,181,0,0.98,0.9958,0
Random Forest,Classical,182,1,1.0,0.9958,1
Random Forest,Classical,183,0,1.0,0.9958,1
Random Forest,Classical,184,1,1.0,0.9958,1
Random Forest,Classical,185,1,0.98,0.9958,0
Random Forest,Classical,186,0,0.98,0.9958,0
Random Forest,Classical,187,1,1.0,0.9958,1
Random Forest,Classical,188,1,0.98,0.9958,0
Random Forest,Classical,189,0,1.0,0.9958,1
Random Forest,Classical,190,1,1.0,0.9958,1
Random Forest,Classical,191,1,0.98,0.9958,0
Random Forest,Classical,192,0,1.0,0.9958,1
Random Forest,Classical,193,0,0.98,0.9958,0
Random Forest,Classical,194,1,1.0,0.9958,1
Random Forest,Classical,195,1,0.98,0.9958,0
Random Forest,Classical,196,1,1.0,0.9958,1
Random Forest,Classical,197,1,0.98,0.9958,0
Random Forest,Classical,198,1,0.98,0.9958,0
Random Forest,Classical,199,1,1.0,0.9958,1
Random Forest,Classical,200,0,0.98,0.9958,0
Random Forest,Classical,201,0,0.98,0.9958,0
Random Forest,Classical,202,0,0.98,0.9958,0
Random Forest,Classical,203,1,1.0,0.9958,1
Random Forest,Classical,204,0,0.98,0.9958,0
Random Forest,Classical,205,0,1.0,0.9958,1
Random Forest,Classical,206,1,0.98,0.9958,0
Random Forest,Classical,207,1,1.0,0.9958,1
Random Forest,Classical,208,0,0.98,0.9958,0
Random Forest,Classical,209,1,0.98,0.9958,0
Random Forest,Classical,210,1,0.98,0.9958,0
Random Forest,Classical,211,0,1.0,0.9958,1
Random Forest,Classical,212,1,0.98,0.9958,0
Random Forest,Classical,213,1,1.0,0.9958,1
Random Forest,Classical,214,1,0.98,0.9958,0
Random Forest,Classical,215,1,1.0,0.9958,1
Random Forest,Classical,216,1,1.0,0.9958,1
Random Forest,Classical,217,0,0.98,0.9958,0
Random Forest,Classical,218,1,0.98,0.9958,0
Random Forest,Classical,219,1,1.0,0.9958,1
Random Forest,Classical,220,1,1.0,0.9958,1
Random Forest,Classical,221,1,1.0,0.9958,1
Random Forest,Classical,222,0,0.98,0.9958,0
Random Forest,Classical,223,0,0.98,0.9958,0
Random Forest,Classical,224,0,0.98,0.9958,0
Random Forest,Classical,225,1,0.98,0.9958,0
Random Forest,Classical,226,1,0.98,0.9958,0
Random Forest,Classical,227,1,1.0,0.9958,1
Random Forest,Classical,228,0,1.0,0.9958,1
Random Forest,Classical,229,1,1.0,0.9958,1
Random Forest,Classical,230,0,0.98,0.9958,0
Random Forest,Classical,231,1,1.0,0.9958,1
Random Forest,Classical,232,0,0.98,0.9958,0
Random Forest,Classical,233,1,0.98,0.9958,0
Random Forest,Classical,234,0,0.98,0.9958,0
Random Forest,Classical,235,1,1.0,0.9958,1
Random Forest,Classical,236,1,0.98,0.9958,0
Random Forest,Classical,237,1,1.0,0.9958,1
Random Forest,Classical,238,0,1.0,0.9958,1
Random Forest,Classical,239,0,0.98,0.9958,0
Random Forest,Classical,240,0,0.98,0.9958,0
Random Forest,Classical,241,1,0.98,0.9958,0
Random Forest,Classical,242,0,0.98,0.9958,0
Random Forest,Classical,243,1,1.0,0.9958,1
Random Forest,Classical,244,1,1.0,0.9958,1
Random Forest,Classical,245,1,1.0,0.9958,1
Random Forest,Classical,246,1,0.98,0.9958,0
Random Forest,Classical,247,0,1.0,0.9958,1
Random Forest,Classical,248,1,1.0,0.9958,1
Random Forest,Classical,249,0,0.98,0.9958,0
Random Forest,Classical,250,0,0.98,0.9958,0
Random Forest,Classical,251,0,1.0,0.9958,1
Random Forest,Classical,252,1,1.0,0.9958,1
Random Forest,Classical,253,0,0.98,0.9958,0
Random Forest,Classical,254,1,0.98,0.9958,0
Random Forest,Classical,255,1,0.98,0.9958,0
Random Forest,Classical,256,1,1.0,0.9958,1
Random Forest,Classical,257,0,1.0,0.9958,1
Random Forest,Classical,258,0,1.0,0.9958,1
Random Forest,Classical,259,1,0.98,0.9958,0
Random Forest,Classical,260,1,1.0,0.9958,1
Random Forest,Classical,261,1,1.0,0.9958,1
Random Forest,Classical,262,1,1.0,0.9958,1
Random Forest,Classical,263,0,0.98,0.9958,0
Random Forest,Classical,264,0,0.98,0.9958,0
Random Forest,Classical,265,1,0.98,0.9958,0
Random Forest,Classical,266,1,1.0,0.9958,1
Random Forest,Classical,267,0,0.98,0.9958,0
Random Forest,Classical,268,0,0.98,0.9958,0
Random Forest,Classical,269,1,0.98,0.9958,0
Random Forest,Classical,270,1,1.0,0.9958,1
Random Forest,Classical,271,0,0.98,0.9958,0
Random Forest,Classical,272,1,1.0,0.9958,1
Random Forest,Classical,273,0,0.98,0.9958,0
Random Forest,Classical,274,1,1.0,0.9958,1
Random Forest,Classical,275,1,0.97,0.9958,0
Random Forest,Classical,276,0,1.0,0.9958,1
Random Forest,Classical,277,0,1.0,0.9958,1
Random Forest,Classical,278,0,1.0,0.9958,1
Random Forest,Classical,279,0,0.98,0.9958,0
Random Forest,Classical,280,0,0.98,0.9958,0
Random Forest,Classical,281,0,0.98,0.9958,0
Random Forest,Classical,282,1,1.0,0.9958,1
Random Forest,Classical,283,0,1.0,0.9958,1
Random Forest,Classical,284,1,1.0,0.9958,1
Random Forest,Classical,285,0,0.98,0.9958,0
Random Forest,Classical,286,1,1.0,0.9958,1
Random Forest,Classical,287,1,1.0,0.9958,1
Random Forest,Classical,288,0,1.0,0.9958,1
Random Forest,Classical,289,1,0.98,0.9958,0
Random Forest,Classical,290,1,0.98,0.9958,0
Random Forest,Classical,291,1,1.0,0.9958,1
Random Forest,Classical,292,1,1.0,0.9958,1
Random Forest,Classical,293,0,0.98,0.9958,0
Random Forest,Classical,294,0,0.98,0.9958,0
Random Forest,Classical,295,0,1.0,0.9958,1
Random Forest,Classical,296,1,1.0,0.9958,1
Random Forest,Classical,297,0,0.98,0.9958,0
Random Forest,Classical,298,1,0.98,0.9958,0
Random Forest,Classical,299,1,0.98,0.9958,0
SVM RBF,Classical,0,0,0.3904192915890667,0.34890439458977823,1
SVM RBF,Classical,1,1,0.3306651287025295,0.34890439458977823,0
SVM RBF,Classical,2,0,0.3438820410968123,0.34890439458977823,0
SVM RBF,Classical,3,0,0.3326496332021788,0.34890439458977823,0
SVM RBF,Classical,4,0,0.3899450617994422,0.34890439458977823,1
SVM RBF,Classical,5,0,0.33629337971078627,0.34890439458977823,0
SVM RBF,Classical,6,0,0.3325190428114429,0.34890439458977823,0
SVM RBF,Classical,7,1,0.3452794616235757,0.34890439458977823,0
SVM RBF,Classical,8,1,0.33679825965852556,0.34890439458977823,0
SVM RBF,Classical,9,0,0.39030359915663826,0.34890439458977823,1
SVM RBF,Classical,10,1,0.329784994959446,0.34890439458977823,0
SVM RBF,Classical,11,0,0.39015962848213837,0.34890439458977823,1
SVM RBF,Classical,12,0,0.3460511765103554,0.34890439458977823,0
SVM RBF,Classical,13,1,0.3322716628100368,0.34890439458977823,0
SVM RBF,Classical,14,0,0.38911818727731456,0.34890439458977823,1
SVM RBF,Classical,15,1,0.3375316488105075,0.34890439458977823,0
SVM RBF,Classical,16,1,0.34734904766334135,0.34890439458977823,0
SVM RBF,Classical,17,1,0.339168549908114,0.34890439458977823,0
SVM RBF,Classical,18,0,0.33943706520255845,0.34890439458977823,0
SVM RBF,Classical,19,0,0.33478860458065296,0.34890439458977823,0
SVM RBF,Classical,20,0,0.33684763738529494,0.34890439458977823,0
SVM RBF,Classical,21,1,0.3424542444509566,0.34890439458977823,0
SVM RBF,Classical,22,0,0.39014527164380014,0.34890439458977823,1
SVM RBF,Classical,23,1,0.3462181740168788,0.34890439458977823,0
SVM RBF,Classical,24,0,0.3498691305432635,0.34890439458977823,1
SVM RBF,Classical,25,0,0.3385372449697184,0.34890439458977823,0
SVM RBF,Classical,26,1,0.3446758994576758,0.34890439458977823,0
SVM RBF,Classical,27,0,0.3378252625034521,0.34890439458977823,0
SVM RBF,Classical,28,0,0.3484514346171111,0.34890439458977823,0
SVM RBF,Classical,29,1,0.3384980107859244,0.34890439458977823,0
SVM RBF,Classical,30,1,0.33787821813260815,0.34890439458977823,0
SVM RBF,Classical,31,0,0.33439777888247235,0.34890439458977823,0
SVM RBF,Classical,32,0,0.3420864304017404,0.34890439458977823,0
SVM RBF,Classical,33,1,0.33864020204498774,0.34890439458977823,0
SVM RBF,Classical,34,0,0.3897463514796575,0.34890439458977823,1
SVM RBF,Classical,35,1,0.34382679556322693,0.34890439458977823,0
SVM RBF,Classical,36,0,0.39030359915663826,0.34890439458977823,1
SVM RBF,Classical,37,0,0.33384984544977175,0.34890439458977823,0
SVM RBF,Classical,38,0,0.34520000396455325,0.34890439458977823,0
SVM RBF,Classical,39,0,0.3355213832529385,0.34890439458977823,0
SVM RBF,Classical,40,1,0.3396917356930077,0.34890439458977823,0
SVM RBF,Classical,41,1,0.35244735254157,0.34890439458977823,1
SVM RBF,Classical,42,0,0.3899878391896569,0.34890439458977823,1
SVM RBF,Classical,43,0,0.3902315229462899,0.34890439458977823,1
SVM RBF,Classical,44,1,0.3366422798790399,0.34890439458977823,0
SVM RBF,Classical,45,0,0.3899593132955096,0.34890439458977823,1
SVM RBF,Classical,46,0,0.3355513346521103,0.34890439458977823,0
SVM RBF,Classical,47,1,0.34787877477538887,0.34890439458977823,0
SVM RBF,Classical,48,1,0.3511158618768729,0.34890439458977823,1
SVM RBF,Classical,49,1,0.34463529715060565,0.34890439458977823,0
SVM RBF,Classical,50,1,0.33338862973638284,0.34890439458977823,0
SVM RBF,Classical,51,1,0.33377463848393724,0.34890439458977823,0
SVM RBF,Classical,52,0,0.33581631067183415,0.34890439458977823,0
SVM RBF,Classical,53,0,0.33816208936742,0.34890439458977823,0
SVM RBF,Classical,54,0,0.33551022800894786,0.34890439458977823,0
SVM RBF,Classical,55,0,0.3896616588447422,0.34890439458977823,1
SVM RBF,Classical,56,1,0.33621775011588234,0.34890439458977823,0
SVM RBF,Classical,57,1,0.34671999711913126,0.34890439458977823,0
SVM RBF,Classical,58,1,0.3455699650583966,0.34890439458977823,0
SVM RBF,Classical,59,1,0.3455220254926791,0.34890439458977823,0
SVM RBF,Classical,60,0,0.3394561830872879,0.34890439458977823,0
SVM RBF,Classical,61,0,0.38963349120012464,0.34890439458977823,1
SVM RBF,Classical,62,1,0.34573972279787507,0.34890439458977823,0
SVM RBF,Classical,63,0,0.3897180890732079,0.34890439458977823,1
SVM RBF,Classical,64,1,0.3469214119536944,0.34890439458977823,0
SVM RBF,Classical,65,0,0.3440099486827986,0.34890439458977823,0
SVM RBF,Classical,66,1,0.3436153295595348,0.34890439458977823,0
SVM RBF,Classical,67,0,0.3401236735625088,0.34890439458977823,0
SVM RBF,Classical,68,1,0.33840134434041214,0.34890439458977823,0
SVM RBF,Classical,69,0,0.39014527164380014,0.34890439458977823,1
SVM RBF,Classical,70,0,0.34483665050315127,0.34890439458977823,0
SVM RBF,Classical,71,0,0.3903613889879326,0.34890439458977823,1
SVM RBF,Classical,72,0,0.39005928673197676,0.34890439458977823,1
SVM RBF,Classical,73,1,0.34178463784440133,0.34890439458977823,0
SVM RBF,Classical,74,0,0.3899878391896569,0.34890439458977823,1
SVM RBF,Classical,75,0,0.33246808293548535,0.34890439458977823,0
SVM RBF,Classical,76,0,0.3897463514796575,0.34890439458977823,1
SVM RBF,Classical,77,0,0.3329940637536497,0.34890439458977823,0
SVM RBF,Classical,78,1,0.3319046676051781,0.34890439458977823,0
SVM RBF,Classical,79,1,0.3445315440519859,0.34890439458977823,0
SVM RBF,Classical,80,0,0.3896616588447422,0.34890439458977823,1
SVM RBF,Classical,81,0,0.3901022456147132,0.34890439458977823,1
SVM RBF,Classical,82,0,0.39015962848213837,0.34890439458977823,1
SVM RBF,Classical,83,1,0.3314085772456572,0.34890439458977823,0
SVM RBF,Classical,84,0,0.39007359886662346,0.34890439458977823,1
SVM RBF,Classical,85,1,0.3904192915890667,0.34890439458977823,1
SVM RBF,Classical,86,1,0.33894787982437347,0.34890439458977823,0
SVM RBF,Classical,87,1,0.33404173022008743,0.34890439458977823,0
SVM RBF,Classical,88,0,0.39027474704804854,0.34890439458977823,1
SVM RBF,Classical,89,1,0.33655290040605185,0.34890439458977823,0
SVM RBF,Classical,90,1,0.33712666121672863,0.34890439458977823,0
SVM RBF,Classical,91,0,0.38983132672064,0.34890439458977823,1
SVM RBF,Classical,92,0,0.39004498211529465,0.34890439458977823,1
SVM RBF,Classical,93,1,0.34762247446198064,0.34890439458977823,0
SVM RBF,Classical,94,0,0.39027474704804854,0.34890439458977823,1
SVM RBF,Classical,95,1,0.34819007082212766,0.34890439458977823,0
SVM RBF,Classical,96,0,0.38983132672064,0.34890439458977823,1
SVM RBF,Classical,97,0,0.39017399270055503,0.34890439458977823,1
SVM RBF,Classical,98,0,0.3897463514796575,0.34890439458977823,1
SVM RBF,Classical,99,0,0.33942713426593135,0.34890439458977823,0
SVM RBF,Classical,100,0,0.39017399270055503,0.34890439458977823,1
SVM RBF,Classical,101,1,0.3381943184688865,0.34890439458977823,0
SVM RBF,Classical,102,0,0.39027474704804854,0.34890439458977823,1
SVM RBF,Classical,103,0,0.3899450617994422,0.34890439458977823,1
SVM RBF,Classical,104,1,0.33027966011860377,0.34890439458977823,0
SVM RBF,Classical,105,0,0.3412176457673525,0.34890439458977823,0
SVM RBF,Classical,106,1,0.34390357368211966,0.34890439458977823,0
SVM RBF,Classical,107,0,0.33548039227076976,0.34890439458977823,0
SVM RBF,Classical,108,0,0.34651823914419316,0.34890439458977823,0
SVM RBF,Classical,109,1,0.3353856554170452,0.34890439458977823,0
SVM RBF,Classical,110,1,0.3406540761152175,0.34890439458977823,0
SVM RBF,Classical,111,1,0.3477147746967992,0.34890439458977823,0
SVM RBF,Classical,112,1,0.3344241978890008,0.34890439458977823,0
SVM RBF,Classical,113,0,0.3896616588447422,0.34890439458977823,1
SVM RBF,Classical,114,0,0.3901022456147132,0.34890439458977823,1
SVM RBF,Classical,115,1,0.33042876364044327,0.34890439458977823,0
SVM RBF,Classical,116,1,0.345360778268917,0.34890439458977823,0
SVM RBF,Classical,117,1,0.3486656331376351,0.34890439458977823,0
SVM RBF,Classical,118,1,0.3346560358795325,0.34890439458977823,0
SVM RBF,Classical,119,1,0.3370395940103991,0.34890439458977823,0
SVM RBF,Classical,120,0,0.39026033178214825,0.34890439458977823,1
SVM RBF,Classical,121,0,0.33928934604392075,0.34890439458977823,0
SVM RBF,Classical,122,0,0.3401717903223887,0.34890439458977823,0
SVM RBF,Classical,123,0,0.38981714466873696,0.34890439458977823,1
SVM RBF,Classical,124,0,0.34632251237936507,0.34890439458977823,0
SVM RBF,Classical,125,1,0.33314532754231263,0.34890439458977823,0
SVM RBF,Classical,126,0,0.3902459237404306,0.34890439458977823,1
SVM RBF,Classical,127,0,0.3898881325271576,0.34890439458977823,1
SVM RBF,Classical,128,1,0.3338253151260417,0.34890439458977823,0
SVM RBF,Classical,129,0,0.39031803595042386,0.34890439458977823,1
SVM RBF,Classical,130,0,0.38963349120012464,0.34890439458977823,1
SVM RBF,Classical,131,1,0.3333520697180357,0.34890439458977823,0
SVM RBF,Classical,132,1,0.32989496779393246,0.34890439458977823,0
SVM RBF,Classical,133,1,0.3340843538748834,0.34890439458977823,0
SVM RBF,Classical,134,1,0.33305284111552325,0.34890439458977823,0
SVM RBF,Classical,135,1,0.3338253151260417,0.34890439458977823,0
SVM RBF,Classical,136,0,0.338268399991107,0.34890439458977823,0
SVM RBF,Classical,137,1,0.34742593151772155,0.34890439458977823,0
SVM RBF,Classical,138,0,0.33795611055235,0.34890439458977823,0
SVM RBF,Classical,139,0,0.3361349575171354,0.34890439458977823,0
SVM RBF,Classical,140,1,0.3486748218708793,0.34890439458977823,0
SVM RBF,Classical,141,0,0.3356345700016301,0.34890439458977823,0
SVM RBF,Classical,142,0,0.3898455165464233,0.34890439458977823,1
SVM RBF,Classical,143,1,0.3372351327758998,0.34890439458977823,0
SVM RBF,Classical,144,0,0.3891044144600777,0.34890439458977823,1
SVM RBF,Classical,145,0,0.389930817958921,0.34890439458977823,1
SVM RBF,Classical,146,0,0.34272737512544127,0.34890439458977823,0
SVM RBF,Classical,147,1,0.3399088076000871,0.34890439458977823,0
SVM RBF,Classical,148,0,0.3436995607489915,0.34890439458977823,0
SVM RBF,Classical,149,0,0.3902891695142875,0.34890439458977823,1
SVM RBF,Classical,150,1,0.3384221853675474,0.34890439458977823,0
SVM RBF,Classical,151,1,0.3375236253819861,0.34890439458977823,0
SVM RBF,Classical,152,1,0.3363167873653218,0.34890439458977823,0
SVM RBF,Classical,153,0,0.30521908876932297,0.34890439458977823,0
SVM RBF,Classical,154,1,0.34729967597508205,0.34890439458977823,0
SVM RBF,Classical,155,0,0.39001639550874667,0.34890439458977823,1
SVM RBF,Classical,156,0,0.39043378465617623,0.34890439458977823,1
SVM RBF,Classical,157,1,0.33801256620417364,0.34890439458977823,0
SVM RBF,Classical,158,0,0.33927334081072175,0.34890439458977823,0
SVM RBF,Classical,159,0,0.3903903262994006,0.34890439458977823,1
SVM RBF,Classical,160,1,0.33607227260367983,0.34890439458977823,0
SVM RBF,Classical,161,0,0.3378614666336935,0.34890439458977823,0
SVM RBF,Classical,162,1,0.33370590022121366,0.34890439458977823,0
SVM RBF,Classical,163,1,0.34705815192454775,0.34890439458977823,0
SVM RBF,Classical,164,0,0.3904048054607339,0.34890439458977823,1
SVM RBF,Classical,165,0,0.39017399270055503,0.34890439458977823,1
SVM RBF,Classical,166,0,0.3331029031423693,0.34890439458977823,0
SVM RBF,Classical,167,1,0.3379294326319455,0.34890439458977823,0
SVM RBF,Classical,168,1,0.33255722827673695,0.34890439458977823,0
SVM RBF,Classical,169,0,0.38977464528950634,0.34890439458977823,1
SVM RBF,Classical,170,1,0.33840134434041214,0.34890439458977823,0
SVM RBF,Classical,171,0,0.39033247987062303,0.34890439458977823,1
SVM RBF,Classical,172,1,0.34707713732004297,0.34890439458977823,0
SVM RBF,Classical,173,1,0.33131356797934547,0.34890439458977823,0
SVM RBF,Classical,174,1,0.3890906498259138,0.34890439458977823,1
SVM RBF,Classical,175,1,0.3525090148807868,0.34890439458977823,1
SVM RBF,Classical,176,0,0.39027474704804854,0.34890439458977823,1
SVM RBF,Classical,177,0,0.3902891695142875,0.34890439458977823,1
SVM RBF,Classical,178,0,0.389930817958921,0.34890439458977823,1
SVM RBF,Classical,179,1,0.33425708485143235,0.34890439458977823,0
SVM RBF,Classical,180,1,0.34617878348932374,0.34890439458977823,0
SVM RBF,Classical,181,0,0.3369218467357723,0.34890439458977823,0
SVM RBF,Classical,182,1,0.34543146563432325,0.34890439458977823,0
SVM RBF,Classical,183,0,0.34071009934116275,0.34890439458977823,0
SVM RBF,Classical,184,1,0.3471380918598424,0.34890439458977823,0
SVM RBF,Classical,185,1,0.3376129286739525,0.34890439458977823,0
SVM RBF,Classical,186,0,0.39030359915663826,0.34890439458977823,1
SVM RBF,Classical,187,1,0.3476925890141076,0.34890439458977823,0
SVM RBF,Classical,188,1,0.33545869629926006,0.34890439458977823,0
SVM RBF,Classical,189,0,0.3414970914219958,0.34890439458977823,0
SVM RBF,Classical,190,1,0.3484956064924381,0.34890439458977823,0
SVM RBF,Classical,191,1,0.332888316645974,0.34890439458977823,0
SVM RBF,Classical,192,0,0.3477236816841954,0.34890439458977823,0
SVM RBF,Classical,193,0,0.3896616588447422,0.34890439458977823,1
SVM RBF,Classical,194,1,0.346737114900168,0.34890439458977823,0
SVM RBF,Classical,195,1,0.3338225138313519,0.34890439458977823,0
SVM RBF,Classical,196,1,0.3412603291450471,0.34890439458977823,0
SVM RBF,Classical,197,1,0.332170779319879,0.34890439458977823,0
SVM RBF,Classical,198,1,0.333125471807445,0.34890439458977823,0
SVM RBF,Classical,199,1,0.3475681647746855,0.34890439458977823,0
SVM RBF,Classical,200,0,0.3359559944336683,0.34890439458977823,0
SVM RBF,Classical,201,0,0.3898881325271576,0.34890439458977823,1
SVM RBF,Classical,202,0,0.33683378337760655,0.34890439458977823,0
SVM RBF,Classical,203,1,0.34456658874243984,0.34890439458977823,0
SVM RBF,Classical,204,0,0.33582603911391207,0.34890439458977823,0
SVM RBF,Classical,205,0,0.33853504864873235,0.34890439458977823,0
SVM RBF,Classical,206,1,0.3327364908073894,0.34890439458977823,0
SVM RBF,Classical,207,1,0.3428660780776578,0.34890439458977823,0
SVM RBF,Classical,208,0,0.39011658018987266,0.34890439458977823,1
SVM RBF,Classical,209,1,0.33230108355078536,0.34890439458977823,0
SVM RBF,Classical,210,1,0.33214426687280546,0.34890439458977823,0
SVM RBF,Classical,211,0,0.3415990216818473,0.34890439458977823,0
SVM RBF,Classical,212,1,0.33199036145100735,0.34890439458977823,0
SVM RBF,Classical,213,1,0.34281330866947435,0.34890439458977823,0
SVM RBF,Classical,214,1,0.3350783052766783,0.34890439458977823,0
SVM RBF,Classical,215,1,0.3420461873330982,0.34890439458977823,0
SVM RBF,Classical,216,1,0.33875093161637726,0.34890439458977823,0
SVM RBF,Classical,217,0,0.33668536685393835,0.34890439458977823,0
SVM RBF,Classical,218,1,0.38946968623506517,0.34890439458977823,1
SVM RBF,Classical,219,1,0.34666657263513606,0.34890439458977823,0
SVM RBF,Classical,220,1,0.3391867459104656,0.34890439458977823,0
SVM RBF,Classical,221,1,0.3462132133163552,0.34890439458977823,0
SVM RBF,Classical,222,0,0.39034693089176725,0.34890439458977823,1
SVM RBF,Classical,223,0,0.39043378465617623,0.34890439458977823,1
SVM RBF,Classical,224,0,0.390491825734182,0.34890439458977823,1
SVM RBF,Classical,225,1,0.33174482450368165,0.34890439458977823,0
SVM RBF,Classical,226,1,0.39030359915663826,0.34890439458977823,1
SVM RBF,Classical,227,1,0.35190565587270384,0.34890439458977823,1
SVM RBF,Classical,228,0,0.3450562094117829,0.34890439458977823,0
SVM RBF,Classical,229,1,0.34564748765520387,0.34890439458977823,0
SVM RBF,Classical,230,0,0.3904192915890667,0.34890439458977823,1
SVM RBF,Classical,231,1,0.33922610067320663,0.34890439458977823,0
SVM RBF,Classical,232,0,0.3899450617994422,0.34890439458977823,1
SVM RBF,Classical,233,1,0.3380605694025395,0.34890439458977823,0
SVM RBF,Classical,234,0,0.38997357243108494,0.34890439458977823,1
SVM RBF,Classical,235,1,0.34205268051537907,0.34890439458977823,0
SVM RBF,Classical,236,1,0.33265460437787897,0.34890439458977823,0
SVM RBF,Classical,237,1,0.34682617819947187,0.34890439458977823,0
SVM RBF,Classical,238,0,0.3525867843572298,0.34890439458977823,1
SVM RBF,Classical,239,0,0.39011658018987266,0.34890439458977823,1
SVM RBF,Classical,240,0,0.3903903262994006,0.34890439458977823,1
SVM RBF,Classical,241,1,0.3371008079758858,0.34890439458977823,0
SVM RBF,Classical,242,0,0.3904773052023554,0.34890439458977823,1
SVM RBF,Classical,243,1,0.3399250330650925,0.34890439458977823,0
SVM RBF,Classical,244,1,0.35244486897001387,0.34890439458977823,1
SVM RBF,Classical,245,1,0.3442435119991261,0.34890439458977823,0
SVM RBF,Classical,246,1,0.3312330350564183,0.34890439458977823,0
SVM RBF,Classical,247,0,0.33960209789853546,0.34890439458977823,0
SVM RBF,Classical,248,1,0.3462635820234951,0.34890439458977823,0
SVM RBF,Classical,249,0,0.39026033178214825,0.34890439458977823,1
SVM RBF,Classical,250,0,0.3378084039791424,0.34890439458977823,0
SVM RBF,Classical,251,0,0.3407576872142279,0.34890439458977823,0
SVM RBF,Classical,252,1,0.34397290083755777,0.34890439458977823,0
SVM RBF,Classical,253,0,0.3904482846335904,0.34890439458977823,1
SVM RBF,Classical,254,1,0.33735964716637384,0.34890439458977823,0
SVM RBF,Classical,255,1,0.33234767447031427,0.34890439458977823,0
SVM RBF,Classical,256,1,0.3477374329317386,0.34890439458977823,0
SVM RBF,Classical,257,0,0.34049184531882015,0.34890439458977823,0
SVM RBF,Classical,258,0,0.33958523708202926,0.34890439458977823,0
SVM RBF,Classical,259,1,0.33045267574654286,0.34890439458977823,0
SVM RBF,Classical,260,1,0.3425549921771777,0.34890439458977823,0
SVM RBF,Classical,261,1,0.3526238801526754,0.34890439458977823,1
SVM RBF,Classical,262,1,0.34386525535807655,0.34890439458977823,0
SVM RBF,Classical,263,0,0.33548394456911557,0.34890439458977823,0
SVM RBF,Classical,264,0,0.38963349120012464,0.34890439458977823,1
SVM RBF,Classical,265,1,0.3366737172495079,0.34890439458977823,0
SVM RBF,Classical,266,1,0.3436432294637371,0.34890439458977823,0
SVM RBF,Classical,267,0,0.3899450617994422,0.34890439458977823,1
SVM RBF,Classical,268,0,0.3900021135545489,0.34890439458977823,1
SVM RBF,Classical,269,1,0.33796372140138564,0.34890439458977823,0
SVM RBF,Classical,270,1,0.3433694939418346,0.34890439458977823,0
SVM RBF,Classical,271,0,0.3899878391896569,0.34890439458977823,1
SVM RBF,Classical,272,1,0.3486052335494755,0.34890439458977823,0
SVM RBF,Classical,273,0,0.3896194192821407,0.34890439458977823,1
SVM RBF,Classical,274,1,0.34715026378017017,0.34890439458977823,0
SVM RBF,Classical,275,1,0.3890151620640215,0.34890439458977823,1
SVM RBF,Classical,276,0,0.34789077103613675,0.34890439458977823,0
SVM RBF,Classical,277,0,0.33925755939866087,0.34890439458977823,0
SVM RBF,Classical,278,0,0.3388728899795525,0.34890439458977823,0
SVM RBF,Classical,279,0,0.3904192915890667,0.34890439458977823,1
SVM RBF,Classical,280,0,0.33536859491445586,0.34890439458977823,0
SVM RBF,Classical,281,0,0.3898455165464233,0.34890439458977823,1
SVM RBF,Classical,282,1,0.3405810176538693,0.34890439458977823,0
SVM RBF,Classical,283,0,0.3434203372573932,0.34890439458977823,0
SVM RBF,Classical,284,1,0.3442107686786066,0.34890439458977823,0
SVM RBF,Classical,285,0,0.390491825734182,0.34890439458977823,1
SVM RBF,Classical,286,1,0.3384292556196129,0.34890439458977823,0
SVM RBF,Classical,287,1,0.33873718700453376,0.34890439458977823,0
SVM RBF,Classical,288,0,0.33933196026052836,0.34890439458977823,0
SVM RBF,Classical,289,1,0.33084833693723725,0.34890439458977823,0
SVM RBF,Classical,290,1,0.33316316368107973,0.34890439458977823,0
SVM RBF,Classical,291,1,0.3484692494046149,0.34890439458977823,0
SVM RBF,Classical,292,1,0.34757229859470673,0.34890439458977823,0
SVM RBF,Classical,293,0,0.33725764809291436,0.34890439458977823,0
SVM RBF,Classical,294,0,0.3898739194638615,0.34890439458977823,1
SVM RBF,Classical,295,0,0.34280833474419514,0.34890439458977823,0
SVM RBF,Classical,296,1,0.35240489783798695,0.34890439458977823,1
SVM RBF,Classical,297,0,0.3899878391896569,0.34890439458977823,1
SVM RBF,Classical,298,1,0.3370946706543394,0.34890439458977823,0
SVM RBF,Classical,299,1,0.3304641185534898,0.34890439458977823,0
MLP,Classical,0,0,0.4586595126974428,0.016398995074189196,1
MLP,Classical,1,1,0.41874388308553906,0.016398995074189196,1
MLP,Classical,2,0,0.42193349297170896,0.016398995074189196,1
MLP,Classical,3,0,0.4192463532156057,0.016398995074189196,1
MLP,Classical,4,0,0.4591529285205021,0.016398995074189196,1
MLP,Classical,5,0,0.4201460822938596,0.016398995074189196,1
MLP,Classical,6,0,0.4192135656374991,0.016398995074189196,1
MLP,Classical,7,1,0.42225097657448435,0.016398995074189196,1
MLP,Classical,8,1,0.4202685187905199,0.016398995074189196,1
MLP,Classical,9,0,0.4587825684782401,0.016398995074189196,1
MLP,Classical,10,1,0.4185180849786198,0.016398995074189196,1
MLP,Classical,11,0,0.4589332220668764,0.016398995074189196,1
MLP,Classical,12,0,0.4224248489355748,0.016398995074189196,1
MLP,Classical,13,1,0.4191513496077874,0.016398995074189196,1
MLP,Classical,14,0,0.4599522915729378,0.016398995074189196,1
MLP,Classical,15,1,0.42044543679633567,0.016398995074189196,1
MLP,Classical,16,1,0.422714983853955,0.016398995074189196,1
MLP,Classical,17,1,0.42083640456963983,0.016398995074189196,1
MLP,Classical,18,0,0.42090003264038794,0.016398995074189196,1
MLP,Classical,19,0,0.41977799498549273,0.016398995074189196,1
MLP,Classical,20,0,0.4202804649272363,0.016398995074189196,1
MLP,Classical,21,1,0.42160551697254817,0.016398995074189196,1
MLP,Classical,22,0,0.45894809951041426,0.016398995074189196,1
MLP,Classical,23,1,0.42246234029748697,0.016398995074189196,1
MLP,Classical,24,0,0.42327039427254215,0.016398995074189196,1
MLP,Classical,25,0,0.4206862512828903,0.016398995074189196,1
MLP,Classical,26,1,0.42211427207971475,0.016398995074189196,1
MLP,Classical,27,0,0.42051595967954963,0.016398995074189196,1
MLP,Classical,28,0,0.4229592141931709,0.016398995074189196,1
MLP,Classical,29,1,0.4206768935980271,0.016398995074189196,1
MLP,Classical,30,1,0.4205286605416518,0.016398995074189196,1
MLP,Classical,31,0,0.4196816037520234,0.016398995074189196,1
MLP,Classical,32,0,0.4215204267229264,0.016398995074189196,1
MLP,Classical,33,1,0.4207107928976699,0.016398995074189196,1
MLP,Classical,34,0,0.4593515762212108,0.016398995074189196,1
MLP,Classical,35,1,0.42192087079451057,0.016398995074189196,1
MLP,Classical,36,0,0.4587825684782401,0.016398995074189196,1
MLP,Classical,37,0,0.41954590571221817,0.016398995074189196,1
MLP,Classical,38,0,0.4222330159445091,0.016398995074189196,1
MLP,Classical,39,0,0.41995784055080915,0.016398995074189196,1
MLP,Classical,40,1,0.42096025025571576,0.016398995074189196,1
MLP,Classical,41,1,0.4238281876162363,0.016398995074189196,1
MLP,Classical,42,0,0.4591095699371755,0.016398995074189196,1
MLP,Classical,43,0,0.4588583262616546,0.016398995074189196,1
MLP,Classical,44,1,0.4202307490233249,0.016398995074189196,1
MLP,Classical,45,0,0.4591385073669515,0.016398995074189196,1
MLP,Classical,46,0,0.4199651672109366,0.016398995074189196,1
MLP,Classical,47,1,0.42283259305634757,0.016398995074189196,1
MLP,Classical,48,1,0.42354140896107856,0.016398995074189196,1
MLP,Classical,49,1,0.42210505298115825,0.016398995074189196,1
MLP,Classical,50,1,0.41943117300700133,0.016398995074189196,1
MLP,Classical,51,1,0.4195272291154486,0.016398995074189196,1
MLP,Classical,52,0,0.42002990268727913,0.016398995074189196,1
MLP,Classical,53,0,0.42059664809365227,0.016398995074189196,1
MLP,Classical,54,0,0.4199551112888609,0.016398995074189196,1
MLP,Classical,55,0,0.4594349096785786,0.016398995074189196,1
MLP,Classical,56,1,0.42012769610168527,0.016398995074189196,1
MLP,Classical,57,1,0.42257471605704605,0.016398995074189196,1
MLP,Classical,58,1,0.4223165491054983,0.016398995074189196,1
MLP,Classical,59,1,0.4223057382058714,0.016398995074189196,1
MLP,Classical,60,0,0.42090455749938765,0.016398995074189196,1
MLP,Classical,61,0,0.45946245473006936,0.016398995074189196,1
MLP,Classical,62,1,0.4223547995469838,0.016398995074189196,1
MLP,Classical,63,0,0.4593794714078379,0.016398995074189196,1
MLP,Classical,64,1,0.4226197003684627,0.016398995074189196,1
MLP,Classical,65,0,0.4219626957110205,0.016398995074189196,1
MLP,Classical,66,1,0.42187250597318104,0.016398995074189196,1
MLP,Classical,67,0,0.4210620963660256,0.016398995074189196,1
MLP,Classical,68,1,0.42065382478216545,0.016398995074189196,1
MLP,Classical,69,0,0.45894809951041426,0.016398995074189196,1
MLP,Classical,70,0,0.42215074363068833,0.016398995074189196,1
MLP,Classical,71,0,0.45872132814958133,0.016398995074189196,1
MLP,Classical,72,0,0.45903666490747574,0.016398995074189196,1
MLP,Classical,73,1,0.42145042358666673,0.016398995074189196,1
MLP,Classical,74,0,0.4591095699371755,0.016398995074189196,1
MLP,Classical,75,0,0.4192007605852245,0.016398995074189196,1
MLP,Classical,76,0,0.4593515762212108,0.016398995074189196,1
MLP,Classical,77,0,0.4193326458181234,0.016398995074189196,1
MLP,Classical,78,1,0.4190587936539692,0.016398995074189196,1
MLP,Classical,79,1,0.4220814818199855,0.016398995074189196,1
MLP,Classical,80,0,0.4594349096785786,0.016398995074189196,1
MLP,Classical,81,0,0.45899253115378424,0.016398995074189196,1
MLP,Classical,82,0,0.4589332220668764,0.016398995074189196,1
MLP,Classical,83,1,0.4189331883448227,0.016398995074189196,1
MLP,Classical,84,0,0.45902198650830867,0.016398995074189196,1
MLP,Classical,85,1,0.4586595126974428,0.016398995074189196,1
MLP,Classical,86,1,0.4207840083539677,0.016398995074189196,1
MLP,Classical,87,1,0.4195935013886084,0.016398995074189196,1
MLP,Classical,88,0,0.45881297629924933,0.016398995074189196,1
MLP,Classical,89,1,0.4202090835650312,0.016398995074189196,1
MLP,Classical,90,1,0.4203478761212472,0.016398995074189196,1
MLP,Classical,91,0,0.45926717438629533,0.016398995074189196,1
MLP,Classical,92,0,0.45905131064970056,0.016398995074189196,1
MLP,Classical,93,1,0.4227757476724101,0.016398995074189196,1
MLP,Classical,94,0,0.45881297629924933,0.016398995074189196,1
MLP,Classical,95,1,0.42290149055186166,0.016398995074189196,1
MLP,Classical,96,0,0.45926717438629533,0.016398995074189196,1
MLP,Classical,97,0,0.4589183109227744,0.016398995074189196,1
MLP,Classical,98,0,0.4593515762212108,0.016398995074189196,1
MLP,Classical,99,0,0.4208976818856457,0.016398995074189196,1
MLP,Classical,100,0,0.4589183109227744,0.016398995074189196,1
MLP,Classical,101,1,0.420604356801626,0.016398995074189196,1
MLP,Classical,102,0,0.45881297629924933,0.016398995074189196,1
MLP,Classical,103,0,0.4591529285205021,0.016398995074189196,1
MLP,Classical,104,1,0.4186452184994604,0.016398995074189196,1
MLP,Classical,105,0,0.4213184473757175,0.016398995074189196,1
MLP,Classical,106,1,0.4219384111394789,0.016398995074189196,1
MLP,Classical,107,0,0.4199478103291193,0.016398995074189196,1
MLP,Classical,108,0,0.4225295866008143,0.016398995074189196,1
MLP,Classical,109,1,0.4199246152240988,0.016398995074189196,1
MLP,Classical,110,1,0.4211866696445001,0.016398995074189196,1
MLP,Classical,111,1,0.4227962316382587,0.016398995074189196,1
MLP,Classical,112,1,0.4196881300095552,0.016398995074189196,1
MLP,Classical,113,0,0.4594349096785786,0.016398995074189196,1
MLP,Classical,114,0,0.45899253115378424,0.016398995074189196,1
MLP,Classical,115,1,0.4186834248545721,0.016398995074189196,1
MLP,Classical,116,1,0.4222693460892028,0.016398995074189196,1
MLP,Classical,117,1,0.4230064380848349,0.016398995074189196,1
MLP,Classical,118,1,0.4197453358828165,0.016398995074189196,1
MLP,Classical,119,1,0.4203268581145259,0.016398995074189196,1
MLP,Classical,120,0,0.4588281276952318,0.016398995074189196,1
MLP,Classical,121,0,0.4208650461564973,0.016398995074189196,1
MLP,Classical,122,0,0.42107341952490157,0.016398995074189196,1
MLP,Classical,123,0,0.4592813167171545,0.016398995074189196,1
MLP,Classical,124,0,0.42248574043936554,0.016398995074189196,1
MLP,Classical,125,1,0.4193704589623449,0.016398995074189196,1
MLP,Classical,126,0,0.4588432442961693,0.016398995074189196,1
MLP,Classical,127,0,0.45921029928118096,0.016398995074189196,1
MLP,Classical,128,1,0.4195398153156529,0.016398995074189196,1
MLP,Classical,129,0,0.45876731172845764,0.016398995074189196,1
MLP,Classical,130,0,0.45946245473006936,0.016398995074189196,1
MLP,Classical,131,1,0.4194220581594243,0.016398995074189196,1
MLP,Classical,132,1,0.418546399746524,0.016398995074189196,1
MLP,Classical,133,1,0.41960406294887403,0.016398995074189196,1
MLP,Classical,134,1,0.4193473451434926,0.016398995074189196,1
MLP,Classical,135,1,0.4195398153156529,0.016398995074189196,1
MLP,Classical,136,0,0.42062206809987623,0.016398995074189196,1
MLP,Classical,137,1,0.4227320823502269,0.016398995074189196,1
MLP,Classical,138,0,0.42054733198399014,0.016398995074189196,1
MLP,Classical,139,0,0.4201075548500984,0.016398995074189196,1
MLP,Classical,140,1,0.4230084622370996,0.016398995074189196,1
MLP,Classical,141,0,0.4199855181406263,0.016398995074189196,1
MLP,Classical,142,0,0.4592530016091902,0.016398995074189196,1
MLP,Classical,143,1,0.42037403945549934,0.016398995074189196,1
MLP,Classical,144,0,0.45996503759499263,0.016398995074189196,1
MLP,Classical,145,0,0.4591673181515184,0.016398995074189196,1
MLP,Classical,146,0,0.421668542736922,0.016398995074189196,1
MLP,Classical,147,1,0.4210114783559887,0.016398995074189196,1
MLP,Classical,148,0,0.4218917802303935,0.016398995074189196,1
MLP,Classical,149,0,0.4587977899475238,0.016398995074189196,1
MLP,Classical,150,1,0.42065879992832084,0.016398995074189196,1
MLP,Classical,151,1,0.4204435072063913,0.016398995074189196,1
MLP,Classical,152,1,0.4201517704785492,0.016398995074189196,1
MLP,Classical,153,0,0.40605015099407005,0.016398995074189196,1
MLP,Classical,154,1,0.42270399870804226,0.016398995074189196,1
MLP,Classical,155,0,0.4590805047428445,0.016398995074189196,1
MLP,Classical,156,0,0.45864396769906945,0.016398995074189196,1
MLP,Classical,157,1,0.420560857240557,0.016398995074189196,1
MLP,Classical,158,0,0.4208612528463994,0.016398995074189196,1
MLP,Classical,159,0,0.45869049298891645,0.016398995074189196,1
MLP,Classical,160,1,0.4200922957456279,0.016398995074189196,1
MLP,Classical,161,0,0.4205246434776584,0.016398995074189196,1
MLP,Classical,162,1,0.4195101480497185,0.016398995074189196,1
MLP,Classical,163,1,0.42265020128367475,0.016398995074189196,1
MLP,Classical,164,0,0.4586750210699445,0.016398995074189196,1
MLP,Classical,165,0,0.4589183109227744,0.016398995074189196,1
MLP,Classical,166,0,0.4193598588058905,0.016398995074189196,1
MLP,Classical,167,1,0.42054093844426454,0.016398995074189196,1
MLP,Classical,168,1,0.4192231569213149,0.016398995074189196,1
MLP,Classical,169,0,0.4593235623345473,0.016398995074189196,1
MLP,Classical,170,1,0.42065382478216545,0.016398995074189196,1
MLP,Classical,171,0,0.45875201953409733,0.016398995074189196,1
MLP,Classical,172,1,0.42265443364821875,0.016398995074189196,1
MLP,Classical,173,1,0.4189090679538972,0.016398995074189196,1
MLP,Classical,174,1,0.4599777589915664,0.016398995074189196,1
MLP,Classical,175,1,0.42384140302911405,0.016398995074189196,1
MLP,Classical,176,0,0.45881297629924933,0.016398995074189196,1
MLP,Classical,177,0,0.4587977899475238,0.016398995074189196,1
MLP,Classical,178,0,0.4591673181515184,0.016398995074189196,1
MLP,Classical,179,1,0.41964682274024134,0.016398995074189196,1
MLP,Classical,180,1,0.4224535013045767,0.016398995074189196,1
MLP,Classical,181,0,0.4202984092409985,0.016398995074189196,1
MLP,Classical,182,1,0.4222853051481293,0.016398995074189196,1
MLP,Classical,183,0,0.42119979626914006,0.016398995074189196,1
MLP,Classical,184,1,0.42266801800954074,0.016398995074189196,1
MLP,Classical,185,1,0.4204649767990427,0.016398995074189196,1
MLP,Classical,186,0,0.4587825684782401,0.016398995074189196,1
MLP,Classical,187,1,0.42279130931022446,0.016398995074189196,1
MLP,Classical,188,1,0.4199425000283379,0.016398995074189196,1
MLP,Classical,189,0,0.42138356769568364,0.016398995074189196,1
MLP,Classical,190,1,0.42296895878299945,0.016398995074189196,1
MLP,Classical,191,1,0.4193061805955864,0.016398995074189196,1
MLP,Classical,192,0,0.4227982075989143,0.016398995074189196,1
MLP,Classical,193,0,0.4594349096785786,0.016398995074189196,1
MLP,Classical,194,1,0.4225785418228712,0.016398995074189196,1
MLP,Classical,195,1,0.4195391197252331,0.016398995074189196,1
MLP,Classical,196,1,0.4213284035176192,0.016398995074189196,1
MLP,Classical,197,1,0.41912593750420246,0.016398995074189196,1
MLP,Classical,198,1,0.4193654983103874,0.016398995074189196,1
MLP,Classical,199,1,0.42276368826629396,0.016398995074189196,1
MLP,Classical,200,0,0.42006396890936776,0.016398995074189196,1
MLP,Classical,201,0,0.45921029928118096,0.016398995074189196,1
MLP,Classical,202,0,0.4202771136820668,0.016398995074189196,1
MLP,Classical,203,1,0.422089445566398,0.016398995074189196,1
MLP,Classical,204,0,0.42003227659781944,0.016398995074189196,1
MLP,Classical,205,0,0.4206857275224759,0.016398995074189196,1
MLP,Classical,206,1,0.41926813941136304,0.016398995074189196,1
MLP,Classical,207,1,0.42170049681544897,0.016398995074189196,1
MLP,Classical,208,0,0.45897775390327805,0.016398995074189196,1
MLP,Classical,209,1,0.4191587561985437,0.016398995074189196,1
MLP,Classical,210,1,0.4191192552876046,0.016398995074189196,1
MLP,Classical,211,0,0.4214072845737593,0.016398995074189196,1
MLP,Classical,212,1,0.419080433143329,0.016398995074189196,1
MLP,Classical,213,1,0.4216883440395198,0.016398995074189196,1
MLP,Classical,214,1,0.41984923311042244,0.016398995074189196,1
MLP,Classical,215,1,0.421511101760861,0.016398995074189196,1
MLP,Classical,216,1,0.42073716379747006,0.016398995074189196,1
MLP,Classical,217,0,0.42024118734798593,0.016398995074189196,1
MLP,Classical,218,1,0.4596210009991217,0.016398995074189196,1
MLP,Classical,219,1,0.42256277269191717,0.016398995074189196,1
MLP,Classical,220,1,0.4208407207920954,0.016398995074189196,1
MLP,Classical,221,1,0.4224612272919718,0.016398995074189196,1
MLP,Classical,222,0,0.4587366917299331,0.016398995074189196,1
MLP,Classical,223,0,0.45864396769906945,0.016398995074189196,1
MLP,Classical,224,0,0.45858141795687524,0.016398995074189196,1
MLP,Classical,225,1,0.41901838487981,0.016398995074189196,1
MLP,Classical,226,1,0.4587825684782401,0.016398995074189196,1
MLP,Classical,227,1,0.42371184361489317,0.016398995074189196,1
MLP,Classical,228,0,0.42220048473241306,0.016398995074189196,1
MLP,Classical,229,1,0.4223340229307889,0.016398995074189196,1
MLP,Classical,230,0,0.4586595126974428,0.016398995074189196,1
MLP,Classical,231,1,0.4208500538078679,0.016398995074189196,1
MLP,Classical,232,0,0.4591529285205021,0.016398995074189196,1
MLP,Classical,233,1,0.420572352485703,0.016398995074189196,1
MLP,Classical,234,0,0.4591240545523273,0.016398995074189196,1
MLP,Classical,235,1,0.4215126065371928,0.016398995074189196,1
MLP,Classical,236,1,0.419247600577391,0.016398995074189196,1
MLP,Classical,237,1,0.42259843920901774,0.016398995074189196,1
MLP,Classical,238,0,0.42385806231089024,0.016398995074189196,1
MLP,Classical,239,0,0.45897775390327805,0.016398995074189196,1
MLP,Classical,240,0,0.45869049298891645,0.016398995074189196,1
MLP,Classical,241,1,0.4203416367730038,0.016398995074189196,1
MLP,Classical,242,0,0.45859711120684343,0.016398995074189196,1
MLP,Classical,243,1,0.4210153038454792,0.016398995074189196,1
MLP,Classical,244,1,0.42382765521903504,0.016398995074189196,1
MLP,Classical,245,1,0.422015945943257,0.016398995074189196,1
MLP,Classical,246,1,0.4188886062955164,0.016398995074189196,1
MLP,Classical,247,0,0.4209390694885481,0.016398995074189196,1
MLP,Classical,248,1,0.4224725263015886,0.016398995074189196,1
MLP,Classical,249,0,0.4588281276952318,0.016398995074189196,1
MLP,Classical,250,0,0.42051191515103764,0.016398995074189196,1
MLP,Classical,251,0,0.4212109417557552,0.016398995074189196,1
MLP,Classical,252,1,0.42195424026317235,0.016398995074189196,1
MLP,Classical,253,0,0.4586283859012562,0.016398995074189196,1
MLP,Classical,254,1,0.4204040427360224,0.016398995074189196,1
MLP,Classical,255,1,0.4191704813093244,0.016398995074189196,1
MLP,Classical,256,1,0.42280125797161017,0.016398995074189196,1
MLP,Classical,257,0,0.4211486242117233,0.016398995074189196,1
MLP,Classical,258,0,0.4209350836570141,0.016398995074189196,1
MLP,Classical,259,1,0.4186895471887203,0.016398995074189196,1
MLP,Classical,260,1,0.42162878069045107,0.016398995074189196,1
MLP,Classical,261,1,0.4238660055181807,0.016398995074189196,1
MLP,Classical,262,1,0.42192965843888586,0.016398995074189196,1
MLP,Classical,263,0,0.4199486796937987,0.016398995074189196,1
MLP,Classical,264,0,0.45946245473006936,0.016398995074189196,1
MLP,Classical,265,1,0.420238365472868,0.016398995074189196,1
MLP,Classical,266,1,0.42187889159216646,0.016398995074189196,1
MLP,Classical,267,0,0.4591529285205021,0.016398995074189196,1
MLP,Classical,268,0,0.45909505338111783,0.016398995074189196,1
MLP,Classical,269,1,0.4205491557120462,0.016398995074189196,1
MLP,Classical,270,1,0.4218161798011483,0.016398995074189196,1
MLP,Classical,271,0,0.4591095699371755,0.016398995074189196,1
MLP,Classical,272,1,0.42299312946901035,0.016398995074189196,1
MLP,Classical,273,0,0.459476184159137,0.016398995074189196,1
MLP,Classical,274,1,0.4226707299063294,0.016398995074189196,1
MLP,Classical,275,1,0.46004722531895875,0.016398995074189196,1
MLP,Classical,276,0,0.4228352510766383,0.016398995074189196,1
MLP,Classical,277,0,0.42085751209276295,0.016398995074189196,1
MLP,Classical,278,0,0.4207661808712001,0.016398995074189196,1
MLP,Classical,279,0,0.4586595126974428,0.016398995074189196,1
MLP,Classical,280,0,0.4199204361553678,0.016398995074189196,1
MLP,Classical,281,0,0.4592530016091902,0.016398995074189196,1
MLP,Classical,282,1,0.42116954259121053,0.016398995074189196,1
MLP,Classical,283,0,0.4218278379827827,0.016398995074189196,1
MLP,Classical,284,1,0.4220084865959252,0.016398995074189196,1
MLP,Classical,285,0,0.45858141795687524,0.016398995074189196,1
MLP,Classical,286,1,0.42066048753450136,0.016398995074189196,1
MLP,Classical,287,1,0.42073389175504533,0.016398995074189196,1
MLP,Classical,288,0,0.42087514347229094,0.016398995074189196,1
MLP,Classical,289,1,0.4187906539202909,0.016398995074189196,1
MLP,Classical,290,1,0.4193749142992778,0.016398995074189196,1
MLP,Classical,291,1,0.4229631446283444,0.016398995074189196,1
MLP,Classical,292,1,0.4227646063482792,0.016398995074189196,1
MLP,Classical,293,0,0.4203794671390478,0.016398995074189196,1
MLP,Classical,294,0,0.4592245641894125,0.016398995074189196,1
MLP,Classical,295,0,0.4216871982852682,0.016398995074189196,1
MLP,Classical,296,1,0.4238190854200548,0.016398995074189196,1
MLP,Classical,297,0,0.4591095699371755,0.016398995074189196,1
MLP,Classical,298,1,0.4203401554083538,0.016398995074189196,1
MLP,Classical,299,1,0.41869247646694974,0.016398995074189196,1
Quantum Kernel SVC Statevector,Quantum simulation,0,0,-1.4558362691578135,-0.8595977577798142,0
Quantum Kernel SVC Statevector,Quantum simulation,1,1,-0.5761071851530606,-0.8595977577798142,1
Quantum Kernel SVC Statevector,Quantum simulation,2,0,-0.7046487667892702,-0.8595977577798142,1
Quantum Kernel SVC Statevector,Quantum simulation,3,0,-0.5976644336581973,-0.8595977577798142,1
Quantum Kernel SVC Statevector,Quantum simulation,4,0,-1.4625607728064387,-0.8595977577798142,0
Quantum Kernel SVC Statevector,Quantum simulation,5,0,-0.635069526553075,-0.8595977577798142,1
Quantum Kernel SVC Statevector,Quantum simulation,6,0,-0.596272183896494,-0.8595977577798142,1
Quantum Kernel SVC Statevector,Quantum simulation,7,1,-0.7163271211300608,-0.8595977577798142,1
Quantum Kernel SVC Statevector,Quantum simulation,8,1,-0.6400387982221414,-0.8595977577798142,1
Quantum Kernel SVC Statevector,Quantum simulation,9,0,-1.4577000066627908,-0.8595977577798142,0
Quantum Kernel SVC Statevector,Quantum simulation,10,1,-0.5662672868786895,-0.8595977577798142,1
Quantum Kernel SVC Statevector,Quantum simulation,11,0,-1.4598128922839257,-0.8595977577798142,0
Quantum Kernel SVC Statevector,Quantum simulation,12,0,-0.7226338002701955,-0.8595977577798142,1
Quantum Kernel SVC Statevector,Quantum simulation,13,1,-0.5936247576381755,-0.8595977577798142,1
Quantum Kernel SVC Statevector,Quantum simulation,14,0,-1.4692152079548402,-0.8595977577798142,0
Quantum Kernel SVC Statevector,Quantum simulation,15,1,-0.6471673956570265,-0.8595977577798142,1
Quantum Kernel SVC Statevector,Quantum simulation,16,1,-0.733016121168357,-0.8595977577798142,1
Quantum Kernel SVC Statevector,Quantum simulation,17,1,-0.6627014694638853,-0.8595977577798142,1
Quantum Kernel SVC Statevector,Quantum simulation,18,0,-0.6652007894224636,-0.8595977577798142,1
Quantum Kernel SVC Statevector,Quantum simulation,19,0,-0.6199546351835044,-0.8595977577798142,1
Quantum Kernel SVC Statevector,Quantum simulation,20,0,-0.6405220805556553,-0.8595977577798142,1
Quantum Kernel SVC Statevector,Quantum simulation,21,1,-0.6923655774600936,-0.8595977577798142,1
Quantum Kernel SVC Statevector,Quantum simulation,22,0,-1.4600114567436775,-0.8595977577798142,0
Quantum Kernel SVC Statevector,Quantum simulation,23,1,-0.7239853788067383,-0.8595977577798142,1
Quantum Kernel SVC Statevector,Quantum simulation,24,0,-0.7523930469111912,-0.8595977577798142,1
Quantum Kernel SVC Statevector,Quantum simulation,25,0,-0.6567714074953064,-0.8595977577798142,1
Quantum Kernel SVC Statevector,Quantum simulation,26,1,-0.7113242506298494,-0.8595977577798142,1
Quantum Kernel SVC Statevector,Quantum simulation,27,0,-0.6499918192419638,-0.8595977577798142,1
Quantum Kernel SVC Statevector,Quantum simulation,28,0,-0.7416177431790698,-0.8595977577798142,1
Quantum Kernel SVC Statevector,Quantum simulation,29,1,-0.6564003556685052,-0.8595977577798142,1
Quantum Kernel SVC Statevector,Quantum simulation,30,1,-0.6504994423157755,-0.8595977577798142,1
Quantum Kernel SVC Statevector,Quantum simulation,31,0,-0.6159532769239966,-0.8595977577798142,1
Quantum Kernel SVC Statevector,Quantum simulation,32,0,-0.6891427509413615,-0.8595977577798142,1
Quantum Kernel SVC Statevector,Quantum simulation,33,1,-0.6577437073935288,-0.8595977577798142,1
Quantum Kernel SVC Statevector,Quantum simulation,34,0,-1.464704411373206,-0.8595977577798142,0
Quantum Kernel SVC Statevector,Quantum simulation,35,1,-0.704180149250998,-0.8595977577798142,1
Quantum Kernel SVC Statevector,Quantum simulation,36,0,-1.4577000066627908,-0.8595977577798142,0
Quantum Kernel SVC Statevector,Quantum simulation,37,0,-0.6102900537128262,-0.8595977577798142,1
Quantum Kernel SVC Statevector,Quantum simulation,38,0,-0.7156720526902907,-0.8595977577798142,1
Quantum Kernel SVC Statevector,Quantum simulation,39,0,-0.6273724788600437,-0.8595977577798142,1
Quantum Kernel SVC Statevector,Quantum simulation,40,1,-0.6675586845598351,-0.8595977577798142,1
Quantum Kernel SVC Statevector,Quantum simulation,41,1,-0.7711859487532153,-0.8595977577798142,1
Quantum Kernel SVC Statevector,Quantum simulation,42,0,-1.46204983535088,-0.8595977577798142,0
Quantum Kernel SVC Statevector,Quantum simulation,43,0,-1.45878573417565,-0.8595977577798142,0
Quantum Kernel SVC Statevector,Quantum simulation,44,1,-0.6385089799267998,-0.8595977577798142,1
Quantum Kernel SVC Statevector,Quantum simulation,45,0,-1.4623925455249196,-0.8595977577798142,0
Quantum Kernel SVC Statevector,Quantum simulation,46,0,-0.6276733464245419,-0.8595977577798142,1
Quantum Kernel SVC Statevector,Quantum simulation,47,1,-0.7371740457214602,-0.8595977577798142,1
Quantum Kernel SVC Statevector,Quantum simulation,48,1,-0.7616080653608632,-0.8595977577798142,1
Quantum Kernel SVC Statevector,Quantum simulation,49,1,-0.7109854657778223,-0.8595977577798142,1
Quantum Kernel SVC Statevector,Quantum simulation,50,1,-0.6054743873039765,-0.8595977577798142,1
Quantum Kernel SVC Statevector,Quantum simulation,51,1,-0.6095078506109175,-0.8595977577798142,1
Quantum Kernel SVC Statevector,Quantum simulation,52,0,-0.6303271718704788,-0.8595977577798142,1
Quantum Kernel SVC Statevector,Quantum simulation,53,0,-0.6532113184245627,-0.8595977577798142,1
Quantum Kernel SVC Statevector,Quantum simulation,54,0,-0.6272603757862691,-0.8595977577798142,1
Quantum Kernel SVC Statevector,Quantum simulation,55,0,-1.4655072353380008,-0.8595977577798142,0
Quantum Kernel SVC Statevector,Quantum simulation,56,1,-0.6343207676287108,-0.8595977577798142,1
Quantum Kernel SVC Statevector,Quantum simulation,57,1,-0.7280188658036246,-0.8595977577798142,1
Quantum Kernel SVC Statevector,Quantum simulation,58,1,-0.7187129919430555,-0.8595977577798142,1
Quantum Kernel SVC Statevector,Quantum simulation,59,1,-0.7183202537921045,-0.8595977577798142,1
Quantum Kernel SVC Statevector,Quantum simulation,60,0,-0.6653782181941101,-0.8595977577798142,1
Quantum Kernel SVC Statevector,Quantum simulation,61,0,-1.4657600622254823,-0.8595977577798142,0
Quantum Kernel SVC Statevector,Quantum simulation,62,1,-0.7201005897853789,-0.8595977577798142,1
Quantum Kernel SVC Statevector,Quantum simulation,63,0,-1.464979498466988,-0.8595977577798142,0
Quantum Kernel SVC Statevector,Quantum simulation,64,1,-0.7296260260185898,-0.8595977577798142,1
Quantum Kernel SVC Statevector,Quantum simulation,65,0,-0.7057316997003924,-0.8595977577798142,1
Quantum Kernel SVC Statevector,Quantum simulation,66,1,-0.7023814838063269,-0.8595977577798142,1
Quantum Kernel SVC Statevector,Quantum simulation,67,0,-0.6715300392360517,-0.8595977577798142,1
Quantum Kernel SVC Statevector,Quantum simulation,68,1,-0.6554848860002105,-0.8595977577798142,1
Quantum Kernel SVC Statevector,Quantum simulation,69,0,-1.4600114567436775,-0.8595977577798142,0
Quantum Kernel SVC Statevector,Quantum simulation,70,0,-0.7126627797092571,-0.8595977577798142,1
Quantum Kernel SVC Statevector,Quantum simulation,71,0,-1.4567879864597302,-0.8595977577798142,0
Quantum Kernel SVC Statevector,Quantum simulation,72,0,-1.4611559633415374,-0.8595977577798142,0
Quantum Kernel SVC Statevector,Quantum simulation,73,1,-0.686480268892445,-0.8595977577798142,1
Quantum Kernel SVC Statevector,Quantum simulation,74,0,-1.46204983535088,-0.8595977577798142,0
Quantum Kernel SVC Statevector,Quantum simulation,75,0,-0.595727896587118,-0.8595977577798142,1
Quantum Kernel SVC Statevector,Quantum simulation,76,0,-1.464704411373206,-0.8595977577798142,0
Quantum Kernel SVC Statevector,Quantum simulation,77,0,-0.6013189561677283,-0.8595977577798142,1
Quantum Kernel SVC Statevector,Quantum simulation,78,1,-0.5896728491624064,-0.8595977577798142,1
Quantum Kernel SVC Statevector,Quantum simulation,79,1,-0.7101184658457245,-0.8595977577798142,1
Quantum Kernel SVC Statevector,Quantum simulation,80,0,-1.4655072353380008,-0.8595977577798142,0
Quantum Kernel SVC Statevector,Quantum simulation,81,0,-1.4605936722919919,-0.8595977577798142,0
Quantum Kernel SVC Statevector,Quantum simulation,82,0,-1.4598128922839257,-0.8595977577798142,0
Quantum Kernel SVC Statevector,Quantum simulation,83,1,-0.5842841752005627,-0.8595977577798142,1
Quantum Kernel SVC Statevector,Quantum simulation,84,0,-1.4609707239022514,-0.8595977577798142,0
Quantum Kernel SVC Statevector,Quantum simulation,85,1,-1.4558362691578135,-0.8595977577798142,0
Quantum Kernel SVC Statevector,Quantum simulation,86,1,-0.6606372679114887,-0.8595977577798142,1
Quantum Kernel SVC Statevector,Quantum simulation,87,1,-0.612280420574572,-0.8595977577798142,1
Quantum Kernel SVC Statevector,Quantum simulation,88,0,-1.4581414453252353,-0.8595977577798142,0
Quantum Kernel SVC Statevector,Quantum simulation,89,1,-0.637630187611494,-0.8595977577798142,1
Quantum Kernel SVC Statevector,Quantum simulation,90,1,-0.6432439645800858,-0.8595977577798142,1
Quantum Kernel SVC Statevector,Quantum simulation,91,0,-1.4638331846883017,-0.8595977577798142,0
Quantum Kernel SVC Statevector,Quantum simulation,92,0,-1.461339029959042,-0.8595977577798142,0
Quantum Kernel SVC Statevector,Quantum simulation,93,1,-0.7351680100442486,-0.8595977577798142,1
Quantum Kernel SVC Statevector,Quantum simulation,94,0,-1.4581414453252353,-0.8595977577798142,0
Quantum Kernel SVC Statevector,Quantum simulation,95,1,-0.7395961942404885,-0.8595977577798142,1
Quantum Kernel SVC Statevector,Quantum simulation,96,0,-1.4638331846883017,-0.8595977577798142,0
Quantum Kernel SVC Statevector,Quantum simulation,97,0,-1.4596120579577674,-0.8595977577798142,0
Quantum Kernel SVC Statevector,Quantum simulation,98,0,-1.464704411373206,-0.8595977577798142,0
Quantum Kernel SVC Statevector,Quantum simulation,99,0,-0.6651085954550531,-0.8595977577798142,1
Quantum Kernel SVC Statevector,Quantum simulation,100,0,-1.4596120579577674,-0.8595977577798142,0
Quantum Kernel SVC Statevector,Quantum simulation,101,1,-0.6535182245816789,-0.8595977577798142,1
Quantum Kernel SVC Statevector,Quantum simulation,102,0,-1.4581414453252353,-0.8595977577798142,0
Quantum Kernel SVC Statevector,Quantum simulation,103,0,-1.4625607728064387,-0.8595977577798142,0
Quantum Kernel SVC Statevector,Quantum simulation,104,1,-0.571819095842979,-0.8595977577798142,1
Quantum Kernel SVC Statevector,Quantum simulation,105,0,-0.6814335823089244,-0.8595977577798142,1
Quantum Kernel SVC Statevector,Quantum simulation,106,1,-0.7048312720543823,-0.8595977577798142,1
Quantum Kernel SVC Statevector,Quantum simulation,107,0,-0.6269604216048621,-0.8595977577798142,1
Quantum Kernel SVC Statevector,Quantum simulation,108,0,-0.7264022341420455,-0.8595977577798142,1
Quantum Kernel SVC Statevector,Quantum simulation,109,1,-0.6260067844028068,-0.8595977577798142,1
Quantum Kernel SVC Statevector,Quantum simulation,110,1,-0.6763592291962122,-0.8595977577798142,1
Quantum Kernel SVC Statevector,Quantum simulation,111,1,-0.7358916655575445,-0.8595977577798142,1
Quantum Kernel SVC Statevector,Quantum simulation,112,1,-0.6162247554879494,-0.8595977577798142,1
Quantum Kernel SVC Statevector,Quantum simulation,113,0,-1.4655072353380008,-0.8595977577798142,0
Quantum Kernel SVC Statevector,Quantum simulation,114,0,-1.4605936722919826,-0.8595977577798142,0
Quantum Kernel SVC Statevector,Quantum simulation,115,1,-0.5734817239005605,-0.8595977577798142,1
Quantum Kernel SVC Statevector,Quantum simulation,116,1,-0.7169964058911078,-0.8595977577798142,1
Quantum Kernel SVC Statevector,Quantum simulation,117,1,-0.7432662992331094,-0.8595977577798142,1
Quantum Kernel SVC Statevector,Quantum simulation,118,1,-0.618600901413473,-0.8595977577798142,1
Quantum Kernel SVC Statevector,Quantum simulation,119,1,-0.6423962700117039,-0.8595977577798142,1
Quantum Kernel SVC Statevector,Quantum simulation,120,0,-1.4583585757027022,-0.8595977577798142,0
Quantum Kernel SVC Statevector,Quantum simulation,121,0,-0.6638275167362879,-0.8595977577798142,1
Quantum Kernel SVC Statevector,Quantum simulation,122,0,-0.671970283096532,-0.8595977577798142,1
Quantum Kernel SVC Statevector,Quantum simulation,123,0,-1.4639832448529277,-0.8595977577798142,0
Quantum Kernel SVC Statevector,Quantum simulation,124,0,-0.7248274666918568,-0.8595977577798142,1
Quantum Kernel SVC Statevector,Quantum simulation,125,1,-0.6029159192968907,-0.8595977577798142,1
Quantum Kernel SVC Statevector,Quantum simulation,126,0,-1.458573333651299,-0.8595977577798142,0
Quantum Kernel SVC Statevector,Quantum simulation,127,0,-1.4632131257351464,-0.8595977577798142,0
Quantum Kernel SVC Statevector,Quantum simulation,128,1,-0.6100350521118283,-0.8595977577798142,1
Quantum Kernel SVC Statevector,Quantum simulation,129,0,-1.4574756677609217,-0.8595977577798142,0
Quantum Kernel SVC Statevector,Quantum simulation,130,0,-1.4657600622254823,-0.8595977577798142,0
Quantum Kernel SVC Statevector,Quantum simulation,131,1,-0.605090737138622,-0.8595977577798142,1
Quantum Kernel SVC Statevector,Quantum simulation,132,1,-0.5675063364707866,-0.8595977577798142,1
Quantum Kernel SVC Statevector,Quantum simulation,133,1,-0.6127214997198274,-0.8595977577798142,1
Quantum Kernel SVC Statevector,Quantum simulation,134,1,-0.6019400746638708,-0.8595977577798142,1
Quantum Kernel SVC Statevector,Quantum simulation,135,1,-0.6100350521118283,-0.8595977577798142,1
Quantum Kernel SVC Statevector,Quantum simulation,136,0,-0.654222916993553,-0.8595977577798142,1
Quantum Kernel SVC Statevector,Quantum simulation,137,1,-0.7336224376014984,-0.8595977577798142,1
Quantum Kernel SVC Statevector,Quantum simulation,138,0,-0.651245116391522,-0.8595977577798142,1
Quantum Kernel SVC Statevector,Quantum simulation,139,0,-0.6334997796983377,-0.8595977577798142,1
Quantum Kernel SVC Statevector,Quantum simulation,140,1,-0.7433368548066688,-0.8595977577798142,1
Quantum Kernel SVC Statevector,Quantum simulation,141,0,-0.6285085068788541,-0.8595977577798142,1
Quantum Kernel SVC Statevector,Quantum simulation,142,0,-1.4636811547141884,-0.8595977577798142,0
Quantum Kernel SVC Statevector,Quantum simulation,143,1,-0.6442979674849176,-0.8595977577798142,1
Quantum Kernel SVC Statevector,Quantum simulation,144,0,-1.4692787969019327,-0.8595977577798142,0
Quantum Kernel SVC Statevector,Quantum simulation,145,0,-1.4627269318863358,-0.8595977577798142,0
Quantum Kernel SVC Statevector,Quantum simulation,146,0,-0.6947431492555034,-0.8595977577798142,1
Quantum Kernel SVC Statevector,Quantum simulation,147,1,-0.6695588608584848,-0.8595977577798142,1
Quantum Kernel SVC Statevector,Quantum simulation,148,0,-0.7030988636849507,-0.8595977577798142,1
Quantum Kernel SVC Statevector,Quantum simulation,149,0,-1.457921927394339,-0.8595977577798142,0
Quantum Kernel SVC Statevector,Quantum simulation,150,1,-0.6556824105159635,-0.8595977577798142,1
Quantum Kernel SVC Statevector,Quantum simulation,151,1,-0.6470899782239736,-0.8595977577798142,1
Quantum Kernel SVC Statevector,Quantum simulation,152,1,-0.6353010385909725,-0.8595977577798142,1
Quantum Kernel SVC Statevector,Quantum simulation,153,0,-1.0829542036598294,-0.8595977577798142,0
Quantum Kernel SVC Statevector,Quantum simulation,154,1,-0.7326262590381465,-0.8595977577798142,1
Quantum Kernel SVC Statevector,Quantum simulation,155,0,-1.461698698363176,-0.8595977577798142,0
Quantum Kernel SVC Statevector,Quantum simulation,156,0,-1.4555920163793845,-0.8595977577798142,0
Quantum Kernel SVC Statevector,Quantum simulation,157,1,-0.6517848387462097,-0.8595977577798142,1
Quantum Kernel SVC Statevector,Quantum simulation,158,0,-0.663678476481101,-0.8595977577798142,1
Quantum Kernel SVC Statevector,Quantum simulation,159,0,-1.4563171539685893,-0.8595977577798142,0
Quantum Kernel SVC Statevector,Quantum simulation,160,1,-0.6328772695551677,-0.8595977577798142,1
Quantum Kernel SVC Statevector,Quantum simulation,161,0,-0.6503389243380262,-0.8595977577798142,1
Quantum Kernel SVC Statevector,Quantum simulation,162,1,-0.6087918885447499,-0.8595977577798142,1
Quantum Kernel SVC Statevector,Quantum simulation,163,1,-0.7307133069134526,-0.8595977577798142,1
Quantum Kernel SVC Statevector,Quantum simulation,164,0,-1.4560779762204794,-0.8595977577798142,0
Quantum Kernel SVC Statevector,Quantum simulation,165,0,-1.4596120579577674,-0.8595977577798142,0
Quantum Kernel SVC Statevector,Quantum simulation,166,0,-0.6024685158509466,-0.8595977577798142,1
Quantum Kernel SVC Statevector,Quantum simulation,167,1,-0.650989857689757,-0.8595977577798142,1
Quantum Kernel SVC Statevector,Quantum simulation,168,1,-0.5966796655381141,-0.8595977577798142,1
Quantum Kernel SVC Statevector,Quantum simulation,169,0,-1.4644217248861455,-0.8595977577798142,0
Quantum Kernel SVC Statevector,Quantum simulation,170,1,-0.6554848860002105,-0.8595977577798142,1
Quantum Kernel SVC Statevector,Quantum simulation,171,0,-1.457248895194236,-0.8595977577798142,0
Quantum Kernel SVC Statevector,Quantum simulation,172,1,-0.7308640248431972,-0.8595977577798142,1
Quantum Kernel SVC Statevector,Quantum simulation,173,1,-0.5832460022888568,-0.8595977577798142,1
Quantum Kernel SVC Statevector,Quantum simulation,174,1,-1.4693409318158606,-0.8595977577798142,0
Quantum Kernel SVC Statevector,Quantum simulation,175,1,-0.7716230069526493,-0.8595977577798142,1
Quantum Kernel SVC Statevector,Quantum simulation,176,0,-1.4581414453252353,-0.8595977577798142,0
Quantum Kernel SVC Statevector,Quantum simulation,177,0,-1.457921927394338,-0.8595977577798142,0
Quantum Kernel SVC Statevector,Quantum simulation,178,0,-1.4627269318863358,-0.8595977577798142,0
Quantum Kernel SVC Statevector,Quantum simulation,179,1,-0.6145050833867833,-0.8595977577798142,1
Quantum Kernel SVC Statevector,Quantum simulation,180,1,-0.7236669955064778,-0.8595977577798142,1
Quantum Kernel SVC Statevector,Quantum simulation,181,0,-0.641247494399088,-0.8595977577798142,1
Quantum Kernel SVC Statevector,Quantum simulation,182,1,-0.7175772945749317,-0.8595977577798142,1
Quantum Kernel SVC Statevector,Quantum simulation,183,0,-0.6768662705542283,-0.8595977577798142,1
Quantum Kernel SVC Statevector,Quantum simulation,184,1,-0.7313475192827026,-0.8595977577798142,1
Quantum Kernel SVC Statevector,Quantum simulation,185,1,-0.647950950305135,-0.8595977577798142,1
Quantum Kernel SVC Statevector,Quantum simulation,186,0,-1.4577000066627908,-0.8595977577798142,0
Quantum Kernel SVC Statevector,Quantum simulation,187,1,-0.7357178512575115,-0.8595977577798142,1
Quantum Kernel SVC Statevector,Quantum simulation,188,1,-0.6267421872525876,-0.8595977577798142,1
Quantum Kernel SVC Statevector,Quantum simulation,189,0,-0.6839281675696254,-0.8595977577798142,1
Quantum Kernel SVC Statevector,Quantum simulation,190,1,-0.7419583099163192,-0.8595977577798142,1
Quantum Kernel SVC Statevector,Quantum simulation,191,1,-0.6001996403585921,-0.8595977577798142,1
Quantum Kernel SVC Statevector,Quantum simulation,192,0,-0.7359614250418329,-0.8595977577798142,1
Quantum Kernel SVC Statevector,Quantum simulation,193,0,-1.4655072353380008,-0.8595977577798142,0
Quantum Kernel SVC Statevector,Quantum simulation,194,1,-0.7281557154479976,-0.8595977577798142,1
Quantum Kernel SVC Statevector,Quantum simulation,195,1,-0.610005923617116,-0.8595977577798142,1
Quantum Kernel SVC Statevector,Quantum simulation,196,1,-0.6818155330338329,-0.8595977577798142,1
Quantum Kernel SVC Statevector,Quantum simulation,197,1,-0.5925413247468094,-0.8595977577798142,1
Quantum Kernel SVC Statevector,Quantum simulation,198,1,-0.6027065703231533,-0.8595977577798142,1
Quantum Kernel SVC Statevector,Quantum simulation,199,1,-0.7347415605415648,-0.8595977577798142,1
Quantum Kernel SVC Statevector,Quantum simulation,200,0,-0.6317204473029203,-0.8595977577798142,1
Quantum Kernel SVC Statevector,Quantum simulation,201,0,-1.4632131257351464,-0.8595977577798142,0
Quantum Kernel SVC Statevector,Quantum simulation,202,0,-0.6403865337566068,-0.8595977577798142,1
Quantum Kernel SVC Statevector,Quantum simulation,203,1,-0.7104115193637022,-0.8595977577798142,1
Quantum Kernel SVC Statevector,Quantum simulation,204,0,-0.6304243355821673,-0.8595977577798142,1
Quantum Kernel SVC Statevector,Quantum simulation,205,0,-0.6567506438923763,-0.8595977577798142,1
Quantum Kernel SVC Statevector,Quantum simulation,206,1,-0.5985884138313837,-0.8595977577798142,1
Quantum Kernel SVC Statevector,Quantum simulation,207,1,-0.6959454668648981,-0.8595977577798142,1
Quantum Kernel SVC Statevector,Quantum simulation,208,0,-1.460401832721859,-0.8595977577798142,0
Quantum Kernel SVC Statevector,Quantum simulation,209,1,-0.5939403057817034,-0.8595977577798142,1
Quantum Kernel SVC Statevector,Quantum simulation,210,1,-0.5922562303008168,-0.8595977577798142,1
Quantum Kernel SVC Statevector,Quantum simulation,211,0,-0.6848345569927854,-0.8595977577798142,1
Quantum Kernel SVC Statevector,Quantum simulation,212,1,-0.5905982400974037,-0.8595977577798142,1
Quantum Kernel SVC Statevector,Quantum simulation,213,1,-0.6954884483527244,-0.8595977577798142,1
Quantum Kernel SVC Statevector,Quantum simulation,214,1,-0.6229003623700131,-0.8595977577798142,1
Quantum Kernel SVC Statevector,Quantum simulation,215,1,-0.6887886648035242,-0.8595977577798142,1
Quantum Kernel SVC Statevector,Quantum simulation,216,1,-0.6587871457900043,-0.8595977577798142,1
Quantum Kernel SVC Statevector,Quantum simulation,217,0,-0.6389320506484459,-0.8595977577798142,1
Quantum Kernel SVC Statevector,Quantum simulation,218,1,-1.4670941507031607,-0.8595977577798142,0
Quantum Kernel SVC Statevector,Quantum simulation,219,1,-0.7275914469203284,-0.8595977577798142,1
Quantum Kernel SVC Statevector,Quantum simulation,220,1,-0.6628712671132257,-0.8595977577798142,1
Quantum Kernel SVC Statevector,Quantum simulation,221,1,-0.7239452970305871,-0.8595977577798142,1
Quantum Kernel SVC Statevector,Quantum simulation,222,0,-1.4570196733428311,-0.8595977577798142,0
Quantum Kernel SVC Statevector,Quantum simulation,223,0,-1.4555920163793845,-0.8595977577798142,0
Quantum Kernel SVC Statevector,Quantum simulation,224,0,-1.4545892153322633,-0.8595977577798142,0
Quantum Kernel SVC Statevector,Quantum simulation,225,1,-0.5879424621640825,-0.8595977577798142,1
Quantum Kernel SVC Statevector,Quantum simulation,226,1,-1.4577000066627908,-0.8595977577798142,0
Quantum Kernel SVC Statevector,Quantum simulation,227,1,-0.7673218167012359,-0.8595977577798142,1
Quantum Kernel SVC Statevector,Quantum simulation,228,0,-0.7144838455864975,-0.8595977577798142,1
Quantum Kernel SVC Statevector,Quantum simulation,229,1,-0.719347263721374,-0.8595977577798142,1
Quantum Kernel SVC Statevector,Quantum simulation,230,0,-1.4558362691578135,-0.8595977577798142,0
Quantum Kernel SVC Statevector,Quantum simulation,231,1,-0.6632382952417137,-0.8595977577798142,1
Quantum Kernel SVC Statevector,Quantum simulation,232,0,-1.4625607728064387,-0.8595977577798142,0
Quantum Kernel SVC Statevector,Quantum simulation,233,1,-0.6522432694583347,-0.8595977577798142,1
Quantum Kernel SVC Statevector,Quantum simulation,234,0,-1.4622222373149136,-0.8595977577798142,0
Quantum Kernel SVC Statevector,Quantum simulation,235,1,-0.6888458159686004,-0.8595977577798142,1
Quantum Kernel SVC Statevector,Quantum simulation,236,1,-0.5977173600169305,-0.8595977577798142,1
Quantum Kernel SVC Statevector,Quantum simulation,237,1,-0.7288669577710363,-0.8595977577798142,1
Quantum Kernel SVC Statevector,Quantum simulation,238,0,-0.7721734174439194,-0.8595977577798142,1
Quantum Kernel SVC Statevector,Quantum simulation,239,0,-1.460401832721859,-0.8595977577798142,0
Quantum Kernel SVC Statevector,Quantum simulation,240,0,-1.4563171539685893,-0.8595977577798142,0
Quantum Kernel SVC Statevector,Quantum simulation,241,1,-0.6429924107871561,-0.8595977577798142,1
Quantum Kernel SVC Statevector,Quantum simulation,242,0,-1.4548438177054874,-0.8595977577798142,0
Quantum Kernel SVC Statevector,Quantum simulation,243,1,-0.6697080138412994,-0.8595977577798142,1
Quantum Kernel SVC Statevector,Quantum simulation,244,1,-0.7711683334096453,-0.8595977577798142,1
Quantum Kernel SVC Statevector,Quantum simulation,245,1,-0.7077018467822112,-0.8595977577798142,1
Quantum Kernel SVC Statevector,Quantum simulation,246,1,-0.5823644570083542,-0.8595977577798142,1
Quantum Kernel SVC Statevector,Quantum simulation,247,0,-0.6667301536598886,-0.8595977577798142,1
Quantum Kernel SVC Statevector,Quantum simulation,248,1,-0.7243520783043071,-0.8595977577798142,1
Quantum Kernel SVC Statevector,Quantum simulation,249,0,-1.4583585757027022,-0.8595977577798142,0
Quantum Kernel SVC Statevector,Quantum simulation,250,0,-0.6498301022178163,-0.8595977577798142,1
Quantum Kernel SVC Statevector,Quantum simulation,251,0,-0.6772965132547242,-0.8595977577798142,1
Quantum Kernel SVC Statevector,Quantum simulation,252,1,-0.7054183255865014,-0.8595977577798142,1
Quantum Kernel SVC Statevector,Quantum simulation,253,0,-1.455345201349268,-0.8595977577798142,0
Quantum Kernel SVC Statevector,Quantum simulation,254,1,-0.6455050083149971,-0.8595977577798142,1
Quantum Kernel SVC Statevector,Quantum simulation,255,1,-0.5944396280202477,-0.8595977577798142,1
Quantum Kernel SVC Statevector,Quantum simulation,256,1,-0.7360690993994399,-0.8595977577798142,1
Quantum Kernel SVC Statevector,Quantum simulation,257,0,-0.6748876845925822,-0.8595977577798142,1
Quantum Kernel SVC Statevector,Quantum simulation,258,0,-0.6665741388387567,-0.8595977577798142,1
Quantum Kernel SVC Statevector,Quantum simulation,259,1,-0.5737478996683976,-0.8595977577798142,1
Quantum Kernel SVC Statevector,Quantum simulation,260,1,-0.693244121217147,-0.8595977577798142,1
Quantum Kernel SVC Statevector,Quantum simulation,261,1,-0.7724356419879315,-0.8595977577798142,1
Quantum Kernel SVC Statevector,Quantum simulation,262,1,-0.7045064387614193,-0.8595977577798142,1
Quantum Kernel SVC Statevector,Quantum simulation,263,0,-0.6269961441810663,-0.8595977577798142,1
Quantum Kernel SVC Statevector,Quantum simulation,264,0,-1.465760062225483,-0.8595977577798142,0
Quantum Kernel SVC Statevector,Quantum simulation,265,1,-0.638817699604443,-0.8595977577798142,1
Quantum Kernel SVC Statevector,Quantum simulation,266,1,-0.7026192388729267,-0.8595977577798142,1
Quantum Kernel SVC Statevector,Quantum simulation,267,0,-1.4625607728064387,-0.8595977577798142,0
Quantum Kernel SVC Statevector,Quantum simulation,268,0,-1.4618753267085938,-0.8595977577798142,0
Quantum Kernel SVC Statevector,Quantum simulation,269,1,-0.6513179129565452,-0.8595977577798142,1
Quantum Kernel SVC Statevector,Quantum simulation,270,1,-0.7002806534666521,-0.8595977577798142,1
Quantum Kernel SVC Statevector,Quantum simulation,271,0,-1.46204983535088,-0.8595977577798142,0
Quantum Kernel SVC Statevector,Quantum simulation,272,1,-0.7428021851389386,-0.8595977577798142,1
Quantum Kernel SVC Statevector,Quantum simulation,273,0,-1.4658837533845355,-0.8595977577798142,0
Quantum Kernel SVC Statevector,Quantum simulation,274,1,-0.7314439943892987,-0.8595977577798142,1
Quantum Kernel SVC Statevector,Quantum simulation,275,1,-1.469656766649753,-0.8595977577798142,0
Quantum Kernel SVC Statevector,Quantum simulation,276,0,-0.737267677664269,-0.8595977577798142,1
Quantum Kernel SVC Statevector,Quantum simulation,277,0,-0.6635314730218251,-0.8595977577798142,1
Quantum Kernel SVC Statevector,Quantum simulation,278,0,-0.6599336880748372,-0.8595977577798142,1
Quantum Kernel SVC Statevector,Quantum simulation,279,0,-1.4558362691578135,-0.8595977577798142,0
Quantum Kernel SVC Statevector,Quantum simulation,280,0,-0.6258348566465519,-0.8595977577798142,1
Quantum Kernel SVC Statevector,Quantum simulation,281,0,-1.4636811547141884,-0.8595977577798142,0
Quantum Kernel SVC Statevector,Quantum simulation,282,1,-0.6756971401717817,-0.8595977577798142,1
Quantum Kernel SVC Statevector,Quantum simulation,283,0,-0.700716012453293,-0.8595977577798142,1
Quantum Kernel SVC Statevector,Quantum simulation,284,1,-0.7074262204271295,-0.8595977577798142,1
Quantum Kernel SVC Statevector,Quantum simulation,285,0,-1.4545892153322633,-0.8595977577798142,0
Quantum Kernel SVC Statevector,Quantum simulation,286,1,-0.6557494011262317,-0.8595977577798142,1
Quantum Kernel SVC Statevector,Quantum simulation,287,1,-0.6586577534670641,-0.8595977577798142,1
Quantum Kernel SVC Statevector,Quantum simulation,288,0,-0.6642241030219187,-0.8595977577798142,1
Quantum Kernel SVC Statevector,Quantum simulation,289,1,-0.5781336213964123,-0.8595977577798142,1
Quantum Kernel SVC Statevector,Quantum simulation,290,1,-0.6031039032665924,-0.8595977577798142,1
Quantum Kernel SVC Statevector,Quantum simulation,291,1,-0.7417551335440575,-0.8595977577798142,1
Quantum Kernel SVC Statevector,Quantum simulation,292,1,-0.7347740369601963,-0.8595977577798142,1
Quantum Kernel SVC Statevector,Quantum simulation,293,0,-0.6445164559398173,-0.8595977577798142,1
Quantum Kernel SVC Statevector,Quantum simulation,294,0,-1.4633711373488707,-0.8595977577798142,0
Quantum Kernel SVC Statevector,Quantum simulation,295,0,-0.6954453453639138,-0.8595977577798142,1
Quantum Kernel SVC Statevector,Quantum simulation,296,1,-0.7708847007612241,-0.8595977577798142,1
Quantum Kernel SVC Statevector,Quantum simulation,297,0,-1.46204983535088,-0.8595977577798142,0
Quantum Kernel SVC Statevector,Quantum simulation,298,1,-0.6429326749083404,-0.8595977577798142,1
Quantum Kernel SVC Statevector,Quantum simulation,299,1,-0.5738752290696776,-0.8595977577798142,1
Isolation Forest + Quantum Kernel SVC Statevector,Hybrid quantum simulation,0,0,-1.4558362691578135,-0.8595977577798142,0
Isolation Forest + Quantum Kernel SVC Statevector,Hybrid quantum simulation,1,1,-0.5761071851530606,-0.8595977577798142,1
Isolation Forest + Quantum Kernel SVC Statevector,Hybrid quantum simulation,2,0,-0.7046487667892702,-0.8595977577798142,1
Isolation Forest + Quantum Kernel SVC Statevector,Hybrid quantum simulation,3,0,-0.5976644336581973,-0.8595977577798142,1
Isolation Forest + Quantum Kernel SVC Statevector,Hybrid quantum simulation,4,0,-1.4625607728064387,-0.8595977577798142,0
Isolation Forest + Quantum Kernel SVC Statevector,Hybrid quantum simulation,5,0,-0.635069526553075,-0.8595977577798142,1
Isolation Forest + Quantum Kernel SVC Statevector,Hybrid quantum simulation,6,0,-0.596272183896494,-0.8595977577798142,1
Isolation Forest + Quantum Kernel SVC Statevector,Hybrid quantum simulation,7,1,-0.7163271211300608,-0.8595977577798142,1
Isolation Forest + Quantum Kernel SVC Statevector,Hybrid quantum simulation,8,1,-0.6400387982221414,-0.8595977577798142,1
Isolation Forest + Quantum Kernel SVC Statevector,Hybrid quantum simulation,9,0,-1.4577000066627908,-0.8595977577798142,0
Isolation Forest + Quantum Kernel SVC Statevector,Hybrid quantum simulation,10,1,-0.5662672868786895,-0.8595977577798142,1
Isolation Forest + Quantum Kernel SVC Statevector,Hybrid quantum simulation,11,0,-1.4598128922839257,-0.8595977577798142,0
Isolation Forest + Quantum Kernel SVC Statevector,Hybrid quantum simulation,12,0,-0.7226338002701955,-0.8595977577798142,1
Isolation Forest + Quantum Kernel SVC Statevector,Hybrid quantum simulation,13,1,-0.5936247576381755,-0.8595977577798142,1
Isolation Forest + Quantum Kernel SVC Statevector,Hybrid quantum simulation,14,0,-1.4692152079548402,-0.8595977577798142,0
Isolation Forest + Quantum Kernel SVC Statevector,Hybrid quantum simulation,15,1,-0.6471673956570265,-0.8595977577798142,1
Isolation Forest + Quantum Kernel SVC Statevector,Hybrid quantum simulation,16,1,-0.733016121168357,-0.8595977577798142,1
Isolation Forest + Quantum Kernel SVC Statevector,Hybrid quantum simulation,17,1,-0.6627014694638853,-0.8595977577798142,1
Isolation Forest + Quantum Kernel SVC Statevector,Hybrid quantum simulation,18,0,-0.6652007894224636,-0.8595977577798142,1
Isolation Forest + Quantum Kernel SVC Statevector,Hybrid quantum simulation,19,0,-0.6199546351835044,-0.8595977577798142,1
Isolation Forest + Quantum Kernel SVC Statevector,Hybrid quantum simulation,20,0,-0.6405220805556553,-0.8595977577798142,1
Isolation Forest + Quantum Kernel SVC Statevector,Hybrid quantum simulation,21,1,-0.6923655774600936,-0.8595977577798142,1
Isolation Forest + Quantum Kernel SVC Statevector,Hybrid quantum simulation,22,0,-1.4600114567436775,-0.8595977577798142,0
Isolation Forest + Quantum Kernel SVC Statevector,Hybrid quantum simulation,23,1,-0.7239853788067383,-0.8595977577798142,1
Isolation Forest + Quantum Kernel SVC Statevector,Hybrid quantum simulation,24,0,-0.7523930469111912,-0.8595977577798142,1
Isolation Forest + Quantum Kernel SVC Statevector,Hybrid quantum simulation,25,0,-0.6567714074953064,-0.8595977577798142,1
Isolation Forest + Quantum Kernel SVC Statevector,Hybrid quantum simulation,26,1,-0.7113242506298494,-0.8595977577798142,1
Isolation Forest + Quantum Kernel SVC Statevector,Hybrid quantum simulation,27,0,-0.6499918192419638,-0.8595977577798142,1
Isolation Forest + Quantum Kernel SVC Statevector,Hybrid quantum simulation,28,0,-0.7416177431790698,-0.8595977577798142,1
Isolation Forest + Quantum Kernel SVC Statevector,Hybrid quantum simulation,29,1,-0.6564003556685052,-0.8595977577798142,1
Isolation Forest + Quantum Kernel SVC Statevector,Hybrid quantum simulation,30,1,-0.6504994423157755,-0.8595977577798142,1
Isolation Forest + Quantum Kernel SVC Statevector,Hybrid quantum simulation,31,0,-0.6159532769239966,-0.8595977577798142,1
Isolation Forest + Quantum Kernel SVC Statevector,Hybrid quantum simulation,32,0,-0.6891427509413615,-0.8595977577798142,1
Isolation Forest + Quantum Kernel SVC Statevector,Hybrid quantum simulation,33,1,-0.6577437073935288,-0.8595977577798142,1
Isolation Forest + Quantum Kernel SVC Statevector,Hybrid quantum simulation,34,0,-1.464704411373206,-0.8595977577798142,0
Isolation Forest + Quantum Kernel SVC Statevector,Hybrid quantum simulation,35,1,-0.704180149250998,-0.8595977577798142,1
Isolation Forest + Quantum Kernel SVC Statevector,Hybrid quantum simulation,36,0,-1.4577000066627908,-0.8595977577798142,0
Isolation Forest + Quantum Kernel SVC Statevector,Hybrid quantum simulation,37,0,-0.6102900537128262,-0.8595977577798142,1
Isolation Forest + Quantum Kernel SVC Statevector,Hybrid quantum simulation,38,0,-0.7156720526902907,-0.8595977577798142,1
Isolation Forest + Quantum Kernel SVC Statevector,Hybrid quantum simulation,39,0,-0.6273724788600437,-0.8595977577798142,1
Isolation Forest + Quantum Kernel SVC Statevector,Hybrid quantum simulation,40,1,-0.6675586845598351,-0.8595977577798142,1
Isolation Forest + Quantum Kernel SVC Statevector,Hybrid quantum simulation,41,1,-0.7711859487532153,-0.8595977577798142,1
Isolation Forest + Quantum Kernel SVC Statevector,Hybrid quantum simulation,42,0,-1.46204983535088,-0.8595977577798142,0
Isolation Forest + Quantum Kernel SVC Statevector,Hybrid quantum simulation,43,0,-1.45878573417565,-0.8595977577798142,0
Isolation Forest + Quantum Kernel SVC Statevector,Hybrid quantum simulation,44,1,-0.6385089799267998,-0.8595977577798142,1
Isolation Forest + Quantum Kernel SVC Statevector,Hybrid quantum simulation,45,0,-1.4623925455249196,-0.8595977577798142,0
Isolation Forest + Quantum Kernel SVC Statevector,Hybrid quantum simulation,46,0,-0.6276733464245419,-0.8595977577798142,1
Isolation Forest + Quantum Kernel SVC Statevector,Hybrid quantum simulation,47,1,-0.7371740457214602,-0.8595977577798142,1
Isolation Forest + Quantum Kernel SVC Statevector,Hybrid quantum simulation,48,1,-0.7616080653608632,-0.8595977577798142,1
Isolation Forest + Quantum Kernel SVC Statevector,Hybrid quantum simulation,49,1,-0.7109854657778223,-0.8595977577798142,1
Isolation Forest + Quantum Kernel SVC Statevector,Hybrid quantum simulation,50,1,-0.6054743873039765,-0.8595977577798142,1
Isolation Forest + Quantum Kernel SVC Statevector,Hybrid quantum simulation,51,1,-0.6095078506109175,-0.8595977577798142,1
Isolation Forest + Quantum Kernel SVC Statevector,Hybrid quantum simulation,52,0,-0.6303271718704788,-0.8595977577798142,1
Isolation Forest + Quantum Kernel SVC Statevector,Hybrid quantum simulation,53,0,-0.6532113184245627,-0.8595977577798142,1
Isolation Forest + Quantum Kernel SVC Statevector,Hybrid quantum simulation,54,0,-0.6272603757862691,-0.8595977577798142,1
Isolation Forest + Quantum Kernel SVC Statevector,Hybrid quantum simulation,55,0,-1.4655072353380008,-0.8595977577798142,0
Isolation Forest + Quantum Kernel SVC Statevector,Hybrid quantum simulation,56,1,-0.6343207676287108,-0.8595977577798142,1
Isolation Forest + Quantum Kernel SVC Statevector,Hybrid quantum simulation,57,1,-0.7280188658036246,-0.8595977577798142,1
Isolation Forest + Quantum Kernel SVC Statevector,Hybrid quantum simulation,58,1,-0.7187129919430555,-0.8595977577798142,1
Isolation Forest + Quantum Kernel SVC Statevector,Hybrid quantum simulation,59,1,-0.7183202537921045,-0.8595977577798142,1
Isolation Forest + Quantum Kernel SVC Statevector,Hybrid quantum simulation,60,0,-0.6653782181941101,-0.8595977577798142,1
Isolation Forest + Quantum Kernel SVC Statevector,Hybrid quantum simulation,61,0,-1.4657600622254823,-0.8595977577798142,0
Isolation Forest + Quantum Kernel SVC Statevector,Hybrid quantum simulation,62,1,-0.7201005897853789,-0.8595977577798142,1
Isolation Forest + Quantum Kernel SVC Statevector,Hybrid quantum simulation,63,0,-1.464979498466988,-0.8595977577798142,0
Isolation Forest + Quantum Kernel SVC Statevector,Hybrid quantum simulation,64,1,-0.7296260260185898,-0.8595977577798142,1
Isolation Forest + Quantum Kernel SVC Statevector,Hybrid quantum simulation,65,0,-0.7057316997003924,-0.8595977577798142,1
Isolation Forest + Quantum Kernel SVC Statevector,Hybrid quantum simulation,66,1,-0.7023814838063269,-0.8595977577798142,1
Isolation Forest + Quantum Kernel SVC Statevector,Hybrid quantum simulation,67,0,-0.6715300392360517,-0.8595977577798142,1
Isolation Forest + Quantum Kernel SVC Statevector,Hybrid quantum simulation,68,1,-0.6554848860002105,-0.8595977577798142,1
Isolation Forest + Quantum Kernel SVC Statevector,Hybrid quantum simulation,69,0,-1.4600114567436775,-0.8595977577798142,0
Isolation Forest + Quantum Kernel SVC Statevector,Hybrid quantum simulation,70,0,-0.7126627797092571,-0.8595977577798142,1
Isolation Forest + Quantum Kernel SVC Statevector,Hybrid quantum simulation,71,0,-1.4567879864597302,-0.8595977577798142,0
Isolation Forest + Quantum Kernel SVC Statevector,Hybrid quantum simulation,72,0,-1.4611559633415374,-0.8595977577798142,0
Isolation Forest + Quantum Kernel SVC Statevector,Hybrid quantum simulation,73,1,-0.686480268892445,-0.8595977577798142,1
Isolation Forest + Quantum Kernel SVC Statevector,Hybrid quantum simulation,74,0,-1.46204983535088,-0.8595977577798142,0
Isolation Forest + Quantum Kernel SVC Statevector,Hybrid quantum simulation,75,0,-0.595727896587118,-0.8595977577798142,1
Isolation Forest + Quantum Kernel SVC Statevector,Hybrid quantum simulation,76,0,-1.464704411373206,-0.8595977577798142,0
Isolation Forest + Quantum Kernel SVC Statevector,Hybrid quantum simulation,77,0,-0.6013189561677283,-0.8595977577798142,1
Isolation Forest + Quantum Kernel SVC Statevector,Hybrid quantum simulation,78,1,-0.5896728491624064,-0.8595977577798142,1
Isolation Forest + Quantum Kernel SVC Statevector,Hybrid quantum simulation,79,1,-0.7101184658457245,-0.8595977577798142,1
Isolation Forest + Quantum Kernel SVC Statevector,Hybrid quantum simulation,80,0,-1.4655072353380008,-0.8595977577798142,0
Isolation Forest + Quantum Kernel SVC Statevector,Hybrid quantum simulation,81,0,-1.4605936722919919,-0.8595977577798142,0
Isolation Forest + Quantum Kernel SVC Statevector,Hybrid quantum simulation,82,0,-1.4598128922839257,-0.8595977577798142,0
Isolation Forest + Quantum Kernel SVC Statevector,Hybrid quantum simulation,83,1,-0.5842841752005627,-0.8595977577798142,1
Isolation Forest + Quantum Kernel SVC Statevector,Hybrid quantum simulation,84,0,-1.4609707239022514,-0.8595977577798142,0
Isolation Forest + Quantum Kernel SVC Statevector,Hybrid quantum simulation,85,1,-1.4558362691578135,-0.8595977577798142,0
Isolation Forest + Quantum Kernel SVC Statevector,Hybrid quantum simulation,86,1,-0.6606372679114887,-0.8595977577798142,1
Isolation Forest + Quantum Kernel SVC Statevector,Hybrid quantum simulation,87,1,-0.612280420574572,-0.8595977577798142,1
Isolation Forest + Quantum Kernel SVC Statevector,Hybrid quantum simulation,88,0,-1.4581414453252353,-0.8595977577798142,0
Isolation Forest + Quantum Kernel SVC Statevector,Hybrid quantum simulation,89,1,-0.637630187611494,-0.8595977577798142,1
Isolation Forest + Quantum Kernel SVC Statevector,Hybrid quantum simulation,90,1,-0.6432439645800858,-0.8595977577798142,1
Isolation Forest + Quantum Kernel SVC Statevector,Hybrid quantum simulation,91,0,-1.4638331846883017,-0.8595977577798142,0
Isolation Forest + Quantum Kernel SVC Statevector,Hybrid quantum simulation,92,0,-1.461339029959042,-0.8595977577798142,0
Isolation Forest + Quantum Kernel SVC Statevector,Hybrid quantum simulation,93,1,-0.7351680100442486,-0.8595977577798142,1
Isolation Forest + Quantum Kernel SVC Statevector,Hybrid quantum simulation,94,0,-1.4581414453252353,-0.8595977577798142,0
Isolation Forest + Quantum Kernel SVC Statevector,Hybrid quantum simulation,95,1,-0.7395961942404885,-0.8595977577798142,1
Isolation Forest + Quantum Kernel SVC Statevector,Hybrid quantum simulation,96,0,-1.4638331846883017,-0.8595977577798142,0
Isolation Forest + Quantum Kernel SVC Statevector,Hybrid quantum simulation,97,0,-1.4596120579577674,-0.8595977577798142,0
Isolation Forest + Quantum Kernel SVC Statevector,Hybrid quantum simulation,98,0,-1.464704411373206,-0.8595977577798142,0
Isolation Forest + Quantum Kernel SVC Statevector,Hybrid quantum simulation,99,0,-0.6651085954550531,-0.8595977577798142,1
Isolation Forest + Quantum Kernel SVC Statevector,Hybrid quantum simulation,100,0,-1.4596120579577674,-0.8595977577798142,0
Isolation Forest + Quantum Kernel SVC Statevector,Hybrid quantum simulation,101,1,-0.6535182245816789,-0.8595977577798142,1
Isolation Forest + Quantum Kernel SVC Statevector,Hybrid quantum simulation,102,0,-1.4581414453252353,-0.8595977577798142,0
Isolation Forest + Quantum Kernel SVC Statevector,Hybrid quantum simulation,103,0,-1.4625607728064387,-0.8595977577798142,0
Isolation Forest + Quantum Kernel SVC Statevector,Hybrid quantum simulation,104,1,-0.571819095842979,-0.8595977577798142,1
Isolation Forest + Quantum Kernel SVC Statevector,Hybrid quantum simulation,105,0,-0.6814335823089244,-0.8595977577798142,1
Isolation Forest + Quantum Kernel SVC Statevector,Hybrid quantum simulation,106,1,-0.7048312720543823,-0.8595977577798142,1
Isolation Forest + Quantum Kernel SVC Statevector,Hybrid quantum simulation,107,0,-0.6269604216048621,-0.8595977577798142,1
Isolation Forest + Quantum Kernel SVC Statevector,Hybrid quantum simulation,108,0,-0.7264022341420455,-0.8595977577798142,1
Isolation Forest + Quantum Kernel SVC Statevector,Hybrid quantum simulation,109,1,-0.6260067844028068,-0.8595977577798142,1
Isolation Forest + Quantum Kernel SVC Statevector,Hybrid quantum simulation,110,1,-0.6763592291962122,-0.8595977577798142,1
Isolation Forest + Quantum Kernel SVC Statevector,Hybrid quantum simulation,111,1,-0.7358916655575445,-0.8595977577798142,1
Isolation Forest + Quantum Kernel SVC Statevector,Hybrid quantum simulation,112,1,-0.6162247554879494,-0.8595977577798142,1
Isolation Forest + Quantum Kernel SVC Statevector,Hybrid quantum simulation,113,0,-1.4655072353380008,-0.8595977577798142,0
Isolation Forest + Quantum Kernel SVC Statevector,Hybrid quantum simulation,114,0,-1.4605936722919826,-0.8595977577798142,0
Isolation Forest + Quantum Kernel SVC Statevector,Hybrid quantum simulation,115,1,-0.5734817239005605,-0.8595977577798142,1
Isolation Forest + Quantum Kernel SVC Statevector,Hybrid quantum simulation,116,1,-0.7169964058911078,-0.8595977577798142,1
Isolation Forest + Quantum Kernel SVC Statevector,Hybrid quantum simulation,117,1,-0.7432662992331094,-0.8595977577798142,1
Isolation Forest + Quantum Kernel SVC Statevector,Hybrid quantum simulation,118,1,-0.618600901413473,-0.8595977577798142,1
Isolation Forest + Quantum Kernel SVC Statevector,Hybrid quantum simulation,119,1,-0.6423962700117039,-0.8595977577798142,1
Isolation Forest + Quantum Kernel SVC Statevector,Hybrid quantum simulation,120,0,-1.4583585757027022,-0.8595977577798142,0
Isolation Forest + Quantum Kernel SVC Statevector,Hybrid quantum simulation,121,0,-0.6638275167362879,-0.8595977577798142,1
Isolation Forest + Quantum Kernel SVC Statevector,Hybrid quantum simulation,122,0,-0.671970283096532,-0.8595977577798142,1
Isolation Forest + Quantum Kernel SVC Statevector,Hybrid quantum simulation,123,0,-1.4639832448529277,-0.8595977577798142,0
Isolation Forest + Quantum Kernel SVC Statevector,Hybrid quantum simulation,124,0,-0.7248274666918568,-0.8595977577798142,1
Isolation Forest + Quantum Kernel SVC Statevector,Hybrid quantum simulation,125,1,-0.6029159192968907,-0.8595977577798142,1
Isolation Forest + Quantum Kernel SVC Statevector,Hybrid quantum simulation,126,0,-1.458573333651299,-0.8595977577798142,0
Isolation Forest + Quantum Kernel SVC Statevector,Hybrid quantum simulation,127,0,-1.4632131257351464,-0.8595977577798142,0
Isolation Forest + Quantum Kernel SVC Statevector,Hybrid quantum simulation,128,1,-0.6100350521118283,-0.8595977577798142,1
Isolation Forest + Quantum Kernel SVC Statevector,Hybrid quantum simulation,129,0,-1.4574756677609217,-0.8595977577798142,0
Isolation Forest + Quantum Kernel SVC Statevector,Hybrid quantum simulation,130,0,-1.4657600622254823,-0.8595977577798142,0
Isolation Forest + Quantum Kernel SVC Statevector,Hybrid quantum simulation,131,1,-0.605090737138622,-0.8595977577798142,1
Isolation Forest + Quantum Kernel SVC Statevector,Hybrid quantum simulation,132,1,-0.5675063364707866,-0.8595977577798142,1
Isolation Forest + Quantum Kernel SVC Statevector,Hybrid quantum simulation,133,1,-0.6127214997198274,-0.8595977577798142,1
Isolation Forest + Quantum Kernel SVC Statevector,Hybrid quantum simulation,134,1,-0.6019400746638708,-0.8595977577798142,1
Isolation Forest + Quantum Kernel SVC Statevector,Hybrid quantum simulation,135,1,-0.6100350521118283,-0.8595977577798142,1
Isolation Forest + Quantum Kernel SVC Statevector,Hybrid quantum simulation,136,0,-0.654222916993553,-0.8595977577798142,1
Isolation Forest + Quantum Kernel SVC Statevector,Hybrid quantum simulation,137,1,-0.7336224376014984,-0.8595977577798142,1
Isolation Forest + Quantum Kernel SVC Statevector,Hybrid quantum simulation,138,0,-0.651245116391522,-0.8595977577798142,1
Isolation Forest + Quantum Kernel SVC Statevector,Hybrid quantum simulation,139,0,-0.6334997796983377,-0.8595977577798142,1
Isolation Forest + Quantum Kernel SVC Statevector,Hybrid quantum simulation,140,1,-0.7433368548066688,-0.8595977577798142,1
Isolation Forest + Quantum Kernel SVC Statevector,Hybrid quantum simulation,141,0,-0.6285085068788541,-0.8595977577798142,1
Isolation Forest + Quantum Kernel SVC Statevector,Hybrid quantum simulation,142,0,-1.4636811547141884,-0.8595977577798142,0
Isolation Forest + Quantum Kernel SVC Statevector,Hybrid quantum simulation,143,1,-0.6442979674849176,-0.8595977577798142,1
Isolation Forest + Quantum Kernel SVC Statevector,Hybrid quantum simulation,144,0,-1.4692787969019327,-0.8595977577798142,0
Isolation Forest + Quantum Kernel SVC Statevector,Hybrid quantum simulation,145,0,-1.4627269318863358,-0.8595977577798142,0
Isolation Forest + Quantum Kernel SVC Statevector,Hybrid quantum simulation,146,0,-0.6947431492555034,-0.8595977577798142,1
Isolation Forest + Quantum Kernel SVC Statevector,Hybrid quantum simulation,147,1,-0.6695588608584848,-0.8595977577798142,1
Isolation Forest + Quantum Kernel SVC Statevector,Hybrid quantum simulation,148,0,-0.7030988636849507,-0.8595977577798142,1
Isolation Forest + Quantum Kernel SVC Statevector,Hybrid quantum simulation,149,0,-1.457921927394339,-0.8595977577798142,0
Isolation Forest + Quantum Kernel SVC Statevector,Hybrid quantum simulation,150,1,-0.6556824105159635,-0.8595977577798142,1
Isolation Forest + Quantum Kernel SVC Statevector,Hybrid quantum simulation,151,1,-0.6470899782239736,-0.8595977577798142,1
Isolation Forest + Quantum Kernel SVC Statevector,Hybrid quantum simulation,152,1,-0.6353010385909725,-0.8595977577798142,1
Isolation Forest + Quantum Kernel SVC Statevector,Hybrid quantum simulation,153,0,-1.0829542036598294,-0.8595977577798142,0
Isolation Forest + Quantum Kernel SVC Statevector,Hybrid quantum simulation,154,1,-0.7326262590381465,-0.8595977577798142,1
Isolation Forest + Quantum Kernel SVC Statevector,Hybrid quantum simulation,155,0,-1.461698698363176,-0.8595977577798142,0
Isolation Forest + Quantum Kernel SVC Statevector,Hybrid quantum simulation,156,0,-1.4555920163793845,-0.8595977577798142,0
Isolation Forest + Quantum Kernel SVC Statevector,Hybrid quantum simulation,157,1,-0.6517848387462097,-0.8595977577798142,1
Isolation Forest + Quantum Kernel SVC Statevector,Hybrid quantum simulation,158,0,-0.663678476481101,-0.8595977577798142,1
Isolation Forest + Quantum Kernel SVC Statevector,Hybrid quantum simulation,159,0,-1.4563171539685893,-0.8595977577798142,0
Isolation Forest + Quantum Kernel SVC Statevector,Hybrid quantum simulation,160,1,-0.6328772695551677,-0.8595977577798142,1
Isolation Forest + Quantum Kernel SVC Statevector,Hybrid quantum simulation,161,0,-0.6503389243380262,-0.8595977577798142,1
Isolation Forest + Quantum Kernel SVC Statevector,Hybrid quantum simulation,162,1,-0.6087918885447499,-0.8595977577798142,1
Isolation Forest + Quantum Kernel SVC Statevector,Hybrid quantum simulation,163,1,-0.7307133069134526,-0.8595977577798142,1
Isolation Forest + Quantum Kernel SVC Statevector,Hybrid quantum simulation,164,0,-1.4560779762204794,-0.8595977577798142,0
Isolation Forest + Quantum Kernel SVC Statevector,Hybrid quantum simulation,165,0,-1.4596120579577674,-0.8595977577798142,0
Isolation Forest + Quantum Kernel SVC Statevector,Hybrid quantum simulation,166,0,-0.6024685158509466,-0.8595977577798142,1
Isolation Forest + Quantum Kernel SVC Statevector,Hybrid quantum simulation,167,1,-0.650989857689757,-0.8595977577798142,1
Isolation Forest + Quantum Kernel SVC Statevector,Hybrid quantum simulation,168,1,-0.5966796655381141,-0.8595977577798142,1
Isolation Forest + Quantum Kernel SVC Statevector,Hybrid quantum simulation,169,0,-1.4644217248861455,-0.8595977577798142,0
Isolation Forest + Quantum Kernel SVC Statevector,Hybrid quantum simulation,170,1,-0.6554848860002105,-0.8595977577798142,1
Isolation Forest + Quantum Kernel SVC Statevector,Hybrid quantum simulation,171,0,-1.457248895194236,-0.8595977577798142,0
Isolation Forest + Quantum Kernel SVC Statevector,Hybrid quantum simulation,172,1,-0.7308640248431972,-0.8595977577798142,1
Isolation Forest + Quantum Kernel SVC Statevector,Hybrid quantum simulation,173,1,-0.5832460022888568,-0.8595977577798142,1
Isolation Forest + Quantum Kernel SVC Statevector,Hybrid quantum simulation,174,1,-1.4693409318158606,-0.8595977577798142,0
Isolation Forest + Quantum Kernel SVC Statevector,Hybrid quantum simulation,175,1,-0.7716230069526493,-0.8595977577798142,1
Isolation Forest + Quantum Kernel SVC Statevector,Hybrid quantum simulation,176,0,-1.4581414453252353,-0.8595977577798142,0
Isolation Forest + Quantum Kernel SVC Statevector,Hybrid quantum simulation,177,0,-1.457921927394338,-0.8595977577798142,0
Isolation Forest + Quantum Kernel SVC Statevector,Hybrid quantum simulation,178,0,-1.4627269318863358,-0.8595977577798142,0
Isolation Forest + Quantum Kernel SVC Statevector,Hybrid quantum simulation,179,1,-0.6145050833867833,-0.8595977577798142,1
Isolation Forest + Quantum Kernel SVC Statevector,Hybrid quantum simulation,180,1,-0.7236669955064778,-0.8595977577798142,1
Isolation Forest + Quantum Kernel SVC Statevector,Hybrid quantum simulation,181,0,-0.641247494399088,-0.8595977577798142,1
Isolation Forest + Quantum Kernel SVC Statevector,Hybrid quantum simulation,182,1,-0.7175772945749317,-0.8595977577798142,1
Isolation Forest + Quantum Kernel SVC Statevector,Hybrid quantum simulation,183,0,-0.6768662705542283,-0.8595977577798142,1
Isolation Forest + Quantum Kernel SVC Statevector,Hybrid quantum simulation,184,1,-0.7313475192827026,-0.8595977577798142,1
Isolation Forest + Quantum Kernel SVC Statevector,Hybrid quantum simulation,185,1,-0.647950950305135,-0.8595977577798142,1
Isolation Forest + Quantum Kernel SVC Statevector,Hybrid quantum simulation,186,0,-1.4577000066627908,-0.8595977577798142,0
Isolation Forest + Quantum Kernel SVC Statevector,Hybrid quantum simulation,187,1,-0.7357178512575115,-0.8595977577798142,1
Isolation Forest + Quantum Kernel SVC Statevector,Hybrid quantum simulation,188,1,-0.6267421872525876,-0.8595977577798142,1
Isolation Forest + Quantum Kernel SVC Statevector,Hybrid quantum simulation,189,0,-0.6839281675696254,-0.8595977577798142,1
Isolation Forest + Quantum Kernel SVC Statevector,Hybrid quantum simulation,190,1,-0.7419583099163192,-0.8595977577798142,1
Isolation Forest + Quantum Kernel SVC Statevector,Hybrid quantum simulation,191,1,-0.6001996403585921,-0.8595977577798142,1
Isolation Forest + Quantum Kernel SVC Statevector,Hybrid quantum simulation,192,0,-0.7359614250418329,-0.8595977577798142,1
Isolation Forest + Quantum Kernel SVC Statevector,Hybrid quantum simulation,193,0,-1.4655072353380008,-0.8595977577798142,0
Isolation Forest + Quantum Kernel SVC Statevector,Hybrid quantum simulation,194,1,-0.7281557154479976,-0.8595977577798142,1
Isolation Forest + Quantum Kernel SVC Statevector,Hybrid quantum simulation,195,1,-0.610005923617116,-0.8595977577798142,1
Isolation Forest + Quantum Kernel SVC Statevector,Hybrid quantum simulation,196,1,-0.6818155330338329,-0.8595977577798142,1
Isolation Forest + Quantum Kernel SVC Statevector,Hybrid quantum simulation,197,1,-0.5925413247468094,-0.8595977577798142,1
Isolation Forest + Quantum Kernel SVC Statevector,Hybrid quantum simulation,198,1,-0.6027065703231533,-0.8595977577798142,1
Isolation Forest + Quantum Kernel SVC Statevector,Hybrid quantum simulation,199,1,-0.7347415605415648,-0.8595977577798142,1
Isolation Forest + Quantum Kernel SVC Statevector,Hybrid quantum simulation,200,0,-0.6317204473029203,-0.8595977577798142,1
Isolation Forest + Quantum Kernel SVC Statevector,Hybrid quantum simulation,201,0,-1.4632131257351464,-0.8595977577798142,0
Isolation Forest + Quantum Kernel SVC Statevector,Hybrid quantum simulation,202,0,-0.6403865337566068,-0.8595977577798142,1
Isolation Forest + Quantum Kernel SVC Statevector,Hybrid quantum simulation,203,1,-0.7104115193637022,-0.8595977577798142,1
Isolation Forest + Quantum Kernel SVC Statevector,Hybrid quantum simulation,204,0,-0.6304243355821673,-0.8595977577798142,1
Isolation Forest + Quantum Kernel SVC Statevector,Hybrid quantum simulation,205,0,-0.6567506438923763,-0.8595977577798142,1
Isolation Forest + Quantum Kernel SVC Statevector,Hybrid quantum simulation,206,1,-0.5985884138313837,-0.8595977577798142,1
Isolation Forest + Quantum Kernel SVC Statevector,Hybrid quantum simulation,207,1,-0.6959454668648981,-0.8595977577798142,1
Isolation Forest + Quantum Kernel SVC Statevector,Hybrid quantum simulation,208,0,-1.460401832721859,-0.8595977577798142,0
Isolation Forest + Quantum Kernel SVC Statevector,Hybrid quantum simulation,209,1,-0.5939403057817034,-0.8595977577798142,1
Isolation Forest + Quantum Kernel SVC Statevector,Hybrid quantum simulation,210,1,-0.5922562303008168,-0.8595977577798142,1
Isolation Forest + Quantum Kernel SVC Statevector,Hybrid quantum simulation,211,0,-0.6848345569927854,-0.8595977577798142,1
Isolation Forest + Quantum Kernel SVC Statevector,Hybrid quantum simulation,212,1,-0.5905982400974037,-0.8595977577798142,1
Isolation Forest + Quantum Kernel SVC Statevector,Hybrid quantum simulation,213,1,-0.6954884483527244,-0.8595977577798142,1
Isolation Forest + Quantum Kernel SVC Statevector,Hybrid quantum simulation,214,1,-0.6229003623700131,-0.8595977577798142,1
Isolation Forest + Quantum Kernel SVC Statevector,Hybrid quantum simulation,215,1,-0.6887886648035242,-0.8595977577798142,1
Isolation Forest + Quantum Kernel SVC Statevector,Hybrid quantum simulation,216,1,-0.6587871457900043,-0.8595977577798142,1
Isolation Forest + Quantum Kernel SVC Statevector,Hybrid quantum simulation,217,0,-0.6389320506484459,-0.8595977577798142,1
Isolation Forest + Quantum Kernel SVC Statevector,Hybrid quantum simulation,218,1,-1.4670941507031607,-0.8595977577798142,0
Isolation Forest + Quantum Kernel SVC Statevector,Hybrid quantum simulation,219,1,-0.7275914469203284,-0.8595977577798142,1
Isolation Forest + Quantum Kernel SVC Statevector,Hybrid quantum simulation,220,1,-0.6628712671132257,-0.8595977577798142,1
Isolation Forest + Quantum Kernel SVC Statevector,Hybrid quantum simulation,221,1,-0.7239452970305871,-0.8595977577798142,1
Isolation Forest + Quantum Kernel SVC Statevector,Hybrid quantum simulation,222,0,-1.4570196733428311,-0.8595977577798142,0
Isolation Forest + Quantum Kernel SVC Statevector,Hybrid quantum simulation,223,0,-1.4555920163793845,-0.8595977577798142,0
Isolation Forest + Quantum Kernel SVC Statevector,Hybrid quantum simulation,224,0,-1.4545892153322633,-0.8595977577798142,0
Isolation Forest + Quantum Kernel SVC Statevector,Hybrid quantum simulation,225,1,-0.5879424621640825,-0.8595977577798142,1
Isolation Forest + Quantum Kernel SVC Statevector,Hybrid quantum simulation,226,1,-1.4577000066627908,-0.8595977577798142,0
Isolation Forest + Quantum Kernel SVC Statevector,Hybrid quantum simulation,227,1,-0.7673218167012359,-0.8595977577798142,1
Isolation Forest + Quantum Kernel SVC Statevector,Hybrid quantum simulation,228,0,-0.7144838455864975,-0.8595977577798142,1
Isolation Forest + Quantum Kernel SVC Statevector,Hybrid quantum simulation,229,1,-0.719347263721374,-0.8595977577798142,1
Isolation Forest + Quantum Kernel SVC Statevector,Hybrid quantum simulation,230,0,-1.4558362691578135,-0.8595977577798142,0
Isolation Forest + Quantum Kernel SVC Statevector,Hybrid quantum simulation,231,1,-0.6632382952417137,-0.8595977577798142,1
Isolation Forest + Quantum Kernel SVC Statevector,Hybrid quantum simulation,232,0,-1.4625607728064387,-0.8595977577798142,0
Isolation Forest + Quantum Kernel SVC Statevector,Hybrid quantum simulation,233,1,-0.6522432694583347,-0.8595977577798142,1
Isolation Forest + Quantum Kernel SVC Statevector,Hybrid quantum simulation,234,0,-1.4622222373149136,-0.8595977577798142,0
Isolation Forest + Quantum Kernel SVC Statevector,Hybrid quantum simulation,235,1,-0.6888458159686004,-0.8595977577798142,1
Isolation Forest + Quantum Kernel SVC Statevector,Hybrid quantum simulation,236,1,-0.5977173600169305,-0.8595977577798142,1
Isolation Forest + Quantum Kernel SVC Statevector,Hybrid quantum simulation,237,1,-0.7288669577710363,-0.8595977577798142,1
Isolation Forest + Quantum Kernel SVC Statevector,Hybrid quantum simulation,238,0,-0.7721734174439194,-0.8595977577798142,1
Isolation Forest + Quantum Kernel SVC Statevector,Hybrid quantum simulation,239,0,-1.460401832721859,-0.8595977577798142,0
Isolation Forest + Quantum Kernel SVC Statevector,Hybrid quantum simulation,240,0,-1.4563171539685893,-0.8595977577798142,0
Isolation Forest + Quantum Kernel SVC Statevector,Hybrid quantum simulation,241,1,-0.6429924107871561,-0.8595977577798142,1
Isolation Forest + Quantum Kernel SVC Statevector,Hybrid quantum simulation,242,0,-1.4548438177054874,-0.8595977577798142,0
Isolation Forest + Quantum Kernel SVC Statevector,Hybrid quantum simulation,243,1,-0.6697080138412994,-0.8595977577798142,1
Isolation Forest + Quantum Kernel SVC Statevector,Hybrid quantum simulation,244,1,-0.7711683334096453,-0.8595977577798142,1
Isolation Forest + Quantum Kernel SVC Statevector,Hybrid quantum simulation,245,1,-0.7077018467822112,-0.8595977577798142,1
Isolation Forest + Quantum Kernel SVC Statevector,Hybrid quantum simulation,246,1,-0.5823644570083542,-0.8595977577798142,1
Isolation Forest + Quantum Kernel SVC Statevector,Hybrid quantum simulation,247,0,-0.6667301536598886,-0.8595977577798142,1
Isolation Forest + Quantum Kernel SVC Statevector,Hybrid quantum simulation,248,1,-0.7243520783043071,-0.8595977577798142,1
Isolation Forest + Quantum Kernel SVC Statevector,Hybrid quantum simulation,249,0,-1.4583585757027022,-0.8595977577798142,0
Isolation Forest + Quantum Kernel SVC Statevector,Hybrid quantum simulation,250,0,-0.6498301022178163,-0.8595977577798142,1
Isolation Forest + Quantum Kernel SVC Statevector,Hybrid quantum simulation,251,0,-0.6772965132547242,-0.8595977577798142,1
Isolation Forest + Quantum Kernel SVC Statevector,Hybrid quantum simulation,252,1,-0.7054183255865014,-0.8595977577798142,1
Isolation Forest + Quantum Kernel SVC Statevector,Hybrid quantum simulation,253,0,-1.455345201349268,-0.8595977577798142,0
Isolation Forest + Quantum Kernel SVC Statevector,Hybrid quantum simulation,254,1,-0.6455050083149971,-0.8595977577798142,1
Isolation Forest + Quantum Kernel SVC Statevector,Hybrid quantum simulation,255,1,-0.5944396280202477,-0.8595977577798142,1
Isolation Forest + Quantum Kernel SVC Statevector,Hybrid quantum simulation,256,1,-0.7360690993994399,-0.8595977577798142,1
Isolation Forest + Quantum Kernel SVC Statevector,Hybrid quantum simulation,257,0,-0.6748876845925822,-0.8595977577798142,1
Isolation Forest + Quantum Kernel SVC Statevector,Hybrid quantum simulation,258,0,-0.6665741388387567,-0.8595977577798142,1
Isolation Forest + Quantum Kernel SVC Statevector,Hybrid quantum simulation,259,1,-0.5737478996683976,-0.8595977577798142,1
Isolation Forest + Quantum Kernel SVC Statevector,Hybrid quantum simulation,260,1,-0.693244121217147,-0.8595977577798142,1
Isolation Forest + Quantum Kernel SVC Statevector,Hybrid quantum simulation,261,1,-0.7724356419879315,-0.8595977577798142,1
Isolation Forest + Quantum Kernel SVC Statevector,Hybrid quantum simulation,262,1,-0.7045064387614193,-0.8595977577798142,1
Isolation Forest + Quantum Kernel SVC Statevector,Hybrid quantum simulation,263,0,-0.6269961441810663,-0.8595977577798142,1
Isolation Forest + Quantum Kernel SVC Statevector,Hybrid quantum simulation,264,0,-1.465760062225483,-0.8595977577798142,0
Isolation Forest + Quantum Kernel SVC Statevector,Hybrid quantum simulation,265,1,-0.638817699604443,-0.8595977577798142,1
Isolation Forest + Quantum Kernel SVC Statevector,Hybrid quantum simulation,266,1,-0.7026192388729267,-0.8595977577798142,1
Isolation Forest + Quantum Kernel SVC Statevector,Hybrid quantum simulation,267,0,-1.4625607728064387,-0.8595977577798142,0
Isolation Forest + Quantum Kernel SVC Statevector,Hybrid quantum simulation,268,0,-1.4618753267085938,-0.8595977577798142,0
Isolation Forest + Quantum Kernel SVC Statevector,Hybrid quantum simulation,269,1,-0.6513179129565452,-0.8595977577798142,1
Isolation Forest + Quantum Kernel SVC Statevector,Hybrid quantum simulation,270,1,-0.7002806534666521,-0.8595977577798142,1
Isolation Forest + Quantum Kernel SVC Statevector,Hybrid quantum simulation,271,0,-1.46204983535088,-0.8595977577798142,0
Isolation Forest + Quantum Kernel SVC Statevector,Hybrid quantum simulation,272,1,-0.7428021851389386,-0.8595977577798142,1
Isolation Forest + Quantum Kernel SVC Statevector,Hybrid quantum simulation,273,0,-1.4658837533845355,-0.8595977577798142,0
Isolation Forest + Quantum Kernel SVC Statevector,Hybrid quantum simulation,274,1,-0.7314439943892987,-0.8595977577798142,1
Isolation Forest + Quantum Kernel SVC Statevector,Hybrid quantum simulation,275,1,-1.469656766649753,-0.8595977577798142,0
Isolation Forest + Quantum Kernel SVC Statevector,Hybrid quantum simulation,276,0,-0.737267677664269,-0.8595977577798142,1
Isolation Forest + Quantum Kernel SVC Statevector,Hybrid quantum simulation,277,0,-0.6635314730218251,-0.8595977577798142,1
Isolation Forest + Quantum Kernel SVC Statevector,Hybrid quantum simulation,278,0,-0.6599336880748372,-0.8595977577798142,1
Isolation Forest + Quantum Kernel SVC Statevector,Hybrid quantum simulation,279,0,-1.4558362691578135,-0.8595977577798142,0
Isolation Forest + Quantum Kernel SVC Statevector,Hybrid quantum simulation,280,0,-0.6258348566465519,-0.8595977577798142,1
Isolation Forest + Quantum Kernel SVC Statevector,Hybrid quantum simulation,281,0,-1.4636811547141884,-0.8595977577798142,0
Isolation Forest + Quantum Kernel SVC Statevector,Hybrid quantum simulation,282,1,-0.6756971401717817,-0.8595977577798142,1
Isolation Forest + Quantum Kernel SVC Statevector,Hybrid quantum simulation,283,0,-0.700716012453293,-0.8595977577798142,1
Isolation Forest + Quantum Kernel SVC Statevector,Hybrid quantum simulation,284,1,-0.7074262204271295,-0.8595977577798142,1
Isolation Forest + Quantum Kernel SVC Statevector,Hybrid quantum simulation,285,0,-1.4545892153322633,-0.8595977577798142,0
Isolation Forest + Quantum Kernel SVC Statevector,Hybrid quantum simulation,286,1,-0.6557494011262317,-0.8595977577798142,1
Isolation Forest + Quantum Kernel SVC Statevector,Hybrid quantum simulation,287,1,-0.6586577534670641,-0.8595977577798142,1
Isolation Forest + Quantum Kernel SVC Statevector,Hybrid quantum simulation,288,0,-0.6642241030219187,-0.8595977577798142,1
Isolation Forest + Quantum Kernel SVC Statevector,Hybrid quantum simulation,289,1,-0.5781336213964123,-0.8595977577798142,1
Isolation Forest + Quantum Kernel SVC Statevector,Hybrid quantum simulation,290,1,-0.6031039032665924,-0.8595977577798142,1
Isolation Forest + Quantum Kernel SVC Statevector,Hybrid quantum simulation,291,1,-0.7417551335440575,-0.8595977577798142,1
Isolation Forest + Quantum Kernel SVC Statevector,Hybrid quantum simulation,292,1,-0.7347740369601963,-0.8595977577798142,1
Isolation Forest + Quantum Kernel SVC Statevector,Hybrid quantum simulation,293,0,-0.6445164559398173,-0.8595977577798142,1
Isolation Forest + Quantum Kernel SVC Statevector,Hybrid quantum simulation,294,0,-1.4633711373488707,-0.8595977577798142,0
Isolation Forest + Quantum Kernel SVC Statevector,Hybrid quantum simulation,295,0,-0.6954453453639138,-0.8595977577798142,1
Isolation Forest + Quantum Kernel SVC Statevector,Hybrid quantum simulation,296,1,-0.7708847007612241,-0.8595977577798142,1
Isolation Forest + Quantum Kernel SVC Statevector,Hybrid quantum simulation,297,0,-1.46204983535088,-0.8595977577798142,0
Isolation Forest + Quantum Kernel SVC Statevector,Hybrid quantum simulation,298,1,-0.6429326749083404,-0.8595977577798142,1
Isolation Forest + Quantum Kernel SVC Statevector,Hybrid quantum simulation,299,1,-0.5738752290696776,-0.8595977577798142,1
VQC Statevector,Quantum simulation,0,0,0.28777241269403697,0.3100287622305141,0
VQC Statevector,Quantum simulation,1,1,0.2808066532134202,0.3100287622305141,0
VQC Statevector,Quantum simulation,2,0,0.30224024748804423,0.3100287622305141,0
VQC Statevector,Quantum simulation,3,0,0.2840990695399171,0.3100287622305141,0
VQC Statevector,Quantum simulation,4,0,0.27979345721848575,0.3100287622305141,0
VQC Statevector,Quantum simulation,5,0,0.2900731151425202,0.3100287622305141,0
VQC Statevector,Quantum simulation,6,0,0.28388327075624575,0.3100287622305141,0
VQC Statevector,Quantum simulation,7,1,0.304442925663954,0.3100287622305141,0
VQC Statevector,Quantum simulation,8,1,0.2908938694107732,0.3100287622305141,0
VQC Statevector,Quantum simulation,9,0,0.28577171694352727,0.3100287622305141,0
VQC Statevector,Quantum simulation,10,1,0.27933736292673056,0.3100287622305141,0
VQC Statevector,Quantum simulation,11,0,0.2833320428684452,0.3100287622305141,0
VQC Statevector,Quantum simulation,12,0,0.3056545361926421,0.3100287622305141,0
VQC Statevector,Quantum simulation,13,1,0.28347415030915,0.3100287622305141,0
VQC Statevector,Quantum simulation,14,0,0.26711579323443896,0.3100287622305141,0
VQC Statevector,Quantum simulation,15,1,0.29208313965662347,0.3100287622305141,0
VQC Statevector,Quantum simulation,16,1,0.30768464757818514,0.3100287622305141,0
VQC Statevector,Quantum simulation,17,1,0.2947251102526913,0.3100287622305141,0
VQC Statevector,Quantum simulation,18,0,0.2951568783754116,0.3100287622305141,0
VQC Statevector,Quantum simulation,19,0,0.2876168861937528,0.3100287622305141,0
VQC Statevector,Quantum simulation,20,0,0.2909740504504277,0.3100287622305141,0
VQC Statevector,Quantum simulation,21,1,0.29997791127585527,0.3100287622305141,0
VQC Statevector,Quantum simulation,22,0,0.28309170161373226,0.3100287622305141,0
VQC Statevector,Quantum simulation,23,1,0.3059162816079559,0.3100287622305141,0
VQC Statevector,Quantum simulation,24,0,0.31159996816047314,0.3100287622305141,1
VQC Statevector,Quantum simulation,25,0,0.2937081961265673,0.3100287622305141,0
VQC Statevector,Quantum simulation,26,1,0.3034929470338634,0.3100287622305141,0
VQC Statevector,Quantum simulation,27,0,0.292558292124031,0.3100287622305141,0
VQC Statevector,Quantum simulation,28,0,0.30940163347610583,0.3100287622305141,0
VQC Statevector,Quantum simulation,29,1,0.2936449140559297,0.3100287622305141,0
VQC Statevector,Quantum simulation,30,1,0.2926439308189953,0.3100287622305141,0
VQC Statevector,Quantum simulation,31,0,0.28697646157559814,0.3100287622305141,0
VQC Statevector,Quantum simulation,32,0,0.2993931526187209,0.3100287622305141,0
VQC Statevector,Quantum simulation,33,1,0.29387421249138923,0.3100287622305141,0
VQC Statevector,Quantum simulation,34,0,0.27661395128098043,0.3100287622305141,0
VQC Statevector,Quantum simulation,35,1,0.302152934223571,0.3100287622305141,0
VQC Statevector,Quantum simulation,36,0,0.28577171694352727,0.3100287622305141,0
VQC Statevector,Quantum simulation,37,0,0.2860768443812192,0.3100287622305141,0
VQC Statevector,Quantum simulation,38,0,0.30431798250992786,0.3100287622305141,0
VQC Statevector,Quantum simulation,39,0,0.2888148778535395,0.3100287622305141,0
VQC Statevector,Quantum simulation,40,1,0.29556596786377437,0.3100287622305141,0
VQC Statevector,Quantum simulation,41,1,0.3155703969533916,0.3100287622305141,1
VQC Statevector,Quantum simulation,42,0,0.2804899642218728,0.3100287622305141,0
VQC Statevector,Quantum simulation,43,0,0.2845435589972795,0.3100287622305141,0
VQC Statevector,Quantum simulation,44,1,0.2906404802125622,0.3100287622305141,0
VQC Statevector,Quantum simulation,45,0,0.2800250169583717,0.3100287622305141,0
VQC Statevector,Quantum simulation,46,0,0.2888637678200568,0.3100287622305141,0
VQC Statevector,Quantum simulation,47,1,0.30851054190265026,0.3100287622305141,0
VQC Statevector,Quantum simulation,48,1,0.3135242898064281,0.3100287622305141,1
VQC Statevector,Quantum simulation,49,1,0.30342896565048694,0.3100287622305141,0
VQC Statevector,Quantum simulation,50,1,0.2853180082861327,0.3100287622305141,0
VQC Statevector,Quantum simulation,51,1,0.28595320656526607,0.3100287622305141,0
VQC Statevector,Quantum simulation,52,0,0.28929603089247413,0.3100287622305141,0
VQC Statevector,Quantum simulation,53,0,0.29310269522419996,0.3100287622305141,0
VQC Statevector,Quantum simulation,54,0,0.28879666751004573,0.3100287622305141,0
VQC Statevector,Quantum simulation,55,0,0.27528580748601167,0.3100287622305141,0
VQC Statevector,Quantum simulation,56,1,0.2899500244039502,0.3100287622305141,0
VQC Statevector,Quantum simulation,57,1,0.30670187436398466,0.3100287622305141,0
VQC Statevector,Quantum simulation,58,1,0.3048994206061239,0.3100287622305141,0
VQC Statevector,Quantum simulation,59,1,0.30482412189592845,0.3100287622305141,0
VQC Statevector,Quantum simulation,60,0,0.29518760240827396,0.3100287622305141,0
VQC Statevector,Quantum simulation,61,0,0.27484754303717424,0.3100287622305141,0
VQC Statevector,Quantum simulation,62,1,0.30516595403460006,0.3100287622305141,0
VQC Statevector,Quantum simulation,63,0,0.27616899167774633,0.3100287622305141,0
VQC Statevector,Quantum simulation,64,1,0.30701678746446487,0.3100287622305141,0
VQC Statevector,Quantum simulation,65,0,0.30244233173872365,0.3100287622305141,0
VQC Statevector,Quantum simulation,66,1,0.30181855611231234,0.3100287622305141,0
VQC Statevector,Quantum simulation,67,0,0.29625888825684205,0.3100287622305141,0
VQC Statevector,Quantum simulation,68,1,0.2934889559643923,0.3100287622305141,0
VQC Statevector,Quantum simulation,69,0,0.28309170161373226,0.3100287622305141,0
VQC Statevector,Quantum simulation,70,0,0.3037461662641201,0.3100287622305141,0
VQC Statevector,Quantum simulation,71,0,0.2867665002121498,0.3100287622305141,0
VQC Statevector,Quantum simulation,72,0,0.2816631280694058,0.3100287622305141,0
VQC Statevector,Quantum simulation,73,1,0.2989127504926861,0.3100287622305141,0
VQC Statevector,Quantum simulation,74,0,0.2804899642218728,0.3100287622305141,0
VQC Statevector,Quantum simulation,75,0,0.2837990278144447,0.3100287622305141,0
VQC Statevector,Quantum simulation,76,0,0.27661395128098043,0.3100287622305141,0
VQC Statevector,Quantum simulation,77,0,0.28466766387504744,0.3100287622305141,0
VQC Statevector,Quantum simulation,78,1,0.28286641297145587,0.3100287622305141,0
VQC Statevector,Quantum simulation,79,1,0.30326542758308,0.3100287622305141,0
VQC Statevector,Quantum simulation,80,0,0.27528580748601167,0.3100287622305141,0
VQC Statevector,Quantum simulation,81,0,0.28237454582926313,0.3100287622305141,0
VQC Statevector,Quantum simulation,82,0,0.2833320428684452,0.3100287622305141,0
VQC Statevector,Quantum simulation,83,1,0.2820433754272738,0.3100287622305141,0
VQC Statevector,Quantum simulation,84,0,0.2818996347870966,0.3100287622305141,0
VQC Statevector,Quantum simulation,85,1,0.28777241269403697,0.3100287622305141,0
VQC Statevector,Quantum simulation,86,1,0.29436993772439446,0.3100287622305141,0
VQC Statevector,Quantum simulation,87,1,0.2863921211043788,0.3100287622305141,0
VQC Statevector,Quantum simulation,88,0,0.28527843085298216,0.3100287622305141,0
VQC Statevector,Quantum simulation,89,1,0.29049521154636176,0.3100287622305141,0
VQC Statevector,Quantum simulation,90,1,0.29142683950508097,0.3100287622305141,0
VQC Statevector,Quantum simulation,91,0,0.27796254480298865,0.3100287622305141,0
VQC Statevector,Quantum simulation,92,0,0.281427249917261,0.3100287622305141,0
VQC Statevector,Quantum simulation,93,1,0.30811113942906804,0.3100287622305141,0
VQC Statevector,Quantum simulation,94,0,0.28527843085298216,0.3100287622305141,0
VQC Statevector,Quantum simulation,95,1,0.30899515964105223,0.3100287622305141,0
VQC Statevector,Quantum simulation,96,0,0.27796254480298865,0.3100287622305141,0
VQC Statevector,Quantum simulation,97,0,0.283573033932049,0.3100287622305141,0
VQC Statevector,Quantum simulation,98,0,0.27661395128098043,0.3100287622305141,0
VQC Statevector,Quantum simulation,99,0,0.29514091763166994,0.3100287622305141,0
VQC Statevector,Quantum simulation,100,0,0.283573033932049,0.3100287622305141,0
VQC Statevector,Quantum simulation,101,1,0.2931547481481436,0.3100287622305141,0
VQC Statevector,Quantum simulation,102,0,0.28527843085298216,0.3100287622305141,0
VQC Statevector,Quantum simulation,103,0,0.27979345721848575,0.3100287622305141,0
VQC Statevector,Quantum simulation,104,1,0.2801638519373978,0.3100287622305141,0
VQC Statevector,Quantum simulation,105,0,0.29800870994399353,0.3100287622305141,0
VQC Statevector,Quantum simulation,106,1,0.30227427401536,0.3100287622305141,0
VQC Statevector,Quantum simulation,107,0,0.28874795817566706,0.3100287622305141,0
VQC Statevector,Quantum simulation,108,0,0.30638619693482755,0.3100287622305141,0
VQC Statevector,Quantum simulation,109,1,0.2885932529843394,0.3100287622305141,0
VQC Statevector,Quantum simulation,110,1,0.2971081898274565,0.3100287622305141,0
VQC Statevector,Quantum simulation,111,1,0.30825501616295575,0.3100287622305141,0
VQC Statevector,Quantum simulation,112,1,0.28701978557350416,0.3100287622305141,0
VQC Statevector,Quantum simulation,113,0,0.27528580748601167,0.3100287622305141,0
VQC Statevector,Quantum simulation,114,0,0.28237454582926313,0.3100287622305141,0
VQC Statevector,Quantum simulation,115,1,0.280412623054764,0.3100287622305141,0
VQC Statevector,Quantum simulation,116,1,0.3045707545938354,0.3100287622305141,0
VQC Statevector,Quantum simulation,117,1,0.3097344772676587,0.3100287622305141,0
VQC Statevector,Quantum simulation,118,1,0.2873997689979278,0.3100287622305141,0
VQC Statevector,Quantum simulation,119,1,0.2912856045444705,0.3100287622305141,0
VQC Statevector,Quantum simulation,120,0,0.2850328025404571,0.3100287622305141,0
VQC Statevector,Quantum simulation,121,0,0.29491940431486896,0.3100287622305141,0
VQC Statevector,Quantum simulation,122,0,0.2963360062418773,0.3100287622305141,0
VQC Statevector,Quantum simulation,123,0,0.27773633546271737,0.3100287622305141,0
VQC Statevector,Quantum simulation,124,0,0.3060797376206662,0.3100287622305141,0
VQC Statevector,Quantum simulation,125,1,0.28491711250982704,0.3100287622305141,0
VQC Statevector,Quantum simulation,126,0,0.2847878463397647,0.3100287622305141,0
VQC Statevector,Quantum simulation,127,0,0.2788732454038379,0.3100287622305141,0
VQC Statevector,Quantum simulation,128,1,0.28603652158872234,0.3100287622305141,0
VQC Statevector,Quantum simulation,129,0,0.28601938134494725,0.3100287622305141,0
VQC Statevector,Quantum simulation,130,0,0.27484754303717424,0.3100287622305141,0
VQC Statevector,Quantum simulation,131,1,0.2852577935010932,0.3100287622305141,0
VQC Statevector,Quantum simulation,132,1,0.2795212616502705,0.3100287622305141,0
VQC Statevector,Quantum simulation,133,1,0.286462119809686,0.3100287622305141,0
VQC Statevector,Quantum simulation,134,1,0.28476461233612815,0.3100287622305141,0
VQC Statevector,Quantum simulation,135,1,0.28603652158872234,0.3100287622305141,0
VQC Statevector,Quantum simulation,136,0,0.29327437142874735,0.3100287622305141,0
VQC Statevector,Quantum simulation,137,1,0.3078046130950854,0.3100287622305141,0
VQC Statevector,Quantum simulation,138,0,0.2927698640967134,0.3100287622305141,0
VQC Statevector,Quantum simulation,139,0,0.2898152323419056,0.3100287622305141,0
VQC Statevector,Quantum simulation,140,1,0.309748750072343,0.3100287622305141,0
VQC Statevector,Quantum simulation,141,0,0.28899960234228306,0.3100287622305141,0
VQC Statevector,Quantum simulation,142,0,0.27818933778973476,0.3100287622305141,0
VQC Statevector,Quantum simulation,143,1,0.29160272646662533,0.3100287622305141,0
VQC Statevector,Quantum simulation,144,0,0.266916183278374,0.3100287622305141,0
VQC Statevector,Quantum simulation,145,0,0.27956250297998886,0.3100287622305141,0
VQC Statevector,Quantum simulation,146,0,0.30041161793307913,0.3100287622305141,0
VQC Statevector,Quantum simulation,147,1,0.2959143421414917,0.3100287622305141,0
VQC Statevector,Quantum simulation,148,0,0.3019517770449018,0.3100287622305141,0
VQC Statevector,Quantum simulation,149,0,0.28552473455402066,0.3100287622305141,0
VQC Statevector,Quantum simulation,150,1,0.2935225851297345,0.3100287622305141,0
VQC Statevector,Quantum simulation,151,1,0.2920701476257889,0.3100287622305141,0
VQC Statevector,Quantum simulation,152,1,0.29011120457881534,0.3100287622305141,0
VQC Statevector,Quantum simulation,153,0,0.27851229382004394,0.3100287622305141,0
VQC Statevector,Quantum simulation,154,1,0.30760759329574583,0.3100287622305141,0
VQC Statevector,Quantum simulation,155,0,0.28095736752116623,0.3100287622305141,0
VQC Statevector,Quantum simulation,156,0,0.28802565572769295,0.3100287622305141,0
VQC Statevector,Quantum simulation,157,1,0.2928611150092302,0.3100287622305141,0
VQC Statevector,Quantum simulation,158,0,0.2948936660189981,0.3100287622305141,0
VQC Statevector,Quantum simulation,159,0,0.28726805152369356,0.3100287622305141,0
VQC Statevector,Quantum simulation,160,1,0.28971314690840705,0.3100287622305141,0
VQC Statevector,Quantum simulation,161,0,0.2926168426022901,0.3100287622305141,0
VQC Statevector,Quantum simulation,162,1,0.28584016911531557,0.3100287622305141,0
VQC Statevector,Quantum simulation,163,1,0.3072304519178687,0.3100287622305141,0
VQC Statevector,Quantum simulation,164,0,0.28751987913254884,0.3100287622305141,0
VQC Statevector,Quantum simulation,165,0,0.283573033932049,0.3100287622305141,0
VQC Statevector,Quantum simulation,166,0,0.28484716661514453,0.3100287622305141,0
VQC Statevector,Quantum simulation,167,1,0.29272673670138327,0.3100287622305141,0
VQC Statevector,Quantum simulation,168,1,0.2839463840751583,0.3100287622305141,0
VQC Statevector,Quantum simulation,169,0,0.27706118289782045,0.3100287622305141,0
VQC Statevector,Quantum simulation,170,1,0.2934889559643923,0.3100287622305141,0
VQC Statevector,Quantum simulation,171,0,0.28626773110543685,0.3100287622305141,0
VQC Statevector,Quantum simulation,172,1,0.3072601094983734,0.3100287622305141,0
VQC Statevector,Quantum simulation,173,1,0.28188554987043934,0.3100287622305141,0
VQC Statevector,Quantum simulation,174,1,0.26671703931227175,0.3100287622305141,0
VQC Statevector,Quantum simulation,175,1,0.31566493018952446,0.3100287622305141,1
VQC Statevector,Quantum simulation,176,0,0.28527843085298216,0.3100287622305141,0
VQC Statevector,Quantum simulation,177,0,0.28552473455402066,0.3100287622305141,0
VQC Statevector,Quantum simulation,178,0,0.27956250297998886,0.3100287622305141,0
VQC Statevector,Quantum simulation,179,1,0.28674566034762233,0.3100287622305141,0
VQC Statevector,Quantum simulation,180,1,0.30585455661675437,0.3100287622305141,0
VQC Statevector,Quantum simulation,181,0,0.2910945239435796,0.3100287622305141,0
VQC Statevector,Quantum simulation,182,1,0.30468184371306695,0.3100287622305141,0
VQC Statevector,Quantum simulation,183,0,0.2971977954602552,0.3100287622305141,0
VQC Statevector,Quantum simulation,184,1,0.3073553145962021,0.3100287622305141,0
VQC Statevector,Quantum simulation,185,1,0.2922147296492957,0.3100287622305141,0
VQC Statevector,Quantum simulation,186,0,0.28577171694352727,0.3100287622305141,0
VQC Statevector,Quantum simulation,187,1,0.3082204376282903,0.3100287622305141,0
VQC Statevector,Quantum simulation,188,1,0.2887125339624681,0.3100287622305141,0
VQC Statevector,Quantum simulation,189,0,0.29845451524063293,0.3100287622305141,0
VQC Statevector,Quantum simulation,190,1,0.3094702928005174,0.3100287622305141,0
VQC Statevector,Quantum simulation,191,1,0.28449318207221086,0.3100287622305141,0
VQC Statevector,Quantum simulation,192,0,0.3082688978004788,0.3100287622305141,0
VQC Statevector,Quantum simulation,193,0,0.27528580748601167,0.3100287622305141,0
VQC Statevector,Quantum simulation,194,1,0.30672864692683727,0.3100287622305141,0
VQC Statevector,Quantum simulation,195,1,0.28603191657547694,0.3100287622305141,0
VQC Statevector,Quantum simulation,196,1,0.29807683426192294,0.3100287622305141,0
VQC Statevector,Quantum simulation,197,1,0.2833071840269276,0.3100287622305141,0
VQC Statevector,Quantum simulation,198,1,0.2848843775479937,0.3100287622305141,0
VQC Statevector,Quantum simulation,199,1,0.30802645998935774,0.3100287622305141,0
VQC Statevector,Quantum simulation,200,0,0.2895237135289535,0.3100287622305141,0
VQC Statevector,Quantum simulation,201,0,0.2788732454038379,0.3100287622305141,0
VQC Statevector,Quantum simulation,202,0,0.29095155549997176,0.3100287622305141,0
VQC Statevector,Quantum simulation,203,1,0.3033206728030108,0.3100287622305141,0
VQC Statevector,Quantum simulation,204,0,0.2893118923091576,0.3100287622305141,0
VQC Statevector,Quantum simulation,205,0,0.29370465386805966,0.3100287622305141,0
VQC Statevector,Quantum simulation,206,1,0.2842425343439657,0.3100287622305141,0
VQC Statevector,Quantum simulation,207,1,0.30063169582939964,0.3100287622305141,0
VQC Statevector,Quantum simulation,208,0,0.28261295616016874,0.3100287622305141,0
VQC Statevector,Quantum simulation,209,1,0.2835228293088078,0.3100287622305141,0
VQC Statevector,Quantum simulation,210,1,0.28326329292184077,0.3100287622305141,0
VQC Statevector,Quantum simulation,211,0,0.29861700889564424,0.3100287622305141,0
VQC Statevector,Quantum simulation,212,1,0.28300840574236935,0.3100287622305141,0
VQC Statevector,Quantum simulation,213,1,0.3005479808529,0.3100287622305141,0
VQC Statevector,Quantum simulation,214,1,0.2880909372758202,0.3100287622305141,0
VQC Statevector,Quantum simulation,215,1,0.2993291241590103,0.3100287622305141,0
VQC Statevector,Quantum simulation,216,1,0.2940526869737749,0.3100287622305141,0
VQC Statevector,Quantum simulation,217,0,0.2907104909047298,0.3100287622305141,0
VQC Statevector,Quantum simulation,218,1,0.2723321210355294,0.3100287622305141,0
VQC Statevector,Quantum simulation,219,1,0.30661830681114155,0.3100287622305141,0
VQC Statevector,Quantum simulation,220,1,0.29475438339492516,0.3100287622305141,0
VQC Statevector,Quantum simulation,221,1,0.3059085086677665,0.3100287622305141,0
VQC Statevector,Quantum simulation,222,0,0.28651676959608735,0.3100287622305141,0
VQC Statevector,Quantum simulation,223,0,0.28802565572769295,0.3100287622305141,0
VQC Statevector,Quantum simulation,224,0,0.2890457938749066,0.3100287622305141,0
VQC Statevector,Quantum simulation,225,1,0.2826014171833789,0.3100287622305141,0
VQC Statevector,Quantum simulation,226,1,0.28577171694352727,0.3100287622305141,0
VQC Statevector,Quantum simulation,227,1,0.3147390857358322,0.3100287622305141,1
VQC Statevector,Quantum simulation,228,0,0.30409178090287586,0.3100287622305141,0
VQC Statevector,Quantum simulation,229,1,0.30502115771192306,0.3100287622305141,0
VQC Statevector,Quantum simulation,230,0,0.28777241269403697,0.3100287622305141,0
VQC Statevector,Quantum simulation,231,1,0.29481768896355887,0.3100287622305141,0
VQC Statevector,Quantum simulation,232,0,0.27979345721848575,0.3100287622305141,0
VQC Statevector,Quantum simulation,233,1,0.2929386879419588,0.3100287622305141,0
VQC Statevector,Quantum simulation,234,0,0.28025718501477387,0.3100287622305141,0
VQC Statevector,Quantum simulation,235,1,0.29933945574979604,0.3100287622305141,0
VQC Statevector,Quantum simulation,236,1,0.28410728197586727,0.3100287622305141,0
VQC Statevector,Quantum simulation,237,1,0.3068679172940471,0.3100287622305141,0
VQC Statevector,Quantum simulation,238,0,0.31578412890922336,0.3100287622305141,1
VQC Statevector,Quantum simulation,239,0,0.28261295616016874,0.3100287622305141,0
VQC Statevector,Quantum simulation,240,0,0.28726805152369356,0.3100287622305141,0
VQC Statevector,Quantum simulation,241,1,0.29138490713640236,0.3100287622305141,0
VQC Statevector,Quantum simulation,242,0,0.2887896772420815,0.3100287622305141,0
VQC Statevector,Quantum simulation,243,1,0.2959403703052703,0.3100287622305141,0
VQC Statevector,Quantum simulation,244,1,0.31556658902987234,0.3100287622305141,1
VQC Statevector,Quantum simulation,245,1,0.30281109814786117,0.3100287622305141,0
VQC Statevector,Quantum simulation,246,1,0.2817517211137275,0.3100287622305141,0
VQC Statevector,Quantum simulation,247,0,0.2954220244802124,0.3100287622305141,0
VQC Statevector,Quantum simulation,248,1,0.305987425131748,0.3100287622305141,0
VQC Statevector,Quantum simulation,249,0,0.2850328025404571,0.3100287622305141,0
VQC Statevector,Quantum simulation,250,0,0.2925310251102345,0.3100287622305141,0
VQC Statevector,Quantum simulation,251,0,0.2972738941713172,0.3100287622305141,0
VQC Statevector,Quantum simulation,252,1,0.30238380877862514,0.3100287622305141,0
VQC Statevector,Quantum simulation,253,0,0.2882796117786245,0.3100287622305141,0
VQC Statevector,Quantum simulation,254,1,0.29180453299618647,0.3100287622305141,0
VQC Statevector,Quantum simulation,255,1,0.2835999052807222,0.3100287622305141,0
VQC Statevector,Quantum simulation,256,1,0.3082903284102336,0.3100287622305141,0
VQC Statevector,Quantum simulation,257,0,0.2968486032366891,0.3100287622305141,0
VQC Statevector,Quantum simulation,258,0,0.2953949432195018,0.3100287622305141,0
VQC Statevector,Quantum simulation,259,1,0.280452504003899,0.3100287622305141,0
VQC Statevector,Quantum simulation,260,1,0.30013794119427983,0.3100287622305141,0
VQC Statevector,Quantum simulation,261,1,0.31584097531749405,0.3100287622305141,1
VQC Statevector,Quantum simulation,262,1,0.30221372021239346,0.3100287622305141,0
VQC Statevector,Quantum simulation,263,0,0.28875375791063873,0.3100287622305141,0
VQC Statevector,Quantum simulation,264,0,0.27484754303717424,0.3100287622305141,0
VQC Statevector,Quantum simulation,265,1,0.29069156302016347,0.3100287622305141,0
VQC Statevector,Quantum simulation,266,1,0.30186268749678846,0.3100287622305141,0
VQC Statevector,Quantum simulation,267,0,0.27979345721848575,0.3100287622305141,0
VQC Statevector,Quantum simulation,268,0,0.2807233574330711,0.3100287622305141,0
VQC Statevector,Quantum simulation,269,1,0.2927821669226919,0.3100287622305141,0
VQC Statevector,Quantum simulation,270,1,0.3014295019249221,0.3100287622305141,0
VQC Statevector,Quantum simulation,271,0,0.2804899642218728,0.3100287622305141,0
VQC Statevector,Quantum simulation,272,1,0.30964064749112646,0.3100287622305141,0
VQC Statevector,Quantum simulation,273,0,0.2746292341311748,0.3100287622305141,0
VQC Statevector,Quantum simulation,274,1,0.3073743234802715,0.3100287622305141,0
VQC Statevector,Quantum simulation,275,1,0.2656310133837154,0.3100287622305141,0
VQC Statevector,Quantum simulation,276,0,0.30852922725211807,0.3100287622305141,0
VQC Statevector,Quantum simulation,277,0,0.29486828608212745,0.3100287622305141,0
VQC Statevector,Quantum simulation,278,0,0.29424917042432547,0.3100287622305141,0
VQC Statevector,Quantum simulation,279,0,0.28777241269403697,0.3100287622305141,0
VQC Statevector,Quantum simulation,280,0,0.28856538683291144,0.3100287622305141,0
VQC Statevector,Quantum simulation,281,0,0.27818933778973476,0.3100287622305141,0
VQC Statevector,Quantum simulation,282,1,0.2969913084893447,0.3100287622305141,0
VQC Statevector,Quantum simulation,283,0,0.3015099945870849,0.3100287622305141,0
VQC Statevector,Quantum simulation,284,1,0.30275941977699955,0.3100287622305141,0
VQC Statevector,Quantum simulation,285,0,0.2890457938749066,0.3100287622305141,0
VQC Statevector,Quantum simulation,286,1,0.2935339930900337,0.3100287622305141,0
VQC Statevector,Quantum simulation,287,1,0.29403053755346203,0.3100287622305141,0
VQC Statevector,Quantum simulation,288,0,0.2949879251593104,0.3100287622305141,0
VQC Statevector,Quantum simulation,289,1,0.2811117895832221,0.3100287622305141,0
VQC Statevector,Quantum simulation,290,1,0.28494651555053224,0.3100287622305141,0
VQC Statevector,Quantum simulation,291,1,0.30942932548442814,0.3100287622305141,0
VQC Statevector,Quantum simulation,292,1,0.30803290599819866,0.3100287622305141,0
VQC Statevector,Quantum simulation,293,0,0.2916392255667838,0.3100287622305141,0
VQC Statevector,Quantum simulation,294,0,0.27864468539483783,0.3100287622305141,0
VQC Statevector,Quantum simulation,295,0,0.3005400892164037,0.3100287622305141,0
VQC Statevector,Quantum simulation,296,1,0.31550529910417663,0.3100287622305141,1
VQC Statevector,Quantum simulation,297,0,0.2804899642218728,0.3100287622305141,0
VQC Statevector,Quantum simulation,298,1,0.29137495214080644,0.3100287622305141,0
VQC Statevector,Quantum simulation,299,1,0.28047158700454594,0.3100287622305141,0
Isolation Forest + VQC Statevector,Hybrid quantum simulation,0,0,0.28777241269403697,0.3100287622305141,0
Isolation Forest + VQC Statevector,Hybrid quantum simulation,1,1,0.2808066532134202,0.3100287622305141,0
Isolation Forest + VQC Statevector,Hybrid quantum simulation,2,0,0.30224024748804423,0.3100287622305141,0
Isolation Forest + VQC Statevector,Hybrid quantum simulation,3,0,0.2840990695399171,0.3100287622305141,0
Isolation Forest + VQC Statevector,Hybrid quantum simulation,4,0,0.27979345721848575,0.3100287622305141,0
Isolation Forest + VQC Statevector,Hybrid quantum simulation,5,0,0.2900731151425202,0.3100287622305141,0
Isolation Forest + VQC Statevector,Hybrid quantum simulation,6,0,0.28388327075624575,0.3100287622305141,0
Isolation Forest + VQC Statevector,Hybrid quantum simulation,7,1,0.304442925663954,0.3100287622305141,0
Isolation Forest + VQC Statevector,Hybrid quantum simulation,8,1,0.2908938694107732,0.3100287622305141,0
Isolation Forest + VQC Statevector,Hybrid quantum simulation,9,0,0.28577171694352727,0.3100287622305141,0
Isolation Forest + VQC Statevector,Hybrid quantum simulation,10,1,0.27933736292673056,0.3100287622305141,0
Isolation Forest + VQC Statevector,Hybrid quantum simulation,11,0,0.2833320428684452,0.3100287622305141,0
Isolation Forest + VQC Statevector,Hybrid quantum simulation,12,0,0.3056545361926421,0.3100287622305141,0
Isolation Forest + VQC Statevector,Hybrid quantum simulation,13,1,0.28347415030915,0.3100287622305141,0
Isolation Forest + VQC Statevector,Hybrid quantum simulation,14,0,0.26711579323443896,0.3100287622305141,0
Isolation Forest + VQC Statevector,Hybrid quantum simulation,15,1,0.29208313965662347,0.3100287622305141,0
Isolation Forest + VQC Statevector,Hybrid quantum simulation,16,1,0.30768464757818514,0.3100287622305141,0
Isolation Forest + VQC Statevector,Hybrid quantum simulation,17,1,0.2947251102526913,0.3100287622305141,0
Isolation Forest + VQC Statevector,Hybrid quantum simulation,18,0,0.2951568783754116,0.3100287622305141,0
Isolation Forest + VQC Statevector,Hybrid quantum simulation,19,0,0.2876168861937528,0.3100287622305141,0
Isolation Forest + VQC Statevector,Hybrid quantum simulation,20,0,0.2909740504504277,0.3100287622305141,0
Isolation Forest + VQC Statevector,Hybrid quantum simulation,21,1,0.29997791127585527,0.3100287622305141,0
Isolation Forest + VQC Statevector,Hybrid quantum simulation,22,0,0.28309170161373226,0.3100287622305141,0
Isolation Forest + VQC Statevector,Hybrid quantum simulation,23,1,0.3059162816079559,0.3100287622305141,0
Isolation Forest + VQC Statevector,Hybrid quantum simulation,24,0,0.31159996816047314,0.3100287622305141,1
Isolation Forest + VQC Statevector,Hybrid quantum simulation,25,0,0.2937081961265673,0.3100287622305141,0
Isolation Forest + VQC Statevector,Hybrid quantum simulation,26,1,0.3034929470338634,0.3100287622305141,0
Isolation Forest + VQC Statevector,Hybrid quantum simulation,27,0,0.292558292124031,0.3100287622305141,0
Isolation Forest + VQC Statevector,Hybrid quantum simulation,28,0,0.30940163347610583,0.3100287622305141,0
Isolation Forest + VQC Statevector,Hybrid quantum simulation,29,1,0.2936449140559297,0.3100287622305141,0
Isolation Forest + VQC Statevector,Hybrid quantum simulation,30,1,0.2926439308189953,0.3100287622305141,0
Isolation Forest + VQC Statevector,Hybrid quantum simulation,31,0,0.28697646157559814,0.3100287622305141,0
Isolation Forest + VQC Statevector,Hybrid quantum simulation,32,0,0.2993931526187209,0.3100287622305141,0
Isolation Forest + VQC Statevector,Hybrid quantum simulation,33,1,0.29387421249138923,0.3100287622305141,0
Isolation Forest + VQC Statevector,Hybrid quantum simulation,34,0,0.27661395128098043,0.3100287622305141,0
Isolation Forest + VQC Statevector,Hybrid quantum simulation,35,1,0.302152934223571,0.3100287622305141,0
Isolation Forest + VQC Statevector,Hybrid quantum simulation,36,0,0.28577171694352727,0.3100287622305141,0
Isolation Forest + VQC Statevector,Hybrid quantum simulation,37,0,0.2860768443812192,0.3100287622305141,0
Isolation Forest + VQC Statevector,Hybrid quantum simulation,38,0,0.30431798250992786,0.3100287622305141,0
Isolation Forest + VQC Statevector,Hybrid quantum simulation,39,0,0.2888148778535395,0.3100287622305141,0
Isolation Forest + VQC Statevector,Hybrid quantum simulation,40,1,0.29556596786377437,0.3100287622305141,0
Isolation Forest + VQC Statevector,Hybrid quantum simulation,41,1,0.3155703969533916,0.3100287622305141,1
Isolation Forest + VQC Statevector,Hybrid quantum simulation,42,0,0.2804899642218728,0.3100287622305141,0
Isolation Forest + VQC Statevector,Hybrid quantum simulation,43,0,0.2845435589972795,0.3100287622305141,0
Isolation Forest + VQC Statevector,Hybrid quantum simulation,44,1,0.2906404802125622,0.3100287622305141,0
Isolation Forest + VQC Statevector,Hybrid quantum simulation,45,0,0.2800250169583717,0.3100287622305141,0
Isolation Forest + VQC Statevector,Hybrid quantum simulation,46,0,0.2888637678200568,0.3100287622305141,0
Isolation Forest + VQC Statevector,Hybrid quantum simulation,47,1,0.30851054190265026,0.3100287622305141,0
Isolation Forest + VQC Statevector,Hybrid quantum simulation,48,1,0.3135242898064281,0.3100287622305141,1
Isolation Forest + VQC Statevector,Hybrid quantum simulation,49,1,0.30342896565048694,0.3100287622305141,0
Isolation Forest + VQC Statevector,Hybrid quantum simulation,50,1,0.2853180082861327,0.3100287622305141,0
Isolation Forest + VQC Statevector,Hybrid quantum simulation,51,1,0.28595320656526607,0.3100287622305141,0
Isolation Forest + VQC Statevector,Hybrid quantum simulation,52,0,0.28929603089247413,0.3100287622305141,0
Isolation Forest + VQC Statevector,Hybrid quantum simulation,53,0,0.29310269522419996,0.3100287622305141,0
Isolation Forest + VQC Statevector,Hybrid quantum simulation,54,0,0.28879666751004573,0.3100287622305141,0
Isolation Forest + VQC Statevector,Hybrid quantum simulation,55,0,0.27528580748601167,0.3100287622305141,0
Isolation Forest + VQC Statevector,Hybrid quantum simulation,56,1,0.2899500244039502,0.3100287622305141,0
Isolation Forest + VQC Statevector,Hybrid quantum simulation,57,1,0.30670187436398466,0.3100287622305141,0
Isolation Forest + VQC Statevector,Hybrid quantum simulation,58,1,0.3048994206061239,0.3100287622305141,0
Isolation Forest + VQC Statevector,Hybrid quantum simulation,59,1,0.30482412189592845,0.3100287622305141,0
Isolation Forest + VQC Statevector,Hybrid quantum simulation,60,0,0.29518760240827396,0.3100287622305141,0
Isolation Forest + VQC Statevector,Hybrid quantum simulation,61,0,0.27484754303717424,0.3100287622305141,0
Isolation Forest + VQC Statevector,Hybrid quantum simulation,62,1,0.30516595403460006,0.3100287622305141,0
Isolation Forest + VQC Statevector,Hybrid quantum simulation,63,0,0.27616899167774633,0.3100287622305141,0
Isolation Forest + VQC Statevector,Hybrid quantum simulation,64,1,0.30701678746446487,0.3100287622305141,0
Isolation Forest + VQC Statevector,Hybrid quantum simulation,65,0,0.30244233173872365,0.3100287622305141,0
Isolation Forest + VQC Statevector,Hybrid quantum simulation,66,1,0.30181855611231234,0.3100287622305141,0
Isolation Forest + VQC Statevector,Hybrid quantum simulation,67,0,0.29625888825684205,0.3100287622305141,0
Isolation Forest + VQC Statevector,Hybrid quantum simulation,68,1,0.2934889559643923,0.3100287622305141,0
Isolation Forest + VQC Statevector,Hybrid quantum simulation,69,0,0.28309170161373226,0.3100287622305141,0
Isolation Forest + VQC Statevector,Hybrid quantum simulation,70,0,0.3037461662641201,0.3100287622305141,0
Isolation Forest + VQC Statevector,Hybrid quantum simulation,71,0,0.2867665002121498,0.3100287622305141,0
Isolation Forest + VQC Statevector,Hybrid quantum simulation,72,0,0.2816631280694058,0.3100287622305141,0
Isolation Forest + VQC Statevector,Hybrid quantum simulation,73,1,0.2989127504926861,0.3100287622305141,0
Isolation Forest + VQC Statevector,Hybrid quantum simulation,74,0,0.2804899642218728,0.3100287622305141,0
Isolation Forest + VQC Statevector,Hybrid quantum simulation,75,0,0.2837990278144447,0.3100287622305141,0
Isolation Forest + VQC Statevector,Hybrid quantum simulation,76,0,0.27661395128098043,0.3100287622305141,0
Isolation Forest + VQC Statevector,Hybrid quantum simulation,77,0,0.28466766387504744,0.3100287622305141,0
Isolation Forest + VQC Statevector,Hybrid quantum simulation,78,1,0.28286641297145587,0.3100287622305141,0
Isolation Forest + VQC Statevector,Hybrid quantum simulation,79,1,0.30326542758308,0.3100287622305141,0
Isolation Forest + VQC Statevector,Hybrid quantum simulation,80,0,0.27528580748601167,0.3100287622305141,0
Isolation Forest + VQC Statevector,Hybrid quantum simulation,81,0,0.28237454582926313,0.3100287622305141,0
Isolation Forest + VQC Statevector,Hybrid quantum simulation,82,0,0.2833320428684452,0.3100287622305141,0
Isolation Forest + VQC Statevector,Hybrid quantum simulation,83,1,0.2820433754272738,0.3100287622305141,0
Isolation Forest + VQC Statevector,Hybrid quantum simulation,84,0,0.2818996347870966,0.3100287622305141,0
Isolation Forest + VQC Statevector,Hybrid quantum simulation,85,1,0.28777241269403697,0.3100287622305141,0
Isolation Forest + VQC Statevector,Hybrid quantum simulation,86,1,0.29436993772439446,0.3100287622305141,0
Isolation Forest + VQC Statevector,Hybrid quantum simulation,87,1,0.2863921211043788,0.3100287622305141,0
Isolation Forest + VQC Statevector,Hybrid quantum simulation,88,0,0.28527843085298216,0.3100287622305141,0
Isolation Forest + VQC Statevector,Hybrid quantum simulation,89,1,0.29049521154636176,0.3100287622305141,0
Isolation Forest + VQC Statevector,Hybrid quantum simulation,90,1,0.29142683950508097,0.3100287622305141,0
Isolation Forest + VQC Statevector,Hybrid quantum simulation,91,0,0.27796254480298865,0.3100287622305141,0
Isolation Forest + VQC Statevector,Hybrid quantum simulation,92,0,0.281427249917261,0.3100287622305141,0
Isolation Forest + VQC Statevector,Hybrid quantum simulation,93,1,0.30811113942906804,0.3100287622305141,0
Isolation Forest + VQC Statevector,Hybrid quantum simulation,94,0,0.28527843085298216,0.3100287622305141,0
Isolation Forest + VQC Statevector,Hybrid quantum simulation,95,1,0.30899515964105223,0.3100287622305141,0
Isolation Forest + VQC Statevector,Hybrid quantum simulation,96,0,0.27796254480298865,0.3100287622305141,0
Isolation Forest + VQC Statevector,Hybrid quantum simulation,97,0,0.283573033932049,0.3100287622305141,0
Isolation Forest + VQC Statevector,Hybrid quantum simulation,98,0,0.27661395128098043,0.3100287622305141,0
Isolation Forest + VQC Statevector,Hybrid quantum simulation,99,0,0.29514091763166994,0.3100287622305141,0
Isolation Forest + VQC Statevector,Hybrid quantum simulation,100,0,0.283573033932049,0.3100287622305141,0
Isolation Forest + VQC Statevector,Hybrid quantum simulation,101,1,0.2931547481481436,0.3100287622305141,0
Isolation Forest + VQC Statevector,Hybrid quantum simulation,102,0,0.28527843085298216,0.3100287622305141,0
Isolation Forest + VQC Statevector,Hybrid quantum simulation,103,0,0.27979345721848575,0.3100287622305141,0
Isolation Forest + VQC Statevector,Hybrid quantum simulation,104,1,0.2801638519373978,0.3100287622305141,0
Isolation Forest + VQC Statevector,Hybrid quantum simulation,105,0,0.29800870994399353,0.3100287622305141,0
Isolation Forest + VQC Statevector,Hybrid quantum simulation,106,1,0.30227427401536,0.3100287622305141,0
Isolation Forest + VQC Statevector,Hybrid quantum simulation,107,0,0.28874795817566706,0.3100287622305141,0
Isolation Forest + VQC Statevector,Hybrid quantum simulation,108,0,0.30638619693482755,0.3100287622305141,0
Isolation Forest + VQC Statevector,Hybrid quantum simulation,109,1,0.2885932529843394,0.3100287622305141,0
Isolation Forest + VQC Statevector,Hybrid quantum simulation,110,1,0.2971081898274565,0.3100287622305141,0
Isolation Forest + VQC Statevector,Hybrid quantum simulation,111,1,0.30825501616295575,0.3100287622305141,0
Isolation Forest + VQC Statevector,Hybrid quantum simulation,112,1,0.28701978557350416,0.3100287622305141,0
Isolation Forest + VQC Statevector,Hybrid quantum simulation,113,0,0.27528580748601167,0.3100287622305141,0
Isolation Forest + VQC Statevector,Hybrid quantum simulation,114,0,0.28237454582926313,0.3100287622305141,0
Isolation Forest + VQC Statevector,Hybrid quantum simulation,115,1,0.280412623054764,0.3100287622305141,0
Isolation Forest + VQC Statevector,Hybrid quantum simulation,116,1,0.3045707545938354,0.3100287622305141,0
Isolation Forest + VQC Statevector,Hybrid quantum simulation,117,1,0.3097344772676587,0.3100287622305141,0
Isolation Forest + VQC Statevector,Hybrid quantum simulation,118,1,0.2873997689979278,0.3100287622305141,0
Isolation Forest + VQC Statevector,Hybrid quantum simulation,119,1,0.2912856045444705,0.3100287622305141,0
Isolation Forest + VQC Statevector,Hybrid quantum simulation,120,0,0.2850328025404571,0.3100287622305141,0
Isolation Forest + VQC Statevector,Hybrid quantum simulation,121,0,0.29491940431486896,0.3100287622305141,0
Isolation Forest + VQC Statevector,Hybrid quantum simulation,122,0,0.2963360062418773,0.3100287622305141,0
Isolation Forest + VQC Statevector,Hybrid quantum simulation,123,0,0.27773633546271737,0.3100287622305141,0
Isolation Forest + VQC Statevector,Hybrid quantum simulation,124,0,0.3060797376206662,0.3100287622305141,0
Isolation Forest + VQC Statevector,Hybrid quantum simulation,125,1,0.28491711250982704,0.3100287622305141,0
Isolation Forest + VQC Statevector,Hybrid quantum simulation,126,0,0.2847878463397647,0.3100287622305141,0
Isolation Forest + VQC Statevector,Hybrid quantum simulation,127,0,0.2788732454038379,0.3100287622305141,0
Isolation Forest + VQC Statevector,Hybrid quantum simulation,128,1,0.28603652158872234,0.3100287622305141,0
Isolation Forest + VQC Statevector,Hybrid quantum simulation,129,0,0.28601938134494725,0.3100287622305141,0
Isolation Forest + VQC Statevector,Hybrid quantum simulation,130,0,0.27484754303717424,0.3100287622305141,0
Isolation Forest + VQC Statevector,Hybrid quantum simulation,131,1,0.2852577935010932,0.3100287622305141,0
Isolation Forest + VQC Statevector,Hybrid quantum simulation,132,1,0.2795212616502705,0.3100287622305141,0
Isolation Forest + VQC Statevector,Hybrid quantum simulation,133,1,0.286462119809686,0.3100287622305141,0
Isolation Forest + VQC Statevector,Hybrid quantum simulation,134,1,0.28476461233612815,0.3100287622305141,0
Isolation Forest + VQC Statevector,Hybrid quantum simulation,135,1,0.28603652158872234,0.3100287622305141,0
Isolation Forest + VQC Statevector,Hybrid quantum simulation,136,0,0.29327437142874735,0.3100287622305141,0
Isolation Forest + VQC Statevector,Hybrid quantum simulation,137,1,0.3078046130950854,0.3100287622305141,0
Isolation Forest + VQC Statevector,Hybrid quantum simulation,138,0,0.2927698640967134,0.3100287622305141,0
Isolation Forest + VQC Statevector,Hybrid quantum simulation,139,0,0.2898152323419056,0.3100287622305141,0
Isolation Forest + VQC Statevector,Hybrid quantum simulation,140,1,0.309748750072343,0.3100287622305141,0
Isolation Forest + VQC Statevector,Hybrid quantum simulation,141,0,0.28899960234228306,0.3100287622305141,0
Isolation Forest + VQC Statevector,Hybrid quantum simulation,142,0,0.27818933778973476,0.3100287622305141,0
Isolation Forest + VQC Statevector,Hybrid quantum simulation,143,1,0.29160272646662533,0.3100287622305141,0
Isolation Forest + VQC Statevector,Hybrid quantum simulation,144,0,0.266916183278374,0.3100287622305141,0
Isolation Forest + VQC Statevector,Hybrid quantum simulation,145,0,0.27956250297998886,0.3100287622305141,0
Isolation Forest + VQC Statevector,Hybrid quantum simulation,146,0,0.30041161793307913,0.3100287622305141,0
Isolation Forest + VQC Statevector,Hybrid quantum simulation,147,1,0.2959143421414917,0.3100287622305141,0
Isolation Forest + VQC Statevector,Hybrid quantum simulation,148,0,0.3019517770449018,0.3100287622305141,0
Isolation Forest + VQC Statevector,Hybrid quantum simulation,149,0,0.28552473455402066,0.3100287622305141,0
Isolation Forest + VQC Statevector,Hybrid quantum simulation,150,1,0.2935225851297345,0.3100287622305141,0
Isolation Forest + VQC Statevector,Hybrid quantum simulation,151,1,0.2920701476257889,0.3100287622305141,0
Isolation Forest + VQC Statevector,Hybrid quantum simulation,152,1,0.29011120457881534,0.3100287622305141,0
Isolation Forest + VQC Statevector,Hybrid quantum simulation,153,0,0.27851229382004394,0.3100287622305141,0
Isolation Forest + VQC Statevector,Hybrid quantum simulation,154,1,0.30760759329574583,0.3100287622305141,0
Isolation Forest + VQC Statevector,Hybrid quantum simulation,155,0,0.28095736752116623,0.3100287622305141,0
Isolation Forest + VQC Statevector,Hybrid quantum simulation,156,0,0.28802565572769295,0.3100287622305141,0
Isolation Forest + VQC Statevector,Hybrid quantum simulation,157,1,0.2928611150092302,0.3100287622305141,0
Isolation Forest + VQC Statevector,Hybrid quantum simulation,158,0,0.2948936660189981,0.3100287622305141,0
Isolation Forest + VQC Statevector,Hybrid quantum simulation,159,0,0.28726805152369356,0.3100287622305141,0
Isolation Forest + VQC Statevector,Hybrid quantum simulation,160,1,0.28971314690840705,0.3100287622305141,0
Isolation Forest + VQC Statevector,Hybrid quantum simulation,161,0,0.2926168426022901,0.3100287622305141,0
Isolation Forest + VQC Statevector,Hybrid quantum simulation,162,1,0.28584016911531557,0.3100287622305141,0
Isolation Forest + VQC Statevector,Hybrid quantum simulation,163,1,0.3072304519178687,0.3100287622305141,0
Isolation Forest + VQC Statevector,Hybrid quantum simulation,164,0,0.28751987913254884,0.3100287622305141,0
Isolation Forest + VQC Statevector,Hybrid quantum simulation,165,0,0.283573033932049,0.3100287622305141,0
Isolation Forest + VQC Statevector,Hybrid quantum simulation,166,0,0.28484716661514453,0.3100287622305141,0
Isolation Forest + VQC Statevector,Hybrid quantum simulation,167,1,0.29272673670138327,0.3100287622305141,0
Isolation Forest + VQC Statevector,Hybrid quantum simulation,168,1,0.2839463840751583,0.3100287622305141,0
Isolation Forest + VQC Statevector,Hybrid quantum simulation,169,0,0.27706118289782045,0.3100287622305141,0
Isolation Forest + VQC Statevector,Hybrid quantum simulation,170,1,0.2934889559643923,0.3100287622305141,0
Isolation Forest + VQC Statevector,Hybrid quantum simulation,171,0,0.28626773110543685,0.3100287622305141,0
Isolation Forest + VQC Statevector,Hybrid quantum simulation,172,1,0.3072601094983734,0.3100287622305141,0
Isolation Forest + VQC Statevector,Hybrid quantum simulation,173,1,0.28188554987043934,0.3100287622305141,0
Isolation Forest + VQC Statevector,Hybrid quantum simulation,174,1,0.26671703931227175,0.3100287622305141,0
Isolation Forest + VQC Statevector,Hybrid quantum simulation,175,1,0.31566493018952446,0.3100287622305141,1
Isolation Forest + VQC Statevector,Hybrid quantum simulation,176,0,0.28527843085298216,0.3100287622305141,0
Isolation Forest + VQC Statevector,Hybrid quantum simulation,177,0,0.28552473455402066,0.3100287622305141,0
Isolation Forest + VQC Statevector,Hybrid quantum simulation,178,0,0.27956250297998886,0.3100287622305141,0
Isolation Forest + VQC Statevector,Hybrid quantum simulation,179,1,0.28674566034762233,0.3100287622305141,0
Isolation Forest + VQC Statevector,Hybrid quantum simulation,180,1,0.30585455661675437,0.3100287622305141,0
Isolation Forest + VQC Statevector,Hybrid quantum simulation,181,0,0.2910945239435796,0.3100287622305141,0
Isolation Forest + VQC Statevector,Hybrid quantum simulation,182,1,0.30468184371306695,0.3100287622305141,0
Isolation Forest + VQC Statevector,Hybrid quantum simulation,183,0,0.2971977954602552,0.3100287622305141,0
Isolation Forest + VQC Statevector,Hybrid quantum simulation,184,1,0.3073553145962021,0.3100287622305141,0
Isolation Forest + VQC Statevector,Hybrid quantum simulation,185,1,0.2922147296492957,0.3100287622305141,0
Isolation Forest + VQC Statevector,Hybrid quantum simulation,186,0,0.28577171694352727,0.3100287622305141,0
Isolation Forest + VQC Statevector,Hybrid quantum simulation,187,1,0.3082204376282903,0.3100287622305141,0
Isolation Forest + VQC Statevector,Hybrid quantum simulation,188,1,0.2887125339624681,0.3100287622305141,0
Isolation Forest + VQC Statevector,Hybrid quantum simulation,189,0,0.29845451524063293,0.3100287622305141,0
Isolation Forest + VQC Statevector,Hybrid quantum simulation,190,1,0.3094702928005174,0.3100287622305141,0
Isolation Forest + VQC Statevector,Hybrid quantum simulation,191,1,0.28449318207221086,0.3100287622305141,0
Isolation Forest + VQC Statevector,Hybrid quantum simulation,192,0,0.3082688978004788,0.3100287622305141,0
Isolation Forest + VQC Statevector,Hybrid quantum simulation,193,0,0.27528580748601167,0.3100287622305141,0
Isolation Forest + VQC Statevector,Hybrid quantum simulation,194,1,0.30672864692683727,0.3100287622305141,0
Isolation Forest + VQC Statevector,Hybrid quantum simulation,195,1,0.28603191657547694,0.3100287622305141,0
Isolation Forest + VQC Statevector,Hybrid quantum simulation,196,1,0.29807683426192294,0.3100287622305141,0
Isolation Forest + VQC Statevector,Hybrid quantum simulation,197,1,0.2833071840269276,0.3100287622305141,0
Isolation Forest + VQC Statevector,Hybrid quantum simulation,198,1,0.2848843775479937,0.3100287622305141,0
Isolation Forest + VQC Statevector,Hybrid quantum simulation,199,1,0.30802645998935774,0.3100287622305141,0
Isolation Forest + VQC Statevector,Hybrid quantum simulation,200,0,0.2895237135289535,0.3100287622305141,0
Isolation Forest + VQC Statevector,Hybrid quantum simulation,201,0,0.2788732454038379,0.3100287622305141,0
Isolation Forest + VQC Statevector,Hybrid quantum simulation,202,0,0.29095155549997176,0.3100287622305141,0
Isolation Forest + VQC Statevector,Hybrid quantum simulation,203,1,0.3033206728030108,0.3100287622305141,0
Isolation Forest + VQC Statevector,Hybrid quantum simulation,204,0,0.2893118923091576,0.3100287622305141,0
Isolation Forest + VQC Statevector,Hybrid quantum simulation,205,0,0.29370465386805966,0.3100287622305141,0
Isolation Forest + VQC Statevector,Hybrid quantum simulation,206,1,0.2842425343439657,0.3100287622305141,0
Isolation Forest + VQC Statevector,Hybrid quantum simulation,207,1,0.30063169582939964,0.3100287622305141,0
Isolation Forest + VQC Statevector,Hybrid quantum simulation,208,0,0.28261295616016874,0.3100287622305141,0
Isolation Forest + VQC Statevector,Hybrid quantum simulation,209,1,0.2835228293088078,0.3100287622305141,0
Isolation Forest + VQC Statevector,Hybrid quantum simulation,210,1,0.28326329292184077,0.3100287622305141,0
Isolation Forest + VQC Statevector,Hybrid quantum simulation,211,0,0.29861700889564424,0.3100287622305141,0
Isolation Forest + VQC Statevector,Hybrid quantum simulation,212,1,0.28300840574236935,0.3100287622305141,0
Isolation Forest + VQC Statevector,Hybrid quantum simulation,213,1,0.3005479808529,0.3100287622305141,0
Isolation Forest + VQC Statevector,Hybrid quantum simulation,214,1,0.2880909372758202,0.3100287622305141,0
Isolation Forest + VQC Statevector,Hybrid quantum simulation,215,1,0.2993291241590103,0.3100287622305141,0
Isolation Forest + VQC Statevector,Hybrid quantum simulation,216,1,0.2940526869737749,0.3100287622305141,0
Isolation Forest + VQC Statevector,Hybrid quantum simulation,217,0,0.2907104909047298,0.3100287622305141,0
Isolation Forest + VQC Statevector,Hybrid quantum simulation,218,1,0.2723321210355294,0.3100287622305141,0
Isolation Forest + VQC Statevector,Hybrid quantum simulation,219,1,0.30661830681114155,0.3100287622305141,0
Isolation Forest + VQC Statevector,Hybrid quantum simulation,220,1,0.29475438339492516,0.3100287622305141,0
Isolation Forest + VQC Statevector,Hybrid quantum simulation,221,1,0.3059085086677665,0.3100287622305141,0
Isolation Forest + VQC Statevector,Hybrid quantum simulation,222,0,0.28651676959608735,0.3100287622305141,0
Isolation Forest + VQC Statevector,Hybrid quantum simulation,223,0,0.28802565572769295,0.3100287622305141,0
Isolation Forest + VQC Statevector,Hybrid quantum simulation,224,0,0.2890457938749066,0.3100287622305141,0
Isolation Forest + VQC Statevector,Hybrid quantum simulation,225,1,0.2826014171833789,0.3100287622305141,0
Isolation Forest + VQC Statevector,Hybrid quantum simulation,226,1,0.28577171694352727,0.3100287622305141,0
Isolation Forest + VQC Statevector,Hybrid quantum simulation,227,1,0.3147390857358322,0.3100287622305141,1
Isolation Forest + VQC Statevector,Hybrid quantum simulation,228,0,0.30409178090287586,0.3100287622305141,0
Isolation Forest + VQC Statevector,Hybrid quantum simulation,229,1,0.30502115771192306,0.3100287622305141,0
Isolation Forest + VQC Statevector,Hybrid quantum simulation,230,0,0.28777241269403697,0.3100287622305141,0
Isolation Forest + VQC Statevector,Hybrid quantum simulation,231,1,0.29481768896355887,0.3100287622305141,0
Isolation Forest + VQC Statevector,Hybrid quantum simulation,232,0,0.27979345721848575,0.3100287622305141,0
Isolation Forest + VQC Statevector,Hybrid quantum simulation,233,1,0.2929386879419588,0.3100287622305141,0
Isolation Forest + VQC Statevector,Hybrid quantum simulation,234,0,0.28025718501477387,0.3100287622305141,0
Isolation Forest + VQC Statevector,Hybrid quantum simulation,235,1,0.29933945574979604,0.3100287622305141,0
Isolation Forest + VQC Statevector,Hybrid quantum simulation,236,1,0.28410728197586727,0.3100287622305141,0
Isolation Forest + VQC Statevector,Hybrid quantum simulation,237,1,0.3068679172940471,0.3100287622305141,0
Isolation Forest + VQC Statevector,Hybrid quantum simulation,238,0,0.31578412890922336,0.3100287622305141,1
Isolation Forest + VQC Statevector,Hybrid quantum simulation,239,0,0.28261295616016874,0.3100287622305141,0
Isolation Forest + VQC Statevector,Hybrid quantum simulation,240,0,0.28726805152369356,0.3100287622305141,0
Isolation Forest + VQC Statevector,Hybrid quantum simulation,241,1,0.29138490713640236,0.3100287622305141,0
Isolation Forest + VQC Statevector,Hybrid quantum simulation,242,0,0.2887896772420815,0.3100287622305141,0
Isolation Forest + VQC Statevector,Hybrid quantum simulation,243,1,0.2959403703052703,0.3100287622305141,0
Isolation Forest + VQC Statevector,Hybrid quantum simulation,244,1,0.31556658902987234,0.3100287622305141,1
Isolation Forest + VQC Statevector,Hybrid quantum simulation,245,1,0.30281109814786117,0.3100287622305141,0
Isolation Forest + VQC Statevector,Hybrid quantum simulation,246,1,0.2817517211137275,0.3100287622305141,0
Isolation Forest + VQC Statevector,Hybrid quantum simulation,247,0,0.2954220244802124,0.3100287622305141,0
Isolation Forest + VQC Statevector,Hybrid quantum simulation,248,1,0.305987425131748,0.3100287622305141,0
Isolation Forest + VQC Statevector,Hybrid quantum simulation,249,0,0.2850328025404571,0.3100287622305141,0
Isolation Forest + VQC Statevector,Hybrid quantum simulation,250,0,0.2925310251102345,0.3100287622305141,0
Isolation Forest + VQC Statevector,Hybrid quantum simulation,251,0,0.2972738941713172,0.3100287622305141,0
Isolation Forest + VQC Statevector,Hybrid quantum simulation,252,1,0.30238380877862514,0.3100287622305141,0
Isolation Forest + VQC Statevector,Hybrid quantum simulation,253,0,0.2882796117786245,0.3100287622305141,0
Isolation Forest + VQC Statevector,Hybrid quantum simulation,254,1,0.29180453299618647,0.3100287622305141,0
Isolation Forest + VQC Statevector,Hybrid quantum simulation,255,1,0.2835999052807222,0.3100287622305141,0
Isolation Forest + VQC Statevector,Hybrid quantum simulation,256,1,0.3082903284102336,0.3100287622305141,0
Isolation Forest + VQC Statevector,Hybrid quantum simulation,257,0,0.2968486032366891,0.3100287622305141,0
Isolation Forest + VQC Statevector,Hybrid quantum simulation,258,0,0.2953949432195018,0.3100287622305141,0
Isolation Forest + VQC Statevector,Hybrid quantum simulation,259,1,0.280452504003899,0.3100287622305141,0
Isolation Forest + VQC Statevector,Hybrid quantum simulation,260,1,0.30013794119427983,0.3100287622305141,0
Isolation Forest + VQC Statevector,Hybrid quantum simulation,261,1,0.31584097531749405,0.3100287622305141,1
Isolation Forest + VQC Statevector,Hybrid quantum simulation,262,1,0.30221372021239346,0.3100287622305141,0
Isolation Forest + VQC Statevector,Hybrid quantum simulation,263,0,0.28875375791063873,0.3100287622305141,0
Isolation Forest + VQC Statevector,Hybrid quantum simulation,264,0,0.27484754303717424,0.3100287622305141,0
Isolation Forest + VQC Statevector,Hybrid quantum simulation,265,1,0.29069156302016347,0.3100287622305141,0
Isolation Forest + VQC Statevector,Hybrid quantum simulation,266,1,0.30186268749678846,0.3100287622305141,0
Isolation Forest + VQC Statevector,Hybrid quantum simulation,267,0,0.27979345721848575,0.3100287622305141,0
Isolation Forest + VQC Statevector,Hybrid quantum simulation,268,0,0.2807233574330711,0.3100287622305141,0
Isolation Forest + VQC Statevector,Hybrid quantum simulation,269,1,0.2927821669226919,0.3100287622305141,0
Isolation Forest + VQC Statevector,Hybrid quantum simulation,270,1,0.3014295019249221,0.3100287622305141,0
Isolation Forest + VQC Statevector,Hybrid quantum simulation,271,0,0.2804899642218728,0.3100287622305141,0
Isolation Forest + VQC Statevector,Hybrid quantum simulation,272,1,0.30964064749112646,0.3100287622305141,0
Isolation Forest + VQC Statevector,Hybrid quantum simulation,273,0,0.2746292341311748,0.3100287622305141,0
Isolation Forest + VQC Statevector,Hybrid quantum simulation,274,1,0.3073743234802715,0.3100287622305141,0
Isolation Forest + VQC Statevector,Hybrid quantum simulation,275,1,0.2656310133837154,0.3100287622305141,0
Isolation Forest + VQC Statevector,Hybrid quantum simulation,276,0,0.30852922725211807,0.3100287622305141,0
Isolation Forest + VQC Statevector,Hybrid quantum simulation,277,0,0.29486828608212745,0.3100287622305141,0
Isolation Forest + VQC Statevector,Hybrid quantum simulation,278,0,0.29424917042432547,0.3100287622305141,0
Isolation Forest + VQC Statevector,Hybrid quantum simulation,279,0,0.28777241269403697,0.3100287622305141,0
Isolation Forest + VQC Statevector,Hybrid quantum simulation,280,0,0.28856538683291144,0.3100287622305141,0
Isolation Forest + VQC Statevector,Hybrid quantum simulation,281,0,0.27818933778973476,0.3100287622305141,0
Isolation Forest + VQC Statevector,Hybrid quantum simulation,282,1,0.2969913084893447,0.3100287622305141,0
Isolation Forest + VQC Statevector,Hybrid quantum simulation,283,0,0.3015099945870849,0.3100287622305141,0
Isolation Forest + VQC Statevector,Hybrid quantum simulation,284,1,0.30275941977699955,0.3100287622305141,0
Isolation Forest + VQC Statevector,Hybrid quantum simulation,285,0,0.2890457938749066,0.3100287622305141,0
Isolation Forest + VQC Statevector,Hybrid quantum simulation,286,1,0.2935339930900337,0.3100287622305141,0
Isolation Forest + VQC Statevector,Hybrid quantum simulation,287,1,0.29403053755346203,0.3100287622305141,0
Isolation Forest + VQC Statevector,Hybrid quantum simulation,288,0,0.2949879251593104,0.3100287622305141,0
Isolation Forest + VQC Statevector,Hybrid quantum simulation,289,1,0.2811117895832221,0.3100287622305141,0
Isolation Forest + VQC Statevector,Hybrid quantum simulation,290,1,0.28494651555053224,0.3100287622305141,0
Isolation Forest + VQC Statevector,Hybrid quantum simulation,291,1,0.30942932548442814,0.3100287622305141,0
Isolation Forest + VQC Statevector,Hybrid quantum simulation,292,1,0.30803290599819866,0.3100287622305141,0
Isolation Forest + VQC Statevector,Hybrid quantum simulation,293,0,0.2916392255667838,0.3100287622305141,0
Isolation Forest + VQC Statevector,Hybrid quantum simulation,294,0,0.27864468539483783,0.3100287622305141,0
Isolation Forest + VQC Statevector,Hybrid quantum simulation,295,0,0.3005400892164037,0.3100287622305141,0
Isolation Forest + VQC Statevector,Hybrid quantum simulation,296,1,0.31550529910417663,0.3100287622305141,1
Isolation Forest + VQC Statevector,Hybrid quantum simulation,297,0,0.2804899642218728,0.3100287622305141,0
Isolation Forest + VQC Statevector,Hybrid quantum simulation,298,1,0.29137495214080644,0.3100287622305141,0
Isolation Forest + VQC Statevector,Hybrid quantum simulation,299,1,0.28047158700454594,0.3100287622305141,0
