row_id,split,model,y_true,y_score,y_pred
0,test,Logistic Regression,0,0.3881837838421952,0
1,test,Logistic Regression,1,0.5249318655284675,0
2,test,Logistic Regression,0,0.5281757751736702,0
3,test,Logistic Regression,0,0.5254434877151151,0
4,test,Logistic Regression,0,0.3890020319372471,0
5,test,Logistic Regression,0,0.5263590453188597,0
6,test,Logistic Regression,0,0.5254101097693902,0
7,test,Logistic Regression,1,0.528498171138895,0
8,test,Logistic Regression,1,0.5264835803471266,0
9,test,Logistic Regression,0,0.3883878051075959,0
10,test,Logistic Regression,1,0.524701881753343,0
11,test,Logistic Regression,0,0.3886376242804798,0
12,test,Logistic Regression,0,0.5286746960732304,0
13,test,Logistic Regression,1,0.5253467708674673,0
14,test,Logistic Regression,0,0.3903286874486423,0
15,test,Logistic Regression,1,0.5266635072372785,0
16,test,Logistic Regression,1,0.5289691978336176,0
17,test,Logistic Regression,1,0.5270610260245806,0
18,test,Logistic Regression,0,0.5271257074427449,0
19,test,Logistic Regression,0,0.5259845691231072,0
20,test,Logistic Regression,0,0.5264957305269259,0
21,test,Logistic Regression,1,0.5278426309619587,0
22,test,Logistic Regression,0,0.388662297090227,0
23,test,Logistic Regression,1,0.5287127559004511,0
24,test,Logistic Regression,0,0.5295327606046928,1
25,test,Logistic Regression,0,0.526908372785462,0
26,test,Logistic Regression,1,0.528359362354838,0
27,test,Logistic Regression,0,0.526735221794809,0
28,test,Logistic Regression,0,0.5292170465206751,0
29,test,Logistic Regression,1,0.5268988586409599,0
30,test,Logistic Regression,1,0.5267481368044098,0
31,test,Logistic Regression,0,0.5258864849949345,0
32,test,Logistic Regression,0,0.5277561843390246,0
33,test,Logistic Regression,1,0.5269333243656997,0
34,test,Logistic Regression,0,0.3893315954318876,0
35,test,Logistic Regression,1,0.5281629558558759,0
36,test,Logistic Regression,0,0.3883878051075959,0
37,test,Logistic Regression,0,0.525748389769664,0
38,test,Logistic Regression,0,0.528479934982971,0
39,test,Logistic Regression,0,0.5261675512609391,0
40,test,Logistic Regression,1,0.5271869186474174,0
41,test,Logistic Regression,1,0.5300984675384854,1
42,test,Logistic Regression,0,0.3889301091436034,0
43,test,Logistic Regression,0,0.3885134236128127,0
44,test,Logistic Regression,1,0.5264451646312545,0
45,test,Logistic Regression,0,0.3889781098463781,0
46,test,Logistic Regression,0,0.5261750050932449,0
47,test,Logistic Regression,1,0.5290885560217208,0
48,test,Logistic Regression,1,0.5298076545139523,1
49,test,Logistic Regression,1,0.5283500007528953,0
50,test,Logistic Regression,1,0.5256316175101263,0
51,test,Logistic Regression,1,0.5257293819621353,0
52,test,Logistic Regression,0,0.5262408621465794,0
53,test,Logistic Regression,0,0.5268172682574425,0
54,test,Logistic Regression,0,0.5261647746137914,0
55,test,Logistic Regression,0,0.3894698722991234,0
56,test,Logistic Regression,1,0.5263403428453872,0
57,test,Logistic Regression,1,0.5288268281322822,0
58,test,Logistic Regression,1,0.5285647471704419,0
59,test,Logistic Regression,1,0.5285537710857038,0
60,test,Logistic Regression,0,0.5271303070732858,0
61,test,Logistic Regression,0,0.3895155814343795,0
62,test,Logistic Regression,1,0.5286035812310284,0
63,test,Logistic Regression,0,0.3893778809100725,0
64,test,Logistic Regression,1,0.5288724884221692,0
65,test,Logistic Regression,0,0.5282054334790881,0
66,test,Logistic Regression,1,0.5281138343414346,0
67,test,Logistic Regression,0,0.5272904379161201,0
68,test,Logistic Regression,1,0.5268754037856056,0
69,test,Logistic Regression,0,0.388662297090227,0
70,test,Logistic Regression,0,0.528396396925698,0
71,test,Logistic Regression,0,0.3882862673891829,0
72,test,Logistic Regression,0,0.3888091835790139,0
73,test,Logistic Regression,1,0.5276850605260238,0
74,test,Logistic Regression,0,0.3889301091436034,0
75,test,Logistic Regression,0,0.5253970738926378,0
76,test,Logistic Regression,0,0.3893315954318876,0
77,test,Logistic Regression,0,0.5255313295318248,0
78,test,Logistic Regression,1,0.5252525381154621,0
79,test,Logistic Regression,1,0.5283260649013196,0
80,test,Logistic Regression,0,0.3894698722991234,0
81,test,Logistic Regression,0,0.3887359853723696,0
82,test,Logistic Regression,0,0.3886376242804798,0
83,test,Logistic Regression,1,0.5251246451136246,0
84,test,Logistic Regression,0,0.3887848382253874,0
85,test,Logistic Regression,1,0.3881837838421952,0
86,test,Logistic Regression,1,0.5270077597128677,0
87,test,Logistic Regression,1,0.5257968281098453,0
88,test,Logistic Regression,0,0.3884382247304549,0
89,test,Logistic Regression,1,0.5264231280743603,0
90,test,Logistic Regression,1,0.5265642907531182,0
91,test,Logistic Regression,0,0.3891915600821445,0
92,test,Logistic Regression,0,0.3888334752036754,0
93,test,Logistic Regression,1,0.5290308668045944,0
94,test,Logistic Regression,0,0.3884382247304549,0
95,test,Logistic Regression,1,0.5291584724346887,0
96,test,Logistic Regression,0,0.3891915600821445,0
97,test,Logistic Regression,0,0.3886128960323344,0
98,test,Logistic Regression,0,0.3893315954318876,0
99,test,Logistic Regression,0,0.5271233178355424,0
100,test,Logistic Regression,0,0.3886128960323344,0
101,test,Logistic Regression,1,0.5268251064073852,0
102,test,Logistic Regression,0,0.3884382247304549,0
103,test,Logistic Regression,0,0.3890020319372471,0
104,test,Logistic Regression,1,0.5248313775420299,0
105,test,Logistic Regression,0,0.5275509597322373,0
106,test,Logistic Regression,1,0.5281807701181775,0
107,test,Logistic Regression,0,0.5261573468630101,0
108,test,Logistic Regression,0,0.5287810187218843,0
109,test,Logistic Regression,1,0.5261337486303059,0
110,test,Logistic Regression,1,0.527417045248308,0
111,test,Logistic Regression,1,0.5290516551703244,0
112,test,Logistic Regression,1,0.5258931261313249,0
113,test,Logistic Regression,0,0.3894698722991234,0
114,test,Logistic Regression,0,0.3887359853723696,0
115,test,Logistic Regression,1,0.5248702910060596,0
116,test,Logistic Regression,1,0.5285168221574451,0
117,test,Logistic Regression,1,0.5292649639779576,0
118,test,Logistic Regression,1,0.5259513373591386,0
119,test,Logistic Regression,1,0.5265429149235334,0
120,test,Logistic Regression,0,0.3884633481683336,0
121,test,Logistic Regression,0,0.5270901422092941,0
122,test,Logistic Regression,0,0.5273019465285238,0
123,test,Logistic Regression,0,0.3892150233339018,0
124,test,Logistic Regression,0,0.5287365102196855,0
125,test,Logistic Regression,1,0.5255698194563031,0
126,test,Logistic Regression,0,0.3884884143753343,0
127,test,Logistic Regression,0,0.3890972038428175,0
128,test,Logistic Regression,1,0.5257421913999812,0
129,test,Logistic Regression,0,0.388362508390808,0
130,test,Logistic Regression,0,0.3895155814343795,0
131,test,Logistic Regression,1,0.5256223401314462,0
132,test,Logistic Regression,1,0.5247307238796997,0
133,test,Logistic Regression,1,0.5258075763864113,0
134,test,Logistic Regression,1,0.5255462920965713,0
135,test,Logistic Regression,1,0.5257421913999812,0
136,test,Logistic Regression,0,0.5268431149084232,0
137,test,Logistic Regression,1,0.5289865513626113,0
138,test,Logistic Regression,0,0.5267671228041422,0
139,test,Logistic Regression,0,0.5263198547781522,0
140,test,Logistic Regression,1,0.5292670178144825,0
141,test,Logistic Regression,0,0.5261957090138135,0
142,test,Logistic Regression,0,0.3891680467233226,0
143,test,Logistic Regression,1,0.52659089896085,0
144,test,Logistic Regression,0,0.3903498516795217,0
145,test,Logistic Regression,0,0.3890259021575679,0
146,test,Logistic Regression,0,0.5279066572575863,0
147,test,Logistic Regression,1,0.5272389894850806,0
148,test,Logistic Regression,0,0.5281334104022225,0
149,test,Logistic Regression,0,0.3884130437985372,0
150,test,Logistic Regression,1,0.5268804622269669,0
151,test,Logistic Regression,1,0.5266615449798301,0
152,test,Logistic Regression,1,0.5263648312916892,0
153,test,Logistic Regression,0,0.6589777139466557,1
154,test,Logistic Regression,1,0.5289580487025864,0
155,test,Logistic Regression,0,0.388881898215427,0
156,test,Logistic Regression,0,0.3881580130865497,0
157,test,Logistic Regression,1,0.5267808757277005,0
158,test,Logistic Regression,0,0.5270862860848482,0
159,test,Logistic Regression,0,0.3882351449494352,0
160,test,Logistic Regression,1,0.5263043326853494,0
161,test,Logistic Regression,0,0.5267440520246881,0
162,test,Logistic Regression,1,0.525711997710096,0
163,test,Logistic Regression,1,0.5289034466581664,0
164,test,Logistic Regression,0,0.3882094943691005,0
165,test,Logistic Regression,0,0.3886128960323344,0
166,test,Logistic Regression,0,0.5255590297059572,0
167,test,Logistic Regression,1,0.5267606215873287,0
168,test,Logistic Regression,1,0.5254198738508954,0
169,test,Logistic Regression,0,0.3892851145807763,0
170,test,Logistic Regression,1,0.5268754037856056,0
171,test,Logistic Regression,0,0.388337153379494,0
172,test,Logistic Regression,1,0.5289077424165411,0
173,test,Logistic Regression,1,0.5251000838078614,0
174,test,Logistic Regression,1,0.3903709753457102,0
175,test,Logistic Regression,1,0.5301118671176754,1
176,test,Logistic Regression,0,0.3884382247304549,0
177,test,Logistic Regression,0,0.3884130437985372,0
178,test,Logistic Regression,0,0.3890259021575679,0
179,test,Logistic Regression,1,0.5258510911115893,0
180,test,Logistic Regression,1,0.5287037829974925,0
181,test,Logistic Regression,0,0.5265139810967148,0
182,test,Logistic Regression,1,0.5285330255392836,0
183,test,Logistic Regression,0,0.5274303854074592,0
184,test,Logistic Regression,1,0.5289215301423693,0
185,test,Logistic Regression,1,0.5266833778619544,0
186,test,Logistic Regression,0,0.3883878051075959,0
187,test,Logistic Regression,1,0.5290466597283294,0
188,test,Logistic Regression,1,0.5261519443120106,0
189,test,Logistic Regression,0,0.5276171302982738,0
190,test,Logistic Regression,1,0.5292269343879582,0
191,test,Logistic Regression,1,0.5255043898801653,0
192,test,Logistic Regression,0,0.5290536604749635,0
193,test,Logistic Regression,0,0.3894698722991234,0
194,test,Logistic Regression,1,0.5288307114573084,0
195,test,Logistic Regression,1,0.5257414834757493,0
196,test,Logistic Regression,1,0.5275610766873736,0
197,test,Logistic Regression,1,0.5253208991399048,0
198,test,Logistic Regression,1,0.5255647700907635,0
199,test,Logistic Regression,1,0.5290186280177724,0
200,test,Logistic Regression,0,0.5262755170936382,0
201,test,Logistic Regression,0,0.3890972038428175,0
202,test,Logistic Regression,0,0.5264923220543807,0
203,test,Logistic Regression,1,0.5283341519168235,0
204,test,Logistic Regression,0,0.5262432771158402,0
205,test,Logistic Regression,0,0.5269078402698685,0
206,test,Logistic Regression,1,0.5254656656622932,0
207,test,Logistic Regression,1,0.5279391172646747,0
208,test,Logistic Regression,0,0.3887114773895158,0
209,test,Logistic Regression,1,0.5253543113120603,0
210,test,Logistic Regression,1,0.5253140959681991,0
211,test,Logistic Regression,0,0.527641228745545,0
212,test,Logistic Regression,1,0.5252745703191072,0
213,test,Logistic Regression,1,0.5279267721803077,0
214,test,Logistic Regression,1,0.5260570530944163,0
215,test,Logistic Regression,1,0.5277467103441748,0
216,test,Logistic Regression,1,0.5269601351949571,0
217,test,Logistic Regression,0,0.526455781601253,0
218,test,Logistic Regression,1,0.3897787079037573,0
219,test,Logistic Regression,1,0.528814704994384,0
220,test,Logistic Regression,1,0.527065413814307,0
221,test,Logistic Regression,1,0.528711626036785,0
222,test,Logistic Regression,0,0.3883117398031002,0
223,test,Logistic Regression,0,0.3881580130865497,0
224,test,Logistic Regression,0,0.3880543220627556,0
225,test,Logistic Regression,1,0.5252113948893347,0
226,test,Logistic Regression,1,0.3883878051075959,0
227,test,Logistic Regression,1,0.5299804955593722,1
228,test,Logistic Regression,0,0.528446903998985,0
229,test,Logistic Regression,1,0.5285824877688172,0
230,test,Logistic Regression,0,0.3881837838421952,0
231,test,Logistic Regression,1,0.5270749015244317,0
232,test,Logistic Regression,0,0.3890020319372471,0
233,test,Logistic Regression,1,0.5267925643419192,0
234,test,Logistic Regression,0,0.3889541356579865,0
235,test,Logistic Regression,1,0.5277482391752429,0
236,test,Logistic Regression,1,0.5254447575178636,0
237,test,Logistic Regression,1,0.528850907994217,0
238,test,Logistic Regression,0,0.5301287583393332,1
239,test,Logistic Regression,0,0.3887114773895158,0
240,test,Logistic Regression,0,0.3882351449494352,0
241,test,Logistic Regression,1,0.5265579452233736,0
242,test,Logistic Regression,0,0.3880803365953538,0
243,test,Logistic Regression,1,0.5272428778133514,0
244,test,Logistic Regression,1,0.5300979277187209,1
245,test,Logistic Regression,1,0.528259512481917,0
246,test,Logistic Regression,1,0.5250792477107268,0
247,test,Logistic Regression,0,0.5271653887637704,0
248,test,Logistic Regression,1,0.5287230961361854,0
249,test,Logistic Regression,0,0.3884633481683336,0
250,test,Logistic Regression,0,0.526731109042081,0
251,test,Logistic Regression,0,0.527441712081242,0
252,test,Logistic Regression,1,0.528196846202759,0
253,test,Logistic Regression,0,0.3881321818179937,0
254,test,Logistic Regression,1,0.5266214116621752,0
255,test,Logistic Regression,1,0.5253662482226252,0
256,test,Logistic Regression,1,0.5290567561404237,0
257,test,Logistic Regression,0,0.527378380058904,0
258,test,Logistic Regression,0,0.5271613371905565,0
259,test,Logistic Regression,1,0.5248765265296482,0
260,test,Logistic Regression,1,0.5278662643991051,0
261,test,Logistic Regression,1,0.5301368120503384,1
262,test,Logistic Regression,1,0.5281718807657388,0
263,test,Logistic Regression,0,0.5261582313278592,0
264,test,Logistic Regression,0,0.3895155814343795,0
265,test,Logistic Regression,1,0.5264529114410395,0
266,test,Logistic Regression,1,0.5281203199852003,0
267,test,Logistic Regression,0,0.3890020319372471,0
268,test,Logistic Regression,0,0.3889060300732502,0
269,test,Logistic Regression,1,0.5267689772399644,0
270,test,Logistic Regression,1,0.5280566243119755,0
271,test,Logistic Regression,0,0.3889301091436034,0
272,test,Logistic Regression,1,0.5292514601008476,0
273,test,Logistic Regression,0,0.3895383650576035,0
274,test,Logistic Regression,1,0.5289242826180742,0
275,test,Logistic Regression,1,0.3904863287432079,0
276,test,Logistic Regression,0,0.5290912534288439,0
277,test,Logistic Regression,0,0.5270824833746922,0
278,test,Logistic Regression,0,0.5269896356315495,0
279,test,Logistic Regression,0,0.3881837838421952,0
280,test,Logistic Regression,0,0.5261294968792722,0
281,test,Logistic Regression,0,0.3891680467233226,0
282,test,Logistic Regression,1,0.5273996393552985,0
283,test,Logistic Regression,0,0.5280684656611712,0
284,test,Logistic Regression,1,0.5282519371904011,0
285,test,Logistic Regression,0,0.3880543220627556,0
286,test,Logistic Regression,1,0.5268821780825188,0
287,test,Logistic Regression,1,0.5269568086005068,0
288,test,Logistic Regression,0,0.5271004066669609,0
289,test,Logistic Regression,1,0.5249794977074701,0
290,test,Logistic Regression,1,0.5255743544514442,0
291,test,Logistic Regression,1,0.5292210347562252,0
292,test,Logistic Regression,1,0.5290195597605141,0
293,test,Logistic Regression,0,0.5265964188591967,0
294,test,Logistic Regression,0,0.3891208688212247,0
295,test,Logistic Regression,0,0.5279256082886339,0
296,test,Logistic Regression,1,0.530089238407151,1
297,test,Logistic Regression,0,0.3889301091436034,0
298,test,Logistic Regression,1,0.5265564386437325,0
299,test,Logistic Regression,1,0.5248795099524775,0
0,test,HistGradientBoosting,0,0.9617236209100865,1
1,test,HistGradientBoosting,1,0.9617236209100865,1
2,test,HistGradientBoosting,0,0.9617236209100865,1
3,test,HistGradientBoosting,0,0.9617236209100865,1
4,test,HistGradientBoosting,0,0.9617236209100865,1
5,test,HistGradientBoosting,0,0.9617236209100865,1
6,test,HistGradientBoosting,0,0.9617236209100865,1
7,test,HistGradientBoosting,1,0.9617236209100865,1
8,test,HistGradientBoosting,1,0.9617236209100865,1
9,test,HistGradientBoosting,0,0.9617236209100865,1
10,test,HistGradientBoosting,1,0.9617236209100865,1
11,test,HistGradientBoosting,0,0.9617236209100865,1
12,test,HistGradientBoosting,0,0.9617236209100865,1
13,test,HistGradientBoosting,1,0.9617236209100865,1
14,test,HistGradientBoosting,0,0.9617236209100865,1
15,test,HistGradientBoosting,1,0.9617236209100865,1
16,test,HistGradientBoosting,1,0.9617236209100865,1
17,test,HistGradientBoosting,1,0.9617236209100865,1
18,test,HistGradientBoosting,0,0.9617236209100865,1
19,test,HistGradientBoosting,0,0.9617236209100865,1
20,test,HistGradientBoosting,0,0.9617236209100865,1
21,test,HistGradientBoosting,1,0.9617236209100865,1
22,test,HistGradientBoosting,0,0.9617236209100865,1
23,test,HistGradientBoosting,1,0.9617236209100865,1
24,test,HistGradientBoosting,0,0.9617236209100865,1
25,test,HistGradientBoosting,0,0.9617236209100865,1
26,test,HistGradientBoosting,1,0.9617236209100865,1
27,test,HistGradientBoosting,0,0.9617236209100865,1
28,test,HistGradientBoosting,0,0.9617236209100865,1
29,test,HistGradientBoosting,1,0.9617236209100865,1
30,test,HistGradientBoosting,1,0.9617236209100865,1
31,test,HistGradientBoosting,0,0.9617236209100865,1
32,test,HistGradientBoosting,0,0.9617236209100865,1
33,test,HistGradientBoosting,1,0.9617236209100865,1
34,test,HistGradientBoosting,0,0.9617236209100865,1
35,test,HistGradientBoosting,1,0.9617236209100865,1
36,test,HistGradientBoosting,0,0.9617236209100865,1
37,test,HistGradientBoosting,0,0.9617236209100865,1
38,test,HistGradientBoosting,0,0.9617236209100865,1
39,test,HistGradientBoosting,0,0.9617236209100865,1
40,test,HistGradientBoosting,1,0.9617236209100865,1
41,test,HistGradientBoosting,1,0.9617236209100865,1
42,test,HistGradientBoosting,0,0.9617236209100865,1
43,test,HistGradientBoosting,0,0.9617236209100865,1
44,test,HistGradientBoosting,1,0.9617236209100865,1
45,test,HistGradientBoosting,0,0.9617236209100865,1
46,test,HistGradientBoosting,0,0.9617236209100865,1
47,test,HistGradientBoosting,1,0.9617236209100865,1
48,test,HistGradientBoosting,1,0.9617236209100865,1
49,test,HistGradientBoosting,1,0.9617236209100865,1
50,test,HistGradientBoosting,1,0.9617236209100865,1
51,test,HistGradientBoosting,1,0.9617236209100865,1
52,test,HistGradientBoosting,0,0.9617236209100865,1
53,test,HistGradientBoosting,0,0.9617236209100865,1
54,test,HistGradientBoosting,0,0.9617236209100865,1
55,test,HistGradientBoosting,0,0.9617236209100865,1
56,test,HistGradientBoosting,1,0.9617236209100865,1
57,test,HistGradientBoosting,1,0.9617236209100865,1
58,test,HistGradientBoosting,1,0.9617236209100865,1
59,test,HistGradientBoosting,1,0.9617236209100865,1
60,test,HistGradientBoosting,0,0.9617236209100865,1
61,test,HistGradientBoosting,0,0.9617236209100865,1
62,test,HistGradientBoosting,1,0.9617236209100865,1
63,test,HistGradientBoosting,0,0.9617236209100865,1
64,test,HistGradientBoosting,1,0.9617236209100865,1
65,test,HistGradientBoosting,0,0.9617236209100865,1
66,test,HistGradientBoosting,1,0.9617236209100865,1
67,test,HistGradientBoosting,0,0.9617236209100865,1
68,test,HistGradientBoosting,1,0.9617236209100865,1
69,test,HistGradientBoosting,0,0.9617236209100865,1
70,test,HistGradientBoosting,0,0.9617236209100865,1
71,test,HistGradientBoosting,0,0.9617236209100865,1
72,test,HistGradientBoosting,0,0.9617236209100865,1
73,test,HistGradientBoosting,1,0.9617236209100865,1
74,test,HistGradientBoosting,0,0.9617236209100865,1
75,test,HistGradientBoosting,0,0.9617236209100865,1
76,test,HistGradientBoosting,0,0.9617236209100865,1
77,test,HistGradientBoosting,0,0.9617236209100865,1
78,test,HistGradientBoosting,1,0.9617236209100865,1
79,test,HistGradientBoosting,1,0.9617236209100865,1
80,test,HistGradientBoosting,0,0.9617236209100865,1
81,test,HistGradientBoosting,0,0.9617236209100865,1
82,test,HistGradientBoosting,0,0.9617236209100865,1
83,test,HistGradientBoosting,1,0.9617236209100865,1
84,test,HistGradientBoosting,0,0.9617236209100865,1
85,test,HistGradientBoosting,1,0.9617236209100865,1
86,test,HistGradientBoosting,1,0.9617236209100865,1
87,test,HistGradientBoosting,1,0.9617236209100865,1
88,test,HistGradientBoosting,0,0.9617236209100865,1
89,test,HistGradientBoosting,1,0.9617236209100865,1
90,test,HistGradientBoosting,1,0.9617236209100865,1
91,test,HistGradientBoosting,0,0.9617236209100865,1
92,test,HistGradientBoosting,0,0.9617236209100865,1
93,test,HistGradientBoosting,1,0.9617236209100865,1
94,test,HistGradientBoosting,0,0.9617236209100865,1
95,test,HistGradientBoosting,1,0.9617236209100865,1
96,test,HistGradientBoosting,0,0.9617236209100865,1
97,test,HistGradientBoosting,0,0.9617236209100865,1
98,test,HistGradientBoosting,0,0.9617236209100865,1
99,test,HistGradientBoosting,0,0.9617236209100865,1
100,test,HistGradientBoosting,0,0.9617236209100865,1
101,test,HistGradientBoosting,1,0.9617236209100865,1
102,test,HistGradientBoosting,0,0.9617236209100865,1
103,test,HistGradientBoosting,0,0.9617236209100865,1
104,test,HistGradientBoosting,1,0.9617236209100865,1
105,test,HistGradientBoosting,0,0.9617236209100865,1
106,test,HistGradientBoosting,1,0.9617236209100865,1
107,test,HistGradientBoosting,0,0.9617236209100865,1
108,test,HistGradientBoosting,0,0.9617236209100865,1
109,test,HistGradientBoosting,1,0.9617236209100865,1
110,test,HistGradientBoosting,1,0.9617236209100865,1
111,test,HistGradientBoosting,1,0.9617236209100865,1
112,test,HistGradientBoosting,1,0.9617236209100865,1
113,test,HistGradientBoosting,0,0.9617236209100865,1
114,test,HistGradientBoosting,0,0.9617236209100865,1
115,test,HistGradientBoosting,1,0.9617236209100865,1
116,test,HistGradientBoosting,1,0.9617236209100865,1
117,test,HistGradientBoosting,1,0.9617236209100865,1
118,test,HistGradientBoosting,1,0.9617236209100865,1
119,test,HistGradientBoosting,1,0.9617236209100865,1
120,test,HistGradientBoosting,0,0.9617236209100865,1
121,test,HistGradientBoosting,0,0.9617236209100865,1
122,test,HistGradientBoosting,0,0.9617236209100865,1
123,test,HistGradientBoosting,0,0.9617236209100865,1
124,test,HistGradientBoosting,0,0.9617236209100865,1
125,test,HistGradientBoosting,1,0.9617236209100865,1
126,test,HistGradientBoosting,0,0.9617236209100865,1
127,test,HistGradientBoosting,0,0.9617236209100865,1
128,test,HistGradientBoosting,1,0.9617236209100865,1
129,test,HistGradientBoosting,0,0.9617236209100865,1
130,test,HistGradientBoosting,0,0.9617236209100865,1
131,test,HistGradientBoosting,1,0.9617236209100865,1
132,test,HistGradientBoosting,1,0.9617236209100865,1
133,test,HistGradientBoosting,1,0.9617236209100865,1
134,test,HistGradientBoosting,1,0.9617236209100865,1
135,test,HistGradientBoosting,1,0.9617236209100865,1
136,test,HistGradientBoosting,0,0.9617236209100865,1
137,test,HistGradientBoosting,1,0.9617236209100865,1
138,test,HistGradientBoosting,0,0.9617236209100865,1
139,test,HistGradientBoosting,0,0.9617236209100865,1
140,test,HistGradientBoosting,1,0.9617236209100865,1
141,test,HistGradientBoosting,0,0.9617236209100865,1
142,test,HistGradientBoosting,0,0.9617236209100865,1
143,test,HistGradientBoosting,1,0.9617236209100865,1
144,test,HistGradientBoosting,0,0.9617236209100865,1
145,test,HistGradientBoosting,0,0.9617236209100865,1
146,test,HistGradientBoosting,0,0.9617236209100865,1
147,test,HistGradientBoosting,1,0.9617236209100865,1
148,test,HistGradientBoosting,0,0.9617236209100865,1
149,test,HistGradientBoosting,0,0.9617236209100865,1
150,test,HistGradientBoosting,1,0.9617236209100865,1
151,test,HistGradientBoosting,1,0.9617236209100865,1
152,test,HistGradientBoosting,1,0.9617236209100865,1
153,test,HistGradientBoosting,0,0.9617236209100865,1
154,test,HistGradientBoosting,1,0.9617236209100865,1
155,test,HistGradientBoosting,0,0.9617236209100865,1
156,test,HistGradientBoosting,0,0.9617236209100865,1
157,test,HistGradientBoosting,1,0.9617236209100865,1
158,test,HistGradientBoosting,0,0.9617236209100865,1
159,test,HistGradientBoosting,0,0.9617236209100865,1
160,test,HistGradientBoosting,1,0.9617236209100865,1
161,test,HistGradientBoosting,0,0.9617236209100865,1
162,test,HistGradientBoosting,1,0.9617236209100865,1
163,test,HistGradientBoosting,1,0.9617236209100865,1
164,test,HistGradientBoosting,0,0.9617236209100865,1
165,test,HistGradientBoosting,0,0.9617236209100865,1
166,test,HistGradientBoosting,0,0.9617236209100865,1
167,test,HistGradientBoosting,1,0.9617236209100865,1
168,test,HistGradientBoosting,1,0.9617236209100865,1
169,test,HistGradientBoosting,0,0.9617236209100865,1
170,test,HistGradientBoosting,1,0.9617236209100865,1
171,test,HistGradientBoosting,0,0.9617236209100865,1
172,test,HistGradientBoosting,1,0.9617236209100865,1
173,test,HistGradientBoosting,1,0.9617236209100865,1
174,test,HistGradientBoosting,1,0.9617236209100865,1
175,test,HistGradientBoosting,1,0.9617236209100865,1
176,test,HistGradientBoosting,0,0.9617236209100865,1
177,test,HistGradientBoosting,0,0.9617236209100865,1
178,test,HistGradientBoosting,0,0.9617236209100865,1
179,test,HistGradientBoosting,1,0.9617236209100865,1
180,test,HistGradientBoosting,1,0.9617236209100865,1
181,test,HistGradientBoosting,0,0.9617236209100865,1
182,test,HistGradientBoosting,1,0.9617236209100865,1
183,test,HistGradientBoosting,0,0.9617236209100865,1
184,test,HistGradientBoosting,1,0.9617236209100865,1
185,test,HistGradientBoosting,1,0.9617236209100865,1
186,test,HistGradientBoosting,0,0.9617236209100865,1
187,test,HistGradientBoosting,1,0.9617236209100865,1
188,test,HistGradientBoosting,1,0.9617236209100865,1
189,test,HistGradientBoosting,0,0.9617236209100865,1
190,test,HistGradientBoosting,1,0.9617236209100865,1
191,test,HistGradientBoosting,1,0.9617236209100865,1
192,test,HistGradientBoosting,0,0.9617236209100865,1
193,test,HistGradientBoosting,0,0.9617236209100865,1
194,test,HistGradientBoosting,1,0.9617236209100865,1
195,test,HistGradientBoosting,1,0.9617236209100865,1
196,test,HistGradientBoosting,1,0.9617236209100865,1
197,test,HistGradientBoosting,1,0.9617236209100865,1
198,test,HistGradientBoosting,1,0.9617236209100865,1
199,test,HistGradientBoosting,1,0.9617236209100865,1
200,test,HistGradientBoosting,0,0.9617236209100865,1
201,test,HistGradientBoosting,0,0.9617236209100865,1
202,test,HistGradientBoosting,0,0.9617236209100865,1
203,test,HistGradientBoosting,1,0.9617236209100865,1
204,test,HistGradientBoosting,0,0.9617236209100865,1
205,test,HistGradientBoosting,0,0.9617236209100865,1
206,test,HistGradientBoosting,1,0.9617236209100865,1
207,test,HistGradientBoosting,1,0.9617236209100865,1
208,test,HistGradientBoosting,0,0.9617236209100865,1
209,test,HistGradientBoosting,1,0.9617236209100865,1
210,test,HistGradientBoosting,1,0.9617236209100865,1
211,test,HistGradientBoosting,0,0.9617236209100865,1
212,test,HistGradientBoosting,1,0.9617236209100865,1
213,test,HistGradientBoosting,1,0.9617236209100865,1
214,test,HistGradientBoosting,1,0.9617236209100865,1
215,test,HistGradientBoosting,1,0.9617236209100865,1
216,test,HistGradientBoosting,1,0.9617236209100865,1
217,test,HistGradientBoosting,0,0.9617236209100865,1
218,test,HistGradientBoosting,1,0.9617236209100865,1
219,test,HistGradientBoosting,1,0.9617236209100865,1
220,test,HistGradientBoosting,1,0.9617236209100865,1
221,test,HistGradientBoosting,1,0.9617236209100865,1
222,test,HistGradientBoosting,0,0.9617236209100865,1
223,test,HistGradientBoosting,0,0.9617236209100865,1
224,test,HistGradientBoosting,0,0.9617236209100865,1
225,test,HistGradientBoosting,1,0.9617236209100865,1
226,test,HistGradientBoosting,1,0.9617236209100865,1
227,test,HistGradientBoosting,1,0.9617236209100865,1
228,test,HistGradientBoosting,0,0.9617236209100865,1
229,test,HistGradientBoosting,1,0.9617236209100865,1
230,test,HistGradientBoosting,0,0.9617236209100865,1
231,test,HistGradientBoosting,1,0.9617236209100865,1
232,test,HistGradientBoosting,0,0.9617236209100865,1
233,test,HistGradientBoosting,1,0.9617236209100865,1
234,test,HistGradientBoosting,0,0.9617236209100865,1
235,test,HistGradientBoosting,1,0.9617236209100865,1
236,test,HistGradientBoosting,1,0.9617236209100865,1
237,test,HistGradientBoosting,1,0.9617236209100865,1
238,test,HistGradientBoosting,0,0.9617236209100865,1
239,test,HistGradientBoosting,0,0.9617236209100865,1
240,test,HistGradientBoosting,0,0.9617236209100865,1
241,test,HistGradientBoosting,1,0.9617236209100865,1
242,test,HistGradientBoosting,0,0.9617236209100865,1
243,test,HistGradientBoosting,1,0.9617236209100865,1
244,test,HistGradientBoosting,1,0.9617236209100865,1
245,test,HistGradientBoosting,1,0.9617236209100865,1
246,test,HistGradientBoosting,1,0.9617236209100865,1
247,test,HistGradientBoosting,0,0.9617236209100865,1
248,test,HistGradientBoosting,1,0.9617236209100865,1
249,test,HistGradientBoosting,0,0.9617236209100865,1
250,test,HistGradientBoosting,0,0.9617236209100865,1
251,test,HistGradientBoosting,0,0.9617236209100865,1
252,test,HistGradientBoosting,1,0.9617236209100865,1
253,test,HistGradientBoosting,0,0.9617236209100865,1
254,test,HistGradientBoosting,1,0.9617236209100865,1
255,test,HistGradientBoosting,1,0.9617236209100865,1
256,test,HistGradientBoosting,1,0.9617236209100865,1
257,test,HistGradientBoosting,0,0.9617236209100865,1
258,test,HistGradientBoosting,0,0.9617236209100865,1
259,test,HistGradientBoosting,1,0.9617236209100865,1
260,test,HistGradientBoosting,1,0.9617236209100865,1
261,test,HistGradientBoosting,1,0.9617236209100865,1
262,test,HistGradientBoosting,1,0.9617236209100865,1
263,test,HistGradientBoosting,0,0.9617236209100865,1
264,test,HistGradientBoosting,0,0.9617236209100865,1
265,test,HistGradientBoosting,1,0.9617236209100865,1
266,test,HistGradientBoosting,1,0.9617236209100865,1
267,test,HistGradientBoosting,0,0.9617236209100865,1
268,test,HistGradientBoosting,0,0.9617236209100865,1
269,test,HistGradientBoosting,1,0.9617236209100865,1
270,test,HistGradientBoosting,1,0.9617236209100865,1
271,test,HistGradientBoosting,0,0.9617236209100865,1
272,test,HistGradientBoosting,1,0.9617236209100865,1
273,test,HistGradientBoosting,0,0.9617236209100865,1
274,test,HistGradientBoosting,1,0.9617236209100865,1
275,test,HistGradientBoosting,1,0.9617236209100865,1
276,test,HistGradientBoosting,0,0.9617236209100865,1
277,test,HistGradientBoosting,0,0.9617236209100865,1
278,test,HistGradientBoosting,0,0.9617236209100865,1
279,test,HistGradientBoosting,0,0.9617236209100865,1
280,test,HistGradientBoosting,0,0.9617236209100865,1
281,test,HistGradientBoosting,0,0.9617236209100865,1
282,test,HistGradientBoosting,1,0.9617236209100865,1
283,test,HistGradientBoosting,0,0.9617236209100865,1
284,test,HistGradientBoosting,1,0.9617236209100865,1
285,test,HistGradientBoosting,0,0.9617236209100865,1
286,test,HistGradientBoosting,1,0.9617236209100865,1
287,test,HistGradientBoosting,1,0.9617236209100865,1
288,test,HistGradientBoosting,0,0.9617236209100865,1
289,test,HistGradientBoosting,1,0.9617236209100865,1
290,test,HistGradientBoosting,1,0.9617236209100865,1
291,test,HistGradientBoosting,1,0.9617236209100865,1
292,test,HistGradientBoosting,1,0.9617236209100865,1
293,test,HistGradientBoosting,0,0.9617236209100865,1
294,test,HistGradientBoosting,0,0.9617236209100865,1
295,test,HistGradientBoosting,0,0.9617236209100865,1
296,test,HistGradientBoosting,1,0.9617236209100865,1
297,test,HistGradientBoosting,0,0.9617236209100865,1
298,test,HistGradientBoosting,1,0.9617236209100865,1
299,test,HistGradientBoosting,1,0.9617236209100865,1
0,test,Random Forest,0,0.98,0
1,test,Random Forest,1,0.98,0
2,test,Random Forest,0,1.0,1
3,test,Random Forest,0,0.98,0
4,test,Random Forest,0,0.98,0
5,test,Random Forest,0,0.98,0
6,test,Random Forest,0,0.98,0
7,test,Random Forest,1,1.0,1
8,test,Random Forest,1,0.98,0
9,test,Random Forest,0,0.98,0
10,test,Random Forest,1,0.98,0
11,test,Random Forest,0,0.98,0
12,test,Random Forest,0,1.0,1
13,test,Random Forest,1,0.98,0
14,test,Random Forest,0,0.98,0
15,test,Random Forest,1,0.98,0
16,test,Random Forest,1,1.0,1
17,test,Random Forest,1,1.0,1
18,test,Random Forest,0,1.0,1
19,test,Random Forest,0,0.98,0
20,test,Random Forest,0,0.98,0
21,test,Random Forest,1,1.0,1
22,test,Random Forest,0,0.98,0
23,test,Random Forest,1,1.0,1
24,test,Random Forest,0,1.0,1
25,test,Random Forest,0,1.0,1
26,test,Random Forest,1,1.0,1
27,test,Random Forest,0,0.98,0
28,test,Random Forest,0,1.0,1
29,test,Random Forest,1,1.0,1
30,test,Random Forest,1,0.98,0
31,test,Random Forest,0,0.98,0
32,test,Random Forest,0,1.0,1
33,test,Random Forest,1,1.0,1
34,test,Random Forest,0,0.98,0
35,test,Random Forest,1,1.0,1
36,test,Random Forest,0,0.98,0
37,test,Random Forest,0,0.98,0
38,test,Random Forest,0,1.0,1
39,test,Random Forest,0,0.98,0
40,test,Random Forest,1,1.0,1
41,test,Random Forest,1,1.0,1
42,test,Random Forest,0,0.98,0
43,test,Random Forest,0,0.98,0
44,test,Random Forest,1,0.98,0
45,test,Random Forest,0,0.98,0
46,test,Random Forest,0,0.98,0
47,test,Random Forest,1,1.0,1
48,test,Random Forest,1,1.0,1
49,test,Random Forest,1,1.0,1
50,test,Random Forest,1,0.98,0
51,test,Random Forest,1,0.98,0
52,test,Random Forest,0,0.98,0
53,test,Random Forest,0,0.98,0
54,test,Random Forest,0,0.98,0
55,test,Random Forest,0,0.98,0
56,test,Random Forest,1,0.98,0
57,test,Random Forest,1,1.0,1
58,test,Random Forest,1,1.0,1
59,test,Random Forest,1,1.0,1
60,test,Random Forest,0,1.0,1
61,test,Random Forest,0,0.98,0
62,test,Random Forest,1,1.0,1
63,test,Random Forest,0,0.98,0
64,test,Random Forest,1,1.0,1
65,test,Random Forest,0,1.0,1
66,test,Random Forest,1,1.0,1
67,test,Random Forest,0,1.0,1
68,test,Random Forest,1,0.98,0
69,test,Random Forest,0,0.98,0
70,test,Random Forest,0,1.0,1
71,test,Random Forest,0,0.98,0
72,test,Random Forest,0,0.98,0
73,test,Random Forest,1,1.0,1
74,test,Random Forest,0,0.98,0
75,test,Random Forest,0,0.98,0
76,test,Random Forest,0,0.98,0
77,test,Random Forest,0,0.98,0
78,test,Random Forest,1,0.98,0
79,test,Random Forest,1,1.0,1
80,test,Random Forest,0,0.98,0
81,test,Random Forest,0,0.98,0
82,test,Random Forest,0,0.98,0
83,test,Random Forest,1,0.98,0
84,test,Random Forest,0,0.98,0
85,test,Random Forest,1,0.98,0
86,test,Random Forest,1,1.0,1
87,test,Random Forest,1,0.98,0
88,test,Random Forest,0,0.98,0
89,test,Random Forest,1,0.98,0
90,test,Random Forest,1,0.98,0
91,test,Random Forest,0,0.98,0
92,test,Random Forest,0,0.98,0
93,test,Random Forest,1,1.0,1
94,test,Random Forest,0,0.98,0
95,test,Random Forest,1,1.0,1
96,test,Random Forest,0,0.98,0
97,test,Random Forest,0,0.98,0
98,test,Random Forest,0,0.98,0
99,test,Random Forest,0,1.0,1
100,test,Random Forest,0,0.98,0
101,test,Random Forest,1,0.98,0
102,test,Random Forest,0,0.98,0
103,test,Random Forest,0,0.98,0
104,test,Random Forest,1,0.98,0
105,test,Random Forest,0,1.0,1
106,test,Random Forest,1,1.0,1
107,test,Random Forest,0,0.98,0
108,test,Random Forest,0,1.0,1
109,test,Random Forest,1,0.98,0
110,test,Random Forest,1,1.0,1
111,test,Random Forest,1,1.0,1
112,test,Random Forest,1,0.98,0
113,test,Random Forest,0,0.98,0
114,test,Random Forest,0,0.98,0
115,test,Random Forest,1,0.98,0
116,test,Random Forest,1,1.0,1
117,test,Random Forest,1,1.0,1
118,test,Random Forest,1,0.98,0
119,test,Random Forest,1,0.98,0
120,test,Random Forest,0,0.98,0
121,test,Random Forest,0,1.0,1
122,test,Random Forest,0,1.0,1
123,test,Random Forest,0,0.98,0
124,test,Random Forest,0,1.0,1
125,test,Random Forest,1,0.98,0
126,test,Random Forest,0,0.98,0
127,test,Random Forest,0,0.98,0
128,test,Random Forest,1,0.98,0
129,test,Random Forest,0,0.98,0
130,test,Random Forest,0,0.98,0
131,test,Random Forest,1,0.98,0
132,test,Random Forest,1,0.98,0
133,test,Random Forest,1,0.98,0
134,test,Random Forest,1,0.98,0
135,test,Random Forest,1,0.98,0
136,test,Random Forest,0,0.98,0
137,test,Random Forest,1,1.0,1
138,test,Random Forest,0,0.98,0
139,test,Random Forest,0,0.98,0
140,test,Random Forest,1,1.0,1
141,test,Random Forest,0,0.98,0
142,test,Random Forest,0,0.98,0
143,test,Random Forest,1,0.98,0
144,test,Random Forest,0,0.98,0
145,test,Random Forest,0,0.98,0
146,test,Random Forest,0,1.0,1
147,test,Random Forest,1,1.0,1
148,test,Random Forest,0,1.0,1
149,test,Random Forest,0,0.98,0
150,test,Random Forest,1,1.0,1
151,test,Random Forest,1,0.98,0
152,test,Random Forest,1,0.98,0
153,test,Random Forest,0,0.97,0
154,test,Random Forest,1,1.0,1
155,test,Random Forest,0,0.98,0
156,test,Random Forest,0,0.98,0
157,test,Random Forest,1,0.98,0
158,test,Random Forest,0,1.0,1
159,test,Random Forest,0,0.98,0
160,test,Random Forest,1,0.98,0
161,test,Random Forest,0,0.98,0
162,test,Random Forest,1,0.98,0
163,test,Random Forest,1,1.0,1
164,test,Random Forest,0,0.98,0
165,test,Random Forest,0,0.98,0
166,test,Random Forest,0,0.98,0
167,test,Random Forest,1,0.98,0
168,test,Random Forest,1,0.98,0
169,test,Random Forest,0,0.98,0
170,test,Random Forest,1,0.98,0
171,test,Random Forest,0,0.98,0
172,test,Random Forest,1,1.0,1
173,test,Random Forest,1,0.98,0
174,test,Random Forest,1,0.98,0
175,test,Random Forest,1,1.0,1
176,test,Random Forest,0,0.98,0
177,test,Random Forest,0,0.98,0
178,test,Random Forest,0,0.98,0
179,test,Random Forest,1,0.98,0
180,test,Random Forest,1,1.0,1
181,test,Random Forest,0,0.98,0
182,test,Random Forest,1,1.0,1
183,test,Random Forest,0,1.0,1
184,test,Random Forest,1,1.0,1
185,test,Random Forest,1,0.98,0
186,test,Random Forest,0,0.98,0
187,test,Random Forest,1,1.0,1
188,test,Random Forest,1,0.98,0
189,test,Random Forest,0,1.0,1
190,test,Random Forest,1,1.0,1
191,test,Random Forest,1,0.98,0
192,test,Random Forest,0,1.0,1
193,test,Random Forest,0,0.98,0
194,test,Random Forest,1,1.0,1
195,test,Random Forest,1,0.98,0
196,test,Random Forest,1,1.0,1
197,test,Random Forest,1,0.98,0
198,test,Random Forest,1,0.98,0
199,test,Random Forest,1,1.0,1
200,test,Random Forest,0,0.98,0
201,test,Random Forest,0,0.98,0
202,test,Random Forest,0,0.98,0
203,test,Random Forest,1,1.0,1
204,test,Random Forest,0,0.98,0
205,test,Random Forest,0,1.0,1
206,test,Random Forest,1,0.98,0
207,test,Random Forest,1,1.0,1
208,test,Random Forest,0,0.98,0
209,test,Random Forest,1,0.98,0
210,test,Random Forest,1,0.98,0
211,test,Random Forest,0,1.0,1
212,test,Random Forest,1,0.98,0
213,test,Random Forest,1,1.0,1
214,test,Random Forest,1,0.98,0
215,test,Random Forest,1,1.0,1
216,test,Random Forest,1,1.0,1
217,test,Random Forest,0,0.98,0
218,test,Random Forest,1,0.98,0
219,test,Random Forest,1,1.0,1
220,test,Random Forest,1,1.0,1
221,test,Random Forest,1,1.0,1
222,test,Random Forest,0,0.98,0
223,test,Random Forest,0,0.98,0
224,test,Random Forest,0,0.98,0
225,test,Random Forest,1,0.98,0
226,test,Random Forest,1,0.98,0
227,test,Random Forest,1,1.0,1
228,test,Random Forest,0,1.0,1
229,test,Random Forest,1,1.0,1
230,test,Random Forest,0,0.98,0
231,test,Random Forest,1,1.0,1
232,test,Random Forest,0,0.98,0
233,test,Random Forest,1,0.98,0
234,test,Random Forest,0,0.98,0
235,test,Random Forest,1,1.0,1
236,test,Random Forest,1,0.98,0
237,test,Random Forest,1,1.0,1
238,test,Random Forest,0,1.0,1
239,test,Random Forest,0,0.98,0
240,test,Random Forest,0,0.98,0
241,test,Random Forest,1,0.98,0
242,test,Random Forest,0,0.98,0
243,test,Random Forest,1,1.0,1
244,test,Random Forest,1,1.0,1
245,test,Random Forest,1,1.0,1
246,test,Random Forest,1,0.98,0
247,test,Random Forest,0,1.0,1
248,test,Random Forest,1,1.0,1
249,test,Random Forest,0,0.98,0
250,test,Random Forest,0,0.98,0
251,test,Random Forest,0,1.0,1
252,test,Random Forest,1,1.0,1
253,test,Random Forest,0,0.98,0
254,test,Random Forest,1,0.98,0
255,test,Random Forest,1,0.98,0
256,test,Random Forest,1,1.0,1
257,test,Random Forest,0,1.0,1
258,test,Random Forest,0,1.0,1
259,test,Random Forest,1,0.98,0
260,test,Random Forest,1,1.0,1
261,test,Random Forest,1,1.0,1
262,test,Random Forest,1,1.0,1
263,test,Random Forest,0,0.98,0
264,test,Random Forest,0,0.98,0
265,test,Random Forest,1,0.98,0
266,test,Random Forest,1,1.0,1
267,test,Random Forest,0,0.98,0
268,test,Random Forest,0,0.98,0
269,test,Random Forest,1,0.98,0
270,test,Random Forest,1,1.0,1
271,test,Random Forest,0,0.98,0
272,test,Random Forest,1,1.0,1
273,test,Random Forest,0,0.98,0
274,test,Random Forest,1,1.0,1
275,test,Random Forest,1,0.97,0
276,test,Random Forest,0,1.0,1
277,test,Random Forest,0,1.0,1
278,test,Random Forest,0,1.0,1
279,test,Random Forest,0,0.98,0
280,test,Random Forest,0,0.98,0
281,test,Random Forest,0,0.98,0
282,test,Random Forest,1,1.0,1
283,test,Random Forest,0,1.0,1
284,test,Random Forest,1,1.0,1
285,test,Random Forest,0,0.98,0
286,test,Random Forest,1,1.0,1
287,test,Random Forest,1,1.0,1
288,test,Random Forest,0,1.0,1
289,test,Random Forest,1,0.98,0
290,test,Random Forest,1,0.98,0
291,test,Random Forest,1,1.0,1
292,test,Random Forest,1,1.0,1
293,test,Random Forest,0,0.98,0
294,test,Random Forest,0,0.98,0
295,test,Random Forest,0,1.0,1
296,test,Random Forest,1,1.0,1
297,test,Random Forest,0,0.98,0
298,test,Random Forest,1,0.98,0
299,test,Random Forest,1,0.98,0
0,test,SVM RBF,0,0.3904192915890667,1
1,test,SVM RBF,1,0.3306651287025295,0
2,test,SVM RBF,0,0.3438820410968123,0
3,test,SVM RBF,0,0.3326496332021788,0
4,test,SVM RBF,0,0.3899450617994422,1
5,test,SVM RBF,0,0.3362933797107862,0
6,test,SVM RBF,0,0.3325190428114429,0
7,test,SVM RBF,1,0.3452794616235757,0
8,test,SVM RBF,1,0.3367982596585255,0
9,test,SVM RBF,0,0.3903035991566382,1
10,test,SVM RBF,1,0.329784994959446,0
11,test,SVM RBF,0,0.3901596284821383,1
12,test,SVM RBF,0,0.3460511765103554,0
13,test,SVM RBF,1,0.3322716628100368,0
14,test,SVM RBF,0,0.3891181872773145,1
15,test,SVM RBF,1,0.3375316488105075,0
16,test,SVM RBF,1,0.3473490476633413,0
17,test,SVM RBF,1,0.339168549908114,0
18,test,SVM RBF,0,0.3394370652025584,0
19,test,SVM RBF,0,0.3347886045806529,0
20,test,SVM RBF,0,0.3368476373852949,0
21,test,SVM RBF,1,0.3424542444509566,0
22,test,SVM RBF,0,0.3901452716438001,1
23,test,SVM RBF,1,0.3462181740168788,0
24,test,SVM RBF,0,0.3498691305432635,1
25,test,SVM RBF,0,0.3385372449697184,0
26,test,SVM RBF,1,0.3446758994576758,0
27,test,SVM RBF,0,0.3378252625034521,0
28,test,SVM RBF,0,0.3484514346171111,0
29,test,SVM RBF,1,0.3384980107859244,0
30,test,SVM RBF,1,0.3378782181326081,0
31,test,SVM RBF,0,0.3343977788824723,0
32,test,SVM RBF,0,0.3420864304017404,0
33,test,SVM RBF,1,0.3386402020449877,0
34,test,SVM RBF,0,0.3897463514796575,1
35,test,SVM RBF,1,0.3438267955632269,0
36,test,SVM RBF,0,0.3903035991566382,1
37,test,SVM RBF,0,0.3338498454497717,0
38,test,SVM RBF,0,0.3452000039645532,0
39,test,SVM RBF,0,0.3355213832529385,0
40,test,SVM RBF,1,0.3396917356930077,0
41,test,SVM RBF,1,0.35244735254157,1
42,test,SVM RBF,0,0.3899878391896569,1
43,test,SVM RBF,0,0.3902315229462899,1
44,test,SVM RBF,1,0.3366422798790399,0
45,test,SVM RBF,0,0.3899593132955096,1
46,test,SVM RBF,0,0.3355513346521103,0
47,test,SVM RBF,1,0.3478787747753888,0
48,test,SVM RBF,1,0.3511158618768729,1
49,test,SVM RBF,1,0.3446352971506056,0
50,test,SVM RBF,1,0.3333886297363828,0
51,test,SVM RBF,1,0.3337746384839372,0
52,test,SVM RBF,0,0.3358163106718341,0
53,test,SVM RBF,0,0.33816208936742,0
54,test,SVM RBF,0,0.3355102280089478,0
55,test,SVM RBF,0,0.3896616588447422,1
56,test,SVM RBF,1,0.3362177501158823,0
57,test,SVM RBF,1,0.3467199971191312,0
58,test,SVM RBF,1,0.3455699650583966,0
59,test,SVM RBF,1,0.3455220254926791,0
60,test,SVM RBF,0,0.3394561830872879,0
61,test,SVM RBF,0,0.3896334912001246,1
62,test,SVM RBF,1,0.345739722797875,0
63,test,SVM RBF,0,0.3897180890732079,1
64,test,SVM RBF,1,0.3469214119536944,0
65,test,SVM RBF,0,0.3440099486827986,0
66,test,SVM RBF,1,0.3436153295595348,0
67,test,SVM RBF,0,0.3401236735625088,0
68,test,SVM RBF,1,0.3384013443404121,0
69,test,SVM RBF,0,0.3901452716438001,1
70,test,SVM RBF,0,0.3448366505031512,0
71,test,SVM RBF,0,0.3903613889879326,1
72,test,SVM RBF,0,0.3900592867319767,1
73,test,SVM RBF,1,0.3417846378444013,0
74,test,SVM RBF,0,0.3899878391896569,1
75,test,SVM RBF,0,0.3324680829354853,0
76,test,SVM RBF,0,0.3897463514796575,1
77,test,SVM RBF,0,0.3329940637536497,0
78,test,SVM RBF,1,0.3319046676051781,0
79,test,SVM RBF,1,0.3445315440519859,0
80,test,SVM RBF,0,0.3896616588447422,1
81,test,SVM RBF,0,0.3901022456147132,1
82,test,SVM RBF,0,0.3901596284821383,1
83,test,SVM RBF,1,0.3314085772456572,0
84,test,SVM RBF,0,0.3900735988666234,1
85,test,SVM RBF,1,0.3904192915890667,1
86,test,SVM RBF,1,0.3389478798243734,0
87,test,SVM RBF,1,0.3340417302200874,0
88,test,SVM RBF,0,0.3902747470480485,1
89,test,SVM RBF,1,0.3365529004060518,0
90,test,SVM RBF,1,0.3371266612167286,0
91,test,SVM RBF,0,0.38983132672064,1
92,test,SVM RBF,0,0.3900449821152946,1
93,test,SVM RBF,1,0.3476224744619806,0
94,test,SVM RBF,0,0.3902747470480485,1
95,test,SVM RBF,1,0.3481900708221276,0
96,test,SVM RBF,0,0.38983132672064,1
97,test,SVM RBF,0,0.390173992700555,1
98,test,SVM RBF,0,0.3897463514796575,1
99,test,SVM RBF,0,0.3394271342659313,0
100,test,SVM RBF,0,0.390173992700555,1
101,test,SVM RBF,1,0.3381943184688865,0
102,test,SVM RBF,0,0.3902747470480485,1
103,test,SVM RBF,0,0.3899450617994422,1
104,test,SVM RBF,1,0.3302796601186037,0
105,test,SVM RBF,0,0.3412176457673525,0
106,test,SVM RBF,1,0.3439035736821196,0
107,test,SVM RBF,0,0.3354803922707697,0
108,test,SVM RBF,0,0.3465182391441931,0
109,test,SVM RBF,1,0.3353856554170452,0
110,test,SVM RBF,1,0.3406540761152175,0
111,test,SVM RBF,1,0.3477147746967992,0
112,test,SVM RBF,1,0.3344241978890008,0
113,test,SVM RBF,0,0.3896616588447422,1
114,test,SVM RBF,0,0.3901022456147132,1
115,test,SVM RBF,1,0.3304287636404432,0
116,test,SVM RBF,1,0.345360778268917,0
117,test,SVM RBF,1,0.3486656331376351,0
118,test,SVM RBF,1,0.3346560358795325,0
119,test,SVM RBF,1,0.3370395940103991,0
120,test,SVM RBF,0,0.3902603317821482,1
121,test,SVM RBF,0,0.3392893460439207,0
122,test,SVM RBF,0,0.3401717903223887,0
123,test,SVM RBF,0,0.3898171446687369,1
124,test,SVM RBF,0,0.346322512379365,0
125,test,SVM RBF,1,0.3331453275423126,0
126,test,SVM RBF,0,0.3902459237404306,1
127,test,SVM RBF,0,0.3898881325271576,1
128,test,SVM RBF,1,0.3338253151260417,0
129,test,SVM RBF,0,0.3903180359504238,1
130,test,SVM RBF,0,0.3896334912001246,1
131,test,SVM RBF,1,0.3333520697180357,0
132,test,SVM RBF,1,0.3298949677939324,0
133,test,SVM RBF,1,0.3340843538748834,0
134,test,SVM RBF,1,0.3330528411155232,0
135,test,SVM RBF,1,0.3338253151260417,0
136,test,SVM RBF,0,0.338268399991107,0
137,test,SVM RBF,1,0.3474259315177215,0
138,test,SVM RBF,0,0.33795611055235,0
139,test,SVM RBF,0,0.3361349575171354,0
140,test,SVM RBF,1,0.3486748218708793,0
141,test,SVM RBF,0,0.3356345700016301,0
142,test,SVM RBF,0,0.3898455165464233,1
143,test,SVM RBF,1,0.3372351327758998,0
144,test,SVM RBF,0,0.3891044144600777,1
145,test,SVM RBF,0,0.389930817958921,1
146,test,SVM RBF,0,0.3427273751254412,0
147,test,SVM RBF,1,0.3399088076000871,0
148,test,SVM RBF,0,0.3436995607489915,0
149,test,SVM RBF,0,0.3902891695142875,1
150,test,SVM RBF,1,0.3384221853675474,0
151,test,SVM RBF,1,0.3375236253819861,0
152,test,SVM RBF,1,0.3363167873653218,0
153,test,SVM RBF,0,0.3052190887693229,0
154,test,SVM RBF,1,0.347299675975082,0
155,test,SVM RBF,0,0.3900163955087466,1
156,test,SVM RBF,0,0.3904337846561762,1
157,test,SVM RBF,1,0.3380125662041736,0
158,test,SVM RBF,0,0.3392733408107217,0
159,test,SVM RBF,0,0.3903903262994006,1
160,test,SVM RBF,1,0.3360722726036798,0
161,test,SVM RBF,0,0.3378614666336935,0
162,test,SVM RBF,1,0.3337059002212136,0
163,test,SVM RBF,1,0.3470581519245477,0
164,test,SVM RBF,0,0.3904048054607339,1
165,test,SVM RBF,0,0.390173992700555,1
166,test,SVM RBF,0,0.3331029031423693,0
167,test,SVM RBF,1,0.3379294326319455,0
168,test,SVM RBF,1,0.3325572282767369,0
169,test,SVM RBF,0,0.3897746452895063,1
170,test,SVM RBF,1,0.3384013443404121,0
171,test,SVM RBF,0,0.390332479870623,1
172,test,SVM RBF,1,0.3470771373200429,0
173,test,SVM RBF,1,0.3313135679793454,0
174,test,SVM RBF,1,0.3890906498259138,1
175,test,SVM RBF,1,0.3525090148807868,1
176,test,SVM RBF,0,0.3902747470480485,1
177,test,SVM RBF,0,0.3902891695142875,1
178,test,SVM RBF,0,0.389930817958921,1
179,test,SVM RBF,1,0.3342570848514323,0
180,test,SVM RBF,1,0.3461787834893237,0
181,test,SVM RBF,0,0.3369218467357723,0
182,test,SVM RBF,1,0.3454314656343232,0
183,test,SVM RBF,0,0.3407100993411627,0
184,test,SVM RBF,1,0.3471380918598424,0
185,test,SVM RBF,1,0.3376129286739525,0
186,test,SVM RBF,0,0.3903035991566382,1
187,test,SVM RBF,1,0.3476925890141076,0
188,test,SVM RBF,1,0.33545869629926,0
189,test,SVM RBF,0,0.3414970914219958,0
190,test,SVM RBF,1,0.3484956064924381,0
191,test,SVM RBF,1,0.332888316645974,0
192,test,SVM RBF,0,0.3477236816841954,0
193,test,SVM RBF,0,0.3896616588447422,1
194,test,SVM RBF,1,0.346737114900168,0
195,test,SVM RBF,1,0.3338225138313519,0
196,test,SVM RBF,1,0.3412603291450471,0
197,test,SVM RBF,1,0.332170779319879,0
198,test,SVM RBF,1,0.333125471807445,0
199,test,SVM RBF,1,0.3475681647746855,0
200,test,SVM RBF,0,0.3359559944336683,0
201,test,SVM RBF,0,0.3898881325271576,1
202,test,SVM RBF,0,0.3368337833776065,0
203,test,SVM RBF,1,0.3445665887424398,0
204,test,SVM RBF,0,0.335826039113912,0
205,test,SVM RBF,0,0.3385350486487323,0
206,test,SVM RBF,1,0.3327364908073894,0
207,test,SVM RBF,1,0.3428660780776578,0
208,test,SVM RBF,0,0.3901165801898726,1
209,test,SVM RBF,1,0.3323010835507853,0
210,test,SVM RBF,1,0.3321442668728054,0
211,test,SVM RBF,0,0.3415990216818473,0
212,test,SVM RBF,1,0.3319903614510073,0
213,test,SVM RBF,1,0.3428133086694743,0
214,test,SVM RBF,1,0.3350783052766783,0
215,test,SVM RBF,1,0.3420461873330982,0
216,test,SVM RBF,1,0.3387509316163772,0
217,test,SVM RBF,0,0.3366853668539383,0
218,test,SVM RBF,1,0.3894696862350651,1
219,test,SVM RBF,1,0.346666572635136,0
220,test,SVM RBF,1,0.3391867459104656,0
221,test,SVM RBF,1,0.3462132133163552,0
222,test,SVM RBF,0,0.3903469308917672,1
223,test,SVM RBF,0,0.3904337846561762,1
224,test,SVM RBF,0,0.390491825734182,1
225,test,SVM RBF,1,0.3317448245036816,0
226,test,SVM RBF,1,0.3903035991566382,1
227,test,SVM RBF,1,0.3519056558727038,1
228,test,SVM RBF,0,0.3450562094117829,0
229,test,SVM RBF,1,0.3456474876552038,0
230,test,SVM RBF,0,0.3904192915890667,1
231,test,SVM RBF,1,0.3392261006732066,0
232,test,SVM RBF,0,0.3899450617994422,1
233,test,SVM RBF,1,0.3380605694025395,0
234,test,SVM RBF,0,0.3899735724310849,1
235,test,SVM RBF,1,0.342052680515379,0
236,test,SVM RBF,1,0.3326546043778789,0
237,test,SVM RBF,1,0.3468261781994718,0
238,test,SVM RBF,0,0.3525867843572298,1
239,test,SVM RBF,0,0.3901165801898726,1
240,test,SVM RBF,0,0.3903903262994006,1
241,test,SVM RBF,1,0.3371008079758858,0
242,test,SVM RBF,0,0.3904773052023554,1
243,test,SVM RBF,1,0.3399250330650925,0
244,test,SVM RBF,1,0.3524448689700138,1
245,test,SVM RBF,1,0.3442435119991261,0
246,test,SVM RBF,1,0.3312330350564183,0
247,test,SVM RBF,0,0.3396020978985354,0
248,test,SVM RBF,1,0.3462635820234951,0
249,test,SVM RBF,0,0.3902603317821482,1
250,test,SVM RBF,0,0.3378084039791424,0
251,test,SVM RBF,0,0.3407576872142279,0
252,test,SVM RBF,1,0.3439729008375577,0
253,test,SVM RBF,0,0.3904482846335904,1
254,test,SVM RBF,1,0.3373596471663738,0
255,test,SVM RBF,1,0.3323476744703142,0
256,test,SVM RBF,1,0.3477374329317386,0
257,test,SVM RBF,0,0.3404918453188201,0
258,test,SVM RBF,0,0.3395852370820292,0
259,test,SVM RBF,1,0.3304526757465428,0
260,test,SVM RBF,1,0.3425549921771777,0
261,test,SVM RBF,1,0.3526238801526754,1
262,test,SVM RBF,1,0.3438652553580765,0
263,test,SVM RBF,0,0.3354839445691155,0
264,test,SVM RBF,0,0.3896334912001246,1
265,test,SVM RBF,1,0.3366737172495079,0
266,test,SVM RBF,1,0.3436432294637371,0
267,test,SVM RBF,0,0.3899450617994422,1
268,test,SVM RBF,0,0.3900021135545489,1
269,test,SVM RBF,1,0.3379637214013856,0
270,test,SVM RBF,1,0.3433694939418346,0
271,test,SVM RBF,0,0.3899878391896569,1
272,test,SVM RBF,1,0.3486052335494755,0
273,test,SVM RBF,0,0.3896194192821407,1
274,test,SVM RBF,1,0.3471502637801701,0
275,test,SVM RBF,1,0.3890151620640215,1
276,test,SVM RBF,0,0.3478907710361367,0
277,test,SVM RBF,0,0.3392575593986608,0
278,test,SVM RBF,0,0.3388728899795525,0
279,test,SVM RBF,0,0.3904192915890667,1
280,test,SVM RBF,0,0.3353685949144558,0
281,test,SVM RBF,0,0.3898455165464233,1
282,test,SVM RBF,1,0.3405810176538693,0
283,test,SVM RBF,0,0.3434203372573932,0
284,test,SVM RBF,1,0.3442107686786066,0
285,test,SVM RBF,0,0.390491825734182,1
286,test,SVM RBF,1,0.3384292556196129,0
287,test,SVM RBF,1,0.3387371870045337,0
288,test,SVM RBF,0,0.3393319602605283,0
289,test,SVM RBF,1,0.3308483369372372,0
290,test,SVM RBF,1,0.3331631636810797,0
291,test,SVM RBF,1,0.3484692494046149,0
292,test,SVM RBF,1,0.3475722985947067,0
293,test,SVM RBF,0,0.3372576480929143,0
294,test,SVM RBF,0,0.3898739194638615,1
295,test,SVM RBF,0,0.3428083347441951,0
296,test,SVM RBF,1,0.3524048978379869,1
297,test,SVM RBF,0,0.3899878391896569,1
298,test,SVM RBF,1,0.3370946706543394,0
299,test,SVM RBF,1,0.3304641185534898,0
0,test,MLP,0,0.4586595126974428,1
1,test,MLP,1,0.418743883085539,1
2,test,MLP,0,0.4219334929717089,1
3,test,MLP,0,0.4192463532156057,1
4,test,MLP,0,0.4591529285205021,1
5,test,MLP,0,0.4201460822938596,1
6,test,MLP,0,0.4192135656374991,1
7,test,MLP,1,0.4222509765744843,1
8,test,MLP,1,0.4202685187905199,1
9,test,MLP,0,0.4587825684782401,1
10,test,MLP,1,0.4185180849786198,1
11,test,MLP,0,0.4589332220668764,1
12,test,MLP,0,0.4224248489355748,1
13,test,MLP,1,0.4191513496077874,1
14,test,MLP,0,0.4599522915729378,1
15,test,MLP,1,0.4204454367963356,1
16,test,MLP,1,0.422714983853955,1
17,test,MLP,1,0.4208364045696398,1
18,test,MLP,0,0.4209000326403879,1
19,test,MLP,0,0.4197779949854927,1
20,test,MLP,0,0.4202804649272363,1
21,test,MLP,1,0.4216055169725481,1
22,test,MLP,0,0.4589480995104142,1
23,test,MLP,1,0.4224623402974869,1
24,test,MLP,0,0.4232703942725421,1
25,test,MLP,0,0.4206862512828903,1
26,test,MLP,1,0.4221142720797147,1
27,test,MLP,0,0.4205159596795496,1
28,test,MLP,0,0.4229592141931709,1
29,test,MLP,1,0.4206768935980271,1
30,test,MLP,1,0.4205286605416518,1
31,test,MLP,0,0.4196816037520234,1
32,test,MLP,0,0.4215204267229264,1
33,test,MLP,1,0.4207107928976699,1
34,test,MLP,0,0.4593515762212108,1
35,test,MLP,1,0.4219208707945105,1
36,test,MLP,0,0.4587825684782401,1
37,test,MLP,0,0.4195459057122181,1
38,test,MLP,0,0.4222330159445091,1
39,test,MLP,0,0.4199578405508091,1
40,test,MLP,1,0.4209602502557157,1
41,test,MLP,1,0.4238281876162363,1
42,test,MLP,0,0.4591095699371755,1
43,test,MLP,0,0.4588583262616546,1
44,test,MLP,1,0.4202307490233249,1
45,test,MLP,0,0.4591385073669515,1
46,test,MLP,0,0.4199651672109366,1
47,test,MLP,1,0.4228325930563475,1
48,test,MLP,1,0.4235414089610785,1
49,test,MLP,1,0.4221050529811582,1
50,test,MLP,1,0.4194311730070013,1
51,test,MLP,1,0.4195272291154486,1
52,test,MLP,0,0.4200299026872791,1
53,test,MLP,0,0.4205966480936522,1
54,test,MLP,0,0.4199551112888609,1
55,test,MLP,0,0.4594349096785786,1
56,test,MLP,1,0.4201276961016852,1
57,test,MLP,1,0.422574716057046,1
58,test,MLP,1,0.4223165491054983,1
59,test,MLP,1,0.4223057382058714,1
60,test,MLP,0,0.4209045574993876,1
61,test,MLP,0,0.4594624547300693,1
62,test,MLP,1,0.4223547995469838,1
63,test,MLP,0,0.4593794714078379,1
64,test,MLP,1,0.4226197003684627,1
65,test,MLP,0,0.4219626957110205,1
66,test,MLP,1,0.421872505973181,1
67,test,MLP,0,0.4210620963660256,1
68,test,MLP,1,0.4206538247821654,1
69,test,MLP,0,0.4589480995104142,1
70,test,MLP,0,0.4221507436306883,1
71,test,MLP,0,0.4587213281495813,1
72,test,MLP,0,0.4590366649074757,1
73,test,MLP,1,0.4214504235866667,1
74,test,MLP,0,0.4591095699371755,1
75,test,MLP,0,0.4192007605852245,1
76,test,MLP,0,0.4593515762212108,1
77,test,MLP,0,0.4193326458181234,1
78,test,MLP,1,0.4190587936539692,1
79,test,MLP,1,0.4220814818199855,1
80,test,MLP,0,0.4594349096785786,1
81,test,MLP,0,0.4589925311537842,1
82,test,MLP,0,0.4589332220668764,1
83,test,MLP,1,0.4189331883448227,1
84,test,MLP,0,0.4590219865083086,1
85,test,MLP,1,0.4586595126974428,1
86,test,MLP,1,0.4207840083539677,1
87,test,MLP,1,0.4195935013886084,1
88,test,MLP,0,0.4588129762992493,1
89,test,MLP,1,0.4202090835650312,1
90,test,MLP,1,0.4203478761212472,1
91,test,MLP,0,0.4592671743862953,1
92,test,MLP,0,0.4590513106497005,1
93,test,MLP,1,0.4227757476724101,1
94,test,MLP,0,0.4588129762992493,1
95,test,MLP,1,0.4229014905518616,1
96,test,MLP,0,0.4592671743862953,1
97,test,MLP,0,0.4589183109227744,1
98,test,MLP,0,0.4593515762212108,1
99,test,MLP,0,0.4208976818856457,1
100,test,MLP,0,0.4589183109227744,1
101,test,MLP,1,0.420604356801626,1
102,test,MLP,0,0.4588129762992493,1
103,test,MLP,0,0.4591529285205021,1
104,test,MLP,1,0.4186452184994604,1
105,test,MLP,0,0.4213184473757175,1
106,test,MLP,1,0.4219384111394789,1
107,test,MLP,0,0.4199478103291193,1
108,test,MLP,0,0.4225295866008143,1
109,test,MLP,1,0.4199246152240988,1
110,test,MLP,1,0.4211866696445001,1
111,test,MLP,1,0.4227962316382587,1
112,test,MLP,1,0.4196881300095552,1
113,test,MLP,0,0.4594349096785786,1
114,test,MLP,0,0.4589925311537842,1
115,test,MLP,1,0.4186834248545721,1
116,test,MLP,1,0.4222693460892028,1
117,test,MLP,1,0.4230064380848349,1
118,test,MLP,1,0.4197453358828165,1
119,test,MLP,1,0.4203268581145259,1
120,test,MLP,0,0.4588281276952318,1
121,test,MLP,0,0.4208650461564973,1
122,test,MLP,0,0.4210734195249015,1
123,test,MLP,0,0.4592813167171545,1
124,test,MLP,0,0.4224857404393655,1
125,test,MLP,1,0.4193704589623449,1
126,test,MLP,0,0.4588432442961693,1
127,test,MLP,0,0.4592102992811809,1
128,test,MLP,1,0.4195398153156529,1
129,test,MLP,0,0.4587673117284576,1
130,test,MLP,0,0.4594624547300693,1
131,test,MLP,1,0.4194220581594243,1
132,test,MLP,1,0.418546399746524,1
133,test,MLP,1,0.419604062948874,1
134,test,MLP,1,0.4193473451434926,1
135,test,MLP,1,0.4195398153156529,1
136,test,MLP,0,0.4206220680998762,1
137,test,MLP,1,0.4227320823502269,1
138,test,MLP,0,0.4205473319839901,1
139,test,MLP,0,0.4201075548500984,1
140,test,MLP,1,0.4230084622370996,1
141,test,MLP,0,0.4199855181406263,1
142,test,MLP,0,0.4592530016091902,1
143,test,MLP,1,0.4203740394554993,1
144,test,MLP,0,0.4599650375949926,1
145,test,MLP,0,0.4591673181515184,1
146,test,MLP,0,0.421668542736922,1
147,test,MLP,1,0.4210114783559887,1
148,test,MLP,0,0.4218917802303935,1
149,test,MLP,0,0.4587977899475238,1
150,test,MLP,1,0.4206587999283208,1
151,test,MLP,1,0.4204435072063913,1
152,test,MLP,1,0.4201517704785492,1
153,test,MLP,0,0.40605015099407,1
154,test,MLP,1,0.4227039987080422,1
155,test,MLP,0,0.4590805047428445,1
156,test,MLP,0,0.4586439676990694,1
157,test,MLP,1,0.420560857240557,1
158,test,MLP,0,0.4208612528463994,1
159,test,MLP,0,0.4586904929889164,1
160,test,MLP,1,0.4200922957456279,1
161,test,MLP,0,0.4205246434776584,1
162,test,MLP,1,0.4195101480497185,1
163,test,MLP,1,0.4226502012836747,1
164,test,MLP,0,0.4586750210699445,1
165,test,MLP,0,0.4589183109227744,1
166,test,MLP,0,0.4193598588058905,1
167,test,MLP,1,0.4205409384442645,1
168,test,MLP,1,0.4192231569213149,1
169,test,MLP,0,0.4593235623345473,1
170,test,MLP,1,0.4206538247821654,1
171,test,MLP,0,0.4587520195340973,1
172,test,MLP,1,0.4226544336482187,1
173,test,MLP,1,0.4189090679538972,1
174,test,MLP,1,0.4599777589915664,1
175,test,MLP,1,0.423841403029114,1
176,test,MLP,0,0.4588129762992493,1
177,test,MLP,0,0.4587977899475238,1
178,test,MLP,0,0.4591673181515184,1
179,test,MLP,1,0.4196468227402413,1
180,test,MLP,1,0.4224535013045767,1
181,test,MLP,0,0.4202984092409985,1
182,test,MLP,1,0.4222853051481293,1
183,test,MLP,0,0.42119979626914,1
184,test,MLP,1,0.4226680180095407,1
185,test,MLP,1,0.4204649767990427,1
186,test,MLP,0,0.4587825684782401,1
187,test,MLP,1,0.4227913093102244,1
188,test,MLP,1,0.4199425000283379,1
189,test,MLP,0,0.4213835676956836,1
190,test,MLP,1,0.4229689587829994,1
191,test,MLP,1,0.4193061805955864,1
192,test,MLP,0,0.4227982075989143,1
193,test,MLP,0,0.4594349096785786,1
194,test,MLP,1,0.4225785418228712,1
195,test,MLP,1,0.4195391197252331,1
196,test,MLP,1,0.4213284035176192,1
197,test,MLP,1,0.4191259375042024,1
198,test,MLP,1,0.4193654983103874,1
199,test,MLP,1,0.4227636882662939,1
200,test,MLP,0,0.4200639689093677,1
201,test,MLP,0,0.4592102992811809,1
202,test,MLP,0,0.4202771136820668,1
203,test,MLP,1,0.422089445566398,1
204,test,MLP,0,0.4200322765978194,1
205,test,MLP,0,0.4206857275224759,1
206,test,MLP,1,0.419268139411363,1
207,test,MLP,1,0.4217004968154489,1
208,test,MLP,0,0.458977753903278,1
209,test,MLP,1,0.4191587561985437,1
210,test,MLP,1,0.4191192552876046,1
211,test,MLP,0,0.4214072845737593,1
212,test,MLP,1,0.419080433143329,1
213,test,MLP,1,0.4216883440395198,1
214,test,MLP,1,0.4198492331104224,1
215,test,MLP,1,0.421511101760861,1
216,test,MLP,1,0.42073716379747,1
217,test,MLP,0,0.4202411873479859,1
218,test,MLP,1,0.4596210009991217,1
219,test,MLP,1,0.4225627726919171,1
220,test,MLP,1,0.4208407207920954,1
221,test,MLP,1,0.4224612272919718,1
222,test,MLP,0,0.4587366917299331,1
223,test,MLP,0,0.4586439676990694,1
224,test,MLP,0,0.4585814179568752,1
225,test,MLP,1,0.41901838487981,1
226,test,MLP,1,0.4587825684782401,1
227,test,MLP,1,0.4237118436148931,1
228,test,MLP,0,0.422200484732413,1
229,test,MLP,1,0.4223340229307889,1
230,test,MLP,0,0.4586595126974428,1
231,test,MLP,1,0.4208500538078679,1
232,test,MLP,0,0.4591529285205021,1
233,test,MLP,1,0.420572352485703,1
234,test,MLP,0,0.4591240545523273,1
235,test,MLP,1,0.4215126065371928,1
236,test,MLP,1,0.419247600577391,1
237,test,MLP,1,0.4225984392090177,1
238,test,MLP,0,0.4238580623108902,1
239,test,MLP,0,0.458977753903278,1
240,test,MLP,0,0.4586904929889164,1
241,test,MLP,1,0.4203416367730038,1
242,test,MLP,0,0.4585971112068434,1
243,test,MLP,1,0.4210153038454792,1
244,test,MLP,1,0.423827655219035,1
245,test,MLP,1,0.422015945943257,1
246,test,MLP,1,0.4188886062955164,1
247,test,MLP,0,0.4209390694885481,1
248,test,MLP,1,0.4224725263015886,1
249,test,MLP,0,0.4588281276952318,1
250,test,MLP,0,0.4205119151510376,1
251,test,MLP,0,0.4212109417557552,1
252,test,MLP,1,0.4219542402631723,1
253,test,MLP,0,0.4586283859012562,1
254,test,MLP,1,0.4204040427360224,1
255,test,MLP,1,0.4191704813093244,1
256,test,MLP,1,0.4228012579716101,1
257,test,MLP,0,0.4211486242117233,1
258,test,MLP,0,0.4209350836570141,1
259,test,MLP,1,0.4186895471887203,1
260,test,MLP,1,0.421628780690451,1
261,test,MLP,1,0.4238660055181807,1
262,test,MLP,1,0.4219296584388858,1
263,test,MLP,0,0.4199486796937987,1
264,test,MLP,0,0.4594624547300693,1
265,test,MLP,1,0.420238365472868,1
266,test,MLP,1,0.4218788915921664,1
267,test,MLP,0,0.4591529285205021,1
268,test,MLP,0,0.4590950533811178,1
269,test,MLP,1,0.4205491557120462,1
270,test,MLP,1,0.4218161798011483,1
271,test,MLP,0,0.4591095699371755,1
272,test,MLP,1,0.4229931294690103,1
273,test,MLP,0,0.459476184159137,1
274,test,MLP,1,0.4226707299063294,1
275,test,MLP,1,0.4600472253189587,1
276,test,MLP,0,0.4228352510766383,1
277,test,MLP,0,0.4208575120927629,1
278,test,MLP,0,0.4207661808712001,1
279,test,MLP,0,0.4586595126974428,1
280,test,MLP,0,0.4199204361553678,1
281,test,MLP,0,0.4592530016091902,1
282,test,MLP,1,0.4211695425912105,1
283,test,MLP,0,0.4218278379827827,1
284,test,MLP,1,0.4220084865959252,1
285,test,MLP,0,0.4585814179568752,1
286,test,MLP,1,0.4206604875345013,1
287,test,MLP,1,0.4207338917550453,1
288,test,MLP,0,0.4208751434722909,1
289,test,MLP,1,0.4187906539202909,1
290,test,MLP,1,0.4193749142992778,1
291,test,MLP,1,0.4229631446283444,1
292,test,MLP,1,0.4227646063482792,1
293,test,MLP,0,0.4203794671390478,1
294,test,MLP,0,0.4592245641894125,1
295,test,MLP,0,0.4216871982852682,1
296,test,MLP,1,0.4238190854200548,1
297,test,MLP,0,0.4591095699371755,1
298,test,MLP,1,0.4203401554083538,1
299,test,MLP,1,0.4186924764669497,1
0,test,Quantum Kernel SVC Statevector,0,-1.4558362691578135,0
1,test,Quantum Kernel SVC Statevector,1,-0.5761071851530606,1
2,test,Quantum Kernel SVC Statevector,0,-0.7046487667892702,1
3,test,Quantum Kernel SVC Statevector,0,-0.5976644336581973,1
4,test,Quantum Kernel SVC Statevector,0,-1.4625607728064387,0
5,test,Quantum Kernel SVC Statevector,0,-0.635069526553075,1
6,test,Quantum Kernel SVC Statevector,0,-0.596272183896494,1
7,test,Quantum Kernel SVC Statevector,1,-0.7163271211300608,1
8,test,Quantum Kernel SVC Statevector,1,-0.6400387982221414,1
9,test,Quantum Kernel SVC Statevector,0,-1.4577000066627908,0
10,test,Quantum Kernel SVC Statevector,1,-0.5662672868786895,1
11,test,Quantum Kernel SVC Statevector,0,-1.4598128922839255,0
12,test,Quantum Kernel SVC Statevector,0,-0.7226338002701955,1
13,test,Quantum Kernel SVC Statevector,1,-0.5936247576381755,1
14,test,Quantum Kernel SVC Statevector,0,-1.4692152079548402,0
15,test,Quantum Kernel SVC Statevector,1,-0.6471673956570265,1
16,test,Quantum Kernel SVC Statevector,1,-0.733016121168357,1
17,test,Quantum Kernel SVC Statevector,1,-0.6627014694638853,1
18,test,Quantum Kernel SVC Statevector,0,-0.6652007894224636,1
19,test,Quantum Kernel SVC Statevector,0,-0.6199546351835044,1
20,test,Quantum Kernel SVC Statevector,0,-0.6405220805556553,1
21,test,Quantum Kernel SVC Statevector,1,-0.6923655774600936,1
22,test,Quantum Kernel SVC Statevector,0,-1.4600114567436775,0
23,test,Quantum Kernel SVC Statevector,1,-0.7239853788067383,1
24,test,Quantum Kernel SVC Statevector,0,-0.7523930469111912,1
25,test,Quantum Kernel SVC Statevector,0,-0.6567714074953064,1
26,test,Quantum Kernel SVC Statevector,1,-0.7113242506298494,1
27,test,Quantum Kernel SVC Statevector,0,-0.6499918192419638,1
28,test,Quantum Kernel SVC Statevector,0,-0.7416177431790698,1
29,test,Quantum Kernel SVC Statevector,1,-0.6564003556685052,1
30,test,Quantum Kernel SVC Statevector,1,-0.6504994423157755,1
31,test,Quantum Kernel SVC Statevector,0,-0.6159532769239966,1
32,test,Quantum Kernel SVC Statevector,0,-0.6891427509413615,1
33,test,Quantum Kernel SVC Statevector,1,-0.6577437073935288,1
34,test,Quantum Kernel SVC Statevector,0,-1.464704411373206,0
35,test,Quantum Kernel SVC Statevector,1,-0.704180149250998,1
36,test,Quantum Kernel SVC Statevector,0,-1.4577000066627908,0
37,test,Quantum Kernel SVC Statevector,0,-0.6102900537128262,1
38,test,Quantum Kernel SVC Statevector,0,-0.7156720526902907,1
39,test,Quantum Kernel SVC Statevector,0,-0.6273724788600437,1
40,test,Quantum Kernel SVC Statevector,1,-0.6675586845598351,1
41,test,Quantum Kernel SVC Statevector,1,-0.7711859487532153,1
42,test,Quantum Kernel SVC Statevector,0,-1.46204983535088,0
43,test,Quantum Kernel SVC Statevector,0,-1.45878573417565,0
44,test,Quantum Kernel SVC Statevector,1,-0.6385089799267998,1
45,test,Quantum Kernel SVC Statevector,0,-1.4623925455249196,0
46,test,Quantum Kernel SVC Statevector,0,-0.6276733464245419,1
47,test,Quantum Kernel SVC Statevector,1,-0.7371740457214602,1
48,test,Quantum Kernel SVC Statevector,1,-0.7616080653608632,1
49,test,Quantum Kernel SVC Statevector,1,-0.7109854657778223,1
50,test,Quantum Kernel SVC Statevector,1,-0.6054743873039765,1
51,test,Quantum Kernel SVC Statevector,1,-0.6095078506109175,1
52,test,Quantum Kernel SVC Statevector,0,-0.6303271718704788,1
53,test,Quantum Kernel SVC Statevector,0,-0.6532113184245627,1
54,test,Quantum Kernel SVC Statevector,0,-0.6272603757862691,1
55,test,Quantum Kernel SVC Statevector,0,-1.4655072353380008,0
56,test,Quantum Kernel SVC Statevector,1,-0.6343207676287108,1
57,test,Quantum Kernel SVC Statevector,1,-0.7280188658036246,1
58,test,Quantum Kernel SVC Statevector,1,-0.7187129919430555,1
59,test,Quantum Kernel SVC Statevector,1,-0.7183202537921045,1
60,test,Quantum Kernel SVC Statevector,0,-0.6653782181941101,1
61,test,Quantum Kernel SVC Statevector,0,-1.4657600622254825,0
62,test,Quantum Kernel SVC Statevector,1,-0.7201005897853789,1
63,test,Quantum Kernel SVC Statevector,0,-1.464979498466988,0
64,test,Quantum Kernel SVC Statevector,1,-0.7296260260185898,1
65,test,Quantum Kernel SVC Statevector,0,-0.7057316997003924,1
66,test,Quantum Kernel SVC Statevector,1,-0.7023814838063269,1
67,test,Quantum Kernel SVC Statevector,0,-0.6715300392360517,1
68,test,Quantum Kernel SVC Statevector,1,-0.6554848860002105,1
69,test,Quantum Kernel SVC Statevector,0,-1.4600114567436775,0
70,test,Quantum Kernel SVC Statevector,0,-0.7126627797092571,1
71,test,Quantum Kernel SVC Statevector,0,-1.4567879864597302,0
72,test,Quantum Kernel SVC Statevector,0,-1.4611559633415374,0
73,test,Quantum Kernel SVC Statevector,1,-0.686480268892445,1
74,test,Quantum Kernel SVC Statevector,0,-1.46204983535088,0
75,test,Quantum Kernel SVC Statevector,0,-0.595727896587118,1
76,test,Quantum Kernel SVC Statevector,0,-1.464704411373206,0
77,test,Quantum Kernel SVC Statevector,0,-0.6013189561677283,1
78,test,Quantum Kernel SVC Statevector,1,-0.5896728491624064,1
79,test,Quantum Kernel SVC Statevector,1,-0.7101184658457245,1
80,test,Quantum Kernel SVC Statevector,0,-1.4655072353380008,0
81,test,Quantum Kernel SVC Statevector,0,-1.460593672291992,0
82,test,Quantum Kernel SVC Statevector,0,-1.4598128922839255,0
83,test,Quantum Kernel SVC Statevector,1,-0.5842841752005627,1
84,test,Quantum Kernel SVC Statevector,0,-1.4609707239022514,0
85,test,Quantum Kernel SVC Statevector,1,-1.4558362691578135,0
86,test,Quantum Kernel SVC Statevector,1,-0.6606372679114887,1
87,test,Quantum Kernel SVC Statevector,1,-0.612280420574572,1
88,test,Quantum Kernel SVC Statevector,0,-1.4581414453252353,0
89,test,Quantum Kernel SVC Statevector,1,-0.637630187611494,1
90,test,Quantum Kernel SVC Statevector,1,-0.6432439645800858,1
91,test,Quantum Kernel SVC Statevector,0,-1.4638331846883017,0
92,test,Quantum Kernel SVC Statevector,0,-1.461339029959042,0
93,test,Quantum Kernel SVC Statevector,1,-0.7351680100442486,1
94,test,Quantum Kernel SVC Statevector,0,-1.4581414453252353,0
95,test,Quantum Kernel SVC Statevector,1,-0.7395961942404885,1
96,test,Quantum Kernel SVC Statevector,0,-1.4638331846883017,0
97,test,Quantum Kernel SVC Statevector,0,-1.4596120579577674,0
98,test,Quantum Kernel SVC Statevector,0,-1.464704411373206,0
99,test,Quantum Kernel SVC Statevector,0,-0.6651085954550531,1
100,test,Quantum Kernel SVC Statevector,0,-1.4596120579577674,0
101,test,Quantum Kernel SVC Statevector,1,-0.6535182245816789,1
102,test,Quantum Kernel SVC Statevector,0,-1.4581414453252353,0
103,test,Quantum Kernel SVC Statevector,0,-1.4625607728064387,0
104,test,Quantum Kernel SVC Statevector,1,-0.571819095842979,1
105,test,Quantum Kernel SVC Statevector,0,-0.6814335823089244,1
106,test,Quantum Kernel SVC Statevector,1,-0.7048312720543823,1
107,test,Quantum Kernel SVC Statevector,0,-0.6269604216048621,1
108,test,Quantum Kernel SVC Statevector,0,-0.7264022341420455,1
109,test,Quantum Kernel SVC Statevector,1,-0.6260067844028068,1
110,test,Quantum Kernel SVC Statevector,1,-0.6763592291962122,1
111,test,Quantum Kernel SVC Statevector,1,-0.7358916655575445,1
112,test,Quantum Kernel SVC Statevector,1,-0.6162247554879494,1
113,test,Quantum Kernel SVC Statevector,0,-1.4655072353380008,0
114,test,Quantum Kernel SVC Statevector,0,-1.4605936722919826,0
115,test,Quantum Kernel SVC Statevector,1,-0.5734817239005605,1
116,test,Quantum Kernel SVC Statevector,1,-0.7169964058911078,1
117,test,Quantum Kernel SVC Statevector,1,-0.7432662992331094,1
118,test,Quantum Kernel SVC Statevector,1,-0.618600901413473,1
119,test,Quantum Kernel SVC Statevector,1,-0.6423962700117039,1
120,test,Quantum Kernel SVC Statevector,0,-1.4583585757027022,0
121,test,Quantum Kernel SVC Statevector,0,-0.6638275167362879,1
122,test,Quantum Kernel SVC Statevector,0,-0.671970283096532,1
123,test,Quantum Kernel SVC Statevector,0,-1.4639832448529275,0
124,test,Quantum Kernel SVC Statevector,0,-0.7248274666918568,1
125,test,Quantum Kernel SVC Statevector,1,-0.6029159192968907,1
126,test,Quantum Kernel SVC Statevector,0,-1.458573333651299,0
127,test,Quantum Kernel SVC Statevector,0,-1.4632131257351464,0
128,test,Quantum Kernel SVC Statevector,1,-0.6100350521118283,1
129,test,Quantum Kernel SVC Statevector,0,-1.4574756677609215,0
130,test,Quantum Kernel SVC Statevector,0,-1.4657600622254825,0
131,test,Quantum Kernel SVC Statevector,1,-0.605090737138622,1
132,test,Quantum Kernel SVC Statevector,1,-0.5675063364707866,1
133,test,Quantum Kernel SVC Statevector,1,-0.6127214997198274,1
134,test,Quantum Kernel SVC Statevector,1,-0.6019400746638708,1
135,test,Quantum Kernel SVC Statevector,1,-0.6100350521118283,1
136,test,Quantum Kernel SVC Statevector,0,-0.654222916993553,1
137,test,Quantum Kernel SVC Statevector,1,-0.7336224376014984,1
138,test,Quantum Kernel SVC Statevector,0,-0.651245116391522,1
139,test,Quantum Kernel SVC Statevector,0,-0.6334997796983377,1
140,test,Quantum Kernel SVC Statevector,1,-0.7433368548066688,1
141,test,Quantum Kernel SVC Statevector,0,-0.6285085068788541,1
142,test,Quantum Kernel SVC Statevector,0,-1.4636811547141884,0
143,test,Quantum Kernel SVC Statevector,1,-0.6442979674849176,1
144,test,Quantum Kernel SVC Statevector,0,-1.4692787969019327,0
145,test,Quantum Kernel SVC Statevector,0,-1.4627269318863358,0
146,test,Quantum Kernel SVC Statevector,0,-0.6947431492555034,1
147,test,Quantum Kernel SVC Statevector,1,-0.6695588608584848,1
148,test,Quantum Kernel SVC Statevector,0,-0.7030988636849507,1
149,test,Quantum Kernel SVC Statevector,0,-1.457921927394339,0
150,test,Quantum Kernel SVC Statevector,1,-0.6556824105159635,1
151,test,Quantum Kernel SVC Statevector,1,-0.6470899782239736,1
152,test,Quantum Kernel SVC Statevector,1,-0.6353010385909725,1
153,test,Quantum Kernel SVC Statevector,0,-1.0829542036598294,0
154,test,Quantum Kernel SVC Statevector,1,-0.7326262590381465,1
155,test,Quantum Kernel SVC Statevector,0,-1.461698698363176,0
156,test,Quantum Kernel SVC Statevector,0,-1.4555920163793843,0
157,test,Quantum Kernel SVC Statevector,1,-0.6517848387462097,1
158,test,Quantum Kernel SVC Statevector,0,-0.663678476481101,1
159,test,Quantum Kernel SVC Statevector,0,-1.4563171539685893,0
160,test,Quantum Kernel SVC Statevector,1,-0.6328772695551677,1
161,test,Quantum Kernel SVC Statevector,0,-0.6503389243380262,1
162,test,Quantum Kernel SVC Statevector,1,-0.6087918885447499,1
163,test,Quantum Kernel SVC Statevector,1,-0.7307133069134526,1
164,test,Quantum Kernel SVC Statevector,0,-1.4560779762204794,0
165,test,Quantum Kernel SVC Statevector,0,-1.4596120579577674,0
166,test,Quantum Kernel SVC Statevector,0,-0.6024685158509466,1
167,test,Quantum Kernel SVC Statevector,1,-0.650989857689757,1
168,test,Quantum Kernel SVC Statevector,1,-0.5966796655381141,1
169,test,Quantum Kernel SVC Statevector,0,-1.4644217248861455,0
170,test,Quantum Kernel SVC Statevector,1,-0.6554848860002105,1
171,test,Quantum Kernel SVC Statevector,0,-1.457248895194236,0
172,test,Quantum Kernel SVC Statevector,1,-0.7308640248431972,1
173,test,Quantum Kernel SVC Statevector,1,-0.5832460022888568,1
174,test,Quantum Kernel SVC Statevector,1,-1.4693409318158606,0
175,test,Quantum Kernel SVC Statevector,1,-0.7716230069526493,1
176,test,Quantum Kernel SVC Statevector,0,-1.4581414453252353,0
177,test,Quantum Kernel SVC Statevector,0,-1.457921927394338,0
178,test,Quantum Kernel SVC Statevector,0,-1.4627269318863358,0
179,test,Quantum Kernel SVC Statevector,1,-0.6145050833867833,1
180,test,Quantum Kernel SVC Statevector,1,-0.7236669955064778,1
181,test,Quantum Kernel SVC Statevector,0,-0.641247494399088,1
182,test,Quantum Kernel SVC Statevector,1,-0.7175772945749317,1
183,test,Quantum Kernel SVC Statevector,0,-0.6768662705542283,1
184,test,Quantum Kernel SVC Statevector,1,-0.7313475192827026,1
185,test,Quantum Kernel SVC Statevector,1,-0.647950950305135,1
186,test,Quantum Kernel SVC Statevector,0,-1.4577000066627908,0
187,test,Quantum Kernel SVC Statevector,1,-0.7357178512575115,1
188,test,Quantum Kernel SVC Statevector,1,-0.6267421872525876,1
189,test,Quantum Kernel SVC Statevector,0,-0.6839281675696254,1
190,test,Quantum Kernel SVC Statevector,1,-0.7419583099163192,1
191,test,Quantum Kernel SVC Statevector,1,-0.6001996403585921,1
192,test,Quantum Kernel SVC Statevector,0,-0.7359614250418329,1
193,test,Quantum Kernel SVC Statevector,0,-1.4655072353380008,0
194,test,Quantum Kernel SVC Statevector,1,-0.7281557154479976,1
195,test,Quantum Kernel SVC Statevector,1,-0.610005923617116,1
196,test,Quantum Kernel SVC Statevector,1,-0.6818155330338329,1
197,test,Quantum Kernel SVC Statevector,1,-0.5925413247468094,1
198,test,Quantum Kernel SVC Statevector,1,-0.6027065703231533,1
199,test,Quantum Kernel SVC Statevector,1,-0.7347415605415648,1
200,test,Quantum Kernel SVC Statevector,0,-0.6317204473029203,1
201,test,Quantum Kernel SVC Statevector,0,-1.4632131257351464,0
202,test,Quantum Kernel SVC Statevector,0,-0.6403865337566068,1
203,test,Quantum Kernel SVC Statevector,1,-0.7104115193637022,1
204,test,Quantum Kernel SVC Statevector,0,-0.6304243355821673,1
205,test,Quantum Kernel SVC Statevector,0,-0.6567506438923763,1
206,test,Quantum Kernel SVC Statevector,1,-0.5985884138313837,1
207,test,Quantum Kernel SVC Statevector,1,-0.6959454668648981,1
208,test,Quantum Kernel SVC Statevector,0,-1.460401832721859,0
209,test,Quantum Kernel SVC Statevector,1,-0.5939403057817034,1
210,test,Quantum Kernel SVC Statevector,1,-0.5922562303008168,1
211,test,Quantum Kernel SVC Statevector,0,-0.6848345569927854,1
212,test,Quantum Kernel SVC Statevector,1,-0.5905982400974037,1
213,test,Quantum Kernel SVC Statevector,1,-0.6954884483527244,1
214,test,Quantum Kernel SVC Statevector,1,-0.6229003623700131,1
215,test,Quantum Kernel SVC Statevector,1,-0.6887886648035242,1
216,test,Quantum Kernel SVC Statevector,1,-0.6587871457900043,1
217,test,Quantum Kernel SVC Statevector,0,-0.6389320506484459,1
218,test,Quantum Kernel SVC Statevector,1,-1.4670941507031607,0
219,test,Quantum Kernel SVC Statevector,1,-0.7275914469203284,1
220,test,Quantum Kernel SVC Statevector,1,-0.6628712671132257,1
221,test,Quantum Kernel SVC Statevector,1,-0.7239452970305871,1
222,test,Quantum Kernel SVC Statevector,0,-1.4570196733428311,0
223,test,Quantum Kernel SVC Statevector,0,-1.4555920163793843,0
224,test,Quantum Kernel SVC Statevector,0,-1.4545892153322633,0
225,test,Quantum Kernel SVC Statevector,1,-0.5879424621640825,1
226,test,Quantum Kernel SVC Statevector,1,-1.4577000066627908,0
227,test,Quantum Kernel SVC Statevector,1,-0.7673218167012359,1
228,test,Quantum Kernel SVC Statevector,0,-0.7144838455864975,1
229,test,Quantum Kernel SVC Statevector,1,-0.719347263721374,1
230,test,Quantum Kernel SVC Statevector,0,-1.4558362691578135,0
231,test,Quantum Kernel SVC Statevector,1,-0.6632382952417137,1
232,test,Quantum Kernel SVC Statevector,0,-1.4625607728064387,0
233,test,Quantum Kernel SVC Statevector,1,-0.6522432694583347,1
234,test,Quantum Kernel SVC Statevector,0,-1.4622222373149136,0
235,test,Quantum Kernel SVC Statevector,1,-0.6888458159686004,1
236,test,Quantum Kernel SVC Statevector,1,-0.5977173600169305,1
237,test,Quantum Kernel SVC Statevector,1,-0.7288669577710363,1
238,test,Quantum Kernel SVC Statevector,0,-0.7721734174439194,1
239,test,Quantum Kernel SVC Statevector,0,-1.460401832721859,0
240,test,Quantum Kernel SVC Statevector,0,-1.4563171539685893,0
241,test,Quantum Kernel SVC Statevector,1,-0.6429924107871561,1
242,test,Quantum Kernel SVC Statevector,0,-1.4548438177054874,0
243,test,Quantum Kernel SVC Statevector,1,-0.6697080138412994,1
244,test,Quantum Kernel SVC Statevector,1,-0.7711683334096453,1
245,test,Quantum Kernel SVC Statevector,1,-0.7077018467822112,1
246,test,Quantum Kernel SVC Statevector,1,-0.5823644570083542,1
247,test,Quantum Kernel SVC Statevector,0,-0.6667301536598886,1
248,test,Quantum Kernel SVC Statevector,1,-0.7243520783043071,1
249,test,Quantum Kernel SVC Statevector,0,-1.4583585757027022,0
250,test,Quantum Kernel SVC Statevector,0,-0.6498301022178163,1
251,test,Quantum Kernel SVC Statevector,0,-0.6772965132547242,1
252,test,Quantum Kernel SVC Statevector,1,-0.7054183255865014,1
253,test,Quantum Kernel SVC Statevector,0,-1.455345201349268,0
254,test,Quantum Kernel SVC Statevector,1,-0.6455050083149971,1
255,test,Quantum Kernel SVC Statevector,1,-0.5944396280202477,1
256,test,Quantum Kernel SVC Statevector,1,-0.7360690993994399,1
257,test,Quantum Kernel SVC Statevector,0,-0.6748876845925822,1
258,test,Quantum Kernel SVC Statevector,0,-0.6665741388387567,1
259,test,Quantum Kernel SVC Statevector,1,-0.5737478996683976,1
260,test,Quantum Kernel SVC Statevector,1,-0.693244121217147,1
261,test,Quantum Kernel SVC Statevector,1,-0.7724356419879315,1
262,test,Quantum Kernel SVC Statevector,1,-0.7045064387614193,1
263,test,Quantum Kernel SVC Statevector,0,-0.6269961441810663,1
264,test,Quantum Kernel SVC Statevector,0,-1.465760062225483,0
265,test,Quantum Kernel SVC Statevector,1,-0.638817699604443,1
266,test,Quantum Kernel SVC Statevector,1,-0.7026192388729267,1
267,test,Quantum Kernel SVC Statevector,0,-1.4625607728064387,0
268,test,Quantum Kernel SVC Statevector,0,-1.4618753267085938,0
269,test,Quantum Kernel SVC Statevector,1,-0.6513179129565452,1
270,test,Quantum Kernel SVC Statevector,1,-0.7002806534666521,1
271,test,Quantum Kernel SVC Statevector,0,-1.46204983535088,0
272,test,Quantum Kernel SVC Statevector,1,-0.7428021851389386,1
273,test,Quantum Kernel SVC Statevector,0,-1.4658837533845357,0
274,test,Quantum Kernel SVC Statevector,1,-0.7314439943892987,1
275,test,Quantum Kernel SVC Statevector,1,-1.469656766649753,0
276,test,Quantum Kernel SVC Statevector,0,-0.737267677664269,1
277,test,Quantum Kernel SVC Statevector,0,-0.6635314730218251,1
278,test,Quantum Kernel SVC Statevector,0,-0.6599336880748372,1
279,test,Quantum Kernel SVC Statevector,0,-1.4558362691578135,0
280,test,Quantum Kernel SVC Statevector,0,-0.6258348566465519,1
281,test,Quantum Kernel SVC Statevector,0,-1.4636811547141884,0
282,test,Quantum Kernel SVC Statevector,1,-0.6756971401717817,1
283,test,Quantum Kernel SVC Statevector,0,-0.700716012453293,1
284,test,Quantum Kernel SVC Statevector,1,-0.7074262204271295,1
285,test,Quantum Kernel SVC Statevector,0,-1.4545892153322633,0
286,test,Quantum Kernel SVC Statevector,1,-0.6557494011262317,1
287,test,Quantum Kernel SVC Statevector,1,-0.6586577534670641,1
288,test,Quantum Kernel SVC Statevector,0,-0.6642241030219187,1
289,test,Quantum Kernel SVC Statevector,1,-0.5781336213964123,1
290,test,Quantum Kernel SVC Statevector,1,-0.6031039032665924,1
291,test,Quantum Kernel SVC Statevector,1,-0.7417551335440575,1
292,test,Quantum Kernel SVC Statevector,1,-0.7347740369601963,1
293,test,Quantum Kernel SVC Statevector,0,-0.6445164559398173,1
294,test,Quantum Kernel SVC Statevector,0,-1.4633711373488707,0
295,test,Quantum Kernel SVC Statevector,0,-0.6954453453639138,1
296,test,Quantum Kernel SVC Statevector,1,-0.7708847007612241,1
297,test,Quantum Kernel SVC Statevector,0,-1.46204983535088,0
298,test,Quantum Kernel SVC Statevector,1,-0.6429326749083404,1
299,test,Quantum Kernel SVC Statevector,1,-0.5738752290696776,1
0,test,Isolation Forest + Quantum Kernel SVC Statevector,0,-1.4558362691578135,0
1,test,Isolation Forest + Quantum Kernel SVC Statevector,1,-0.5761071851530606,1
2,test,Isolation Forest + Quantum Kernel SVC Statevector,0,-0.7046487667892702,1
3,test,Isolation Forest + Quantum Kernel SVC Statevector,0,-0.5976644336581973,1
4,test,Isolation Forest + Quantum Kernel SVC Statevector,0,-1.4625607728064387,0
5,test,Isolation Forest + Quantum Kernel SVC Statevector,0,-0.635069526553075,1
6,test,Isolation Forest + Quantum Kernel SVC Statevector,0,-0.596272183896494,1
7,test,Isolation Forest + Quantum Kernel SVC Statevector,1,-0.7163271211300608,1
8,test,Isolation Forest + Quantum Kernel SVC Statevector,1,-0.6400387982221414,1
9,test,Isolation Forest + Quantum Kernel SVC Statevector,0,-1.4577000066627908,0
10,test,Isolation Forest + Quantum Kernel SVC Statevector,1,-0.5662672868786895,1
11,test,Isolation Forest + Quantum Kernel SVC Statevector,0,-1.4598128922839255,0
12,test,Isolation Forest + Quantum Kernel SVC Statevector,0,-0.7226338002701955,1
13,test,Isolation Forest + Quantum Kernel SVC Statevector,1,-0.5936247576381755,1
14,test,Isolation Forest + Quantum Kernel SVC Statevector,0,-1.4692152079548402,0
15,test,Isolation Forest + Quantum Kernel SVC Statevector,1,-0.6471673956570265,1
16,test,Isolation Forest + Quantum Kernel SVC Statevector,1,-0.733016121168357,1
17,test,Isolation Forest + Quantum Kernel SVC Statevector,1,-0.6627014694638853,1
18,test,Isolation Forest + Quantum Kernel SVC Statevector,0,-0.6652007894224636,1
19,test,Isolation Forest + Quantum Kernel SVC Statevector,0,-0.6199546351835044,1
20,test,Isolation Forest + Quantum Kernel SVC Statevector,0,-0.6405220805556553,1
21,test,Isolation Forest + Quantum Kernel SVC Statevector,1,-0.6923655774600936,1
22,test,Isolation Forest + Quantum Kernel SVC Statevector,0,-1.4600114567436775,0
23,test,Isolation Forest + Quantum Kernel SVC Statevector,1,-0.7239853788067383,1
24,test,Isolation Forest + Quantum Kernel SVC Statevector,0,-0.7523930469111912,1
25,test,Isolation Forest + Quantum Kernel SVC Statevector,0,-0.6567714074953064,1
26,test,Isolation Forest + Quantum Kernel SVC Statevector,1,-0.7113242506298494,1
27,test,Isolation Forest + Quantum Kernel SVC Statevector,0,-0.6499918192419638,1
28,test,Isolation Forest + Quantum Kernel SVC Statevector,0,-0.7416177431790698,1
29,test,Isolation Forest + Quantum Kernel SVC Statevector,1,-0.6564003556685052,1
30,test,Isolation Forest + Quantum Kernel SVC Statevector,1,-0.6504994423157755,1
31,test,Isolation Forest + Quantum Kernel SVC Statevector,0,-0.6159532769239966,1
32,test,Isolation Forest + Quantum Kernel SVC Statevector,0,-0.6891427509413615,1
33,test,Isolation Forest + Quantum Kernel SVC Statevector,1,-0.6577437073935288,1
34,test,Isolation Forest + Quantum Kernel SVC Statevector,0,-1.464704411373206,0
35,test,Isolation Forest + Quantum Kernel SVC Statevector,1,-0.704180149250998,1
36,test,Isolation Forest + Quantum Kernel SVC Statevector,0,-1.4577000066627908,0
37,test,Isolation Forest + Quantum Kernel SVC Statevector,0,-0.6102900537128262,1
38,test,Isolation Forest + Quantum Kernel SVC Statevector,0,-0.7156720526902907,1
39,test,Isolation Forest + Quantum Kernel SVC Statevector,0,-0.6273724788600437,1
40,test,Isolation Forest + Quantum Kernel SVC Statevector,1,-0.6675586845598351,1
41,test,Isolation Forest + Quantum Kernel SVC Statevector,1,-0.7711859487532153,1
42,test,Isolation Forest + Quantum Kernel SVC Statevector,0,-1.46204983535088,0
43,test,Isolation Forest + Quantum Kernel SVC Statevector,0,-1.45878573417565,0
44,test,Isolation Forest + Quantum Kernel SVC Statevector,1,-0.6385089799267998,1
45,test,Isolation Forest + Quantum Kernel SVC Statevector,0,-1.4623925455249196,0
46,test,Isolation Forest + Quantum Kernel SVC Statevector,0,-0.6276733464245419,1
47,test,Isolation Forest + Quantum Kernel SVC Statevector,1,-0.7371740457214602,1
48,test,Isolation Forest + Quantum Kernel SVC Statevector,1,-0.7616080653608632,1
49,test,Isolation Forest + Quantum Kernel SVC Statevector,1,-0.7109854657778223,1
50,test,Isolation Forest + Quantum Kernel SVC Statevector,1,-0.6054743873039765,1
51,test,Isolation Forest + Quantum Kernel SVC Statevector,1,-0.6095078506109175,1
52,test,Isolation Forest + Quantum Kernel SVC Statevector,0,-0.6303271718704788,1
53,test,Isolation Forest + Quantum Kernel SVC Statevector,0,-0.6532113184245627,1
54,test,Isolation Forest + Quantum Kernel SVC Statevector,0,-0.6272603757862691,1
55,test,Isolation Forest + Quantum Kernel SVC Statevector,0,-1.4655072353380008,0
56,test,Isolation Forest + Quantum Kernel SVC Statevector,1,-0.6343207676287108,1
57,test,Isolation Forest + Quantum Kernel SVC Statevector,1,-0.7280188658036246,1
58,test,Isolation Forest + Quantum Kernel SVC Statevector,1,-0.7187129919430555,1
59,test,Isolation Forest + Quantum Kernel SVC Statevector,1,-0.7183202537921045,1
60,test,Isolation Forest + Quantum Kernel SVC Statevector,0,-0.6653782181941101,1
61,test,Isolation Forest + Quantum Kernel SVC Statevector,0,-1.4657600622254825,0
62,test,Isolation Forest + Quantum Kernel SVC Statevector,1,-0.7201005897853789,1
63,test,Isolation Forest + Quantum Kernel SVC Statevector,0,-1.464979498466988,0
64,test,Isolation Forest + Quantum Kernel SVC Statevector,1,-0.7296260260185898,1
65,test,Isolation Forest + Quantum Kernel SVC Statevector,0,-0.7057316997003924,1
66,test,Isolation Forest + Quantum Kernel SVC Statevector,1,-0.7023814838063269,1
67,test,Isolation Forest + Quantum Kernel SVC Statevector,0,-0.6715300392360517,1
68,test,Isolation Forest + Quantum Kernel SVC Statevector,1,-0.6554848860002105,1
69,test,Isolation Forest + Quantum Kernel SVC Statevector,0,-1.4600114567436775,0
70,test,Isolation Forest + Quantum Kernel SVC Statevector,0,-0.7126627797092571,1
71,test,Isolation Forest + Quantum Kernel SVC Statevector,0,-1.4567879864597302,0
72,test,Isolation Forest + Quantum Kernel SVC Statevector,0,-1.4611559633415374,0
73,test,Isolation Forest + Quantum Kernel SVC Statevector,1,-0.686480268892445,1
74,test,Isolation Forest + Quantum Kernel SVC Statevector,0,-1.46204983535088,0
75,test,Isolation Forest + Quantum Kernel SVC Statevector,0,-0.595727896587118,1
76,test,Isolation Forest + Quantum Kernel SVC Statevector,0,-1.464704411373206,0
77,test,Isolation Forest + Quantum Kernel SVC Statevector,0,-0.6013189561677283,1
78,test,Isolation Forest + Quantum Kernel SVC Statevector,1,-0.5896728491624064,1
79,test,Isolation Forest + Quantum Kernel SVC Statevector,1,-0.7101184658457245,1
80,test,Isolation Forest + Quantum Kernel SVC Statevector,0,-1.4655072353380008,0
81,test,Isolation Forest + Quantum Kernel SVC Statevector,0,-1.460593672291992,0
82,test,Isolation Forest + Quantum Kernel SVC Statevector,0,-1.4598128922839255,0
83,test,Isolation Forest + Quantum Kernel SVC Statevector,1,-0.5842841752005627,1
84,test,Isolation Forest + Quantum Kernel SVC Statevector,0,-1.4609707239022514,0
85,test,Isolation Forest + Quantum Kernel SVC Statevector,1,-1.4558362691578135,0
86,test,Isolation Forest + Quantum Kernel SVC Statevector,1,-0.6606372679114887,1
87,test,Isolation Forest + Quantum Kernel SVC Statevector,1,-0.612280420574572,1
88,test,Isolation Forest + Quantum Kernel SVC Statevector,0,-1.4581414453252353,0
89,test,Isolation Forest + Quantum Kernel SVC Statevector,1,-0.637630187611494,1
90,test,Isolation Forest + Quantum Kernel SVC Statevector,1,-0.6432439645800858,1
91,test,Isolation Forest + Quantum Kernel SVC Statevector,0,-1.4638331846883017,0
92,test,Isolation Forest + Quantum Kernel SVC Statevector,0,-1.461339029959042,0
93,test,Isolation Forest + Quantum Kernel SVC Statevector,1,-0.7351680100442486,1
94,test,Isolation Forest + Quantum Kernel SVC Statevector,0,-1.4581414453252353,0
95,test,Isolation Forest + Quantum Kernel SVC Statevector,1,-0.7395961942404885,1
96,test,Isolation Forest + Quantum Kernel SVC Statevector,0,-1.4638331846883017,0
97,test,Isolation Forest + Quantum Kernel SVC Statevector,0,-1.4596120579577674,0
98,test,Isolation Forest + Quantum Kernel SVC Statevector,0,-1.464704411373206,0
99,test,Isolation Forest + Quantum Kernel SVC Statevector,0,-0.6651085954550531,1
100,test,Isolation Forest + Quantum Kernel SVC Statevector,0,-1.4596120579577674,0
101,test,Isolation Forest + Quantum Kernel SVC Statevector,1,-0.6535182245816789,1
102,test,Isolation Forest + Quantum Kernel SVC Statevector,0,-1.4581414453252353,0
103,test,Isolation Forest + Quantum Kernel SVC Statevector,0,-1.4625607728064387,0
104,test,Isolation Forest + Quantum Kernel SVC Statevector,1,-0.571819095842979,1
105,test,Isolation Forest + Quantum Kernel SVC Statevector,0,-0.6814335823089244,1
106,test,Isolation Forest + Quantum Kernel SVC Statevector,1,-0.7048312720543823,1
107,test,Isolation Forest + Quantum Kernel SVC Statevector,0,-0.6269604216048621,1
108,test,Isolation Forest + Quantum Kernel SVC Statevector,0,-0.7264022341420455,1
109,test,Isolation Forest + Quantum Kernel SVC Statevector,1,-0.6260067844028068,1
110,test,Isolation Forest + Quantum Kernel SVC Statevector,1,-0.6763592291962122,1
111,test,Isolation Forest + Quantum Kernel SVC Statevector,1,-0.7358916655575445,1
112,test,Isolation Forest + Quantum Kernel SVC Statevector,1,-0.6162247554879494,1
113,test,Isolation Forest + Quantum Kernel SVC Statevector,0,-1.4655072353380008,0
114,test,Isolation Forest + Quantum Kernel SVC Statevector,0,-1.4605936722919826,0
115,test,Isolation Forest + Quantum Kernel SVC Statevector,1,-0.5734817239005605,1
116,test,Isolation Forest + Quantum Kernel SVC Statevector,1,-0.7169964058911078,1
117,test,Isolation Forest + Quantum Kernel SVC Statevector,1,-0.7432662992331094,1
118,test,Isolation Forest + Quantum Kernel SVC Statevector,1,-0.618600901413473,1
119,test,Isolation Forest + Quantum Kernel SVC Statevector,1,-0.6423962700117039,1
120,test,Isolation Forest + Quantum Kernel SVC Statevector,0,-1.4583585757027022,0
121,test,Isolation Forest + Quantum Kernel SVC Statevector,0,-0.6638275167362879,1
122,test,Isolation Forest + Quantum Kernel SVC Statevector,0,-0.671970283096532,1
123,test,Isolation Forest + Quantum Kernel SVC Statevector,0,-1.4639832448529275,0
124,test,Isolation Forest + Quantum Kernel SVC Statevector,0,-0.7248274666918568,1
125,test,Isolation Forest + Quantum Kernel SVC Statevector,1,-0.6029159192968907,1
126,test,Isolation Forest + Quantum Kernel SVC Statevector,0,-1.458573333651299,0
127,test,Isolation Forest + Quantum Kernel SVC Statevector,0,-1.4632131257351464,0
128,test,Isolation Forest + Quantum Kernel SVC Statevector,1,-0.6100350521118283,1
129,test,Isolation Forest + Quantum Kernel SVC Statevector,0,-1.4574756677609215,0
130,test,Isolation Forest + Quantum Kernel SVC Statevector,0,-1.4657600622254825,0
131,test,Isolation Forest + Quantum Kernel SVC Statevector,1,-0.605090737138622,1
132,test,Isolation Forest + Quantum Kernel SVC Statevector,1,-0.5675063364707866,1
133,test,Isolation Forest + Quantum Kernel SVC Statevector,1,-0.6127214997198274,1
134,test,Isolation Forest + Quantum Kernel SVC Statevector,1,-0.6019400746638708,1
135,test,Isolation Forest + Quantum Kernel SVC Statevector,1,-0.6100350521118283,1
136,test,Isolation Forest + Quantum Kernel SVC Statevector,0,-0.654222916993553,1
137,test,Isolation Forest + Quantum Kernel SVC Statevector,1,-0.7336224376014984,1
138,test,Isolation Forest + Quantum Kernel SVC Statevector,0,-0.651245116391522,1
139,test,Isolation Forest + Quantum Kernel SVC Statevector,0,-0.6334997796983377,1
140,test,Isolation Forest + Quantum Kernel SVC Statevector,1,-0.7433368548066688,1
141,test,Isolation Forest + Quantum Kernel SVC Statevector,0,-0.6285085068788541,1
142,test,Isolation Forest + Quantum Kernel SVC Statevector,0,-1.4636811547141884,0
143,test,Isolation Forest + Quantum Kernel SVC Statevector,1,-0.6442979674849176,1
144,test,Isolation Forest + Quantum Kernel SVC Statevector,0,-1.4692787969019327,0
145,test,Isolation Forest + Quantum Kernel SVC Statevector,0,-1.4627269318863358,0
146,test,Isolation Forest + Quantum Kernel SVC Statevector,0,-0.6947431492555034,1
147,test,Isolation Forest + Quantum Kernel SVC Statevector,1,-0.6695588608584848,1
148,test,Isolation Forest + Quantum Kernel SVC Statevector,0,-0.7030988636849507,1
149,test,Isolation Forest + Quantum Kernel SVC Statevector,0,-1.457921927394339,0
150,test,Isolation Forest + Quantum Kernel SVC Statevector,1,-0.6556824105159635,1
151,test,Isolation Forest + Quantum Kernel SVC Statevector,1,-0.6470899782239736,1
152,test,Isolation Forest + Quantum Kernel SVC Statevector,1,-0.6353010385909725,1
153,test,Isolation Forest + Quantum Kernel SVC Statevector,0,-1.0829542036598294,0
154,test,Isolation Forest + Quantum Kernel SVC Statevector,1,-0.7326262590381465,1
155,test,Isolation Forest + Quantum Kernel SVC Statevector,0,-1.461698698363176,0
156,test,Isolation Forest + Quantum Kernel SVC Statevector,0,-1.4555920163793843,0
157,test,Isolation Forest + Quantum Kernel SVC Statevector,1,-0.6517848387462097,1
158,test,Isolation Forest + Quantum Kernel SVC Statevector,0,-0.663678476481101,1
159,test,Isolation Forest + Quantum Kernel SVC Statevector,0,-1.4563171539685893,0
160,test,Isolation Forest + Quantum Kernel SVC Statevector,1,-0.6328772695551677,1
161,test,Isolation Forest + Quantum Kernel SVC Statevector,0,-0.6503389243380262,1
162,test,Isolation Forest + Quantum Kernel SVC Statevector,1,-0.6087918885447499,1
163,test,Isolation Forest + Quantum Kernel SVC Statevector,1,-0.7307133069134526,1
164,test,Isolation Forest + Quantum Kernel SVC Statevector,0,-1.4560779762204794,0
165,test,Isolation Forest + Quantum Kernel SVC Statevector,0,-1.4596120579577674,0
166,test,Isolation Forest + Quantum Kernel SVC Statevector,0,-0.6024685158509466,1
167,test,Isolation Forest + Quantum Kernel SVC Statevector,1,-0.650989857689757,1
168,test,Isolation Forest + Quantum Kernel SVC Statevector,1,-0.5966796655381141,1
169,test,Isolation Forest + Quantum Kernel SVC Statevector,0,-1.4644217248861455,0
170,test,Isolation Forest + Quantum Kernel SVC Statevector,1,-0.6554848860002105,1
171,test,Isolation Forest + Quantum Kernel SVC Statevector,0,-1.457248895194236,0
172,test,Isolation Forest + Quantum Kernel SVC Statevector,1,-0.7308640248431972,1
173,test,Isolation Forest + Quantum Kernel SVC Statevector,1,-0.5832460022888568,1
174,test,Isolation Forest + Quantum Kernel SVC Statevector,1,-1.4693409318158606,0
175,test,Isolation Forest + Quantum Kernel SVC Statevector,1,-0.7716230069526493,1
176,test,Isolation Forest + Quantum Kernel SVC Statevector,0,-1.4581414453252353,0
177,test,Isolation Forest + Quantum Kernel SVC Statevector,0,-1.457921927394338,0
178,test,Isolation Forest + Quantum Kernel SVC Statevector,0,-1.4627269318863358,0
179,test,Isolation Forest + Quantum Kernel SVC Statevector,1,-0.6145050833867833,1
180,test,Isolation Forest + Quantum Kernel SVC Statevector,1,-0.7236669955064778,1
181,test,Isolation Forest + Quantum Kernel SVC Statevector,0,-0.641247494399088,1
182,test,Isolation Forest + Quantum Kernel SVC Statevector,1,-0.7175772945749317,1
183,test,Isolation Forest + Quantum Kernel SVC Statevector,0,-0.6768662705542283,1
184,test,Isolation Forest + Quantum Kernel SVC Statevector,1,-0.7313475192827026,1
185,test,Isolation Forest + Quantum Kernel SVC Statevector,1,-0.647950950305135,1
186,test,Isolation Forest + Quantum Kernel SVC Statevector,0,-1.4577000066627908,0
187,test,Isolation Forest + Quantum Kernel SVC Statevector,1,-0.7357178512575115,1
188,test,Isolation Forest + Quantum Kernel SVC Statevector,1,-0.6267421872525876,1
189,test,Isolation Forest + Quantum Kernel SVC Statevector,0,-0.6839281675696254,1
190,test,Isolation Forest + Quantum Kernel SVC Statevector,1,-0.7419583099163192,1
191,test,Isolation Forest + Quantum Kernel SVC Statevector,1,-0.6001996403585921,1
192,test,Isolation Forest + Quantum Kernel SVC Statevector,0,-0.7359614250418329,1
193,test,Isolation Forest + Quantum Kernel SVC Statevector,0,-1.4655072353380008,0
194,test,Isolation Forest + Quantum Kernel SVC Statevector,1,-0.7281557154479976,1
195,test,Isolation Forest + Quantum Kernel SVC Statevector,1,-0.610005923617116,1
196,test,Isolation Forest + Quantum Kernel SVC Statevector,1,-0.6818155330338329,1
197,test,Isolation Forest + Quantum Kernel SVC Statevector,1,-0.5925413247468094,1
198,test,Isolation Forest + Quantum Kernel SVC Statevector,1,-0.6027065703231533,1
199,test,Isolation Forest + Quantum Kernel SVC Statevector,1,-0.7347415605415648,1
200,test,Isolation Forest + Quantum Kernel SVC Statevector,0,-0.6317204473029203,1
201,test,Isolation Forest + Quantum Kernel SVC Statevector,0,-1.4632131257351464,0
202,test,Isolation Forest + Quantum Kernel SVC Statevector,0,-0.6403865337566068,1
203,test,Isolation Forest + Quantum Kernel SVC Statevector,1,-0.7104115193637022,1
204,test,Isolation Forest + Quantum Kernel SVC Statevector,0,-0.6304243355821673,1
205,test,Isolation Forest + Quantum Kernel SVC Statevector,0,-0.6567506438923763,1
206,test,Isolation Forest + Quantum Kernel SVC Statevector,1,-0.5985884138313837,1
207,test,Isolation Forest + Quantum Kernel SVC Statevector,1,-0.6959454668648981,1
208,test,Isolation Forest + Quantum Kernel SVC Statevector,0,-1.460401832721859,0
209,test,Isolation Forest + Quantum Kernel SVC Statevector,1,-0.5939403057817034,1
210,test,Isolation Forest + Quantum Kernel SVC Statevector,1,-0.5922562303008168,1
211,test,Isolation Forest + Quantum Kernel SVC Statevector,0,-0.6848345569927854,1
212,test,Isolation Forest + Quantum Kernel SVC Statevector,1,-0.5905982400974037,1
213,test,Isolation Forest + Quantum Kernel SVC Statevector,1,-0.6954884483527244,1
214,test,Isolation Forest + Quantum Kernel SVC Statevector,1,-0.6229003623700131,1
215,test,Isolation Forest + Quantum Kernel SVC Statevector,1,-0.6887886648035242,1
216,test,Isolation Forest + Quantum Kernel SVC Statevector,1,-0.6587871457900043,1
217,test,Isolation Forest + Quantum Kernel SVC Statevector,0,-0.6389320506484459,1
218,test,Isolation Forest + Quantum Kernel SVC Statevector,1,-1.4670941507031607,0
219,test,Isolation Forest + Quantum Kernel SVC Statevector,1,-0.7275914469203284,1
220,test,Isolation Forest + Quantum Kernel SVC Statevector,1,-0.6628712671132257,1
221,test,Isolation Forest + Quantum Kernel SVC Statevector,1,-0.7239452970305871,1
222,test,Isolation Forest + Quantum Kernel SVC Statevector,0,-1.4570196733428311,0
223,test,Isolation Forest + Quantum Kernel SVC Statevector,0,-1.4555920163793843,0
224,test,Isolation Forest + Quantum Kernel SVC Statevector,0,-1.4545892153322633,0
225,test,Isolation Forest + Quantum Kernel SVC Statevector,1,-0.5879424621640825,1
226,test,Isolation Forest + Quantum Kernel SVC Statevector,1,-1.4577000066627908,0
227,test,Isolation Forest + Quantum Kernel SVC Statevector,1,-0.7673218167012359,1
228,test,Isolation Forest + Quantum Kernel SVC Statevector,0,-0.7144838455864975,1
229,test,Isolation Forest + Quantum Kernel SVC Statevector,1,-0.719347263721374,1
230,test,Isolation Forest + Quantum Kernel SVC Statevector,0,-1.4558362691578135,0
231,test,Isolation Forest + Quantum Kernel SVC Statevector,1,-0.6632382952417137,1
232,test,Isolation Forest + Quantum Kernel SVC Statevector,0,-1.4625607728064387,0
233,test,Isolation Forest + Quantum Kernel SVC Statevector,1,-0.6522432694583347,1
234,test,Isolation Forest + Quantum Kernel SVC Statevector,0,-1.4622222373149136,0
235,test,Isolation Forest + Quantum Kernel SVC Statevector,1,-0.6888458159686004,1
236,test,Isolation Forest + Quantum Kernel SVC Statevector,1,-0.5977173600169305,1
237,test,Isolation Forest + Quantum Kernel SVC Statevector,1,-0.7288669577710363,1
238,test,Isolation Forest + Quantum Kernel SVC Statevector,0,-0.7721734174439194,1
239,test,Isolation Forest + Quantum Kernel SVC Statevector,0,-1.460401832721859,0
240,test,Isolation Forest + Quantum Kernel SVC Statevector,0,-1.4563171539685893,0
241,test,Isolation Forest + Quantum Kernel SVC Statevector,1,-0.6429924107871561,1
242,test,Isolation Forest + Quantum Kernel SVC Statevector,0,-1.4548438177054874,0
243,test,Isolation Forest + Quantum Kernel SVC Statevector,1,-0.6697080138412994,1
244,test,Isolation Forest + Quantum Kernel SVC Statevector,1,-0.7711683334096453,1
245,test,Isolation Forest + Quantum Kernel SVC Statevector,1,-0.7077018467822112,1
246,test,Isolation Forest + Quantum Kernel SVC Statevector,1,-0.5823644570083542,1
247,test,Isolation Forest + Quantum Kernel SVC Statevector,0,-0.6667301536598886,1
248,test,Isolation Forest + Quantum Kernel SVC Statevector,1,-0.7243520783043071,1
249,test,Isolation Forest + Quantum Kernel SVC Statevector,0,-1.4583585757027022,0
250,test,Isolation Forest + Quantum Kernel SVC Statevector,0,-0.6498301022178163,1
251,test,Isolation Forest + Quantum Kernel SVC Statevector,0,-0.6772965132547242,1
252,test,Isolation Forest + Quantum Kernel SVC Statevector,1,-0.7054183255865014,1
253,test,Isolation Forest + Quantum Kernel SVC Statevector,0,-1.455345201349268,0
254,test,Isolation Forest + Quantum Kernel SVC Statevector,1,-0.6455050083149971,1
255,test,Isolation Forest + Quantum Kernel SVC Statevector,1,-0.5944396280202477,1
256,test,Isolation Forest + Quantum Kernel SVC Statevector,1,-0.7360690993994399,1
257,test,Isolation Forest + Quantum Kernel SVC Statevector,0,-0.6748876845925822,1
258,test,Isolation Forest + Quantum Kernel SVC Statevector,0,-0.6665741388387567,1
259,test,Isolation Forest + Quantum Kernel SVC Statevector,1,-0.5737478996683976,1
260,test,Isolation Forest + Quantum Kernel SVC Statevector,1,-0.693244121217147,1
261,test,Isolation Forest + Quantum Kernel SVC Statevector,1,-0.7724356419879315,1
262,test,Isolation Forest + Quantum Kernel SVC Statevector,1,-0.7045064387614193,1
263,test,Isolation Forest + Quantum Kernel SVC Statevector,0,-0.6269961441810663,1
264,test,Isolation Forest + Quantum Kernel SVC Statevector,0,-1.465760062225483,0
265,test,Isolation Forest + Quantum Kernel SVC Statevector,1,-0.638817699604443,1
266,test,Isolation Forest + Quantum Kernel SVC Statevector,1,-0.7026192388729267,1
267,test,Isolation Forest + Quantum Kernel SVC Statevector,0,-1.4625607728064387,0
268,test,Isolation Forest + Quantum Kernel SVC Statevector,0,-1.4618753267085938,0
269,test,Isolation Forest + Quantum Kernel SVC Statevector,1,-0.6513179129565452,1
270,test,Isolation Forest + Quantum Kernel SVC Statevector,1,-0.7002806534666521,1
271,test,Isolation Forest + Quantum Kernel SVC Statevector,0,-1.46204983535088,0
272,test,Isolation Forest + Quantum Kernel SVC Statevector,1,-0.7428021851389386,1
273,test,Isolation Forest + Quantum Kernel SVC Statevector,0,-1.4658837533845357,0
274,test,Isolation Forest + Quantum Kernel SVC Statevector,1,-0.7314439943892987,1
275,test,Isolation Forest + Quantum Kernel SVC Statevector,1,-1.469656766649753,0
276,test,Isolation Forest + Quantum Kernel SVC Statevector,0,-0.737267677664269,1
277,test,Isolation Forest + Quantum Kernel SVC Statevector,0,-0.6635314730218251,1
278,test,Isolation Forest + Quantum Kernel SVC Statevector,0,-0.6599336880748372,1
279,test,Isolation Forest + Quantum Kernel SVC Statevector,0,-1.4558362691578135,0
280,test,Isolation Forest + Quantum Kernel SVC Statevector,0,-0.6258348566465519,1
281,test,Isolation Forest + Quantum Kernel SVC Statevector,0,-1.4636811547141884,0
282,test,Isolation Forest + Quantum Kernel SVC Statevector,1,-0.6756971401717817,1
283,test,Isolation Forest + Quantum Kernel SVC Statevector,0,-0.700716012453293,1
284,test,Isolation Forest + Quantum Kernel SVC Statevector,1,-0.7074262204271295,1
285,test,Isolation Forest + Quantum Kernel SVC Statevector,0,-1.4545892153322633,0
286,test,Isolation Forest + Quantum Kernel SVC Statevector,1,-0.6557494011262317,1
287,test,Isolation Forest + Quantum Kernel SVC Statevector,1,-0.6586577534670641,1
288,test,Isolation Forest + Quantum Kernel SVC Statevector,0,-0.6642241030219187,1
289,test,Isolation Forest + Quantum Kernel SVC Statevector,1,-0.5781336213964123,1
290,test,Isolation Forest + Quantum Kernel SVC Statevector,1,-0.6031039032665924,1
291,test,Isolation Forest + Quantum Kernel SVC Statevector,1,-0.7417551335440575,1
292,test,Isolation Forest + Quantum Kernel SVC Statevector,1,-0.7347740369601963,1
293,test,Isolation Forest + Quantum Kernel SVC Statevector,0,-0.6445164559398173,1
294,test,Isolation Forest + Quantum Kernel SVC Statevector,0,-1.4633711373488707,0
295,test,Isolation Forest + Quantum Kernel SVC Statevector,0,-0.6954453453639138,1
296,test,Isolation Forest + Quantum Kernel SVC Statevector,1,-0.7708847007612241,1
297,test,Isolation Forest + Quantum Kernel SVC Statevector,0,-1.46204983535088,0
298,test,Isolation Forest + Quantum Kernel SVC Statevector,1,-0.6429326749083404,1
299,test,Isolation Forest + Quantum Kernel SVC Statevector,1,-0.5738752290696776,1
0,test,VQC Statevector,0,0.2877724126940369,0
1,test,VQC Statevector,1,0.2808066532134202,0
2,test,VQC Statevector,0,0.3022402474880442,0
3,test,VQC Statevector,0,0.2840990695399171,0
4,test,VQC Statevector,0,0.2797934572184857,0
5,test,VQC Statevector,0,0.2900731151425202,0
6,test,VQC Statevector,0,0.2838832707562457,0
7,test,VQC Statevector,1,0.304442925663954,0
8,test,VQC Statevector,1,0.2908938694107732,0
9,test,VQC Statevector,0,0.2857717169435272,0
10,test,VQC Statevector,1,0.2793373629267305,0
11,test,VQC Statevector,0,0.2833320428684452,0
12,test,VQC Statevector,0,0.3056545361926421,0
13,test,VQC Statevector,1,0.28347415030915,0
14,test,VQC Statevector,0,0.2671157932344389,0
15,test,VQC Statevector,1,0.2920831396566234,0
16,test,VQC Statevector,1,0.3076846475781851,0
17,test,VQC Statevector,1,0.2947251102526913,0
18,test,VQC Statevector,0,0.2951568783754116,0
19,test,VQC Statevector,0,0.2876168861937528,0
20,test,VQC Statevector,0,0.2909740504504277,0
21,test,VQC Statevector,1,0.2999779112758552,0
22,test,VQC Statevector,0,0.2830917016137322,0
23,test,VQC Statevector,1,0.3059162816079559,0
24,test,VQC Statevector,0,0.3115999681604731,1
25,test,VQC Statevector,0,0.2937081961265673,0
26,test,VQC Statevector,1,0.3034929470338634,0
27,test,VQC Statevector,0,0.292558292124031,0
28,test,VQC Statevector,0,0.3094016334761058,0
29,test,VQC Statevector,1,0.2936449140559297,0
30,test,VQC Statevector,1,0.2926439308189953,0
31,test,VQC Statevector,0,0.2869764615755981,0
32,test,VQC Statevector,0,0.2993931526187209,0
33,test,VQC Statevector,1,0.2938742124913892,0
34,test,VQC Statevector,0,0.2766139512809804,0
35,test,VQC Statevector,1,0.302152934223571,0
36,test,VQC Statevector,0,0.2857717169435272,0
37,test,VQC Statevector,0,0.2860768443812192,0
38,test,VQC Statevector,0,0.3043179825099278,0
39,test,VQC Statevector,0,0.2888148778535395,0
40,test,VQC Statevector,1,0.2955659678637743,0
41,test,VQC Statevector,1,0.3155703969533916,1
42,test,VQC Statevector,0,0.2804899642218728,0
43,test,VQC Statevector,0,0.2845435589972795,0
44,test,VQC Statevector,1,0.2906404802125622,0
45,test,VQC Statevector,0,0.2800250169583717,0
46,test,VQC Statevector,0,0.2888637678200568,0
47,test,VQC Statevector,1,0.3085105419026502,0
48,test,VQC Statevector,1,0.3135242898064281,1
49,test,VQC Statevector,1,0.3034289656504869,0
50,test,VQC Statevector,1,0.2853180082861327,0
51,test,VQC Statevector,1,0.285953206565266,0
52,test,VQC Statevector,0,0.2892960308924741,0
53,test,VQC Statevector,0,0.2931026952241999,0
54,test,VQC Statevector,0,0.2887966675100457,0
55,test,VQC Statevector,0,0.2752858074860116,0
56,test,VQC Statevector,1,0.2899500244039502,0
57,test,VQC Statevector,1,0.3067018743639846,0
58,test,VQC Statevector,1,0.3048994206061239,0
59,test,VQC Statevector,1,0.3048241218959284,0
60,test,VQC Statevector,0,0.2951876024082739,0
61,test,VQC Statevector,0,0.2748475430371742,0
62,test,VQC Statevector,1,0.3051659540346,0
63,test,VQC Statevector,0,0.2761689916777463,0
64,test,VQC Statevector,1,0.3070167874644648,0
65,test,VQC Statevector,0,0.3024423317387236,0
66,test,VQC Statevector,1,0.3018185561123123,0
67,test,VQC Statevector,0,0.296258888256842,0
68,test,VQC Statevector,1,0.2934889559643923,0
69,test,VQC Statevector,0,0.2830917016137322,0
70,test,VQC Statevector,0,0.3037461662641201,0
71,test,VQC Statevector,0,0.2867665002121498,0
72,test,VQC Statevector,0,0.2816631280694058,0
73,test,VQC Statevector,1,0.2989127504926861,0
74,test,VQC Statevector,0,0.2804899642218728,0
75,test,VQC Statevector,0,0.2837990278144447,0
76,test,VQC Statevector,0,0.2766139512809804,0
77,test,VQC Statevector,0,0.2846676638750474,0
78,test,VQC Statevector,1,0.2828664129714558,0
79,test,VQC Statevector,1,0.30326542758308,0
80,test,VQC Statevector,0,0.2752858074860116,0
81,test,VQC Statevector,0,0.2823745458292631,0
82,test,VQC Statevector,0,0.2833320428684452,0
83,test,VQC Statevector,1,0.2820433754272738,0
84,test,VQC Statevector,0,0.2818996347870966,0
85,test,VQC Statevector,1,0.2877724126940369,0
86,test,VQC Statevector,1,0.2943699377243944,0
87,test,VQC Statevector,1,0.2863921211043788,0
88,test,VQC Statevector,0,0.2852784308529821,0
89,test,VQC Statevector,1,0.2904952115463617,0
90,test,VQC Statevector,1,0.2914268395050809,0
91,test,VQC Statevector,0,0.2779625448029886,0
92,test,VQC Statevector,0,0.281427249917261,0
93,test,VQC Statevector,1,0.308111139429068,0
94,test,VQC Statevector,0,0.2852784308529821,0
95,test,VQC Statevector,1,0.3089951596410522,0
96,test,VQC Statevector,0,0.2779625448029886,0
97,test,VQC Statevector,0,0.283573033932049,0
98,test,VQC Statevector,0,0.2766139512809804,0
99,test,VQC Statevector,0,0.2951409176316699,0
100,test,VQC Statevector,0,0.283573033932049,0
101,test,VQC Statevector,1,0.2931547481481436,0
102,test,VQC Statevector,0,0.2852784308529821,0
103,test,VQC Statevector,0,0.2797934572184857,0
104,test,VQC Statevector,1,0.2801638519373978,0
105,test,VQC Statevector,0,0.2980087099439935,0
106,test,VQC Statevector,1,0.30227427401536,0
107,test,VQC Statevector,0,0.288747958175667,0
108,test,VQC Statevector,0,0.3063861969348275,0
109,test,VQC Statevector,1,0.2885932529843394,0
110,test,VQC Statevector,1,0.2971081898274565,0
111,test,VQC Statevector,1,0.3082550161629557,0
112,test,VQC Statevector,1,0.2870197855735041,0
113,test,VQC Statevector,0,0.2752858074860116,0
114,test,VQC Statevector,0,0.2823745458292631,0
115,test,VQC Statevector,1,0.280412623054764,0
116,test,VQC Statevector,1,0.3045707545938354,0
117,test,VQC Statevector,1,0.3097344772676587,0
118,test,VQC Statevector,1,0.2873997689979278,0
119,test,VQC Statevector,1,0.2912856045444705,0
120,test,VQC Statevector,0,0.2850328025404571,0
121,test,VQC Statevector,0,0.2949194043148689,0
122,test,VQC Statevector,0,0.2963360062418773,0
123,test,VQC Statevector,0,0.2777363354627173,0
124,test,VQC Statevector,0,0.3060797376206662,0
125,test,VQC Statevector,1,0.284917112509827,0
126,test,VQC Statevector,0,0.2847878463397647,0
127,test,VQC Statevector,0,0.2788732454038379,0
128,test,VQC Statevector,1,0.2860365215887223,0
129,test,VQC Statevector,0,0.2860193813449472,0
130,test,VQC Statevector,0,0.2748475430371742,0
131,test,VQC Statevector,1,0.2852577935010932,0
132,test,VQC Statevector,1,0.2795212616502705,0
133,test,VQC Statevector,1,0.286462119809686,0
134,test,VQC Statevector,1,0.2847646123361281,0
135,test,VQC Statevector,1,0.2860365215887223,0
136,test,VQC Statevector,0,0.2932743714287473,0
137,test,VQC Statevector,1,0.3078046130950854,0
138,test,VQC Statevector,0,0.2927698640967134,0
139,test,VQC Statevector,0,0.2898152323419056,0
140,test,VQC Statevector,1,0.309748750072343,0
141,test,VQC Statevector,0,0.288999602342283,0
142,test,VQC Statevector,0,0.2781893377897347,0
143,test,VQC Statevector,1,0.2916027264666253,0
144,test,VQC Statevector,0,0.266916183278374,0
145,test,VQC Statevector,0,0.2795625029799888,0
146,test,VQC Statevector,0,0.3004116179330791,0
147,test,VQC Statevector,1,0.2959143421414917,0
148,test,VQC Statevector,0,0.3019517770449018,0
149,test,VQC Statevector,0,0.2855247345540206,0
150,test,VQC Statevector,1,0.2935225851297345,0
151,test,VQC Statevector,1,0.2920701476257889,0
152,test,VQC Statevector,1,0.2901112045788153,0
153,test,VQC Statevector,0,0.2785122938200439,0
154,test,VQC Statevector,1,0.3076075932957458,0
155,test,VQC Statevector,0,0.2809573675211662,0
156,test,VQC Statevector,0,0.2880256557276929,0
157,test,VQC Statevector,1,0.2928611150092302,0
158,test,VQC Statevector,0,0.2948936660189981,0
159,test,VQC Statevector,0,0.2872680515236935,0
160,test,VQC Statevector,1,0.289713146908407,0
161,test,VQC Statevector,0,0.2926168426022901,0
162,test,VQC Statevector,1,0.2858401691153155,0
163,test,VQC Statevector,1,0.3072304519178687,0
164,test,VQC Statevector,0,0.2875198791325488,0
165,test,VQC Statevector,0,0.283573033932049,0
166,test,VQC Statevector,0,0.2848471666151445,0
167,test,VQC Statevector,1,0.2927267367013832,0
168,test,VQC Statevector,1,0.2839463840751583,0
169,test,VQC Statevector,0,0.2770611828978204,0
170,test,VQC Statevector,1,0.2934889559643923,0
171,test,VQC Statevector,0,0.2862677311054368,0
172,test,VQC Statevector,1,0.3072601094983734,0
173,test,VQC Statevector,1,0.2818855498704393,0
174,test,VQC Statevector,1,0.2667170393122717,0
175,test,VQC Statevector,1,0.3156649301895244,1
176,test,VQC Statevector,0,0.2852784308529821,0
177,test,VQC Statevector,0,0.2855247345540206,0
178,test,VQC Statevector,0,0.2795625029799888,0
179,test,VQC Statevector,1,0.2867456603476223,0
180,test,VQC Statevector,1,0.3058545566167543,0
181,test,VQC Statevector,0,0.2910945239435796,0
182,test,VQC Statevector,1,0.3046818437130669,0
183,test,VQC Statevector,0,0.2971977954602552,0
184,test,VQC Statevector,1,0.3073553145962021,0
185,test,VQC Statevector,1,0.2922147296492957,0
186,test,VQC Statevector,0,0.2857717169435272,0
187,test,VQC Statevector,1,0.3082204376282903,0
188,test,VQC Statevector,1,0.2887125339624681,0
189,test,VQC Statevector,0,0.2984545152406329,0
190,test,VQC Statevector,1,0.3094702928005174,0
191,test,VQC Statevector,1,0.2844931820722108,0
192,test,VQC Statevector,0,0.3082688978004788,0
193,test,VQC Statevector,0,0.2752858074860116,0
194,test,VQC Statevector,1,0.3067286469268372,0
195,test,VQC Statevector,1,0.2860319165754769,0
196,test,VQC Statevector,1,0.2980768342619229,0
197,test,VQC Statevector,1,0.2833071840269276,0
198,test,VQC Statevector,1,0.2848843775479937,0
199,test,VQC Statevector,1,0.3080264599893577,0
200,test,VQC Statevector,0,0.2895237135289535,0
201,test,VQC Statevector,0,0.2788732454038379,0
202,test,VQC Statevector,0,0.2909515554999717,0
203,test,VQC Statevector,1,0.3033206728030108,0
204,test,VQC Statevector,0,0.2893118923091576,0
205,test,VQC Statevector,0,0.2937046538680596,0
206,test,VQC Statevector,1,0.2842425343439657,0
207,test,VQC Statevector,1,0.3006316958293996,0
208,test,VQC Statevector,0,0.2826129561601687,0
209,test,VQC Statevector,1,0.2835228293088078,0
210,test,VQC Statevector,1,0.2832632929218407,0
211,test,VQC Statevector,0,0.2986170088956442,0
212,test,VQC Statevector,1,0.2830084057423693,0
213,test,VQC Statevector,1,0.3005479808529,0
214,test,VQC Statevector,1,0.2880909372758202,0
215,test,VQC Statevector,1,0.2993291241590103,0
216,test,VQC Statevector,1,0.2940526869737749,0
217,test,VQC Statevector,0,0.2907104909047298,0
218,test,VQC Statevector,1,0.2723321210355294,0
219,test,VQC Statevector,1,0.3066183068111415,0
220,test,VQC Statevector,1,0.2947543833949251,0
221,test,VQC Statevector,1,0.3059085086677665,0
222,test,VQC Statevector,0,0.2865167695960873,0
223,test,VQC Statevector,0,0.2880256557276929,0
224,test,VQC Statevector,0,0.2890457938749066,0
225,test,VQC Statevector,1,0.2826014171833789,0
226,test,VQC Statevector,1,0.2857717169435272,0
227,test,VQC Statevector,1,0.3147390857358322,1
228,test,VQC Statevector,0,0.3040917809028758,0
229,test,VQC Statevector,1,0.305021157711923,0
230,test,VQC Statevector,0,0.2877724126940369,0
231,test,VQC Statevector,1,0.2948176889635588,0
232,test,VQC Statevector,0,0.2797934572184857,0
233,test,VQC Statevector,1,0.2929386879419588,0
234,test,VQC Statevector,0,0.2802571850147738,0
235,test,VQC Statevector,1,0.299339455749796,0
236,test,VQC Statevector,1,0.2841072819758672,0
237,test,VQC Statevector,1,0.3068679172940471,0
238,test,VQC Statevector,0,0.3157841289092233,1
239,test,VQC Statevector,0,0.2826129561601687,0
240,test,VQC Statevector,0,0.2872680515236935,0
241,test,VQC Statevector,1,0.2913849071364023,0
242,test,VQC Statevector,0,0.2887896772420815,0
243,test,VQC Statevector,1,0.2959403703052703,0
244,test,VQC Statevector,1,0.3155665890298723,1
245,test,VQC Statevector,1,0.3028110981478611,0
246,test,VQC Statevector,1,0.2817517211137275,0
247,test,VQC Statevector,0,0.2954220244802124,0
248,test,VQC Statevector,1,0.305987425131748,0
249,test,VQC Statevector,0,0.2850328025404571,0
250,test,VQC Statevector,0,0.2925310251102345,0
251,test,VQC Statevector,0,0.2972738941713172,0
252,test,VQC Statevector,1,0.3023838087786251,0
253,test,VQC Statevector,0,0.2882796117786245,0
254,test,VQC Statevector,1,0.2918045329961864,0
255,test,VQC Statevector,1,0.2835999052807222,0
256,test,VQC Statevector,1,0.3082903284102336,0
257,test,VQC Statevector,0,0.2968486032366891,0
258,test,VQC Statevector,0,0.2953949432195018,0
259,test,VQC Statevector,1,0.280452504003899,0
260,test,VQC Statevector,1,0.3001379411942798,0
261,test,VQC Statevector,1,0.315840975317494,1
262,test,VQC Statevector,1,0.3022137202123934,0
263,test,VQC Statevector,0,0.2887537579106387,0
264,test,VQC Statevector,0,0.2748475430371742,0
265,test,VQC Statevector,1,0.2906915630201634,0
266,test,VQC Statevector,1,0.3018626874967884,0
267,test,VQC Statevector,0,0.2797934572184857,0
268,test,VQC Statevector,0,0.2807233574330711,0
269,test,VQC Statevector,1,0.2927821669226919,0
270,test,VQC Statevector,1,0.3014295019249221,0
271,test,VQC Statevector,0,0.2804899642218728,0
272,test,VQC Statevector,1,0.3096406474911264,0
273,test,VQC Statevector,0,0.2746292341311748,0
274,test,VQC Statevector,1,0.3073743234802715,0
275,test,VQC Statevector,1,0.2656310133837154,0
276,test,VQC Statevector,0,0.308529227252118,0
277,test,VQC Statevector,0,0.2948682860821274,0
278,test,VQC Statevector,0,0.2942491704243254,0
279,test,VQC Statevector,0,0.2877724126940369,0
280,test,VQC Statevector,0,0.2885653868329114,0
281,test,VQC Statevector,0,0.2781893377897347,0
282,test,VQC Statevector,1,0.2969913084893447,0
283,test,VQC Statevector,0,0.3015099945870849,0
284,test,VQC Statevector,1,0.3027594197769995,0
285,test,VQC Statevector,0,0.2890457938749066,0
286,test,VQC Statevector,1,0.2935339930900337,0
287,test,VQC Statevector,1,0.294030537553462,0
288,test,VQC Statevector,0,0.2949879251593104,0
289,test,VQC Statevector,1,0.2811117895832221,0
290,test,VQC Statevector,1,0.2849465155505322,0
291,test,VQC Statevector,1,0.3094293254844281,0
292,test,VQC Statevector,1,0.3080329059981986,0
293,test,VQC Statevector,0,0.2916392255667838,0
294,test,VQC Statevector,0,0.2786446853948378,0
295,test,VQC Statevector,0,0.3005400892164037,0
296,test,VQC Statevector,1,0.3155052991041766,1
297,test,VQC Statevector,0,0.2804899642218728,0
298,test,VQC Statevector,1,0.2913749521408064,0
299,test,VQC Statevector,1,0.2804715870045459,0
0,test,Isolation Forest + VQC Statevector,0,0.2877724126940369,0
1,test,Isolation Forest + VQC Statevector,1,0.2808066532134202,0
2,test,Isolation Forest + VQC Statevector,0,0.3022402474880442,0
3,test,Isolation Forest + VQC Statevector,0,0.2840990695399171,0
4,test,Isolation Forest + VQC Statevector,0,0.2797934572184857,0
5,test,Isolation Forest + VQC Statevector,0,0.2900731151425202,0
6,test,Isolation Forest + VQC Statevector,0,0.2838832707562457,0
7,test,Isolation Forest + VQC Statevector,1,0.304442925663954,0
8,test,Isolation Forest + VQC Statevector,1,0.2908938694107732,0
9,test,Isolation Forest + VQC Statevector,0,0.2857717169435272,0
10,test,Isolation Forest + VQC Statevector,1,0.2793373629267305,0
11,test,Isolation Forest + VQC Statevector,0,0.2833320428684452,0
12,test,Isolation Forest + VQC Statevector,0,0.3056545361926421,0
13,test,Isolation Forest + VQC Statevector,1,0.28347415030915,0
14,test,Isolation Forest + VQC Statevector,0,0.2671157932344389,0
15,test,Isolation Forest + VQC Statevector,1,0.2920831396566234,0
16,test,Isolation Forest + VQC Statevector,1,0.3076846475781851,0
17,test,Isolation Forest + VQC Statevector,1,0.2947251102526913,0
18,test,Isolation Forest + VQC Statevector,0,0.2951568783754116,0
19,test,Isolation Forest + VQC Statevector,0,0.2876168861937528,0
20,test,Isolation Forest + VQC Statevector,0,0.2909740504504277,0
21,test,Isolation Forest + VQC Statevector,1,0.2999779112758552,0
22,test,Isolation Forest + VQC Statevector,0,0.2830917016137322,0
23,test,Isolation Forest + VQC Statevector,1,0.3059162816079559,0
24,test,Isolation Forest + VQC Statevector,0,0.3115999681604731,1
25,test,Isolation Forest + VQC Statevector,0,0.2937081961265673,0
26,test,Isolation Forest + VQC Statevector,1,0.3034929470338634,0
27,test,Isolation Forest + VQC Statevector,0,0.292558292124031,0
28,test,Isolation Forest + VQC Statevector,0,0.3094016334761058,0
29,test,Isolation Forest + VQC Statevector,1,0.2936449140559297,0
30,test,Isolation Forest + VQC Statevector,1,0.2926439308189953,0
31,test,Isolation Forest + VQC Statevector,0,0.2869764615755981,0
32,test,Isolation Forest + VQC Statevector,0,0.2993931526187209,0
33,test,Isolation Forest + VQC Statevector,1,0.2938742124913892,0
34,test,Isolation Forest + VQC Statevector,0,0.2766139512809804,0
35,test,Isolation Forest + VQC Statevector,1,0.302152934223571,0
36,test,Isolation Forest + VQC Statevector,0,0.2857717169435272,0
37,test,Isolation Forest + VQC Statevector,0,0.2860768443812192,0
38,test,Isolation Forest + VQC Statevector,0,0.3043179825099278,0
39,test,Isolation Forest + VQC Statevector,0,0.2888148778535395,0
40,test,Isolation Forest + VQC Statevector,1,0.2955659678637743,0
41,test,Isolation Forest + VQC Statevector,1,0.3155703969533916,1
42,test,Isolation Forest + VQC Statevector,0,0.2804899642218728,0
43,test,Isolation Forest + VQC Statevector,0,0.2845435589972795,0
44,test,Isolation Forest + VQC Statevector,1,0.2906404802125622,0
45,test,Isolation Forest + VQC Statevector,0,0.2800250169583717,0
46,test,Isolation Forest + VQC Statevector,0,0.2888637678200568,0
47,test,Isolation Forest + VQC Statevector,1,0.3085105419026502,0
48,test,Isolation Forest + VQC Statevector,1,0.3135242898064281,1
49,test,Isolation Forest + VQC Statevector,1,0.3034289656504869,0
50,test,Isolation Forest + VQC Statevector,1,0.2853180082861327,0
51,test,Isolation Forest + VQC Statevector,1,0.285953206565266,0
52,test,Isolation Forest + VQC Statevector,0,0.2892960308924741,0
53,test,Isolation Forest + VQC Statevector,0,0.2931026952241999,0
54,test,Isolation Forest + VQC Statevector,0,0.2887966675100457,0
55,test,Isolation Forest + VQC Statevector,0,0.2752858074860116,0
56,test,Isolation Forest + VQC Statevector,1,0.2899500244039502,0
57,test,Isolation Forest + VQC Statevector,1,0.3067018743639846,0
58,test,Isolation Forest + VQC Statevector,1,0.3048994206061239,0
59,test,Isolation Forest + VQC Statevector,1,0.3048241218959284,0
60,test,Isolation Forest + VQC Statevector,0,0.2951876024082739,0
61,test,Isolation Forest + VQC Statevector,0,0.2748475430371742,0
62,test,Isolation Forest + VQC Statevector,1,0.3051659540346,0
63,test,Isolation Forest + VQC Statevector,0,0.2761689916777463,0
64,test,Isolation Forest + VQC Statevector,1,0.3070167874644648,0
65,test,Isolation Forest + VQC Statevector,0,0.3024423317387236,0
66,test,Isolation Forest + VQC Statevector,1,0.3018185561123123,0
67,test,Isolation Forest + VQC Statevector,0,0.296258888256842,0
68,test,Isolation Forest + VQC Statevector,1,0.2934889559643923,0
69,test,Isolation Forest + VQC Statevector,0,0.2830917016137322,0
70,test,Isolation Forest + VQC Statevector,0,0.3037461662641201,0
71,test,Isolation Forest + VQC Statevector,0,0.2867665002121498,0
72,test,Isolation Forest + VQC Statevector,0,0.2816631280694058,0
73,test,Isolation Forest + VQC Statevector,1,0.2989127504926861,0
74,test,Isolation Forest + VQC Statevector,0,0.2804899642218728,0
75,test,Isolation Forest + VQC Statevector,0,0.2837990278144447,0
76,test,Isolation Forest + VQC Statevector,0,0.2766139512809804,0
77,test,Isolation Forest + VQC Statevector,0,0.2846676638750474,0
78,test,Isolation Forest + VQC Statevector,1,0.2828664129714558,0
79,test,Isolation Forest + VQC Statevector,1,0.30326542758308,0
80,test,Isolation Forest + VQC Statevector,0,0.2752858074860116,0
81,test,Isolation Forest + VQC Statevector,0,0.2823745458292631,0
82,test,Isolation Forest + VQC Statevector,0,0.2833320428684452,0
83,test,Isolation Forest + VQC Statevector,1,0.2820433754272738,0
84,test,Isolation Forest + VQC Statevector,0,0.2818996347870966,0
85,test,Isolation Forest + VQC Statevector,1,0.2877724126940369,0
86,test,Isolation Forest + VQC Statevector,1,0.2943699377243944,0
87,test,Isolation Forest + VQC Statevector,1,0.2863921211043788,0
88,test,Isolation Forest + VQC Statevector,0,0.2852784308529821,0
89,test,Isolation Forest + VQC Statevector,1,0.2904952115463617,0
90,test,Isolation Forest + VQC Statevector,1,0.2914268395050809,0
91,test,Isolation Forest + VQC Statevector,0,0.2779625448029886,0
92,test,Isolation Forest + VQC Statevector,0,0.281427249917261,0
93,test,Isolation Forest + VQC Statevector,1,0.308111139429068,0
94,test,Isolation Forest + VQC Statevector,0,0.2852784308529821,0
95,test,Isolation Forest + VQC Statevector,1,0.3089951596410522,0
96,test,Isolation Forest + VQC Statevector,0,0.2779625448029886,0
97,test,Isolation Forest + VQC Statevector,0,0.283573033932049,0
98,test,Isolation Forest + VQC Statevector,0,0.2766139512809804,0
99,test,Isolation Forest + VQC Statevector,0,0.2951409176316699,0
100,test,Isolation Forest + VQC Statevector,0,0.283573033932049,0
101,test,Isolation Forest + VQC Statevector,1,0.2931547481481436,0
102,test,Isolation Forest + VQC Statevector,0,0.2852784308529821,0
103,test,Isolation Forest + VQC Statevector,0,0.2797934572184857,0
104,test,Isolation Forest + VQC Statevector,1,0.2801638519373978,0
105,test,Isolation Forest + VQC Statevector,0,0.2980087099439935,0
106,test,Isolation Forest + VQC Statevector,1,0.30227427401536,0
107,test,Isolation Forest + VQC Statevector,0,0.288747958175667,0
108,test,Isolation Forest + VQC Statevector,0,0.3063861969348275,0
109,test,Isolation Forest + VQC Statevector,1,0.2885932529843394,0
110,test,Isolation Forest + VQC Statevector,1,0.2971081898274565,0
111,test,Isolation Forest + VQC Statevector,1,0.3082550161629557,0
112,test,Isolation Forest + VQC Statevector,1,0.2870197855735041,0
113,test,Isolation Forest + VQC Statevector,0,0.2752858074860116,0
114,test,Isolation Forest + VQC Statevector,0,0.2823745458292631,0
115,test,Isolation Forest + VQC Statevector,1,0.280412623054764,0
116,test,Isolation Forest + VQC Statevector,1,0.3045707545938354,0
117,test,Isolation Forest + VQC Statevector,1,0.3097344772676587,0
118,test,Isolation Forest + VQC Statevector,1,0.2873997689979278,0
119,test,Isolation Forest + VQC Statevector,1,0.2912856045444705,0
120,test,Isolation Forest + VQC Statevector,0,0.2850328025404571,0
121,test,Isolation Forest + VQC Statevector,0,0.2949194043148689,0
122,test,Isolation Forest + VQC Statevector,0,0.2963360062418773,0
123,test,Isolation Forest + VQC Statevector,0,0.2777363354627173,0
124,test,Isolation Forest + VQC Statevector,0,0.3060797376206662,0
125,test,Isolation Forest + VQC Statevector,1,0.284917112509827,0
126,test,Isolation Forest + VQC Statevector,0,0.2847878463397647,0
127,test,Isolation Forest + VQC Statevector,0,0.2788732454038379,0
128,test,Isolation Forest + VQC Statevector,1,0.2860365215887223,0
129,test,Isolation Forest + VQC Statevector,0,0.2860193813449472,0
130,test,Isolation Forest + VQC Statevector,0,0.2748475430371742,0
131,test,Isolation Forest + VQC Statevector,1,0.2852577935010932,0
132,test,Isolation Forest + VQC Statevector,1,0.2795212616502705,0
133,test,Isolation Forest + VQC Statevector,1,0.286462119809686,0
134,test,Isolation Forest + VQC Statevector,1,0.2847646123361281,0
135,test,Isolation Forest + VQC Statevector,1,0.2860365215887223,0
136,test,Isolation Forest + VQC Statevector,0,0.2932743714287473,0
137,test,Isolation Forest + VQC Statevector,1,0.3078046130950854,0
138,test,Isolation Forest + VQC Statevector,0,0.2927698640967134,0
139,test,Isolation Forest + VQC Statevector,0,0.2898152323419056,0
140,test,Isolation Forest + VQC Statevector,1,0.309748750072343,0
141,test,Isolation Forest + VQC Statevector,0,0.288999602342283,0
142,test,Isolation Forest + VQC Statevector,0,0.2781893377897347,0
143,test,Isolation Forest + VQC Statevector,1,0.2916027264666253,0
144,test,Isolation Forest + VQC Statevector,0,0.266916183278374,0
145,test,Isolation Forest + VQC Statevector,0,0.2795625029799888,0
146,test,Isolation Forest + VQC Statevector,0,0.3004116179330791,0
147,test,Isolation Forest + VQC Statevector,1,0.2959143421414917,0
148,test,Isolation Forest + VQC Statevector,0,0.3019517770449018,0
149,test,Isolation Forest + VQC Statevector,0,0.2855247345540206,0
150,test,Isolation Forest + VQC Statevector,1,0.2935225851297345,0
151,test,Isolation Forest + VQC Statevector,1,0.2920701476257889,0
152,test,Isolation Forest + VQC Statevector,1,0.2901112045788153,0
153,test,Isolation Forest + VQC Statevector,0,0.2785122938200439,0
154,test,Isolation Forest + VQC Statevector,1,0.3076075932957458,0
155,test,Isolation Forest + VQC Statevector,0,0.2809573675211662,0
156,test,Isolation Forest + VQC Statevector,0,0.2880256557276929,0
157,test,Isolation Forest + VQC Statevector,1,0.2928611150092302,0
158,test,Isolation Forest + VQC Statevector,0,0.2948936660189981,0
159,test,Isolation Forest + VQC Statevector,0,0.2872680515236935,0
160,test,Isolation Forest + VQC Statevector,1,0.289713146908407,0
161,test,Isolation Forest + VQC Statevector,0,0.2926168426022901,0
162,test,Isolation Forest + VQC Statevector,1,0.2858401691153155,0
163,test,Isolation Forest + VQC Statevector,1,0.3072304519178687,0
164,test,Isolation Forest + VQC Statevector,0,0.2875198791325488,0
165,test,Isolation Forest + VQC Statevector,0,0.283573033932049,0
166,test,Isolation Forest + VQC Statevector,0,0.2848471666151445,0
167,test,Isolation Forest + VQC Statevector,1,0.2927267367013832,0
168,test,Isolation Forest + VQC Statevector,1,0.2839463840751583,0
169,test,Isolation Forest + VQC Statevector,0,0.2770611828978204,0
170,test,Isolation Forest + VQC Statevector,1,0.2934889559643923,0
171,test,Isolation Forest + VQC Statevector,0,0.2862677311054368,0
172,test,Isolation Forest + VQC Statevector,1,0.3072601094983734,0
173,test,Isolation Forest + VQC Statevector,1,0.2818855498704393,0
174,test,Isolation Forest + VQC Statevector,1,0.2667170393122717,0
175,test,Isolation Forest + VQC Statevector,1,0.3156649301895244,1
176,test,Isolation Forest + VQC Statevector,0,0.2852784308529821,0
177,test,Isolation Forest + VQC Statevector,0,0.2855247345540206,0
178,test,Isolation Forest + VQC Statevector,0,0.2795625029799888,0
179,test,Isolation Forest + VQC Statevector,1,0.2867456603476223,0
180,test,Isolation Forest + VQC Statevector,1,0.3058545566167543,0
181,test,Isolation Forest + VQC Statevector,0,0.2910945239435796,0
182,test,Isolation Forest + VQC Statevector,1,0.3046818437130669,0
183,test,Isolation Forest + VQC Statevector,0,0.2971977954602552,0
184,test,Isolation Forest + VQC Statevector,1,0.3073553145962021,0
185,test,Isolation Forest + VQC Statevector,1,0.2922147296492957,0
186,test,Isolation Forest + VQC Statevector,0,0.2857717169435272,0
187,test,Isolation Forest + VQC Statevector,1,0.3082204376282903,0
188,test,Isolation Forest + VQC Statevector,1,0.2887125339624681,0
189,test,Isolation Forest + VQC Statevector,0,0.2984545152406329,0
190,test,Isolation Forest + VQC Statevector,1,0.3094702928005174,0
191,test,Isolation Forest + VQC Statevector,1,0.2844931820722108,0
192,test,Isolation Forest + VQC Statevector,0,0.3082688978004788,0
193,test,Isolation Forest + VQC Statevector,0,0.2752858074860116,0
194,test,Isolation Forest + VQC Statevector,1,0.3067286469268372,0
195,test,Isolation Forest + VQC Statevector,1,0.2860319165754769,0
196,test,Isolation Forest + VQC Statevector,1,0.2980768342619229,0
197,test,Isolation Forest + VQC Statevector,1,0.2833071840269276,0
198,test,Isolation Forest + VQC Statevector,1,0.2848843775479937,0
199,test,Isolation Forest + VQC Statevector,1,0.3080264599893577,0
200,test,Isolation Forest + VQC Statevector,0,0.2895237135289535,0
201,test,Isolation Forest + VQC Statevector,0,0.2788732454038379,0
202,test,Isolation Forest + VQC Statevector,0,0.2909515554999717,0
203,test,Isolation Forest + VQC Statevector,1,0.3033206728030108,0
204,test,Isolation Forest + VQC Statevector,0,0.2893118923091576,0
205,test,Isolation Forest + VQC Statevector,0,0.2937046538680596,0
206,test,Isolation Forest + VQC Statevector,1,0.2842425343439657,0
207,test,Isolation Forest + VQC Statevector,1,0.3006316958293996,0
208,test,Isolation Forest + VQC Statevector,0,0.2826129561601687,0
209,test,Isolation Forest + VQC Statevector,1,0.2835228293088078,0
210,test,Isolation Forest + VQC Statevector,1,0.2832632929218407,0
211,test,Isolation Forest + VQC Statevector,0,0.2986170088956442,0
212,test,Isolation Forest + VQC Statevector,1,0.2830084057423693,0
213,test,Isolation Forest + VQC Statevector,1,0.3005479808529,0
214,test,Isolation Forest + VQC Statevector,1,0.2880909372758202,0
215,test,Isolation Forest + VQC Statevector,1,0.2993291241590103,0
216,test,Isolation Forest + VQC Statevector,1,0.2940526869737749,0
217,test,Isolation Forest + VQC Statevector,0,0.2907104909047298,0
218,test,Isolation Forest + VQC Statevector,1,0.2723321210355294,0
219,test,Isolation Forest + VQC Statevector,1,0.3066183068111415,0
220,test,Isolation Forest + VQC Statevector,1,0.2947543833949251,0
221,test,Isolation Forest + VQC Statevector,1,0.3059085086677665,0
222,test,Isolation Forest + VQC Statevector,0,0.2865167695960873,0
223,test,Isolation Forest + VQC Statevector,0,0.2880256557276929,0
224,test,Isolation Forest + VQC Statevector,0,0.2890457938749066,0
225,test,Isolation Forest + VQC Statevector,1,0.2826014171833789,0
226,test,Isolation Forest + VQC Statevector,1,0.2857717169435272,0
227,test,Isolation Forest + VQC Statevector,1,0.3147390857358322,1
228,test,Isolation Forest + VQC Statevector,0,0.3040917809028758,0
229,test,Isolation Forest + VQC Statevector,1,0.305021157711923,0
230,test,Isolation Forest + VQC Statevector,0,0.2877724126940369,0
231,test,Isolation Forest + VQC Statevector,1,0.2948176889635588,0
232,test,Isolation Forest + VQC Statevector,0,0.2797934572184857,0
233,test,Isolation Forest + VQC Statevector,1,0.2929386879419588,0
234,test,Isolation Forest + VQC Statevector,0,0.2802571850147738,0
235,test,Isolation Forest + VQC Statevector,1,0.299339455749796,0
236,test,Isolation Forest + VQC Statevector,1,0.2841072819758672,0
237,test,Isolation Forest + VQC Statevector,1,0.3068679172940471,0
238,test,Isolation Forest + VQC Statevector,0,0.3157841289092233,1
239,test,Isolation Forest + VQC Statevector,0,0.2826129561601687,0
240,test,Isolation Forest + VQC Statevector,0,0.2872680515236935,0
241,test,Isolation Forest + VQC Statevector,1,0.2913849071364023,0
242,test,Isolation Forest + VQC Statevector,0,0.2887896772420815,0
243,test,Isolation Forest + VQC Statevector,1,0.2959403703052703,0
244,test,Isolation Forest + VQC Statevector,1,0.3155665890298723,1
245,test,Isolation Forest + VQC Statevector,1,0.3028110981478611,0
246,test,Isolation Forest + VQC Statevector,1,0.2817517211137275,0
247,test,Isolation Forest + VQC Statevector,0,0.2954220244802124,0
248,test,Isolation Forest + VQC Statevector,1,0.305987425131748,0
249,test,Isolation Forest + VQC Statevector,0,0.2850328025404571,0
250,test,Isolation Forest + VQC Statevector,0,0.2925310251102345,0
251,test,Isolation Forest + VQC Statevector,0,0.2972738941713172,0
252,test,Isolation Forest + VQC Statevector,1,0.3023838087786251,0
253,test,Isolation Forest + VQC Statevector,0,0.2882796117786245,0
254,test,Isolation Forest + VQC Statevector,1,0.2918045329961864,0
255,test,Isolation Forest + VQC Statevector,1,0.2835999052807222,0
256,test,Isolation Forest + VQC Statevector,1,0.3082903284102336,0
257,test,Isolation Forest + VQC Statevector,0,0.2968486032366891,0
258,test,Isolation Forest + VQC Statevector,0,0.2953949432195018,0
259,test,Isolation Forest + VQC Statevector,1,0.280452504003899,0
260,test,Isolation Forest + VQC Statevector,1,0.3001379411942798,0
261,test,Isolation Forest + VQC Statevector,1,0.315840975317494,1
262,test,Isolation Forest + VQC Statevector,1,0.3022137202123934,0
263,test,Isolation Forest + VQC Statevector,0,0.2887537579106387,0
264,test,Isolation Forest + VQC Statevector,0,0.2748475430371742,0
265,test,Isolation Forest + VQC Statevector,1,0.2906915630201634,0
266,test,Isolation Forest + VQC Statevector,1,0.3018626874967884,0
267,test,Isolation Forest + VQC Statevector,0,0.2797934572184857,0
268,test,Isolation Forest + VQC Statevector,0,0.2807233574330711,0
269,test,Isolation Forest + VQC Statevector,1,0.2927821669226919,0
270,test,Isolation Forest + VQC Statevector,1,0.3014295019249221,0
271,test,Isolation Forest + VQC Statevector,0,0.2804899642218728,0
272,test,Isolation Forest + VQC Statevector,1,0.3096406474911264,0
273,test,Isolation Forest + VQC Statevector,0,0.2746292341311748,0
274,test,Isolation Forest + VQC Statevector,1,0.3073743234802715,0
275,test,Isolation Forest + VQC Statevector,1,0.2656310133837154,0
276,test,Isolation Forest + VQC Statevector,0,0.308529227252118,0
277,test,Isolation Forest + VQC Statevector,0,0.2948682860821274,0
278,test,Isolation Forest + VQC Statevector,0,0.2942491704243254,0
279,test,Isolation Forest + VQC Statevector,0,0.2877724126940369,0
280,test,Isolation Forest + VQC Statevector,0,0.2885653868329114,0
281,test,Isolation Forest + VQC Statevector,0,0.2781893377897347,0
282,test,Isolation Forest + VQC Statevector,1,0.2969913084893447,0
283,test,Isolation Forest + VQC Statevector,0,0.3015099945870849,0
284,test,Isolation Forest + VQC Statevector,1,0.3027594197769995,0
285,test,Isolation Forest + VQC Statevector,0,0.2890457938749066,0
286,test,Isolation Forest + VQC Statevector,1,0.2935339930900337,0
287,test,Isolation Forest + VQC Statevector,1,0.294030537553462,0
288,test,Isolation Forest + VQC Statevector,0,0.2949879251593104,0
289,test,Isolation Forest + VQC Statevector,1,0.2811117895832221,0
290,test,Isolation Forest + VQC Statevector,1,0.2849465155505322,0
291,test,Isolation Forest + VQC Statevector,1,0.3094293254844281,0
292,test,Isolation Forest + VQC Statevector,1,0.3080329059981986,0
293,test,Isolation Forest + VQC Statevector,0,0.2916392255667838,0
294,test,Isolation Forest + VQC Statevector,0,0.2786446853948378,0
295,test,Isolation Forest + VQC Statevector,0,0.3005400892164037,0
296,test,Isolation Forest + VQC Statevector,1,0.3155052991041766,1
297,test,Isolation Forest + VQC Statevector,0,0.2804899642218728,0
298,test,Isolation Forest + VQC Statevector,1,0.2913749521408064,0
299,test,Isolation Forest + VQC Statevector,1,0.2804715870045459,0
